patient_id,age,gender,skin_type,skin_condition,symptoms,sensitivity_level,acne_history,allergy_history,affected_area,oil_level,dryness_level,redness_level,pigmentation_level,acne_severity,sun_exposure,skincare_routine,recommended_ingredient,care_plan,target_condition
PAT-00001,24,Male,Dry,Dryness,Flaking and tight sensation after cleansing,Medium,Yes,No,Around Mouth,Low,High,High,Medium,None,Low,Basic (Cleanser + Moisturizer),Hyaluronic Acid,"Hydrating cream cleanser, multi-molecular HA serum, ceramide-rich barrier cream, hydrating mineral sunscreen.",Dryness
PAT-00002,24,Male,Oily,Acne,Inflamed red pimples and occasional pustules,Medium,Yes,No,T-Zone,High,Low,Medium,Low,Moderate,High,Minimal (Cleanser only),Salicylic Acid,"Gentle foaming cleanser, BHA exfoliation 2-3x/week, oil-free moisturizer, broad-spectrum non-comedogenic SPF 50.",Acne
PAT-00003,28,Female,Normal,Hyperpigmentation,Dark spots and uneven skin tone from previous acne,Low,Yes,None,Cheeks,Low,Medium,Low,High,None,High,Minimal (Cleanser only),Vitamin C,"Antioxidant brightening serum, daily broad-spectrum SPF 50+ reapplication, gentle exfoliating tonic, soothing moisturizer.",Hyperpigmentation
PAT-00004,35,Male,Combination,Hyperpigmentation,Dull complexion with patchy sun discoloration,High,Yes,Fragrance,Forehead,Medium,Low,Low,High,Mild,Medium,Elaborate (Cleanser + Toner + Serum + Moisturizer + Sunscreen),Kojic Acid,"Antioxidant brightening serum, daily broad-spectrum SPF 50+ reapplication, gentle exfoliating tonic, soothing moisturizer.",Hyperpigmentation
PAT-00005,36,Male,Normal,No major concern,Healthy skin barrier with minimal seasonal dryness,Low,No,No,None,Low,Low,Low,Low,None,High,Moderate (Cleanser + Moisturizer + Sunscreen),Niacinamide,"Gentle daily cleanser, lightweight antioxidant hydrating gel, daily SPF 50 sunscreen maintenance.",No major concern
PAT-00006,40,Male,Dry,Dryness,Rough texture and visible fine dry patches,Medium,No,No,Forehead,Medium,Medium,Low,Low,None,High,Moderate (Cleanser + Moisturizer + Sunscreen),Glycerin,"Hydrating cream cleanser, multi-molecular HA serum, ceramide-rich barrier cream, hydrating mineral sunscreen.",Dryness
PAT-00007,22,Female,Combination,Redness,Stinging sensation and reactive redness to heat,High,No,Fragrance,Nose and Cheeks,Low,Medium,High,Low,Mild,High,Moderate (Cleanser + Moisturizer + Sunscreen),Centella Asiatica,"Calming micellar water, barrier-restoring cica cream, fragrance-free physical zinc sunscreen, avoiding thermal/harsh triggers.",Redness
PAT-00008,28,Male,Dry,Redness,Persistent facial flushing and visible capillaries,High,Yes,Essential Oils,T-Zone,Medium,Medium,High,Low,None,High,Minimal (Cleanser only),Centella Asiatica,"Calming micellar water, barrier-restoring cica cream, fragrance-free physical zinc sunscreen, avoiding thermal/harsh triggers.",Redness
PAT-00009,31,Female,Oily,Hyperpigmentation,Post-inflammatory dark marks across forehead,Medium,Yes,No,Full Face,Medium,Low,Medium,Medium,None,Medium,Minimal (Cleanser only),Tranexamic Acid,"Antioxidant brightening serum, daily broad-spectrum SPF 50+ reapplication, gentle exfoliating tonic, soothing moisturizer.",Hyperpigmentation
PAT-00010,24,Female,Sensitive,Acne,Occasional cystic breakouts and oily shine,Medium,Yes,Essential Oils,T-Zone,High,Low,Medium,Medium,Moderate,Low,Elaborate (Cleanser + Toner + Serum + Moisturizer + Sunscreen),Salicylic Acid,"Gentle foaming cleanser, BHA exfoliation 2-3x/week, oil-free moisturizer, broad-spectrum non-comedogenic SPF 50.",Acne
PAT-00011,19,Male,Combination,Hyperpigmentation,Dull complexion with patchy sun discoloration,Low,No,No,Full Face,High,Medium,Low,Medium,Mild,High,Moderate (Cleanser + Moisturizer + Sunscreen),Alpha Arbutin,"Antioxidant brightening serum, daily broad-spectrum SPF 50+ reapplication, gentle exfoliating tonic, soothing moisturizer.",Hyperpigmentation
PAT-00012,32,Male,Dry,Dryness,Flaking and tight sensation after cleansing,Medium,No,No,Cheeks,Low,High,High,Low,None,Low,Basic (Cleanser + Moisturizer),Ceramides,"Hydrating cream cleanser, multi-molecular HA serum, ceramide-rich barrier cream, hydrating mineral sunscreen.",Dryness
PAT-00013,36,Female,Combination,No major concern,Balanced skin with occasional minor shine,Low,No,No,Full Face,Medium,Low,Low,Low,None,Medium,Minimal (Cleanser only),Hyaluronic Acid,"Gentle daily cleanser, lightweight antioxidant hydrating gel, daily SPF 50 sunscreen maintenance.",No major concern
PAT-00014,16,Female,Oily,Dandruff,Dry flaking along hairline and upper forehead,Medium,No,No,Hairline,Medium,Medium,Medium,Low,None,Medium,Moderate (Cleanser + Moisturizer + Sunscreen),Salicylic Acid,"Anti-dandruff clarifying shampoo 2-3x weekly, scalp soothing tonic with panthenol, avoiding scalding water showers.",Dandruff
PAT-00015,18,Male,Sensitive,Acne,Clogged pores with recurring breakouts,Low,Yes,No,Forehead,Medium,Medium,Medium,Medium,Moderate,High,Basic (Cleanser + Moisturizer),Niacinamide,"Gentle foaming cleanser, BHA exfoliation 2-3x/week, oil-free moisturizer, broad-spectrum non-comedogenic SPF 50.",Acne
PAT-00016,30,Female,Oily,Acne,Whiteheads and blackheads on T-zone,High,No,No,Full Face,High,Low,High,High,Severe,High,Basic (Cleanser + Moisturizer),Niacinamide,"Gentle foaming cleanser, BHA exfoliation 2-3x/week, oil-free moisturizer, broad-spectrum non-comedogenic SPF 50.",Acne
PAT-00017,24,Male,Oily,Acne,Inflamed red pimples and occasional pustules,Low,Yes,No,Jawline,Medium,Low,High,Low,Mild,High,Elaborate (Cleanser + Toner + Serum + Moisturizer + Sunscreen),Niacinamide,"Gentle foaming cleanser, BHA exfoliation 2-3x/week, oil-free moisturizer, broad-spectrum non-comedogenic SPF 50.",Acne
PAT-00018,20,Female,Combination,Dandruff,Persistent scalp dandruff and mild redness at hair root,Low,No,No,Scalp,High,Medium,High,Low,None,Medium,Moderate (Cleanser + Moisturizer + Sunscreen),Tea Tree Oil,"Anti-dandruff clarifying shampoo 2-3x weekly, scalp soothing tonic with panthenol, avoiding scalding water showers.",Dandruff
PAT-00019,32,Male,Sensitive,Redness,Stinging sensation and reactive redness to heat,High,No,Alcohol,Cheeks,Low,Medium,High,Low,Mild,Low,Moderate (Cleanser + Moisturizer + Sunscreen),Madecassoside,"Calming micellar water, barrier-restoring cica cream, fragrance-free physical zinc sunscreen, avoiding thermal/harsh triggers.",Redness
PAT-00020,55,Female,Dry,Dryness,"Persistent tightness and dull, parched skin",Low,No,None,Cheeks,Medium,Medium,Low,Low,None,High,Basic (Cleanser + Moisturizer),Hyaluronic Acid,"Hydrating cream cleanser, multi-molecular HA serum, ceramide-rich barrier cream, hydrating mineral sunscreen.",Dryness
PAT-00021,26,Female,Combination,Acne,Inflamed red pimples and occasional pustules,Medium,Yes,No,Jawline,Low,Low,High,High,Moderate,High,Elaborate (Cleanser + Toner + Serum + Moisturizer + Sunscreen),Zinc PCA,"Gentle foaming cleanser, BHA exfoliation 2-3x/week, oil-free moisturizer, broad-spectrum non-comedogenic SPF 50.",Acne
PAT-00022,39,Female,Dry,Dryness,Rough texture and visible fine dry patches,High,No,Sulfates,Around Mouth,Medium,High,Medium,Medium,None,Medium,Basic (Cleanser + Moisturizer),Glycerin,"Hydrating cream cleanser, multi-molecular HA serum, ceramide-rich barrier cream, hydrating mineral sunscreen.",Dryness
PAT-00023,24,Male,Oily,Dandruff,Persistent scalp dandruff and mild redness at hair root,Medium,No,No,Scalp and Upper Forehead,High,High,Low,Low,None,Low,Moderate (Cleanser + Moisturizer + Sunscreen),Zinc Pyrithione,"Anti-dandruff clarifying shampoo 2-3x weekly, scalp soothing tonic with panthenol, avoiding scalding water showers.",Dandruff
PAT-00024,26,Female,Combination,Acne,Occasional cystic breakouts and oily shine,Medium,Yes,No,Jawline,Medium,Low,High,Low,Mild,High,Moderate (Cleanser + Moisturizer + Sunscreen),Niacinamide,"Gentle foaming cleanser, BHA exfoliation 2-3x/week, oil-free moisturizer, broad-spectrum non-comedogenic SPF 50.",Acne
PAT-00025,16,Male,Dry,Redness,Stinging sensation and reactive redness to heat,High,No,Fragrance,T-Zone,Low,Low,Medium,Low,None,Medium,Minimal (Cleanser only),Centella Asiatica,"Calming micellar water, barrier-restoring cica cream, fragrance-free physical zinc sunscreen, avoiding thermal/harsh triggers.",Redness
PAT-00026,40,Male,Dry,Dryness,Rough texture and visible fine dry patches,High,No,No,Full Face,Medium,Medium,Medium,Low,None,Medium,Elaborate (Cleanser + Toner + Serum + Moisturizer + Sunscreen),Hyaluronic Acid,"Hydrating cream cleanser, multi-molecular HA serum, ceramide-rich barrier cream, hydrating mineral sunscreen.",Dryness
PAT-00027,35,Male,Dry,Dryness,Ashy skin tone and lack of suppleness,High,No,Lanolin,Around Mouth,Low,High,Medium,Low,None,Low,Minimal (Cleanser only),Ceramides,"Hydrating cream cleanser, multi-molecular HA serum, ceramide-rich barrier cream, hydrating mineral sunscreen.",Dryness
PAT-00028,52,Male,Sensitive,Redness,Sensitivity to wind and skin barrier discomfort,Medium,No,Fragrance,Full Face,Low,High,High,Low,Mild,High,Moderate (Cleanser + Moisturizer + Sunscreen),Azelaic Acid,"Calming micellar water, barrier-restoring cica cream, fragrance-free physical zinc sunscreen, avoiding thermal/harsh triggers.",Redness
PAT-00029,55,Male,Combination,Redness,"Irritation, blotchiness, and sudden redness flare-ups",High,Yes,Essential Oils,Cheeks,Low,Medium,High,Low,None,High,Moderate (Cleanser + Moisturizer + Sunscreen),Centella Asiatica,"Calming micellar water, barrier-restoring cica cream, fragrance-free physical zinc sunscreen, avoiding thermal/harsh triggers.",Redness
PAT-00030,16,Male,Sensitive,Dryness,Ashy skin tone and lack of suppleness,Medium,No,No,Cheeks,Low,High,Medium,Medium,None,Medium,Moderate (Cleanser + Moisturizer + Sunscreen),Squalane,"Hydrating cream cleanser, multi-molecular HA serum, ceramide-rich barrier cream, hydrating mineral sunscreen.",Dryness
PAT-00031,44,Male,Sensitive,Dryness,Rough texture and visible fine dry patches,Low,No,No,Around Mouth,Low,High,High,Medium,None,Medium,Basic (Cleanser + Moisturizer),Glycerin,"Hydrating cream cleanser, multi-molecular HA serum, ceramide-rich barrier cream, hydrating mineral sunscreen.",Dryness
PAT-00032,20,Male,Oily,Dandruff,Persistent scalp dandruff and mild redness at hair root,High,No,Sulfates,Hairline,High,Low,Low,Low,None,Medium,Elaborate (Cleanser + Toner + Serum + Moisturizer + Sunscreen),Selenium Sulfide,"Anti-dandruff clarifying shampoo 2-3x weekly, scalp soothing tonic with panthenol, avoiding scalding water showers.",Dandruff
PAT-00033,24,Male,Normal,Acne,Whiteheads and blackheads on T-zone,Medium,Yes,No,Forehead,High,Low,High,Medium,Moderate,High,Moderate (Cleanser + Moisturizer + Sunscreen),Salicylic Acid,"Gentle foaming cleanser, BHA exfoliation 2-3x/week, oil-free moisturizer, broad-spectrum non-comedogenic SPF 50.",Acne
PAT-00034,32,Male,Combination,Hyperpigmentation,Dark spots and uneven skin tone from previous acne,Medium,Yes,None,Forehead,Medium,Low,Low,Medium,None,High,Minimal (Cleanser only),Vitamin C,"Antioxidant brightening serum, daily broad-spectrum SPF 50+ reapplication, gentle exfoliating tonic, soothing moisturizer.",Hyperpigmentation
PAT-00035,26,Male,Sensitive,Redness,"Irritation, blotchiness, and sudden redness flare-ups",Medium,No,Essential Oils,Cheeks,Medium,Low,Medium,Medium,None,Medium,Basic (Cleanser + Moisturizer),Allantoin,"Calming micellar water, barrier-restoring cica cream, fragrance-free physical zinc sunscreen, avoiding thermal/harsh triggers.",Redness
PAT-00036,36,Male,Oily,Hyperpigmentation,Dull complexion with patchy sun discoloration,High,Yes,No,Forehead,Medium,Low,Low,High,None,Medium,Moderate (Cleanser + Moisturizer + Sunscreen),Niacinamide,"Antioxidant brightening serum, daily broad-spectrum SPF 50+ reapplication, gentle exfoliating tonic, soothing moisturizer.",Hyperpigmentation
PAT-00037,32,Female,Combination,Hyperpigmentation,Sun spots and localized brown patches on cheeks,High,Yes,Preservatives,Forehead,Medium,Medium,Low,Medium,None,Low,Moderate (Cleanser + Moisturizer + Sunscreen),Vitamin C,"Antioxidant brightening serum, daily broad-spectrum SPF 50+ reapplication, gentle exfoliating tonic, soothing moisturizer.",Hyperpigmentation
PAT-00038,38,Female,Sensitive,Hyperpigmentation,Post-inflammatory dark marks across forehead,Medium,No,No,Cheeks and Nose,High,Medium,Low,Medium,None,High,Elaborate (Cleanser + Toner + Serum + Moisturizer + Sunscreen),Kojic Acid,"Antioxidant brightening serum, daily broad-spectrum SPF 50+ reapplication, gentle exfoliating tonic, soothing moisturizer.",Hyperpigmentation
PAT-00039,50,Male,Normal,No major concern,Smooth texture with no persistent discomfort,Low,No,No,Full Face,Low,Low,Low,Low,None,High,Minimal (Cleanser only),Ceramides,"Gentle daily cleanser, lightweight antioxidant hydrating gel, daily SPF 50 sunscreen maintenance.",No major concern
PAT-00040,23,Female,Sensitive,Redness,Persistent facial flushing and visible capillaries,High,Yes,Alcohol,Nose and Cheeks,Low,Low,Medium,Medium,None,High,Basic (Cleanser + Moisturizer),Azelaic Acid,"Calming micellar water, barrier-restoring cica cream, fragrance-free physical zinc sunscreen, avoiding thermal/harsh triggers.",Redness
PAT-00041,28,Male,Oily,No major concern,Balanced skin with occasional minor shine,Medium,No,No,None,Low,Medium,Low,Low,None,High,Minimal (Cleanser only),Peptides,"Gentle daily cleanser, lightweight antioxidant hydrating gel, daily SPF 50 sunscreen maintenance.",No major concern
PAT-00042,31,Male,Oily,Hyperpigmentation,Dark spots and uneven skin tone from previous acne,Low,Yes,None,Cheeks,Low,Medium,Medium,High,Mild,Low,Moderate (Cleanser + Moisturizer + Sunscreen),Tranexamic Acid,"Antioxidant brightening serum, daily broad-spectrum SPF 50+ reapplication, gentle exfoliating tonic, soothing moisturizer.",Hyperpigmentation
PAT-00043,17,Male,Normal,Acne,Occasional cystic breakouts and oily shine,Medium,Yes,No,Cheeks,High,Low,Medium,Medium,Moderate,High,Moderate (Cleanser + Moisturizer + Sunscreen),Niacinamide,"Gentle foaming cleanser, BHA exfoliation 2-3x/week, oil-free moisturizer, broad-spectrum non-comedogenic SPF 50.",Acne
PAT-00044,27,Female,Combination,No major concern,Smooth texture with no persistent discomfort,Low,Yes,No,None,Low,Low,Low,Low,None,Medium,Basic (Cleanser + Moisturizer),Vitamin C,"Gentle daily cleanser, lightweight antioxidant hydrating gel, daily SPF 50 sunscreen maintenance.",No major concern
PAT-00045,27,Female,Sensitive,Redness,Stinging sensation and reactive redness to heat,High,No,Essential Oils,T-Zone,Low,Low,High,Low,None,Medium,Elaborate (Cleanser + Toner + Serum + Moisturizer + Sunscreen),Allantoin,"Calming micellar water, barrier-restoring cica cream, fragrance-free physical zinc sunscreen, avoiding thermal/harsh triggers.",Redness
PAT-00046,25,Male,Dry,No major concern,Balanced skin with occasional minor shine,Low,Yes,No,Full Face,Low,Low,Low,Low,None,High,Elaborate (Cleanser + Toner + Serum + Moisturizer + Sunscreen),Niacinamide,"Gentle daily cleanser, lightweight antioxidant hydrating gel, daily SPF 50 sunscreen maintenance.",No major concern
PAT-00047,22,Female,Dry,Dryness,Scaling and irritation with seasonal change,Medium,No,No,Forehead,Low,High,Low,Low,None,High,Elaborate (Cleanser + Toner + Serum + Moisturizer + Sunscreen),Ceramides,"Hydrating cream cleanser, multi-molecular HA serum, ceramide-rich barrier cream, hydrating mineral sunscreen.",Dryness
PAT-00048,39,Male,Sensitive,Redness,Persistent facial flushing and visible capillaries,High,No,Fragrance,Cheeks,Low,Medium,High,Low,None,Medium,Elaborate (Cleanser + Toner + Serum + Moisturizer + Sunscreen),Azelaic Acid,"Calming micellar water, barrier-restoring cica cream, fragrance-free physical zinc sunscreen, avoiding thermal/harsh triggers.",Redness
PAT-00049,32,Female,Normal,Hyperpigmentation,Dark spots and uneven skin tone from previous acne,Medium,Yes,None,Forehead,Low,Low,Low,Medium,Mild,High,Basic (Cleanser + Moisturizer),Vitamin C,"Antioxidant brightening serum, daily broad-spectrum SPF 50+ reapplication, gentle exfoliating tonic, soothing moisturizer.",Hyperpigmentation
PAT-00050,38,Male,Dry,Dryness,Rough texture and visible fine dry patches,High,No,No,Forehead,Low,High,Low,Medium,None,High,Basic (Cleanser + Moisturizer),Ceramides,"Hydrating cream cleanser, multi-molecular HA serum, ceramide-rich barrier cream, hydrating mineral sunscreen.",Dryness
PAT-00051,32,Female,Oily,Hyperpigmentation,Melasma-like discoloration on cheeks and upper lip,Low,Yes,No,Forehead,Medium,Low,Low,High,None,Medium,Minimal (Cleanser only),Alpha Arbutin,"Antioxidant brightening serum, daily broad-spectrum SPF 50+ reapplication, gentle exfoliating tonic, soothing moisturizer.",Hyperpigmentation
PAT-00052,21,Female,Dry,Redness,Sensitivity to wind and skin barrier discomfort,High,No,Essential Oils,Cheeks,Medium,High,High,Low,None,Medium,Minimal (Cleanser only),Allantoin,"Calming micellar water, barrier-restoring cica cream, fragrance-free physical zinc sunscreen, avoiding thermal/harsh triggers.",Redness
PAT-00053,20,Male,Combination,Hyperpigmentation,Dark spots and uneven skin tone from previous acne,Low,Yes,No,Forehead,Medium,Low,Low,Medium,None,High,Basic (Cleanser + Moisturizer),Alpha Arbutin,"Antioxidant brightening serum, daily broad-spectrum SPF 50+ reapplication, gentle exfoliating tonic, soothing moisturizer.",Hyperpigmentation
PAT-00054,34,Female,Normal,No major concern,Healthy skin barrier with minimal seasonal dryness,Low,Yes,None,T-Zone,Medium,Low,Low,Low,None,Low,Basic (Cleanser + Moisturizer),Vitamin C,"Gentle daily cleanser, lightweight antioxidant hydrating gel, daily SPF 50 sunscreen maintenance.",No major concern
PAT-00055,49,Female,Normal,No major concern,Balanced skin with occasional minor shine,Low,No,No,Full Face,Low,Low,Low,Low,None,Low,Elaborate (Cleanser + Toner + Serum + Moisturizer + Sunscreen),Hyaluronic Acid,"Gentle daily cleanser, lightweight antioxidant hydrating gel, daily SPF 50 sunscreen maintenance.",No major concern
PAT-00056,49,Male,Sensitive,Redness,"Irritation, blotchiness, and sudden redness flare-ups",High,No,Essential Oils,Full Face,Medium,Medium,High,Low,None,Low,Elaborate (Cleanser + Toner + Serum + Moisturizer + Sunscreen),Centella Asiatica,"Calming micellar water, barrier-restoring cica cream, fragrance-free physical zinc sunscreen, avoiding thermal/harsh triggers.",Redness
PAT-00057,34,Female,Dry,Dandruff,"Scalp tightness, flaking, and itching after sweat",Low,No,No,Scalp and Upper Forehead,High,Low,Medium,Low,None,High,Elaborate (Cleanser + Toner + Serum + Moisturizer + Sunscreen),Zinc Pyrithione,"Anti-dandruff clarifying shampoo 2-3x weekly, scalp soothing tonic with panthenol, avoiding scalding water showers.",Dandruff
PAT-00058,19,Male,Combination,Redness,Stinging sensation and reactive redness to heat,High,No,Alcohol,Full Face,Medium,High,High,Medium,None,Medium,Basic (Cleanser + Moisturizer),Centella Asiatica,"Calming micellar water, barrier-restoring cica cream, fragrance-free physical zinc sunscreen, avoiding thermal/harsh triggers.",Redness
PAT-00059,29,Male,Oily,Dandruff,Persistent scalp dandruff and mild redness at hair root,High,No,Sulfates,Scalp and Upper Forehead,High,Medium,Medium,Low,None,Medium,Minimal (Cleanser only),Salicylic Acid,"Anti-dandruff clarifying shampoo 2-3x weekly, scalp soothing tonic with panthenol, avoiding scalding water showers.",Dandruff
PAT-00060,54,Female,Combination,Hyperpigmentation,Dull complexion with patchy sun discoloration,High,Yes,Lanolin,Forehead,Low,Medium,Low,Medium,None,High,Minimal (Cleanser only),Vitamin C,"Antioxidant brightening serum, daily broad-spectrum SPF 50+ reapplication, gentle exfoliating tonic, soothing moisturizer.",Hyperpigmentation
PAT-00061,32,Male,Dry,Dandruff,Greasy scalp scaling and mild scalp irritation,Low,No,No,Scalp,High,High,Low,Low,None,Low,Minimal (Cleanser only),Salicylic Acid,"Anti-dandruff clarifying shampoo 2-3x weekly, scalp soothing tonic with panthenol, avoiding scalding water showers.",Dandruff
PAT-00062,51,Male,Normal,No major concern,Healthy skin barrier with minimal seasonal dryness,Medium,No,No,Full Face,Low,Low,Low,Low,None,Medium,Basic (Cleanser + Moisturizer),Hyaluronic Acid,"Gentle daily cleanser, lightweight antioxidant hydrating gel, daily SPF 50 sunscreen maintenance.",No major concern
PAT-00063,27,Male,Combination,Acne,Occasional cystic breakouts and oily shine,Medium,Yes,No,T-Zone,High,Low,Low,Medium,Mild,High,Elaborate (Cleanser + Toner + Serum + Moisturizer + Sunscreen),Azelaic Acid,"Gentle foaming cleanser, BHA exfoliation 2-3x/week, oil-free moisturizer, broad-spectrum non-comedogenic SPF 50.",Acne
PAT-00064,27,Female,Combination,Acne,Clogged pores with recurring breakouts,Medium,Yes,No,Cheeks,Medium,Medium,High,Medium,Severe,High,Moderate (Cleanser + Moisturizer + Sunscreen),Salicylic Acid,"Gentle foaming cleanser, BHA exfoliation 2-3x/week, oil-free moisturizer, broad-spectrum non-comedogenic SPF 50.",Acne
PAT-00065,20,Male,Normal,Hyperpigmentation,Post-inflammatory dark marks across forehead,High,No,Essential Oils,Cheeks and Nose,Medium,Medium,Medium,High,Mild,Medium,Moderate (Cleanser + Moisturizer + Sunscreen),Alpha Arbutin,"Antioxidant brightening serum, daily broad-spectrum SPF 50+ reapplication, gentle exfoliating tonic, soothing moisturizer.",Hyperpigmentation
PAT-00066,52,Male,Oily,Hyperpigmentation,Dark spots and uneven skin tone from previous acne,Low,Yes,None,Cheeks and Nose,Medium,Low,Low,High,Mild,High,Minimal (Cleanser only),Vitamin C,"Antioxidant brightening serum, daily broad-spectrum SPF 50+ reapplication, gentle exfoliating tonic, soothing moisturizer.",Hyperpigmentation
PAT-00067,16,Male,Sensitive,Redness,Sensitivity to wind and skin barrier discomfort,High,No,Essential Oils,Nose and Cheeks,Low,Low,High,Low,None,Medium,Moderate (Cleanser + Moisturizer + Sunscreen),Allantoin,"Calming micellar water, barrier-restoring cica cream, fragrance-free physical zinc sunscreen, avoiding thermal/harsh triggers.",Redness
PAT-00068,21,Male,Normal,Acne,Clogged pores with recurring breakouts,Low,Yes,No,T-Zone,Low,Low,High,Low,Moderate,Medium,Basic (Cleanser + Moisturizer),Tea Tree Extract,"Gentle foaming cleanser, BHA exfoliation 2-3x/week, oil-free moisturizer, broad-spectrum non-comedogenic SPF 50.",Acne
PAT-00069,35,Female,Oily,Acne,Occasional cystic breakouts and oily shine,High,Yes,Lanolin,Forehead,High,Low,High,Low,Mild,Low,Minimal (Cleanser only),Azelaic Acid,"Gentle foaming cleanser, BHA exfoliation 2-3x/week, oil-free moisturizer, broad-spectrum non-comedogenic SPF 50.",Acne
PAT-00070,24,Female,Dry,Dryness,Flaking and tight sensation after cleansing,High,No,No,Full Face,Low,Medium,Medium,Low,None,Low,Moderate (Cleanser + Moisturizer + Sunscreen),Hyaluronic Acid,"Hydrating cream cleanser, multi-molecular HA serum, ceramide-rich barrier cream, hydrating mineral sunscreen.",Dryness
PAT-00071,26,Male,Dry,Redness,Persistent facial flushing and visible capillaries,High,No,Fragrance,Nose and Cheeks,Medium,Low,Medium,Low,None,Medium,Moderate (Cleanser + Moisturizer + Sunscreen),Centella Asiatica,"Calming micellar water, barrier-restoring cica cream, fragrance-free physical zinc sunscreen, avoiding thermal/harsh triggers.",Redness
PAT-00072,33,Female,Normal,No major concern,"No noticeable irritation, balanced oil and moisture",Low,No,No,Full Face,Low,Low,Low,Low,None,Medium,Moderate (Cleanser + Moisturizer + Sunscreen),Peptides,"Gentle daily cleanser, lightweight antioxidant hydrating gel, daily SPF 50 sunscreen maintenance.",No major concern
PAT-00073,15,Male,Oily,Dandruff,Dry flaking along hairline and upper forehead,Low,No,No,Scalp and Upper Forehead,High,High,Low,Low,None,Medium,Elaborate (Cleanser + Toner + Serum + Moisturizer + Sunscreen),Selenium Sulfide,"Anti-dandruff clarifying shampoo 2-3x weekly, scalp soothing tonic with panthenol, avoiding scalding water showers.",Dandruff
PAT-00074,19,Female,Oily,Dandruff,Itchy scalp with visible white/yellow flakes,High,No,None,Scalp,Medium,Medium,Low,Low,None,Medium,Elaborate (Cleanser + Toner + Serum + Moisturizer + Sunscreen),Ketoconazole,"Anti-dandruff clarifying shampoo 2-3x weekly, scalp soothing tonic with panthenol, avoiding scalding water showers.",Dandruff
PAT-00075,25,Female,Dry,Redness,Persistent facial flushing and visible capillaries,Medium,No,Fragrance,Cheeks,Low,Medium,Medium,Low,None,Medium,Moderate (Cleanser + Moisturizer + Sunscreen),Azelaic Acid,"Calming micellar water, barrier-restoring cica cream, fragrance-free physical zinc sunscreen, avoiding thermal/harsh triggers.",Redness
PAT-00076,27,Male,Dry,Redness,Rosacea-like cheek flushing and burning feeling,High,No,Fragrance,Nose and Cheeks,High,Low,High,Low,None,Medium,Elaborate (Cleanser + Toner + Serum + Moisturizer + Sunscreen),Madecassoside,"Calming micellar water, barrier-restoring cica cream, fragrance-free physical zinc sunscreen, avoiding thermal/harsh triggers.",Redness
PAT-00077,42,Female,Dry,Dryness,Ashy skin tone and lack of suppleness,Medium,No,No,Cheeks,Low,High,Low,Low,None,Low,Minimal (Cleanser only),Glycerin,"Hydrating cream cleanser, multi-molecular HA serum, ceramide-rich barrier cream, hydrating mineral sunscreen.",Dryness
PAT-00078,16,Male,Dry,Dryness,Rough texture and visible fine dry patches,High,No,None,Cheeks,Low,High,Low,Low,None,Medium,Moderate (Cleanser + Moisturizer + Sunscreen),Hyaluronic Acid,"Hydrating cream cleanser, multi-molecular HA serum, ceramide-rich barrier cream, hydrating mineral sunscreen.",Dryness
PAT-00079,18,Male,Normal,Hyperpigmentation,Melasma-like discoloration on cheeks and upper lip,Low,Yes,No,Forehead,High,Medium,Low,High,Mild,Medium,Minimal (Cleanser only),Niacinamide,"Antioxidant brightening serum, daily broad-spectrum SPF 50+ reapplication, gentle exfoliating tonic, soothing moisturizer.",Hyperpigmentation
PAT-00080,49,Female,Dry,Dryness,"Persistent tightness and dull, parched skin",Medium,No,None,Cheeks,Low,Medium,Medium,Low,None,Medium,Moderate (Cleanser + Moisturizer + Sunscreen),Squalane,"Hydrating cream cleanser, multi-molecular HA serum, ceramide-rich barrier cream, hydrating mineral sunscreen.",Dryness
PAT-00081,38,Male,Dry,Redness,Stinging sensation and reactive redness to heat,Medium,No,Essential Oils,Cheeks,Low,Low,Medium,Low,None,Low,Moderate (Cleanser + Moisturizer + Sunscreen),Centella Asiatica,"Calming micellar water, barrier-restoring cica cream, fragrance-free physical zinc sunscreen, avoiding thermal/harsh triggers.",Redness
PAT-00082,44,Female,Sensitive,Hyperpigmentation,Dull complexion with patchy sun discoloration,Low,No,No,Forehead,Low,Medium,Medium,High,Mild,Medium,Basic (Cleanser + Moisturizer),Vitamin C,"Antioxidant brightening serum, daily broad-spectrum SPF 50+ reapplication, gentle exfoliating tonic, soothing moisturizer.",Hyperpigmentation
PAT-00083,27,Male,Oily,Dandruff,Greasy scalp scaling and mild scalp irritation,Medium,No,No,Hairline,High,High,Low,Low,None,Medium,Minimal (Cleanser only),Ketoconazole,"Anti-dandruff clarifying shampoo 2-3x weekly, scalp soothing tonic with panthenol, avoiding scalding water showers.",Dandruff
PAT-00084,22,Male,Oily,Dandruff,Dry flaking along hairline and upper forehead,Low,Yes,No,Hairline,High,Medium,High,Low,None,Medium,Basic (Cleanser + Moisturizer),Tea Tree Oil,"Anti-dandruff clarifying shampoo 2-3x weekly, scalp soothing tonic with panthenol, avoiding scalding water showers.",Dandruff
PAT-00085,28,Female,Oily,Hyperpigmentation,Sun spots and localized brown patches on cheeks,Medium,No,Preservatives,Cheeks,Low,Low,Low,High,None,High,Elaborate (Cleanser + Toner + Serum + Moisturizer + Sunscreen),Alpha Arbutin,"Antioxidant brightening serum, daily broad-spectrum SPF 50+ reapplication, gentle exfoliating tonic, soothing moisturizer.",Hyperpigmentation
PAT-00086,54,Male,Dry,Dryness,Scaling and irritation with seasonal change,Medium,No,No,Full Face,Medium,High,Low,Low,None,Low,Basic (Cleanser + Moisturizer),Centella Asiatica,"Hydrating cream cleanser, multi-molecular HA serum, ceramide-rich barrier cream, hydrating mineral sunscreen.",Dryness
PAT-00087,25,Female,Dry,Dandruff,Greasy scalp scaling and mild scalp irritation,High,No,Essential Oils,Scalp,High,Low,Low,Low,None,High,Basic (Cleanser + Moisturizer),Salicylic Acid,"Anti-dandruff clarifying shampoo 2-3x weekly, scalp soothing tonic with panthenol, avoiding scalding water showers.",Dandruff
PAT-00088,25,Female,Oily,Hyperpigmentation,Post-inflammatory dark marks across forehead,Low,Yes,No,Full Face,Medium,Medium,Low,High,Mild,Medium,Minimal (Cleanser only),Kojic Acid,"Antioxidant brightening serum, daily broad-spectrum SPF 50+ reapplication, gentle exfoliating tonic, soothing moisturizer.",Hyperpigmentation
PAT-00089,25,Female,Combination,No major concern,Even complexion with no active breakouts or irritation,Low,No,No,None,Low,Low,Low,Low,None,Medium,Elaborate (Cleanser + Toner + Serum + Moisturizer + Sunscreen),Vitamin C,"Gentle daily cleanser, lightweight antioxidant hydrating gel, daily SPF 50 sunscreen maintenance.",No major concern
PAT-00090,22,Female,Combination,Hyperpigmentation,Dark spots and uneven skin tone from previous acne,High,Yes,No,Full Face,Low,Medium,Medium,Medium,None,High,Basic (Cleanser + Moisturizer),Vitamin C,"Antioxidant brightening serum, daily broad-spectrum SPF 50+ reapplication, gentle exfoliating tonic, soothing moisturizer.",Hyperpigmentation
PAT-00091,21,Female,Sensitive,Dryness,"Persistent tightness and dull, parched skin",High,No,Lanolin,Around Mouth,Low,High,High,Low,None,Medium,Elaborate (Cleanser + Toner + Serum + Moisturizer + Sunscreen),Ceramides,"Hydrating cream cleanser, multi-molecular HA serum, ceramide-rich barrier cream, hydrating mineral sunscreen.",Dryness
PAT-00092,20,Male,Oily,Dandruff,"Scalp tightness, flaking, and itching after sweat",Low,No,No,Scalp and Upper Forehead,Medium,High,Medium,Low,None,High,Basic (Cleanser + Moisturizer),Tea Tree Oil,"Anti-dandruff clarifying shampoo 2-3x weekly, scalp soothing tonic with panthenol, avoiding scalding water showers.",Dandruff
PAT-00093,37,Female,Dry,Redness,Persistent facial flushing and visible capillaries,High,Yes,Fragrance,T-Zone,High,Low,High,Medium,None,Medium,Minimal (Cleanser only),Allantoin,"Calming micellar water, barrier-restoring cica cream, fragrance-free physical zinc sunscreen, avoiding thermal/harsh triggers.",Redness
PAT-00094,27,Male,Combination,Acne,Clogged pores with recurring breakouts,High,Yes,Fragrance,Full Face,High,Low,Low,Medium,Mild,High,Moderate (Cleanser + Moisturizer + Sunscreen),Niacinamide,"Gentle foaming cleanser, BHA exfoliation 2-3x/week, oil-free moisturizer, broad-spectrum non-comedogenic SPF 50.",Acne
PAT-00095,29,Male,Combination,Dandruff,Dry flaking along hairline and upper forehead,High,No,No,Scalp and Upper Forehead,Low,Medium,High,Low,None,Low,Moderate (Cleanser + Moisturizer + Sunscreen),Zinc Pyrithione,"Anti-dandruff clarifying shampoo 2-3x weekly, scalp soothing tonic with panthenol, avoiding scalding water showers.",Dandruff
PAT-00096,33,Female,Sensitive,Dryness,"Persistent tightness and dull, parched skin",Medium,No,No,Forehead,Low,High,High,Medium,None,High,Moderate (Cleanser + Moisturizer + Sunscreen),Glycerin,"Hydrating cream cleanser, multi-molecular HA serum, ceramide-rich barrier cream, hydrating mineral sunscreen.",Dryness
PAT-00097,30,Male,Combination,Acne,Inflamed red pimples and occasional pustules,Medium,Yes,None,Jawline,High,Low,Medium,Medium,Moderate,Medium,Elaborate (Cleanser + Toner + Serum + Moisturizer + Sunscreen),Salicylic Acid,"Gentle foaming cleanser, BHA exfoliation 2-3x/week, oil-free moisturizer, broad-spectrum non-comedogenic SPF 50.",Acne
PAT-00098,31,Male,Dry,Redness,Sensitivity to wind and skin barrier discomfort,High,Yes,Fragrance,Full Face,Low,Low,High,Low,None,Medium,Elaborate (Cleanser + Toner + Serum + Moisturizer + Sunscreen),Madecassoside,"Calming micellar water, barrier-restoring cica cream, fragrance-free physical zinc sunscreen, avoiding thermal/harsh triggers.",Redness
PAT-00099,35,Male,Dry,Dryness,"Persistent tightness and dull, parched skin",Medium,No,No,Around Mouth,Medium,High,High,Low,None,High,Basic (Cleanser + Moisturizer),Glycerin,"Hydrating cream cleanser, multi-molecular HA serum, ceramide-rich barrier cream, hydrating mineral sunscreen.",Dryness
PAT-00100,30,Female,Dry,Dandruff,Persistent scalp dandruff and mild redness at hair root,Low,Yes,No,Scalp and Upper Forehead,High,Low,Medium,Low,None,Low,Moderate (Cleanser + Moisturizer + Sunscreen),Ketoconazole,"Anti-dandruff clarifying shampoo 2-3x weekly, scalp soothing tonic with panthenol, avoiding scalding water showers.",Dandruff
PAT-00101,24,Female,Oily,Acne,Tender red bumps along jawline and cheeks,Low,Yes,No,Jawline,High,Low,High,Low,Moderate,Medium,Basic (Cleanser + Moisturizer),Salicylic Acid,"Gentle foaming cleanser, BHA exfoliation 2-3x/week, oil-free moisturizer, broad-spectrum non-comedogenic SPF 50.",Acne
PAT-00102,28,Female,Dry,Dryness,Rough texture and visible fine dry patches,High,No,Fragrance,Cheeks,Medium,Medium,Low,Low,None,Low,Moderate (Cleanser + Moisturizer + Sunscreen),Hyaluronic Acid,"Hydrating cream cleanser, multi-molecular HA serum, ceramide-rich barrier cream, hydrating mineral sunscreen.",Dryness
PAT-00103,28,Female,Combination,No major concern,Balanced skin with occasional minor shine,Low,No,No,Full Face,Low,Low,Low,Low,None,Low,Moderate (Cleanser + Moisturizer + Sunscreen),Niacinamide,"Gentle daily cleanser, lightweight antioxidant hydrating gel, daily SPF 50 sunscreen maintenance.",No major concern
PAT-00104,17,Male,Oily,Acne,Inflamed red pimples and occasional pustules,Medium,Yes,No,Cheeks,Medium,Medium,Medium,Low,Mild,High,Minimal (Cleanser only),Zinc PCA,"Gentle foaming cleanser, BHA exfoliation 2-3x/week, oil-free moisturizer, broad-spectrum non-comedogenic SPF 50.",Acne
PAT-00105,32,Male,Sensitive,Acne,Inflamed red pimples and occasional pustules,Medium,Yes,No,Jawline,Medium,Low,Low,Medium,Moderate,High,Minimal (Cleanser only),Niacinamide,"Gentle foaming cleanser, BHA exfoliation 2-3x/week, oil-free moisturizer, broad-spectrum non-comedogenic SPF 50.",Acne
PAT-00106,37,Female,Normal,Hyperpigmentation,Melasma-like discoloration on cheeks and upper lip,Low,Yes,No,Forehead,Medium,Medium,Low,Medium,None,High,Elaborate (Cleanser + Toner + Serum + Moisturizer + Sunscreen),Niacinamide,"Antioxidant brightening serum, daily broad-spectrum SPF 50+ reapplication, gentle exfoliating tonic, soothing moisturizer.",Hyperpigmentation
PAT-00107,60,Female,Dry,Redness,Persistent facial flushing and visible capillaries,High,Yes,Essential Oils,Cheeks,Medium,Medium,High,Low,None,Medium,Elaborate (Cleanser + Toner + Serum + Moisturizer + Sunscreen),Azelaic Acid,"Calming micellar water, barrier-restoring cica cream, fragrance-free physical zinc sunscreen, avoiding thermal/harsh triggers.",Redness
PAT-00108,28,Male,Combination,No major concern,Smooth texture with no persistent discomfort,Low,No,No,None,Low,Medium,Low,Low,None,Low,Elaborate (Cleanser + Toner + Serum + Moisturizer + Sunscreen),Peptides,"Gentle daily cleanser, lightweight antioxidant hydrating gel, daily SPF 50 sunscreen maintenance.",No major concern
PAT-00109,50,Male,Oily,Hyperpigmentation,Dark spots and uneven skin tone from previous acne,High,No,No,Cheeks and Nose,Medium,Low,Medium,High,None,Medium,Basic (Cleanser + Moisturizer),Niacinamide,"Antioxidant brightening serum, daily broad-spectrum SPF 50+ reapplication, gentle exfoliating tonic, soothing moisturizer.",Hyperpigmentation
PAT-00110,20,Female,Combination,Acne,Occasional cystic breakouts and oily shine,High,Yes,No,Full Face,Low,Low,Low,Medium,Mild,Low,Moderate (Cleanser + Moisturizer + Sunscreen),Niacinamide,"Gentle foaming cleanser, BHA exfoliation 2-3x/week, oil-free moisturizer, broad-spectrum non-comedogenic SPF 50.",Acne
PAT-00111,45,Female,Combination,Hyperpigmentation,Dull complexion with patchy sun discoloration,Low,No,No,Cheeks and Nose,High,Low,Medium,High,Mild,High,Elaborate (Cleanser + Toner + Serum + Moisturizer + Sunscreen),Vitamin C,"Antioxidant brightening serum, daily broad-spectrum SPF 50+ reapplication, gentle exfoliating tonic, soothing moisturizer.",Hyperpigmentation
PAT-00112,15,Male,Oily,Acne,Tender red bumps along jawline and cheeks,Medium,Yes,Fragrance,Jawline,High,Low,High,Medium,Mild,Medium,Moderate (Cleanser + Moisturizer + Sunscreen),Salicylic Acid,"Gentle foaming cleanser, BHA exfoliation 2-3x/week, oil-free moisturizer, broad-spectrum non-comedogenic SPF 50.",Acne
PAT-00113,28,Male,Dry,Redness,Rosacea-like cheek flushing and burning feeling,Medium,No,Yes,T-Zone,Low,Medium,High,Low,None,Low,Basic (Cleanser + Moisturizer),Centella Asiatica,"Calming micellar water, barrier-restoring cica cream, fragrance-free physical zinc sunscreen, avoiding thermal/harsh triggers.",Redness
PAT-00114,33,Female,Oily,Acne,Clogged pores with recurring breakouts,High,Yes,No,Cheeks,High,Low,Low,High,Mild,Low,Moderate (Cleanser + Moisturizer + Sunscreen),Niacinamide,"Gentle foaming cleanser, BHA exfoliation 2-3x/week, oil-free moisturizer, broad-spectrum non-comedogenic SPF 50.",Acne
PAT-00115,38,Female,Normal,No major concern,Even complexion with no active breakouts or irritation,Low,No,No,None,Low,Medium,Low,Low,None,Low,Minimal (Cleanser only),Vitamin C,"Gentle daily cleanser, lightweight antioxidant hydrating gel, daily SPF 50 sunscreen maintenance.",No major concern
PAT-00116,15,Male,Normal,No major concern,Smooth texture with no persistent discomfort,Low,No,None,Full Face,Low,Low,Low,Low,None,High,Elaborate (Cleanser + Toner + Serum + Moisturizer + Sunscreen),Ceramides,"Gentle daily cleanser, lightweight antioxidant hydrating gel, daily SPF 50 sunscreen maintenance.",No major concern
PAT-00117,58,Male,Combination,Redness,Persistent facial flushing and visible capillaries,High,No,None,T-Zone,Medium,High,High,Low,None,High,Elaborate (Cleanser + Toner + Serum + Moisturizer + Sunscreen),Centella Asiatica,"Calming micellar water, barrier-restoring cica cream, fragrance-free physical zinc sunscreen, avoiding thermal/harsh triggers.",Redness
PAT-00118,31,Female,Normal,Redness,Sensitivity to wind and skin barrier discomfort,High,Yes,Essential Oils,T-Zone,High,High,High,Medium,Mild,Medium,Elaborate (Cleanser + Toner + Serum + Moisturizer + Sunscreen),Centella Asiatica,"Calming micellar water, barrier-restoring cica cream, fragrance-free physical zinc sunscreen, avoiding thermal/harsh triggers.",Redness
PAT-00119,38,Male,Dry,Redness,Stinging sensation and reactive redness to heat,High,Yes,Fragrance,T-Zone,Medium,Medium,High,Low,None,High,Elaborate (Cleanser + Toner + Serum + Moisturizer + Sunscreen),Azelaic Acid,"Calming micellar water, barrier-restoring cica cream, fragrance-free physical zinc sunscreen, avoiding thermal/harsh triggers.",Redness
PAT-00120,41,Male,Combination,Hyperpigmentation,Dull complexion with patchy sun discoloration,Low,Yes,No,Cheeks and Nose,High,Medium,Low,High,None,Medium,Elaborate (Cleanser + Toner + Serum + Moisturizer + Sunscreen),Alpha Arbutin,"Antioxidant brightening serum, daily broad-spectrum SPF 50+ reapplication, gentle exfoliating tonic, soothing moisturizer.",Hyperpigmentation
PAT-00121,20,Male,Oily,Hyperpigmentation,Post-inflammatory dark marks across forehead,Medium,No,None,Full Face,Low,Medium,Medium,High,None,High,Elaborate (Cleanser + Toner + Serum + Moisturizer + Sunscreen),Niacinamide,"Antioxidant brightening serum, daily broad-spectrum SPF 50+ reapplication, gentle exfoliating tonic, soothing moisturizer.",Hyperpigmentation
PAT-00122,15,Female,Normal,No major concern,"No noticeable irritation, balanced oil and moisture",Medium,No,None,None,Low,Low,Low,Low,None,Medium,Basic (Cleanser + Moisturizer),Hyaluronic Acid,"Gentle daily cleanser, lightweight antioxidant hydrating gel, daily SPF 50 sunscreen maintenance.",No major concern
PAT-00123,49,Female,Dry,Dryness,Rough texture and visible fine dry patches,Medium,No,Fragrance,Around Mouth,Low,High,Low,Low,None,Medium,Elaborate (Cleanser + Toner + Serum + Moisturizer + Sunscreen),Hyaluronic Acid,"Hydrating cream cleanser, multi-molecular HA serum, ceramide-rich barrier cream, hydrating mineral sunscreen.",Dryness
PAT-00124,27,Female,Normal,Hyperpigmentation,Dark spots and uneven skin tone from previous acne,Low,Yes,No,Cheeks and Nose,Low,Low,Medium,High,None,Medium,Moderate (Cleanser + Moisturizer + Sunscreen),Kojic Acid,"Antioxidant brightening serum, daily broad-spectrum SPF 50+ reapplication, gentle exfoliating tonic, soothing moisturizer.",Hyperpigmentation
PAT-00125,34,Female,Combination,Hyperpigmentation,Sun spots and localized brown patches on cheeks,Low,No,No,Cheeks and Nose,Low,Medium,Low,High,Mild,High,Basic (Cleanser + Moisturizer),Tranexamic Acid,"Antioxidant brightening serum, daily broad-spectrum SPF 50+ reapplication, gentle exfoliating tonic, soothing moisturizer.",Hyperpigmentation
PAT-00126,38,Male,Sensitive,Dryness,Scaling and irritation with seasonal change,Medium,No,No,Cheeks,Low,High,Medium,Medium,None,Low,Minimal (Cleanser only),Hyaluronic Acid,"Hydrating cream cleanser, multi-molecular HA serum, ceramide-rich barrier cream, hydrating mineral sunscreen.",Dryness
PAT-00127,29,Female,Combination,Acne,Inflamed red pimples and occasional pustules,Low,Yes,No,Jawline,High,High,Medium,Medium,Mild,Medium,Basic (Cleanser + Moisturizer),Zinc PCA,"Gentle foaming cleanser, BHA exfoliation 2-3x/week, oil-free moisturizer, broad-spectrum non-comedogenic SPF 50.",Acne
PAT-00128,49,Male,Normal,Redness,Rosacea-like cheek flushing and burning feeling,High,No,Alcohol,T-Zone,Medium,Medium,High,Low,Mild,Medium,Moderate (Cleanser + Moisturizer + Sunscreen),Centella Asiatica,"Calming micellar water, barrier-restoring cica cream, fragrance-free physical zinc sunscreen, avoiding thermal/harsh triggers.",Redness
PAT-00129,20,Male,Combination,Acne,Tender red bumps along jawline and cheeks,Low,Yes,No,Forehead,High,Medium,High,Medium,Mild,Medium,Moderate (Cleanser + Moisturizer + Sunscreen),Niacinamide,"Gentle foaming cleanser, BHA exfoliation 2-3x/week, oil-free moisturizer, broad-spectrum non-comedogenic SPF 50.",Acne
PAT-00130,27,Female,Combination,No major concern,Even complexion with no active breakouts or irritation,Low,No,No,T-Zone,Low,Low,Low,Low,None,High,Moderate (Cleanser + Moisturizer + Sunscreen),Hyaluronic Acid,"Gentle daily cleanser, lightweight antioxidant hydrating gel, daily SPF 50 sunscreen maintenance.",No major concern
PAT-00131,33,Male,Sensitive,Redness,"Irritation, blotchiness, and sudden redness flare-ups",High,Yes,Essential Oils,Cheeks,Medium,High,Medium,Low,None,Medium,Minimal (Cleanser only),Madecassoside,"Calming micellar water, barrier-restoring cica cream, fragrance-free physical zinc sunscreen, avoiding thermal/harsh triggers.",Redness
PAT-00132,15,Female,Normal,No major concern,Smooth texture with no persistent discomfort,Medium,No,No,None,Low,Medium,Low,Low,None,Low,Minimal (Cleanser only),Peptides,"Gentle daily cleanser, lightweight antioxidant hydrating gel, daily SPF 50 sunscreen maintenance.",No major concern
PAT-00133,17,Male,Oily,Dandruff,Itchy scalp with visible white/yellow flakes,Medium,Yes,No,Scalp,High,Medium,Low,Low,None,Low,Basic (Cleanser + Moisturizer),Ketoconazole,"Anti-dandruff clarifying shampoo 2-3x weekly, scalp soothing tonic with panthenol, avoiding scalding water showers.",Dandruff
PAT-00134,20,Male,Normal,No major concern,"No noticeable irritation, balanced oil and moisture",Medium,Yes,No,Full Face,Medium,Low,Low,Low,None,High,Basic (Cleanser + Moisturizer),Niacinamide,"Gentle daily cleanser, lightweight antioxidant hydrating gel, daily SPF 50 sunscreen maintenance.",No major concern
PAT-00135,31,Male,Combination,No major concern,Healthy skin barrier with minimal seasonal dryness,Low,No,No,None,Low,Low,Low,Low,None,Low,Minimal (Cleanser only),Ceramides,"Gentle daily cleanser, lightweight antioxidant hydrating gel, daily SPF 50 sunscreen maintenance.",No major concern
PAT-00136,35,Male,Dry,Redness,Rosacea-like cheek flushing and burning feeling,High,Yes,None,Full Face,Medium,High,High,Low,None,Medium,Basic (Cleanser + Moisturizer),Centella Asiatica,"Calming micellar water, barrier-restoring cica cream, fragrance-free physical zinc sunscreen, avoiding thermal/harsh triggers.",Redness
PAT-00137,44,Male,Dry,Dryness,Rough texture and visible fine dry patches,Medium,No,No,Around Mouth,Low,High,Low,Low,None,Medium,Minimal (Cleanser only),Hyaluronic Acid,"Hydrating cream cleanser, multi-molecular HA serum, ceramide-rich barrier cream, hydrating mineral sunscreen.",Dryness
PAT-00138,23,Male,Combination,Acne,Clogged pores with recurring breakouts,Medium,Yes,None,Full Face,High,Low,Low,Low,Mild,Medium,Elaborate (Cleanser + Toner + Serum + Moisturizer + Sunscreen),Salicylic Acid,"Gentle foaming cleanser, BHA exfoliation 2-3x/week, oil-free moisturizer, broad-spectrum non-comedogenic SPF 50.",Acne
PAT-00139,21,Female,Combination,Acne,Inflamed red pimples and occasional pustules,High,Yes,No,T-Zone,High,Low,High,Medium,Mild,Low,Basic (Cleanser + Moisturizer),Niacinamide,"Gentle foaming cleanser, BHA exfoliation 2-3x/week, oil-free moisturizer, broad-spectrum non-comedogenic SPF 50.",Acne
PAT-00140,23,Male,Oily,Acne,Clogged pores with recurring breakouts,Medium,Yes,Fragrance,Full Face,Medium,Low,Medium,Medium,Mild,Medium,Minimal (Cleanser only),Zinc PCA,"Gentle foaming cleanser, BHA exfoliation 2-3x/week, oil-free moisturizer, broad-spectrum non-comedogenic SPF 50.",Acne
PAT-00141,15,Male,Oily,Acne,Clogged pores with recurring breakouts,Low,No,Fragrance,Full Face,Low,Low,Medium,Medium,Moderate,Low,Elaborate (Cleanser + Toner + Serum + Moisturizer + Sunscreen),Salicylic Acid,"Gentle foaming cleanser, BHA exfoliation 2-3x/week, oil-free moisturizer, broad-spectrum non-comedogenic SPF 50.",Acne
PAT-00142,35,Female,Combination,Hyperpigmentation,Dark spots and uneven skin tone from previous acne,Low,No,No,Full Face,Medium,Low,Low,Medium,Mild,Low,Minimal (Cleanser only),Niacinamide,"Antioxidant brightening serum, daily broad-spectrum SPF 50+ reapplication, gentle exfoliating tonic, soothing moisturizer.",Hyperpigmentation
PAT-00143,30,Female,Dry,Dryness,Flaking and tight sensation after cleansing,High,No,None,Forehead,Low,High,Medium,Medium,None,Medium,Moderate (Cleanser + Moisturizer + Sunscreen),Ceramides,"Hydrating cream cleanser, multi-molecular HA serum, ceramide-rich barrier cream, hydrating mineral sunscreen.",Dryness
PAT-00144,32,Female,Combination,Acne,Inflamed red pimples and occasional pustules,Low,Yes,No,Jawline,Medium,Low,Medium,Medium,Mild,Medium,Basic (Cleanser + Moisturizer),Salicylic Acid,"Gentle foaming cleanser, BHA exfoliation 2-3x/week, oil-free moisturizer, broad-spectrum non-comedogenic SPF 50.",Acne
PAT-00145,20,Female,Normal,No major concern,"No noticeable irritation, balanced oil and moisture",Low,Yes,No,None,Low,Low,Low,Low,None,Low,Elaborate (Cleanser + Toner + Serum + Moisturizer + Sunscreen),Vitamin C,"Gentle daily cleanser, lightweight antioxidant hydrating gel, daily SPF 50 sunscreen maintenance.",No major concern
PAT-00146,38,Female,Oily,Dandruff,"Scalp tightness, flaking, and itching after sweat",Medium,No,None,Scalp and Upper Forehead,High,High,Medium,Low,None,Medium,Moderate (Cleanser + Moisturizer + Sunscreen),Zinc Pyrithione,"Anti-dandruff clarifying shampoo 2-3x weekly, scalp soothing tonic with panthenol, avoiding scalding water showers.",Dandruff
PAT-00147,29,Female,Combination,Acne,Inflamed red pimples and occasional pustules,Medium,Yes,None,T-Zone,Medium,Low,Low,Medium,Moderate,High,Moderate (Cleanser + Moisturizer + Sunscreen),Zinc PCA,"Gentle foaming cleanser, BHA exfoliation 2-3x/week, oil-free moisturizer, broad-spectrum non-comedogenic SPF 50.",Acne
PAT-00148,38,Female,Sensitive,Redness,Stinging sensation and reactive redness to heat,High,Yes,Fragrance,T-Zone,Low,Medium,High,Low,Mild,Medium,Elaborate (Cleanser + Toner + Serum + Moisturizer + Sunscreen),Centella Asiatica,"Calming micellar water, barrier-restoring cica cream, fragrance-free physical zinc sunscreen, avoiding thermal/harsh triggers.",Redness
PAT-00149,24,Female,Oily,Acne,Whiteheads and blackheads on T-zone,High,No,Fragrance,Jawline,Medium,Low,High,Medium,Moderate,High,Moderate (Cleanser + Moisturizer + Sunscreen),Zinc PCA,"Gentle foaming cleanser, BHA exfoliation 2-3x/week, oil-free moisturizer, broad-spectrum non-comedogenic SPF 50.",Acne
PAT-00150,40,Male,Sensitive,Redness,Rosacea-like cheek flushing and burning feeling,High,Yes,None,Full Face,Low,Medium,High,Medium,Mild,Medium,Moderate (Cleanser + Moisturizer + Sunscreen),Azelaic Acid,"Calming micellar water, barrier-restoring cica cream, fragrance-free physical zinc sunscreen, avoiding thermal/harsh triggers.",Redness
PAT-00151,29,Female,Combination,Dandruff,Persistent scalp dandruff and mild redness at hair root,Low,No,No,Scalp and Upper Forehead,Medium,Low,Medium,Low,None,Low,Moderate (Cleanser + Moisturizer + Sunscreen),Zinc Pyrithione,"Anti-dandruff clarifying shampoo 2-3x weekly, scalp soothing tonic with panthenol, avoiding scalding water showers.",Dandruff
PAT-00152,51,Male,Combination,Hyperpigmentation,Dull complexion with patchy sun discoloration,Low,No,Preservatives,Forehead,Medium,Low,Medium,High,None,Medium,Minimal (Cleanser only),Niacinamide,"Antioxidant brightening serum, daily broad-spectrum SPF 50+ reapplication, gentle exfoliating tonic, soothing moisturizer.",Hyperpigmentation
PAT-00153,28,Male,Combination,Acne,Tender red bumps along jawline and cheeks,Low,Yes,No,Jawline,Medium,Low,Low,Low,Mild,Medium,Basic (Cleanser + Moisturizer),Salicylic Acid,"Gentle foaming cleanser, BHA exfoliation 2-3x/week, oil-free moisturizer, broad-spectrum non-comedogenic SPF 50.",Acne
PAT-00154,22,Female,Dry,No major concern,Healthy skin barrier with minimal seasonal dryness,Low,No,No,T-Zone,Medium,Low,Low,Low,None,Low,Minimal (Cleanser only),Niacinamide,"Gentle daily cleanser, lightweight antioxidant hydrating gel, daily SPF 50 sunscreen maintenance.",No major concern
PAT-00155,44,Male,Sensitive,Redness,Rosacea-like cheek flushing and burning feeling,High,No,Alcohol,Nose and Cheeks,Low,High,High,Low,None,High,Elaborate (Cleanser + Toner + Serum + Moisturizer + Sunscreen),Panthenol,"Calming micellar water, barrier-restoring cica cream, fragrance-free physical zinc sunscreen, avoiding thermal/harsh triggers.",Redness
PAT-00156,31,Male,Sensitive,Dryness,Scaling and irritation with seasonal change,High,No,Preservatives,Around Mouth,Low,Medium,Medium,Medium,None,Medium,Elaborate (Cleanser + Toner + Serum + Moisturizer + Sunscreen),Ceramides,"Hydrating cream cleanser, multi-molecular HA serum, ceramide-rich barrier cream, hydrating mineral sunscreen.",Dryness
PAT-00157,19,Female,Oily,Acne,Clogged pores with recurring breakouts,Low,Yes,Fragrance,Jawline,Low,Medium,High,Medium,Moderate,High,Moderate (Cleanser + Moisturizer + Sunscreen),Salicylic Acid,"Gentle foaming cleanser, BHA exfoliation 2-3x/week, oil-free moisturizer, broad-spectrum non-comedogenic SPF 50.",Acne
PAT-00158,16,Female,Sensitive,Dryness,"Persistent tightness and dull, parched skin",Medium,No,No,Full Face,Low,High,Low,Low,None,Low,Minimal (Cleanser only),Squalane,"Hydrating cream cleanser, multi-molecular HA serum, ceramide-rich barrier cream, hydrating mineral sunscreen.",Dryness
PAT-00159,16,Male,Combination,Dryness,"Persistent tightness and dull, parched skin",Medium,No,Sulfates,Cheeks,Low,High,Medium,Low,None,Medium,Basic (Cleanser + Moisturizer),Hyaluronic Acid,"Hydrating cream cleanser, multi-molecular HA serum, ceramide-rich barrier cream, hydrating mineral sunscreen.",Dryness
PAT-00160,23,Male,Combination,Acne,Inflamed red pimples and occasional pustules,Medium,Yes,Fragrance,Jawline,Medium,Low,High,Low,Moderate,High,Moderate (Cleanser + Moisturizer + Sunscreen),Azelaic Acid,"Gentle foaming cleanser, BHA exfoliation 2-3x/week, oil-free moisturizer, broad-spectrum non-comedogenic SPF 50.",Acne
PAT-00161,22,Female,Oily,Acne,Whiteheads and blackheads on T-zone,Low,No,No,Cheeks,High,Medium,Medium,Medium,Mild,High,Moderate (Cleanser + Moisturizer + Sunscreen),Salicylic Acid,"Gentle foaming cleanser, BHA exfoliation 2-3x/week, oil-free moisturizer, broad-spectrum non-comedogenic SPF 50.",Acne
PAT-00162,21,Male,Sensitive,Acne,Clogged pores with recurring breakouts,Low,Yes,No,Cheeks,High,Medium,Medium,Medium,Severe,High,Moderate (Cleanser + Moisturizer + Sunscreen),Azelaic Acid,"Gentle foaming cleanser, BHA exfoliation 2-3x/week, oil-free moisturizer, broad-spectrum non-comedogenic SPF 50.",Acne
PAT-00163,15,Male,Combination,Acne,Inflamed red pimples and occasional pustules,High,Yes,No,Forehead,High,Low,Medium,High,Moderate,Medium,Minimal (Cleanser only),Salicylic Acid,"Gentle foaming cleanser, BHA exfoliation 2-3x/week, oil-free moisturizer, broad-spectrum non-comedogenic SPF 50.",Acne
PAT-00164,20,Male,Oily,Acne,Occasional cystic breakouts and oily shine,Low,No,No,Forehead,High,Low,Low,Medium,Mild,High,Basic (Cleanser + Moisturizer),Niacinamide,"Gentle foaming cleanser, BHA exfoliation 2-3x/week, oil-free moisturizer, broad-spectrum non-comedogenic SPF 50.",Acne
PAT-00165,17,Female,Oily,Acne,Occasional cystic breakouts and oily shine,High,Yes,Fragrance,Forehead,High,Low,High,Medium,Mild,High,Elaborate (Cleanser + Toner + Serum + Moisturizer + Sunscreen),Zinc PCA,"Gentle foaming cleanser, BHA exfoliation 2-3x/week, oil-free moisturizer, broad-spectrum non-comedogenic SPF 50.",Acne
PAT-00166,18,Female,Combination,Hyperpigmentation,Melasma-like discoloration on cheeks and upper lip,Medium,Yes,No,Full Face,Medium,Low,Medium,High,None,Medium,Basic (Cleanser + Moisturizer),Tranexamic Acid,"Antioxidant brightening serum, daily broad-spectrum SPF 50+ reapplication, gentle exfoliating tonic, soothing moisturizer.",Hyperpigmentation
PAT-00167,26,Male,Dry,No major concern,Even complexion with no active breakouts or irritation,Low,No,No,T-Zone,Low,Medium,Low,Low,None,Medium,Minimal (Cleanser only),Niacinamide,"Gentle daily cleanser, lightweight antioxidant hydrating gel, daily SPF 50 sunscreen maintenance.",No major concern
PAT-00168,15,Male,Combination,Acne,Tender red bumps along jawline and cheeks,High,Yes,Fragrance,Jawline,Low,Low,High,Low,Moderate,High,Minimal (Cleanser only),Niacinamide,"Gentle foaming cleanser, BHA exfoliation 2-3x/week, oil-free moisturizer, broad-spectrum non-comedogenic SPF 50.",Acne
PAT-00169,33,Male,Combination,Dandruff,Greasy scalp scaling and mild scalp irritation,Medium,Yes,Sulfates,Scalp,High,Low,High,Low,None,Medium,Moderate (Cleanser + Moisturizer + Sunscreen),Selenium Sulfide,"Anti-dandruff clarifying shampoo 2-3x weekly, scalp soothing tonic with panthenol, avoiding scalding water showers.",Dandruff
PAT-00170,22,Male,Oily,Acne,Inflamed red pimples and occasional pustules,Low,No,No,T-Zone,High,Low,High,Low,Severe,Low,Elaborate (Cleanser + Toner + Serum + Moisturizer + Sunscreen),Niacinamide,"Gentle foaming cleanser, BHA exfoliation 2-3x/week, oil-free moisturizer, broad-spectrum non-comedogenic SPF 50.",Acne
PAT-00171,31,Male,Combination,No major concern,"No noticeable irritation, balanced oil and moisture",Low,No,None,T-Zone,Low,Low,Low,Low,None,Low,Elaborate (Cleanser + Toner + Serum + Moisturizer + Sunscreen),Vitamin C,"Gentle daily cleanser, lightweight antioxidant hydrating gel, daily SPF 50 sunscreen maintenance.",No major concern
PAT-00172,33,Female,Normal,Hyperpigmentation,Post-inflammatory dark marks across forehead,High,Yes,Lanolin,Cheeks,Medium,Medium,Medium,High,Mild,High,Minimal (Cleanser only),Alpha Arbutin,"Antioxidant brightening serum, daily broad-spectrum SPF 50+ reapplication, gentle exfoliating tonic, soothing moisturizer.",Hyperpigmentation
PAT-00173,15,Male,Combination,Dandruff,Dry flaking along hairline and upper forehead,High,No,No,Scalp and Upper Forehead,Medium,Low,Low,Low,None,Medium,Minimal (Cleanser only),Zinc Pyrithione,"Anti-dandruff clarifying shampoo 2-3x weekly, scalp soothing tonic with panthenol, avoiding scalding water showers.",Dandruff
PAT-00174,30,Male,Dry,Dryness,Rough texture and visible fine dry patches,High,No,Fragrance,Cheeks,Low,Medium,Medium,Medium,None,Medium,Elaborate (Cleanser + Toner + Serum + Moisturizer + Sunscreen),Hyaluronic Acid,"Hydrating cream cleanser, multi-molecular HA serum, ceramide-rich barrier cream, hydrating mineral sunscreen.",Dryness
PAT-00175,45,Female,Sensitive,Redness,Sensitivity to wind and skin barrier discomfort,High,Yes,Fragrance,T-Zone,Medium,Medium,High,Low,None,Medium,Moderate (Cleanser + Moisturizer + Sunscreen),Centella Asiatica,"Calming micellar water, barrier-restoring cica cream, fragrance-free physical zinc sunscreen, avoiding thermal/harsh triggers.",Redness
PAT-00176,17,Male,Oily,Acne,Inflamed red pimples and occasional pustules,Medium,No,Essential Oils,Forehead,Medium,Medium,High,Low,Severe,High,Moderate (Cleanser + Moisturizer + Sunscreen),Niacinamide,"Gentle foaming cleanser, BHA exfoliation 2-3x/week, oil-free moisturizer, broad-spectrum non-comedogenic SPF 50.",Acne
PAT-00177,15,Female,Sensitive,Acne,Whiteheads and blackheads on T-zone,Medium,Yes,None,Cheeks,High,Low,Medium,Medium,Severe,Medium,Moderate (Cleanser + Moisturizer + Sunscreen),Tea Tree Extract,"Gentle foaming cleanser, BHA exfoliation 2-3x/week, oil-free moisturizer, broad-spectrum non-comedogenic SPF 50.",Acne
PAT-00178,16,Male,Combination,Dryness,Ashy skin tone and lack of suppleness,High,No,No,Full Face,Medium,Medium,Low,Medium,None,Low,Basic (Cleanser + Moisturizer),Squalane,"Hydrating cream cleanser, multi-molecular HA serum, ceramide-rich barrier cream, hydrating mineral sunscreen.",Dryness
PAT-00179,24,Female,Oily,Acne,Inflamed red pimples and occasional pustules,Low,Yes,No,T-Zone,High,Low,Medium,Low,Moderate,Medium,Minimal (Cleanser only),Azelaic Acid,"Gentle foaming cleanser, BHA exfoliation 2-3x/week, oil-free moisturizer, broad-spectrum non-comedogenic SPF 50.",Acne
PAT-00180,47,Male,Combination,No major concern,Even complexion with no active breakouts or irritation,Low,Yes,No,None,Low,Low,Low,Low,None,Medium,Moderate (Cleanser + Moisturizer + Sunscreen),Hyaluronic Acid,"Gentle daily cleanser, lightweight antioxidant hydrating gel, daily SPF 50 sunscreen maintenance.",No major concern
PAT-00181,26,Female,Dry,Hyperpigmentation,Dark spots and uneven skin tone from previous acne,Medium,Yes,No,Cheeks and Nose,Low,Medium,Medium,Medium,None,High,Moderate (Cleanser + Moisturizer + Sunscreen),Alpha Arbutin,"Antioxidant brightening serum, daily broad-spectrum SPF 50+ reapplication, gentle exfoliating tonic, soothing moisturizer.",Hyperpigmentation
PAT-00182,38,Female,Dry,Dryness,"Persistent tightness and dull, parched skin",High,No,Sulfates,Forehead,Low,High,Medium,Low,None,Medium,Elaborate (Cleanser + Toner + Serum + Moisturizer + Sunscreen),Hyaluronic Acid,"Hydrating cream cleanser, multi-molecular HA serum, ceramide-rich barrier cream, hydrating mineral sunscreen.",Dryness
PAT-00183,31,Male,Oily,Hyperpigmentation,Dull complexion with patchy sun discoloration,Medium,No,No,Cheeks,High,Low,Low,High,None,High,Elaborate (Cleanser + Toner + Serum + Moisturizer + Sunscreen),Alpha Arbutin,"Antioxidant brightening serum, daily broad-spectrum SPF 50+ reapplication, gentle exfoliating tonic, soothing moisturizer.",Hyperpigmentation
PAT-00184,18,Female,Oily,Acne,Occasional cystic breakouts and oily shine,Low,No,No,Forehead,High,Low,High,Low,Mild,High,Minimal (Cleanser only),Salicylic Acid,"Gentle foaming cleanser, BHA exfoliation 2-3x/week, oil-free moisturizer, broad-spectrum non-comedogenic SPF 50.",Acne
PAT-00185,21,Male,Combination,Acne,Inflamed red pimples and occasional pustules,Medium,Yes,No,Full Face,Medium,Low,Medium,Medium,Mild,Medium,Minimal (Cleanser only),Niacinamide,"Gentle foaming cleanser, BHA exfoliation 2-3x/week, oil-free moisturizer, broad-spectrum non-comedogenic SPF 50.",Acne
PAT-00186,21,Female,Normal,No major concern,"No noticeable irritation, balanced oil and moisture",Low,Yes,No,Full Face,Low,Low,Low,Low,None,Medium,Basic (Cleanser + Moisturizer),Niacinamide,"Gentle daily cleanser, lightweight antioxidant hydrating gel, daily SPF 50 sunscreen maintenance.",No major concern
PAT-00187,36,Female,Normal,No major concern,"No noticeable irritation, balanced oil and moisture",Medium,Yes,No,None,Low,Low,Low,Low,None,Low,Elaborate (Cleanser + Toner + Serum + Moisturizer + Sunscreen),Hyaluronic Acid,"Gentle daily cleanser, lightweight antioxidant hydrating gel, daily SPF 50 sunscreen maintenance.",No major concern
PAT-00188,30,Female,Combination,Acne,Inflamed red pimples and occasional pustules,Medium,Yes,No,Full Face,High,Low,Medium,Medium,Moderate,Medium,Elaborate (Cleanser + Toner + Serum + Moisturizer + Sunscreen),Salicylic Acid,"Gentle foaming cleanser, BHA exfoliation 2-3x/week, oil-free moisturizer, broad-spectrum non-comedogenic SPF 50.",Acne
PAT-00189,40,Female,Sensitive,Dryness,Flaking and tight sensation after cleansing,Medium,No,No,Forehead,Low,Medium,Medium,Medium,None,Medium,Moderate (Cleanser + Moisturizer + Sunscreen),Hyaluronic Acid,"Hydrating cream cleanser, multi-molecular HA serum, ceramide-rich barrier cream, hydrating mineral sunscreen.",Dryness
PAT-00190,33,Female,Normal,No major concern,Even complexion with no active breakouts or irritation,Low,No,No,T-Zone,Low,Low,Low,Low,None,Medium,Minimal (Cleanser only),Vitamin C,"Gentle daily cleanser, lightweight antioxidant hydrating gel, daily SPF 50 sunscreen maintenance.",No major concern
PAT-00191,23,Male,Oily,Acne,Clogged pores with recurring breakouts,Medium,Yes,Fragrance,Jawline,Medium,Low,High,Low,Mild,High,Elaborate (Cleanser + Toner + Serum + Moisturizer + Sunscreen),Niacinamide,"Gentle foaming cleanser, BHA exfoliation 2-3x/week, oil-free moisturizer, broad-spectrum non-comedogenic SPF 50.",Acne
PAT-00192,17,Female,Dry,Dandruff,"Scalp tightness, flaking, and itching after sweat",High,Yes,No,Scalp and Upper Forehead,High,High,Low,Low,None,Low,Minimal (Cleanser only),Salicylic Acid,"Anti-dandruff clarifying shampoo 2-3x weekly, scalp soothing tonic with panthenol, avoiding scalding water showers.",Dandruff
PAT-00193,19,Female,Sensitive,Redness,Persistent facial flushing and visible capillaries,High,Yes,Essential Oils,Full Face,Low,Medium,High,Low,None,Medium,Moderate (Cleanser + Moisturizer + Sunscreen),Azelaic Acid,"Calming micellar water, barrier-restoring cica cream, fragrance-free physical zinc sunscreen, avoiding thermal/harsh triggers.",Redness
PAT-00194,33,Female,Sensitive,Dryness,Ashy skin tone and lack of suppleness,High,No,Lanolin,Cheeks,Medium,High,Medium,Low,None,Medium,Elaborate (Cleanser + Toner + Serum + Moisturizer + Sunscreen),Hyaluronic Acid,"Hydrating cream cleanser, multi-molecular HA serum, ceramide-rich barrier cream, hydrating mineral sunscreen.",Dryness
PAT-00195,32,Female,Combination,Hyperpigmentation,Dark spots and uneven skin tone from previous acne,Low,Yes,No,Forehead,Medium,Medium,Low,High,Mild,High,Moderate (Cleanser + Moisturizer + Sunscreen),Kojic Acid,"Antioxidant brightening serum, daily broad-spectrum SPF 50+ reapplication, gentle exfoliating tonic, soothing moisturizer.",Hyperpigmentation
PAT-00196,42,Female,Combination,Dryness,Flaking and tight sensation after cleansing,High,No,None,Full Face,Low,Medium,Low,Low,None,Low,Moderate (Cleanser + Moisturizer + Sunscreen),Ceramides,"Hydrating cream cleanser, multi-molecular HA serum, ceramide-rich barrier cream, hydrating mineral sunscreen.",Dryness
PAT-00197,31,Male,Combination,Acne,Tender red bumps along jawline and cheeks,High,Yes,No,Jawline,High,Low,Medium,Low,Mild,Low,Minimal (Cleanser only),Niacinamide,"Gentle foaming cleanser, BHA exfoliation 2-3x/week, oil-free moisturizer, broad-spectrum non-comedogenic SPF 50.",Acne
PAT-00198,60,Male,Dry,Dryness,Ashy skin tone and lack of suppleness,Medium,No,No,Full Face,Low,High,High,Medium,None,Medium,Basic (Cleanser + Moisturizer),Ceramides,"Hydrating cream cleanser, multi-molecular HA serum, ceramide-rich barrier cream, hydrating mineral sunscreen.",Dryness
PAT-00199,27,Female,Sensitive,Redness,Sensitivity to wind and skin barrier discomfort,High,No,Fragrance,Cheeks,High,Low,High,Low,Mild,Medium,Elaborate (Cleanser + Toner + Serum + Moisturizer + Sunscreen),Allantoin,"Calming micellar water, barrier-restoring cica cream, fragrance-free physical zinc sunscreen, avoiding thermal/harsh triggers.",Redness
PAT-00200,16,Male,Combination,Acne,Inflamed red pimples and occasional pustules,Low,No,None,T-Zone,High,Low,Low,Medium,Severe,High,Elaborate (Cleanser + Toner + Serum + Moisturizer + Sunscreen),Salicylic Acid,"Gentle foaming cleanser, BHA exfoliation 2-3x/week, oil-free moisturizer, broad-spectrum non-comedogenic SPF 50.",Acne
PAT-00201,45,Male,Dry,Dryness,Rough texture and visible fine dry patches,High,No,No,Forehead,Medium,Medium,Medium,Medium,None,Medium,Moderate (Cleanser + Moisturizer + Sunscreen),Ceramides,"Hydrating cream cleanser, multi-molecular HA serum, ceramide-rich barrier cream, hydrating mineral sunscreen.",Dryness
PAT-00202,21,Female,Normal,No major concern,Healthy skin barrier with minimal seasonal dryness,Low,Yes,No,T-Zone,Medium,Medium,Low,Low,None,Low,Elaborate (Cleanser + Toner + Serum + Moisturizer + Sunscreen),Peptides,"Gentle daily cleanser, lightweight antioxidant hydrating gel, daily SPF 50 sunscreen maintenance.",No major concern
PAT-00203,57,Male,Sensitive,Hyperpigmentation,Melasma-like discoloration on cheeks and upper lip,Low,Yes,No,Forehead,High,Medium,Low,High,None,Medium,Elaborate (Cleanser + Toner + Serum + Moisturizer + Sunscreen),Vitamin C,"Antioxidant brightening serum, daily broad-spectrum SPF 50+ reapplication, gentle exfoliating tonic, soothing moisturizer.",Hyperpigmentation
PAT-00204,23,Male,Normal,Acne,Occasional cystic breakouts and oily shine,Low,No,No,Full Face,Medium,Low,Medium,Medium,Moderate,High,Basic (Cleanser + Moisturizer),Salicylic Acid,"Gentle foaming cleanser, BHA exfoliation 2-3x/week, oil-free moisturizer, broad-spectrum non-comedogenic SPF 50.",Acne
PAT-00205,33,Male,Dry,Dandruff,Dry flaking along hairline and upper forehead,High,Yes,Lanolin,Scalp and Upper Forehead,High,Medium,Low,Low,None,Medium,Moderate (Cleanser + Moisturizer + Sunscreen),Zinc Pyrithione,"Anti-dandruff clarifying shampoo 2-3x weekly, scalp soothing tonic with panthenol, avoiding scalding water showers.",Dandruff
PAT-00206,52,Male,Dry,Dryness,Ashy skin tone and lack of suppleness,High,Yes,Preservatives,Forehead,Medium,High,Low,Low,None,Medium,Basic (Cleanser + Moisturizer),Glycerin,"Hydrating cream cleanser, multi-molecular HA serum, ceramide-rich barrier cream, hydrating mineral sunscreen.",Dryness
PAT-00207,16,Female,Sensitive,Redness,Rosacea-like cheek flushing and burning feeling,High,Yes,None,Full Face,Low,Low,High,Low,None,High,Elaborate (Cleanser + Toner + Serum + Moisturizer + Sunscreen),Madecassoside,"Calming micellar water, barrier-restoring cica cream, fragrance-free physical zinc sunscreen, avoiding thermal/harsh triggers.",Redness
PAT-00208,26,Female,Oily,Hyperpigmentation,Post-inflammatory dark marks across forehead,Medium,Yes,None,Forehead,High,Low,Low,High,None,Medium,Basic (Cleanser + Moisturizer),Vitamin C,"Antioxidant brightening serum, daily broad-spectrum SPF 50+ reapplication, gentle exfoliating tonic, soothing moisturizer.",Hyperpigmentation
PAT-00209,37,Female,Sensitive,Redness,Stinging sensation and reactive redness to heat,High,No,Yes,T-Zone,Low,Medium,High,Low,None,Medium,Minimal (Cleanser only),Allantoin,"Calming micellar water, barrier-restoring cica cream, fragrance-free physical zinc sunscreen, avoiding thermal/harsh triggers.",Redness
PAT-00210,44,Female,Dry,Dryness,Scaling and irritation with seasonal change,High,No,No,Forehead,Low,High,Medium,Low,None,Low,Basic (Cleanser + Moisturizer),Glycerin,"Hydrating cream cleanser, multi-molecular HA serum, ceramide-rich barrier cream, hydrating mineral sunscreen.",Dryness
PAT-00211,34,Female,Dry,Dryness,Flaking and tight sensation after cleansing,High,No,Fragrance,Full Face,Medium,High,High,Low,None,High,Moderate (Cleanser + Moisturizer + Sunscreen),Hyaluronic Acid,"Hydrating cream cleanser, multi-molecular HA serum, ceramide-rich barrier cream, hydrating mineral sunscreen.",Dryness
PAT-00212,23,Male,Sensitive,Redness,"Irritation, blotchiness, and sudden redness flare-ups",High,No,Alcohol,Cheeks,Low,Medium,High,Low,Mild,High,Elaborate (Cleanser + Toner + Serum + Moisturizer + Sunscreen),Madecassoside,"Calming micellar water, barrier-restoring cica cream, fragrance-free physical zinc sunscreen, avoiding thermal/harsh triggers.",Redness
PAT-00213,25,Male,Dry,Redness,Stinging sensation and reactive redness to heat,High,No,Essential Oils,T-Zone,High,High,High,Low,None,Medium,Basic (Cleanser + Moisturizer),Azelaic Acid,"Calming micellar water, barrier-restoring cica cream, fragrance-free physical zinc sunscreen, avoiding thermal/harsh triggers.",Redness
PAT-00214,21,Male,Combination,Acne,Tender red bumps along jawline and cheeks,Medium,Yes,Essential Oils,Forehead,High,Low,Medium,High,Mild,High,Moderate (Cleanser + Moisturizer + Sunscreen),Niacinamide,"Gentle foaming cleanser, BHA exfoliation 2-3x/week, oil-free moisturizer, broad-spectrum non-comedogenic SPF 50.",Acne
PAT-00215,42,Female,Sensitive,Dryness,Flaking and tight sensation after cleansing,Medium,No,No,Around Mouth,Low,High,High,Low,None,Low,Elaborate (Cleanser + Toner + Serum + Moisturizer + Sunscreen),Hyaluronic Acid,"Hydrating cream cleanser, multi-molecular HA serum, ceramide-rich barrier cream, hydrating mineral sunscreen.",Dryness
PAT-00216,18,Female,Combination,Acne,Tender red bumps along jawline and cheeks,Low,Yes,No,Full Face,High,Low,Medium,Low,Mild,High,Minimal (Cleanser only),Niacinamide,"Gentle foaming cleanser, BHA exfoliation 2-3x/week, oil-free moisturizer, broad-spectrum non-comedogenic SPF 50.",Acne
PAT-00217,33,Male,Oily,Hyperpigmentation,Sun spots and localized brown patches on cheeks,High,Yes,Preservatives,Cheeks,Medium,Medium,Medium,High,Mild,High,Elaborate (Cleanser + Toner + Serum + Moisturizer + Sunscreen),Vitamin C,"Antioxidant brightening serum, daily broad-spectrum SPF 50+ reapplication, gentle exfoliating tonic, soothing moisturizer.",Hyperpigmentation
PAT-00218,27,Male,Dry,Dandruff,Itchy scalp with visible white/yellow flakes,Medium,No,No,Hairline,High,High,Medium,Low,None,Medium,Basic (Cleanser + Moisturizer),Ketoconazole,"Anti-dandruff clarifying shampoo 2-3x weekly, scalp soothing tonic with panthenol, avoiding scalding water showers.",Dandruff
PAT-00219,27,Female,Normal,Acne,Whiteheads and blackheads on T-zone,High,Yes,Essential Oils,T-Zone,Medium,Medium,Medium,Low,Mild,Medium,Moderate (Cleanser + Moisturizer + Sunscreen),Salicylic Acid,"Gentle foaming cleanser, BHA exfoliation 2-3x/week, oil-free moisturizer, broad-spectrum non-comedogenic SPF 50.",Acne
PAT-00220,16,Male,Oily,Acne,Clogged pores with recurring breakouts,Medium,Yes,No,Forehead,Low,Medium,High,High,Moderate,Low,Moderate (Cleanser + Moisturizer + Sunscreen),Salicylic Acid,"Gentle foaming cleanser, BHA exfoliation 2-3x/week, oil-free moisturizer, broad-spectrum non-comedogenic SPF 50.",Acne
PAT-00221,30,Female,Dry,Dryness,Ashy skin tone and lack of suppleness,High,No,Lanolin,Full Face,Low,Medium,Medium,Low,None,Medium,Basic (Cleanser + Moisturizer),Hyaluronic Acid,"Hydrating cream cleanser, multi-molecular HA serum, ceramide-rich barrier cream, hydrating mineral sunscreen.",Dryness
PAT-00222,30,Male,Combination,Dryness,Flaking and tight sensation after cleansing,Medium,No,Sulfates,Forehead,Low,High,Low,Low,None,Medium,Basic (Cleanser + Moisturizer),Ceramides,"Hydrating cream cleanser, multi-molecular HA serum, ceramide-rich barrier cream, hydrating mineral sunscreen.",Dryness
PAT-00223,23,Female,Oily,Acne,Occasional cystic breakouts and oily shine,Medium,Yes,No,Cheeks,High,Medium,Medium,Medium,Mild,Medium,Basic (Cleanser + Moisturizer),Salicylic Acid,"Gentle foaming cleanser, BHA exfoliation 2-3x/week, oil-free moisturizer, broad-spectrum non-comedogenic SPF 50.",Acne
PAT-00224,39,Female,Combination,Hyperpigmentation,Post-inflammatory dark marks across forehead,Low,No,Preservatives,Cheeks and Nose,Low,Medium,Low,Medium,None,Low,Moderate (Cleanser + Moisturizer + Sunscreen),Kojic Acid,"Antioxidant brightening serum, daily broad-spectrum SPF 50+ reapplication, gentle exfoliating tonic, soothing moisturizer.",Hyperpigmentation
PAT-00225,32,Male,Sensitive,Redness,"Irritation, blotchiness, and sudden redness flare-ups",High,No,Fragrance,Full Face,Medium,Low,High,Medium,Mild,Low,Basic (Cleanser + Moisturizer),Madecassoside,"Calming micellar water, barrier-restoring cica cream, fragrance-free physical zinc sunscreen, avoiding thermal/harsh triggers.",Redness
PAT-00226,37,Male,Sensitive,Hyperpigmentation,Melasma-like discoloration on cheeks and upper lip,Medium,Yes,No,Full Face,High,Low,Low,High,None,High,Moderate (Cleanser + Moisturizer + Sunscreen),Niacinamide,"Antioxidant brightening serum, daily broad-spectrum SPF 50+ reapplication, gentle exfoliating tonic, soothing moisturizer.",Hyperpigmentation
PAT-00227,40,Female,Combination,Hyperpigmentation,Post-inflammatory dark marks across forehead,Medium,Yes,No,Cheeks and Nose,Low,Medium,Low,High,None,High,Moderate (Cleanser + Moisturizer + Sunscreen),Niacinamide,"Antioxidant brightening serum, daily broad-spectrum SPF 50+ reapplication, gentle exfoliating tonic, soothing moisturizer.",Hyperpigmentation
PAT-00228,21,Male,Oily,Acne,Tender red bumps along jawline and cheeks,Medium,No,None,Jawline,High,Medium,Medium,Low,Moderate,Low,Minimal (Cleanser only),Azelaic Acid,"Gentle foaming cleanser, BHA exfoliation 2-3x/week, oil-free moisturizer, broad-spectrum non-comedogenic SPF 50.",Acne
PAT-00229,45,Male,Combination,Hyperpigmentation,Melasma-like discoloration on cheeks and upper lip,Medium,Yes,No,Full Face,Medium,Low,Medium,High,None,High,Moderate (Cleanser + Moisturizer + Sunscreen),Vitamin C,"Antioxidant brightening serum, daily broad-spectrum SPF 50+ reapplication, gentle exfoliating tonic, soothing moisturizer.",Hyperpigmentation
PAT-00230,20,Female,Oily,Acne,Clogged pores with recurring breakouts,High,Yes,Lanolin,T-Zone,High,Low,High,Medium,Moderate,Medium,Minimal (Cleanser only),Salicylic Acid,"Gentle foaming cleanser, BHA exfoliation 2-3x/week, oil-free moisturizer, broad-spectrum non-comedogenic SPF 50.",Acne
PAT-00231,43,Female,Normal,No major concern,Even complexion with no active breakouts or irritation,Low,No,No,Full Face,Low,Low,Low,Low,None,High,Moderate (Cleanser + Moisturizer + Sunscreen),Hyaluronic Acid,"Gentle daily cleanser, lightweight antioxidant hydrating gel, daily SPF 50 sunscreen maintenance.",No major concern
PAT-00232,20,Male,Oily,Acne,Occasional cystic breakouts and oily shine,High,Yes,No,Forehead,Medium,Medium,Medium,Medium,Moderate,High,Basic (Cleanser + Moisturizer),Salicylic Acid,"Gentle foaming cleanser, BHA exfoliation 2-3x/week, oil-free moisturizer, broad-spectrum non-comedogenic SPF 50.",Acne
PAT-00233,15,Male,Normal,No major concern,Balanced skin with occasional minor shine,Low,No,No,T-Zone,Low,Low,Low,Low,None,Medium,Elaborate (Cleanser + Toner + Serum + Moisturizer + Sunscreen),Hyaluronic Acid,"Gentle daily cleanser, lightweight antioxidant hydrating gel, daily SPF 50 sunscreen maintenance.",No major concern
PAT-00234,32,Male,Normal,No major concern,"No noticeable irritation, balanced oil and moisture",Low,No,No,T-Zone,Low,Medium,Low,Low,None,High,Basic (Cleanser + Moisturizer),Hyaluronic Acid,"Gentle daily cleanser, lightweight antioxidant hydrating gel, daily SPF 50 sunscreen maintenance.",No major concern
PAT-00235,39,Male,Sensitive,Redness,Rosacea-like cheek flushing and burning feeling,High,No,Alcohol,Full Face,Medium,Medium,High,Medium,Mild,Low,Elaborate (Cleanser + Toner + Serum + Moisturizer + Sunscreen),Allantoin,"Calming micellar water, barrier-restoring cica cream, fragrance-free physical zinc sunscreen, avoiding thermal/harsh triggers.",Redness
PAT-00236,43,Male,Dry,Dryness,Ashy skin tone and lack of suppleness,High,No,Preservatives,Around Mouth,Low,High,Medium,Low,None,High,Basic (Cleanser + Moisturizer),Hyaluronic Acid,"Hydrating cream cleanser, multi-molecular HA serum, ceramide-rich barrier cream, hydrating mineral sunscreen.",Dryness
PAT-00237,18,Female,Sensitive,Dryness,Scaling and irritation with seasonal change,High,No,No,Around Mouth,Low,High,High,Medium,None,Medium,Moderate (Cleanser + Moisturizer + Sunscreen),Glycerin,"Hydrating cream cleanser, multi-molecular HA serum, ceramide-rich barrier cream, hydrating mineral sunscreen.",Dryness
PAT-00238,41,Male,Sensitive,Hyperpigmentation,Melasma-like discoloration on cheeks and upper lip,Medium,No,None,Cheeks,Medium,Medium,Low,High,None,Low,Basic (Cleanser + Moisturizer),Tranexamic Acid,"Antioxidant brightening serum, daily broad-spectrum SPF 50+ reapplication, gentle exfoliating tonic, soothing moisturizer.",Hyperpigmentation
PAT-00239,37,Male,Combination,Redness,"Irritation, blotchiness, and sudden redness flare-ups",High,No,Fragrance,Full Face,Medium,High,High,Low,Mild,Medium,Minimal (Cleanser only),Allantoin,"Calming micellar water, barrier-restoring cica cream, fragrance-free physical zinc sunscreen, avoiding thermal/harsh triggers.",Redness
PAT-00240,45,Female,Normal,No major concern,Balanced skin with occasional minor shine,Low,No,No,T-Zone,Low,Medium,Low,Low,None,Low,Minimal (Cleanser only),Niacinamide,"Gentle daily cleanser, lightweight antioxidant hydrating gel, daily SPF 50 sunscreen maintenance.",No major concern
PAT-00241,29,Female,Dry,Redness,Rosacea-like cheek flushing and burning feeling,High,No,Fragrance,Full Face,High,Medium,High,Low,Mild,High,Elaborate (Cleanser + Toner + Serum + Moisturizer + Sunscreen),Allantoin,"Calming micellar water, barrier-restoring cica cream, fragrance-free physical zinc sunscreen, avoiding thermal/harsh triggers.",Redness
PAT-00242,41,Female,Dry,Dryness,Scaling and irritation with seasonal change,High,No,Essential Oils,Cheeks,Low,High,Low,Low,None,Low,Moderate (Cleanser + Moisturizer + Sunscreen),Hyaluronic Acid,"Hydrating cream cleanser, multi-molecular HA serum, ceramide-rich barrier cream, hydrating mineral sunscreen.",Dryness
PAT-00243,19,Male,Sensitive,Dryness,Flaking and tight sensation after cleansing,Medium,No,Fragrance,Forehead,Low,High,Medium,Low,None,Low,Moderate (Cleanser + Moisturizer + Sunscreen),Ceramides,"Hydrating cream cleanser, multi-molecular HA serum, ceramide-rich barrier cream, hydrating mineral sunscreen.",Dryness
PAT-00244,40,Female,Combination,No major concern,Balanced skin with occasional minor shine,Low,No,No,Full Face,Low,Medium,Low,Low,None,Low,Minimal (Cleanser only),Hyaluronic Acid,"Gentle daily cleanser, lightweight antioxidant hydrating gel, daily SPF 50 sunscreen maintenance.",No major concern
PAT-00245,42,Male,Dry,Dryness,Flaking and tight sensation after cleansing,High,No,Lanolin,Cheeks,Low,High,Medium,Medium,None,Medium,Basic (Cleanser + Moisturizer),Hyaluronic Acid,"Hydrating cream cleanser, multi-molecular HA serum, ceramide-rich barrier cream, hydrating mineral sunscreen.",Dryness
PAT-00246,37,Male,Dry,Dryness,Scaling and irritation with seasonal change,Medium,No,No,Forehead,Low,High,High,Low,None,Low,Moderate (Cleanser + Moisturizer + Sunscreen),Hyaluronic Acid,"Hydrating cream cleanser, multi-molecular HA serum, ceramide-rich barrier cream, hydrating mineral sunscreen.",Dryness
PAT-00247,23,Female,Combination,No major concern,"No noticeable irritation, balanced oil and moisture",Low,No,No,None,Low,Medium,Low,Low,None,Low,Basic (Cleanser + Moisturizer),Vitamin C,"Gentle daily cleanser, lightweight antioxidant hydrating gel, daily SPF 50 sunscreen maintenance.",No major concern
PAT-00248,29,Female,Sensitive,Redness,Persistent facial flushing and visible capillaries,High,No,Alcohol,T-Zone,High,Low,High,Low,Mild,High,Elaborate (Cleanser + Toner + Serum + Moisturizer + Sunscreen),Panthenol,"Calming micellar water, barrier-restoring cica cream, fragrance-free physical zinc sunscreen, avoiding thermal/harsh triggers.",Redness
PAT-00249,31,Female,Combination,Acne,Whiteheads and blackheads on T-zone,Medium,Yes,No,Forehead,High,Low,Low,Low,Moderate,Medium,Basic (Cleanser + Moisturizer),Niacinamide,"Gentle foaming cleanser, BHA exfoliation 2-3x/week, oil-free moisturizer, broad-spectrum non-comedogenic SPF 50.",Acne
PAT-00250,36,Female,Normal,No major concern,Healthy skin barrier with minimal seasonal dryness,Low,No,No,Full Face,Medium,Medium,Low,Low,None,Medium,Moderate (Cleanser + Moisturizer + Sunscreen),Hyaluronic Acid,"Gentle daily cleanser, lightweight antioxidant hydrating gel, daily SPF 50 sunscreen maintenance.",No major concern
PAT-00251,51,Male,Normal,Hyperpigmentation,Post-inflammatory dark marks across forehead,Low,No,No,Full Face,Medium,Medium,Medium,High,None,High,Minimal (Cleanser only),Vitamin C,"Antioxidant brightening serum, daily broad-spectrum SPF 50+ reapplication, gentle exfoliating tonic, soothing moisturizer.",Hyperpigmentation
PAT-00252,29,Female,Oily,Acne,Clogged pores with recurring breakouts,Medium,Yes,No,Cheeks,Medium,Low,Low,High,Moderate,Low,Minimal (Cleanser only),Azelaic Acid,"Gentle foaming cleanser, BHA exfoliation 2-3x/week, oil-free moisturizer, broad-spectrum non-comedogenic SPF 50.",Acne
PAT-00253,38,Female,Normal,Hyperpigmentation,Dark spots and uneven skin tone from previous acne,Medium,Yes,No,Forehead,Medium,Medium,Low,High,None,High,Minimal (Cleanser only),Tranexamic Acid,"Antioxidant brightening serum, daily broad-spectrum SPF 50+ reapplication, gentle exfoliating tonic, soothing moisturizer.",Hyperpigmentation
PAT-00254,18,Male,Dry,Redness,Rosacea-like cheek flushing and burning feeling,High,No,Fragrance,Nose and Cheeks,Medium,Medium,High,Low,Mild,Medium,Basic (Cleanser + Moisturizer),Panthenol,"Calming micellar water, barrier-restoring cica cream, fragrance-free physical zinc sunscreen, avoiding thermal/harsh triggers.",Redness
PAT-00255,33,Male,Dry,Dryness,Ashy skin tone and lack of suppleness,High,No,Essential Oils,Full Face,Medium,High,Medium,Low,None,Medium,Basic (Cleanser + Moisturizer),Hyaluronic Acid,"Hydrating cream cleanser, multi-molecular HA serum, ceramide-rich barrier cream, hydrating mineral sunscreen.",Dryness
PAT-00256,22,Female,Oily,Acne,Inflamed red pimples and occasional pustules,Low,Yes,No,Full Face,Medium,Medium,High,Low,Mild,Medium,Minimal (Cleanser only),Salicylic Acid,"Gentle foaming cleanser, BHA exfoliation 2-3x/week, oil-free moisturizer, broad-spectrum non-comedogenic SPF 50.",Acne
PAT-00257,18,Female,Oily,Hyperpigmentation,Sun spots and localized brown patches on cheeks,Medium,No,No,Forehead,Low,Medium,Low,High,None,Low,Moderate (Cleanser + Moisturizer + Sunscreen),Tranexamic Acid,"Antioxidant brightening serum, daily broad-spectrum SPF 50+ reapplication, gentle exfoliating tonic, soothing moisturizer.",Hyperpigmentation
PAT-00258,25,Male,Oily,Acne,Whiteheads and blackheads on T-zone,Medium,Yes,No,T-Zone,Medium,Low,High,High,Moderate,Medium,Basic (Cleanser + Moisturizer),Niacinamide,"Gentle foaming cleanser, BHA exfoliation 2-3x/week, oil-free moisturizer, broad-spectrum non-comedogenic SPF 50.",Acne
PAT-00259,18,Male,Combination,Acne,Clogged pores with recurring breakouts,Low,Yes,No,Cheeks,High,Low,High,Medium,Mild,Medium,Moderate (Cleanser + Moisturizer + Sunscreen),Salicylic Acid,"Gentle foaming cleanser, BHA exfoliation 2-3x/week, oil-free moisturizer, broad-spectrum non-comedogenic SPF 50.",Acne
PAT-00260,25,Male,Sensitive,Acne,Inflamed red pimples and occasional pustules,Low,Yes,No,Forehead,High,Low,High,Low,Mild,Medium,Minimal (Cleanser only),Salicylic Acid,"Gentle foaming cleanser, BHA exfoliation 2-3x/week, oil-free moisturizer, broad-spectrum non-comedogenic SPF 50.",Acne
PAT-00261,23,Male,Combination,Acne,Tender red bumps along jawline and cheeks,Medium,Yes,No,Full Face,Medium,Low,Medium,Medium,Mild,Low,Minimal (Cleanser only),Niacinamide,"Gentle foaming cleanser, BHA exfoliation 2-3x/week, oil-free moisturizer, broad-spectrum non-comedogenic SPF 50.",Acne
PAT-00262,38,Male,Combination,Hyperpigmentation,Melasma-like discoloration on cheeks and upper lip,Medium,Yes,No,Cheeks and Nose,Medium,Medium,Low,High,Mild,High,Moderate (Cleanser + Moisturizer + Sunscreen),Alpha Arbutin,"Antioxidant brightening serum, daily broad-spectrum SPF 50+ reapplication, gentle exfoliating tonic, soothing moisturizer.",Hyperpigmentation
PAT-00263,37,Male,Dry,Dryness,Rough texture and visible fine dry patches,High,No,No,Cheeks,Low,Medium,Medium,Medium,None,High,Moderate (Cleanser + Moisturizer + Sunscreen),Squalane,"Hydrating cream cleanser, multi-molecular HA serum, ceramide-rich barrier cream, hydrating mineral sunscreen.",Dryness
PAT-00264,26,Female,Combination,Hyperpigmentation,Dark spots and uneven skin tone from previous acne,Medium,Yes,No,Cheeks,Low,Medium,Low,High,None,Medium,Elaborate (Cleanser + Toner + Serum + Moisturizer + Sunscreen),Kojic Acid,"Antioxidant brightening serum, daily broad-spectrum SPF 50+ reapplication, gentle exfoliating tonic, soothing moisturizer.",Hyperpigmentation
PAT-00265,27,Female,Normal,Acne,Tender red bumps along jawline and cheeks,Low,Yes,No,T-Zone,High,Medium,Medium,High,Moderate,Medium,Elaborate (Cleanser + Toner + Serum + Moisturizer + Sunscreen),Salicylic Acid,"Gentle foaming cleanser, BHA exfoliation 2-3x/week, oil-free moisturizer, broad-spectrum non-comedogenic SPF 50.",Acne
PAT-00266,16,Female,Dry,Dryness,Flaking and tight sensation after cleansing,Medium,No,No,Cheeks,Low,High,Medium,Low,None,Low,Moderate (Cleanser + Moisturizer + Sunscreen),Glycerin,"Hydrating cream cleanser, multi-molecular HA serum, ceramide-rich barrier cream, hydrating mineral sunscreen.",Dryness
PAT-00267,36,Male,Combination,Hyperpigmentation,Dark spots and uneven skin tone from previous acne,Medium,Yes,None,Forehead,Low,Medium,Low,High,None,Medium,Moderate (Cleanser + Moisturizer + Sunscreen),Niacinamide,"Antioxidant brightening serum, daily broad-spectrum SPF 50+ reapplication, gentle exfoliating tonic, soothing moisturizer.",Hyperpigmentation
PAT-00268,30,Female,Oily,Acne,Tender red bumps along jawline and cheeks,High,Yes,Preservatives,Full Face,Medium,Low,High,High,Moderate,High,Elaborate (Cleanser + Toner + Serum + Moisturizer + Sunscreen),Salicylic Acid,"Gentle foaming cleanser, BHA exfoliation 2-3x/week, oil-free moisturizer, broad-spectrum non-comedogenic SPF 50.",Acne
PAT-00269,24,Male,Combination,Hyperpigmentation,Dark spots and uneven skin tone from previous acne,Low,Yes,No,Forehead,Medium,Medium,Low,High,None,Medium,Elaborate (Cleanser + Toner + Serum + Moisturizer + Sunscreen),Alpha Arbutin,"Antioxidant brightening serum, daily broad-spectrum SPF 50+ reapplication, gentle exfoliating tonic, soothing moisturizer.",Hyperpigmentation
PAT-00270,35,Female,Combination,Dandruff,Greasy scalp scaling and mild scalp irritation,Low,No,No,Hairline,High,Low,Medium,Low,None,Medium,Moderate (Cleanser + Moisturizer + Sunscreen),Zinc Pyrithione,"Anti-dandruff clarifying shampoo 2-3x weekly, scalp soothing tonic with panthenol, avoiding scalding water showers.",Dandruff
PAT-00271,17,Female,Combination,Acne,Tender red bumps along jawline and cheeks,Low,Yes,Fragrance,Jawline,Medium,Medium,Medium,Low,Moderate,Medium,Minimal (Cleanser only),Niacinamide,"Gentle foaming cleanser, BHA exfoliation 2-3x/week, oil-free moisturizer, broad-spectrum non-comedogenic SPF 50.",Acne
PAT-00272,26,Female,Oily,Acne,Tender red bumps along jawline and cheeks,Low,No,No,Forehead,High,Low,High,Low,Severe,Low,Moderate (Cleanser + Moisturizer + Sunscreen),Salicylic Acid,"Gentle foaming cleanser, BHA exfoliation 2-3x/week, oil-free moisturizer, broad-spectrum non-comedogenic SPF 50.",Acne
PAT-00273,24,Female,Combination,No major concern,Smooth texture with no persistent discomfort,Low,No,None,None,Low,Medium,Low,Low,None,High,Elaborate (Cleanser + Toner + Serum + Moisturizer + Sunscreen),Peptides,"Gentle daily cleanser, lightweight antioxidant hydrating gel, daily SPF 50 sunscreen maintenance.",No major concern
PAT-00274,35,Male,Normal,No major concern,Balanced skin with occasional minor shine,Low,No,No,Full Face,Low,Low,Low,Low,None,Medium,Minimal (Cleanser only),Vitamin C,"Gentle daily cleanser, lightweight antioxidant hydrating gel, daily SPF 50 sunscreen maintenance.",No major concern
PAT-00275,23,Female,Dry,Dryness,Flaking and tight sensation after cleansing,High,No,Fragrance,Around Mouth,Low,Medium,Medium,Low,None,Medium,Basic (Cleanser + Moisturizer),Squalane,"Hydrating cream cleanser, multi-molecular HA serum, ceramide-rich barrier cream, hydrating mineral sunscreen.",Dryness
PAT-00276,40,Male,Oily,Hyperpigmentation,Dull complexion with patchy sun discoloration,High,No,No,Full Face,High,Low,Low,High,Mild,Low,Minimal (Cleanser only),Vitamin C,"Antioxidant brightening serum, daily broad-spectrum SPF 50+ reapplication, gentle exfoliating tonic, soothing moisturizer.",Hyperpigmentation
PAT-00277,40,Female,Oily,Hyperpigmentation,Post-inflammatory dark marks across forehead,Low,Yes,No,Cheeks and Nose,High,Low,Medium,High,None,Medium,Minimal (Cleanser only),Niacinamide,"Antioxidant brightening serum, daily broad-spectrum SPF 50+ reapplication, gentle exfoliating tonic, soothing moisturizer.",Hyperpigmentation
PAT-00278,41,Female,Sensitive,Redness,Sensitivity to wind and skin barrier discomfort,High,No,Alcohol,Full Face,Low,High,High,Low,Mild,Medium,Moderate (Cleanser + Moisturizer + Sunscreen),Centella Asiatica,"Calming micellar water, barrier-restoring cica cream, fragrance-free physical zinc sunscreen, avoiding thermal/harsh triggers.",Redness
PAT-00279,40,Male,Dry,Dandruff,Greasy scalp scaling and mild scalp irritation,High,Yes,No,Scalp,High,Medium,Low,Low,None,Low,Elaborate (Cleanser + Toner + Serum + Moisturizer + Sunscreen),Zinc Pyrithione,"Anti-dandruff clarifying shampoo 2-3x weekly, scalp soothing tonic with panthenol, avoiding scalding water showers.",Dandruff
PAT-00280,37,Male,Combination,No major concern,Balanced skin with occasional minor shine,Low,No,No,T-Zone,Low,Low,Low,Low,None,Low,Moderate (Cleanser + Moisturizer + Sunscreen),Vitamin C,"Gentle daily cleanser, lightweight antioxidant hydrating gel, daily SPF 50 sunscreen maintenance.",No major concern
PAT-00281,32,Male,Normal,No major concern,Even complexion with no active breakouts or irritation,Medium,Yes,No,None,Medium,Low,Low,Low,None,High,Basic (Cleanser + Moisturizer),Ceramides,"Gentle daily cleanser, lightweight antioxidant hydrating gel, daily SPF 50 sunscreen maintenance.",No major concern
PAT-00282,26,Female,Sensitive,Acne,Occasional cystic breakouts and oily shine,Medium,No,No,Full Face,Medium,Low,Medium,Low,Severe,Low,Minimal (Cleanser only),Tea Tree Extract,"Gentle foaming cleanser, BHA exfoliation 2-3x/week, oil-free moisturizer, broad-spectrum non-comedogenic SPF 50.",Acne
PAT-00283,26,Female,Normal,No major concern,Balanced skin with occasional minor shine,Low,No,No,Full Face,Low,Low,Low,Low,None,Low,Moderate (Cleanser + Moisturizer + Sunscreen),Hyaluronic Acid,"Gentle daily cleanser, lightweight antioxidant hydrating gel, daily SPF 50 sunscreen maintenance.",No major concern
PAT-00284,21,Female,Combination,No major concern,Even complexion with no active breakouts or irritation,Medium,No,No,T-Zone,Medium,Low,Low,Low,None,Low,Minimal (Cleanser only),Hyaluronic Acid,"Gentle daily cleanser, lightweight antioxidant hydrating gel, daily SPF 50 sunscreen maintenance.",No major concern
PAT-00285,19,Male,Combination,Acne,Inflamed red pimples and occasional pustules,Low,Yes,Fragrance,Full Face,High,Low,Low,Low,Mild,High,Elaborate (Cleanser + Toner + Serum + Moisturizer + Sunscreen),Salicylic Acid,"Gentle foaming cleanser, BHA exfoliation 2-3x/week, oil-free moisturizer, broad-spectrum non-comedogenic SPF 50.",Acne
PAT-00286,21,Male,Dry,Hyperpigmentation,Sun spots and localized brown patches on cheeks,Low,Yes,No,Cheeks,Medium,Medium,Low,High,None,High,Minimal (Cleanser only),Vitamin C,"Antioxidant brightening serum, daily broad-spectrum SPF 50+ reapplication, gentle exfoliating tonic, soothing moisturizer.",Hyperpigmentation
PAT-00287,25,Male,Combination,Dandruff,"Scalp tightness, flaking, and itching after sweat",Low,No,No,Hairline,Medium,Low,Low,Low,None,Low,Elaborate (Cleanser + Toner + Serum + Moisturizer + Sunscreen),Tea Tree Oil,"Anti-dandruff clarifying shampoo 2-3x weekly, scalp soothing tonic with panthenol, avoiding scalding water showers.",Dandruff
PAT-00288,22,Female,Oily,No major concern,Smooth texture with no persistent discomfort,Low,No,No,T-Zone,Medium,Low,Low,Low,None,Medium,Moderate (Cleanser + Moisturizer + Sunscreen),Peptides,"Gentle daily cleanser, lightweight antioxidant hydrating gel, daily SPF 50 sunscreen maintenance.",No major concern
PAT-00289,34,Female,Dry,Dryness,Ashy skin tone and lack of suppleness,High,No,No,Cheeks,Low,Medium,Low,Low,None,Medium,Minimal (Cleanser only),Ceramides,"Hydrating cream cleanser, multi-molecular HA serum, ceramide-rich barrier cream, hydrating mineral sunscreen.",Dryness
PAT-00290,43,Male,Sensitive,Redness,Stinging sensation and reactive redness to heat,High,No,Alcohol,Cheeks,Low,High,High,Low,None,Medium,Minimal (Cleanser only),Panthenol,"Calming micellar water, barrier-restoring cica cream, fragrance-free physical zinc sunscreen, avoiding thermal/harsh triggers.",Redness
PAT-00291,24,Female,Dry,Dryness,Scaling and irritation with seasonal change,High,No,No,Forehead,Low,Medium,Medium,Low,None,Medium,Elaborate (Cleanser + Toner + Serum + Moisturizer + Sunscreen),Hyaluronic Acid,"Hydrating cream cleanser, multi-molecular HA serum, ceramide-rich barrier cream, hydrating mineral sunscreen.",Dryness
PAT-00292,24,Female,Sensitive,Acne,Clogged pores with recurring breakouts,Low,Yes,No,Cheeks,Medium,Medium,High,Medium,Mild,High,Minimal (Cleanser only),Salicylic Acid,"Gentle foaming cleanser, BHA exfoliation 2-3x/week, oil-free moisturizer, broad-spectrum non-comedogenic SPF 50.",Acne
PAT-00293,27,Female,Oily,Acne,Tender red bumps along jawline and cheeks,Low,Yes,No,T-Zone,Medium,Low,Medium,Medium,Mild,High,Moderate (Cleanser + Moisturizer + Sunscreen),Niacinamide,"Gentle foaming cleanser, BHA exfoliation 2-3x/week, oil-free moisturizer, broad-spectrum non-comedogenic SPF 50.",Acne
PAT-00294,33,Female,Sensitive,Hyperpigmentation,Dull complexion with patchy sun discoloration,Medium,Yes,None,Full Face,Medium,Low,Low,High,None,Medium,Minimal (Cleanser only),Kojic Acid,"Antioxidant brightening serum, daily broad-spectrum SPF 50+ reapplication, gentle exfoliating tonic, soothing moisturizer.",Hyperpigmentation
PAT-00295,27,Male,Combination,Hyperpigmentation,Melasma-like discoloration on cheeks and upper lip,Medium,Yes,None,Cheeks,Medium,Low,Low,High,None,Medium,Minimal (Cleanser only),Vitamin C,"Antioxidant brightening serum, daily broad-spectrum SPF 50+ reapplication, gentle exfoliating tonic, soothing moisturizer.",Hyperpigmentation
PAT-00296,34,Male,Combination,Hyperpigmentation,Post-inflammatory dark marks across forehead,Low,Yes,None,Forehead,Medium,Medium,Low,Medium,None,Medium,Basic (Cleanser + Moisturizer),Alpha Arbutin,"Antioxidant brightening serum, daily broad-spectrum SPF 50+ reapplication, gentle exfoliating tonic, soothing moisturizer.",Hyperpigmentation
PAT-00297,22,Female,Normal,No major concern,Even complexion with no active breakouts or irritation,Medium,No,No,T-Zone,Low,Low,Low,Low,None,Low,Minimal (Cleanser only),Ceramides,"Gentle daily cleanser, lightweight antioxidant hydrating gel, daily SPF 50 sunscreen maintenance.",No major concern
PAT-00298,30,Male,Combination,Redness,"Irritation, blotchiness, and sudden redness flare-ups",High,No,Alcohol,T-Zone,Low,High,Medium,Medium,None,Medium,Basic (Cleanser + Moisturizer),Centella Asiatica,"Calming micellar water, barrier-restoring cica cream, fragrance-free physical zinc sunscreen, avoiding thermal/harsh triggers.",Redness
PAT-00299,37,Male,Dry,No major concern,Healthy skin barrier with minimal seasonal dryness,Low,No,No,None,Low,Low,Low,Low,None,Low,Basic (Cleanser + Moisturizer),Peptides,"Gentle daily cleanser, lightweight antioxidant hydrating gel, daily SPF 50 sunscreen maintenance.",No major concern
PAT-00300,43,Female,Normal,No major concern,Balanced skin with occasional minor shine,Low,Yes,No,T-Zone,Low,Low,Low,Low,None,Medium,Minimal (Cleanser only),Hyaluronic Acid,"Gentle daily cleanser, lightweight antioxidant hydrating gel, daily SPF 50 sunscreen maintenance.",No major concern
PAT-00301,29,Female,Normal,No major concern,Balanced skin with occasional minor shine,Low,No,No,T-Zone,Medium,Low,Low,Low,None,High,Minimal (Cleanser only),Peptides,"Gentle daily cleanser, lightweight antioxidant hydrating gel, daily SPF 50 sunscreen maintenance.",No major concern
PAT-00302,15,Female,Oily,Dandruff,Persistent scalp dandruff and mild redness at hair root,Medium,No,No,Hairline,High,Medium,High,Low,None,High,Elaborate (Cleanser + Toner + Serum + Moisturizer + Sunscreen),Selenium Sulfide,"Anti-dandruff clarifying shampoo 2-3x weekly, scalp soothing tonic with panthenol, avoiding scalding water showers.",Dandruff
PAT-00303,24,Female,Dry,Dryness,"Persistent tightness and dull, parched skin",Medium,No,No,Cheeks,Low,High,Medium,Low,None,Low,Elaborate (Cleanser + Toner + Serum + Moisturizer + Sunscreen),Ceramides,"Hydrating cream cleanser, multi-molecular HA serum, ceramide-rich barrier cream, hydrating mineral sunscreen.",Dryness
PAT-00304,49,Male,Dry,Dryness,"Persistent tightness and dull, parched skin",Medium,No,No,Full Face,Low,Medium,Low,Medium,None,Medium,Elaborate (Cleanser + Toner + Serum + Moisturizer + Sunscreen),Centella Asiatica,"Hydrating cream cleanser, multi-molecular HA serum, ceramide-rich barrier cream, hydrating mineral sunscreen.",Dryness
PAT-00305,44,Female,Dry,Dandruff,Itchy scalp with visible white/yellow flakes,Medium,No,No,Hairline,Medium,Low,Low,Low,None,Low,Minimal (Cleanser only),Ketoconazole,"Anti-dandruff clarifying shampoo 2-3x weekly, scalp soothing tonic with panthenol, avoiding scalding water showers.",Dandruff
PAT-00306,27,Male,Normal,Acne,Tender red bumps along jawline and cheeks,Low,Yes,No,Full Face,Medium,Low,High,Medium,Mild,Medium,Elaborate (Cleanser + Toner + Serum + Moisturizer + Sunscreen),Niacinamide,"Gentle foaming cleanser, BHA exfoliation 2-3x/week, oil-free moisturizer, broad-spectrum non-comedogenic SPF 50.",Acne
PAT-00307,37,Male,Dry,Dryness,Scaling and irritation with seasonal change,Medium,No,Fragrance,Around Mouth,Low,High,Medium,Low,None,Medium,Moderate (Cleanser + Moisturizer + Sunscreen),Ceramides,"Hydrating cream cleanser, multi-molecular HA serum, ceramide-rich barrier cream, hydrating mineral sunscreen.",Dryness
PAT-00308,31,Male,Dry,Dandruff,Dry flaking along hairline and upper forehead,Medium,No,No,Scalp,Medium,Medium,Low,Low,None,Medium,Minimal (Cleanser only),Ketoconazole,"Anti-dandruff clarifying shampoo 2-3x weekly, scalp soothing tonic with panthenol, avoiding scalding water showers.",Dandruff
PAT-00309,29,Male,Oily,Hyperpigmentation,Dull complexion with patchy sun discoloration,Medium,No,No,Forehead,High,Low,Medium,High,Mild,Medium,Moderate (Cleanser + Moisturizer + Sunscreen),Alpha Arbutin,"Antioxidant brightening serum, daily broad-spectrum SPF 50+ reapplication, gentle exfoliating tonic, soothing moisturizer.",Hyperpigmentation
PAT-00310,25,Female,Oily,Acne,Inflamed red pimples and occasional pustules,Medium,Yes,No,Cheeks,Low,Low,High,Low,Mild,Medium,Minimal (Cleanser only),Niacinamide,"Gentle foaming cleanser, BHA exfoliation 2-3x/week, oil-free moisturizer, broad-spectrum non-comedogenic SPF 50.",Acne
PAT-00311,23,Male,Normal,No major concern,Even complexion with no active breakouts or irritation,Low,No,No,Full Face,Medium,Low,Low,Low,None,Low,Basic (Cleanser + Moisturizer),Hyaluronic Acid,"Gentle daily cleanser, lightweight antioxidant hydrating gel, daily SPF 50 sunscreen maintenance.",No major concern
PAT-00312,24,Male,Oily,Acne,Whiteheads and blackheads on T-zone,Medium,Yes,No,Cheeks,High,Low,Medium,Low,Moderate,Medium,Elaborate (Cleanser + Toner + Serum + Moisturizer + Sunscreen),Niacinamide,"Gentle foaming cleanser, BHA exfoliation 2-3x/week, oil-free moisturizer, broad-spectrum non-comedogenic SPF 50.",Acne
PAT-00313,23,Female,Oily,Acne,Occasional cystic breakouts and oily shine,Medium,Yes,None,Full Face,High,Medium,Low,High,Moderate,High,Elaborate (Cleanser + Toner + Serum + Moisturizer + Sunscreen),Niacinamide,"Gentle foaming cleanser, BHA exfoliation 2-3x/week, oil-free moisturizer, broad-spectrum non-comedogenic SPF 50.",Acne
PAT-00314,36,Female,Combination,Dandruff,Dry flaking along hairline and upper forehead,Low,No,Sulfates,Scalp,Medium,Medium,Medium,Low,None,Low,Elaborate (Cleanser + Toner + Serum + Moisturizer + Sunscreen),Tea Tree Oil,"Anti-dandruff clarifying shampoo 2-3x weekly, scalp soothing tonic with panthenol, avoiding scalding water showers.",Dandruff
PAT-00315,41,Male,Combination,Hyperpigmentation,Melasma-like discoloration on cheeks and upper lip,Medium,Yes,No,Cheeks and Nose,Medium,Low,Low,High,None,High,Moderate (Cleanser + Moisturizer + Sunscreen),Kojic Acid,"Antioxidant brightening serum, daily broad-spectrum SPF 50+ reapplication, gentle exfoliating tonic, soothing moisturizer.",Hyperpigmentation
PAT-00316,26,Female,Normal,No major concern,"No noticeable irritation, balanced oil and moisture",Low,No,No,Full Face,Medium,Medium,Low,Low,None,Medium,Moderate (Cleanser + Moisturizer + Sunscreen),Peptides,"Gentle daily cleanser, lightweight antioxidant hydrating gel, daily SPF 50 sunscreen maintenance.",No major concern
PAT-00317,57,Male,Sensitive,Dryness,"Persistent tightness and dull, parched skin",Medium,Yes,No,Forehead,Low,High,Low,Low,None,Medium,Elaborate (Cleanser + Toner + Serum + Moisturizer + Sunscreen),Hyaluronic Acid,"Hydrating cream cleanser, multi-molecular HA serum, ceramide-rich barrier cream, hydrating mineral sunscreen.",Dryness
PAT-00318,28,Male,Oily,Acne,Whiteheads and blackheads on T-zone,High,No,Preservatives,T-Zone,High,Low,Medium,Medium,Moderate,Medium,Elaborate (Cleanser + Toner + Serum + Moisturizer + Sunscreen),Salicylic Acid,"Gentle foaming cleanser, BHA exfoliation 2-3x/week, oil-free moisturizer, broad-spectrum non-comedogenic SPF 50.",Acne
PAT-00319,21,Female,Sensitive,Acne,Whiteheads and blackheads on T-zone,High,Yes,No,Jawline,High,Low,Medium,Low,Moderate,Medium,Basic (Cleanser + Moisturizer),Zinc PCA,"Gentle foaming cleanser, BHA exfoliation 2-3x/week, oil-free moisturizer, broad-spectrum non-comedogenic SPF 50.",Acne
PAT-00320,31,Female,Dry,Dryness,Ashy skin tone and lack of suppleness,High,No,None,Full Face,Low,High,Medium,Low,None,High,Minimal (Cleanser only),Ceramides,"Hydrating cream cleanser, multi-molecular HA serum, ceramide-rich barrier cream, hydrating mineral sunscreen.",Dryness
PAT-00321,33,Female,Dry,Hyperpigmentation,Dark spots and uneven skin tone from previous acne,Medium,Yes,No,Full Face,Low,Medium,Low,High,None,Medium,Minimal (Cleanser only),Vitamin C,"Antioxidant brightening serum, daily broad-spectrum SPF 50+ reapplication, gentle exfoliating tonic, soothing moisturizer.",Hyperpigmentation
PAT-00322,19,Male,Combination,Acne,Whiteheads and blackheads on T-zone,Low,Yes,No,Cheeks,High,Low,High,Low,Moderate,Low,Elaborate (Cleanser + Toner + Serum + Moisturizer + Sunscreen),Zinc PCA,"Gentle foaming cleanser, BHA exfoliation 2-3x/week, oil-free moisturizer, broad-spectrum non-comedogenic SPF 50.",Acne
PAT-00323,20,Female,Oily,Acne,Occasional cystic breakouts and oily shine,Medium,Yes,No,Full Face,High,Low,High,Low,Moderate,Medium,Basic (Cleanser + Moisturizer),Tea Tree Extract,"Gentle foaming cleanser, BHA exfoliation 2-3x/week, oil-free moisturizer, broad-spectrum non-comedogenic SPF 50.",Acne
PAT-00324,22,Female,Normal,No major concern,Even complexion with no active breakouts or irritation,Low,No,No,T-Zone,Medium,Medium,Low,Low,None,Medium,Elaborate (Cleanser + Toner + Serum + Moisturizer + Sunscreen),Peptides,"Gentle daily cleanser, lightweight antioxidant hydrating gel, daily SPF 50 sunscreen maintenance.",No major concern
PAT-00325,43,Female,Dry,Dryness,Ashy skin tone and lack of suppleness,High,No,No,Cheeks,Medium,High,High,Medium,None,Medium,Moderate (Cleanser + Moisturizer + Sunscreen),Glycerin,"Hydrating cream cleanser, multi-molecular HA serum, ceramide-rich barrier cream, hydrating mineral sunscreen.",Dryness
PAT-00326,27,Male,Dry,Hyperpigmentation,Post-inflammatory dark marks across forehead,Low,Yes,No,Cheeks,Medium,Low,Low,High,Mild,High,Elaborate (Cleanser + Toner + Serum + Moisturizer + Sunscreen),Kojic Acid,"Antioxidant brightening serum, daily broad-spectrum SPF 50+ reapplication, gentle exfoliating tonic, soothing moisturizer.",Hyperpigmentation
PAT-00327,34,Female,Dry,Redness,Rosacea-like cheek flushing and burning feeling,High,Yes,Fragrance,Nose and Cheeks,High,Low,High,Low,None,Medium,Moderate (Cleanser + Moisturizer + Sunscreen),Panthenol,"Calming micellar water, barrier-restoring cica cream, fragrance-free physical zinc sunscreen, avoiding thermal/harsh triggers.",Redness
PAT-00328,29,Male,Oily,Acne,Occasional cystic breakouts and oily shine,High,Yes,Fragrance,Cheeks,High,Low,High,Medium,Moderate,High,Moderate (Cleanser + Moisturizer + Sunscreen),Niacinamide,"Gentle foaming cleanser, BHA exfoliation 2-3x/week, oil-free moisturizer, broad-spectrum non-comedogenic SPF 50.",Acne
PAT-00329,29,Female,Sensitive,Dryness,Scaling and irritation with seasonal change,Medium,No,Fragrance,Full Face,Low,High,Low,Low,None,High,Minimal (Cleanser only),Hyaluronic Acid,"Hydrating cream cleanser, multi-molecular HA serum, ceramide-rich barrier cream, hydrating mineral sunscreen.",Dryness
PAT-00330,39,Female,Sensitive,Redness,Sensitivity to wind and skin barrier discomfort,High,Yes,Essential Oils,T-Zone,Medium,Medium,High,Low,None,High,Moderate (Cleanser + Moisturizer + Sunscreen),Azelaic Acid,"Calming micellar water, barrier-restoring cica cream, fragrance-free physical zinc sunscreen, avoiding thermal/harsh triggers.",Redness
PAT-00331,28,Male,Normal,Hyperpigmentation,Dull complexion with patchy sun discoloration,High,Yes,None,Cheeks,High,Low,Low,High,None,Medium,Elaborate (Cleanser + Toner + Serum + Moisturizer + Sunscreen),Vitamin C,"Antioxidant brightening serum, daily broad-spectrum SPF 50+ reapplication, gentle exfoliating tonic, soothing moisturizer.",Hyperpigmentation
PAT-00332,20,Female,Normal,No major concern,Balanced skin with occasional minor shine,Low,No,No,T-Zone,Low,Low,Low,Low,None,High,Moderate (Cleanser + Moisturizer + Sunscreen),Peptides,"Gentle daily cleanser, lightweight antioxidant hydrating gel, daily SPF 50 sunscreen maintenance.",No major concern
PAT-00333,36,Male,Sensitive,Redness,Stinging sensation and reactive redness to heat,High,No,Fragrance,Full Face,Medium,High,High,Low,None,Medium,Elaborate (Cleanser + Toner + Serum + Moisturizer + Sunscreen),Allantoin,"Calming micellar water, barrier-restoring cica cream, fragrance-free physical zinc sunscreen, avoiding thermal/harsh triggers.",Redness
PAT-00334,35,Male,Combination,Hyperpigmentation,Sun spots and localized brown patches on cheeks,Low,Yes,None,Forehead,Low,Medium,Low,High,Mild,Medium,Basic (Cleanser + Moisturizer),Vitamin C,"Antioxidant brightening serum, daily broad-spectrum SPF 50+ reapplication, gentle exfoliating tonic, soothing moisturizer.",Hyperpigmentation
PAT-00335,18,Male,Oily,Acne,Clogged pores with recurring breakouts,Low,Yes,Essential Oils,T-Zone,Low,Low,High,Low,Moderate,Medium,Minimal (Cleanser only),Niacinamide,"Gentle foaming cleanser, BHA exfoliation 2-3x/week, oil-free moisturizer, broad-spectrum non-comedogenic SPF 50.",Acne
PAT-00336,54,Female,Dry,Dryness,Ashy skin tone and lack of suppleness,Medium,No,No,Full Face,Low,Medium,Medium,Low,None,High,Elaborate (Cleanser + Toner + Serum + Moisturizer + Sunscreen),Centella Asiatica,"Hydrating cream cleanser, multi-molecular HA serum, ceramide-rich barrier cream, hydrating mineral sunscreen.",Dryness
PAT-00337,28,Male,Combination,Hyperpigmentation,Sun spots and localized brown patches on cheeks,Medium,No,No,Forehead,Medium,Low,Low,High,None,Medium,Basic (Cleanser + Moisturizer),Niacinamide,"Antioxidant brightening serum, daily broad-spectrum SPF 50+ reapplication, gentle exfoliating tonic, soothing moisturizer.",Hyperpigmentation
PAT-00338,36,Female,Dry,Dandruff,Itchy scalp with visible white/yellow flakes,Medium,Yes,No,Hairline,High,Medium,Low,Low,None,Medium,Moderate (Cleanser + Moisturizer + Sunscreen),Salicylic Acid,"Anti-dandruff clarifying shampoo 2-3x weekly, scalp soothing tonic with panthenol, avoiding scalding water showers.",Dandruff
PAT-00339,24,Male,Normal,Dandruff,"Scalp tightness, flaking, and itching after sweat",Medium,No,No,Scalp and Upper Forehead,High,Medium,Low,Low,None,Medium,Moderate (Cleanser + Moisturizer + Sunscreen),Ketoconazole,"Anti-dandruff clarifying shampoo 2-3x weekly, scalp soothing tonic with panthenol, avoiding scalding water showers.",Dandruff
PAT-00340,31,Female,Combination,Hyperpigmentation,Sun spots and localized brown patches on cheeks,Medium,No,No,Forehead,High,Medium,Low,High,None,Medium,Moderate (Cleanser + Moisturizer + Sunscreen),Tranexamic Acid,"Antioxidant brightening serum, daily broad-spectrum SPF 50+ reapplication, gentle exfoliating tonic, soothing moisturizer.",Hyperpigmentation
PAT-00341,25,Female,Normal,Hyperpigmentation,Sun spots and localized brown patches on cheeks,Medium,Yes,No,Full Face,High,Low,Medium,High,None,High,Elaborate (Cleanser + Toner + Serum + Moisturizer + Sunscreen),Niacinamide,"Antioxidant brightening serum, daily broad-spectrum SPF 50+ reapplication, gentle exfoliating tonic, soothing moisturizer.",Hyperpigmentation
PAT-00342,47,Female,Sensitive,Redness,Rosacea-like cheek flushing and burning feeling,High,No,Yes,T-Zone,Medium,Medium,Medium,Low,None,High,Elaborate (Cleanser + Toner + Serum + Moisturizer + Sunscreen),Madecassoside,"Calming micellar water, barrier-restoring cica cream, fragrance-free physical zinc sunscreen, avoiding thermal/harsh triggers.",Redness
PAT-00343,35,Male,Dry,Dryness,Rough texture and visible fine dry patches,Medium,No,None,Full Face,Low,High,Medium,Low,None,High,Moderate (Cleanser + Moisturizer + Sunscreen),Ceramides,"Hydrating cream cleanser, multi-molecular HA serum, ceramide-rich barrier cream, hydrating mineral sunscreen.",Dryness
PAT-00344,32,Male,Sensitive,Dryness,Scaling and irritation with seasonal change,Medium,No,No,Around Mouth,Low,Medium,Medium,Medium,None,Low,Minimal (Cleanser only),Ceramides,"Hydrating cream cleanser, multi-molecular HA serum, ceramide-rich barrier cream, hydrating mineral sunscreen.",Dryness
PAT-00345,18,Male,Combination,Hyperpigmentation,Post-inflammatory dark marks across forehead,Low,Yes,No,Cheeks,High,Low,Low,High,None,Medium,Basic (Cleanser + Moisturizer),Alpha Arbutin,"Antioxidant brightening serum, daily broad-spectrum SPF 50+ reapplication, gentle exfoliating tonic, soothing moisturizer.",Hyperpigmentation
PAT-00346,55,Female,Sensitive,Dryness,Ashy skin tone and lack of suppleness,High,No,No,Full Face,Medium,High,Low,Low,None,Low,Elaborate (Cleanser + Toner + Serum + Moisturizer + Sunscreen),Ceramides,"Hydrating cream cleanser, multi-molecular HA serum, ceramide-rich barrier cream, hydrating mineral sunscreen.",Dryness
PAT-00347,39,Male,Dry,Hyperpigmentation,Sun spots and localized brown patches on cheeks,Low,Yes,No,Cheeks and Nose,Low,Medium,Low,Medium,None,Medium,Moderate (Cleanser + Moisturizer + Sunscreen),Kojic Acid,"Antioxidant brightening serum, daily broad-spectrum SPF 50+ reapplication, gentle exfoliating tonic, soothing moisturizer.",Hyperpigmentation
PAT-00348,30,Male,Combination,Acne,Tender red bumps along jawline and cheeks,Low,Yes,No,T-Zone,High,Medium,High,Medium,Moderate,Low,Elaborate (Cleanser + Toner + Serum + Moisturizer + Sunscreen),Salicylic Acid,"Gentle foaming cleanser, BHA exfoliation 2-3x/week, oil-free moisturizer, broad-spectrum non-comedogenic SPF 50.",Acne
PAT-00349,22,Female,Normal,No major concern,Smooth texture with no persistent discomfort,Low,No,No,T-Zone,Low,Medium,Low,Low,None,Low,Minimal (Cleanser only),Hyaluronic Acid,"Gentle daily cleanser, lightweight antioxidant hydrating gel, daily SPF 50 sunscreen maintenance.",No major concern
PAT-00350,29,Female,Combination,Hyperpigmentation,Sun spots and localized brown patches on cheeks,Medium,No,No,Cheeks,Medium,Medium,Low,Medium,None,Medium,Moderate (Cleanser + Moisturizer + Sunscreen),Alpha Arbutin,"Antioxidant brightening serum, daily broad-spectrum SPF 50+ reapplication, gentle exfoliating tonic, soothing moisturizer.",Hyperpigmentation
PAT-00351,38,Male,Dry,Dryness,"Persistent tightness and dull, parched skin",Medium,No,No,Full Face,Low,High,Medium,Medium,None,Medium,Basic (Cleanser + Moisturizer),Hyaluronic Acid,"Hydrating cream cleanser, multi-molecular HA serum, ceramide-rich barrier cream, hydrating mineral sunscreen.",Dryness
PAT-00352,38,Male,Sensitive,Redness,Rosacea-like cheek flushing and burning feeling,High,No,Fragrance,T-Zone,Low,Medium,High,Low,None,High,Basic (Cleanser + Moisturizer),Azelaic Acid,"Calming micellar water, barrier-restoring cica cream, fragrance-free physical zinc sunscreen, avoiding thermal/harsh triggers.",Redness
PAT-00353,27,Female,Oily,Dandruff,"Scalp tightness, flaking, and itching after sweat",Medium,No,No,Scalp and Upper Forehead,Medium,High,High,Low,None,Medium,Minimal (Cleanser only),Zinc Pyrithione,"Anti-dandruff clarifying shampoo 2-3x weekly, scalp soothing tonic with panthenol, avoiding scalding water showers.",Dandruff
PAT-00354,17,Male,Oily,Acne,Whiteheads and blackheads on T-zone,Medium,Yes,No,Forehead,Medium,Medium,Medium,Low,Mild,Medium,Basic (Cleanser + Moisturizer),Salicylic Acid,"Gentle foaming cleanser, BHA exfoliation 2-3x/week, oil-free moisturizer, broad-spectrum non-comedogenic SPF 50.",Acne
PAT-00355,26,Male,Sensitive,Hyperpigmentation,Dull complexion with patchy sun discoloration,Medium,No,No,Cheeks and Nose,Medium,Low,Low,High,None,Medium,Minimal (Cleanser only),Alpha Arbutin,"Antioxidant brightening serum, daily broad-spectrum SPF 50+ reapplication, gentle exfoliating tonic, soothing moisturizer.",Hyperpigmentation
PAT-00356,21,Female,Oily,Hyperpigmentation,Sun spots and localized brown patches on cheeks,Low,Yes,No,Full Face,Medium,Medium,Low,High,None,High,Minimal (Cleanser only),Vitamin C,"Antioxidant brightening serum, daily broad-spectrum SPF 50+ reapplication, gentle exfoliating tonic, soothing moisturizer.",Hyperpigmentation
PAT-00357,25,Male,Combination,Acne,Inflamed red pimples and occasional pustules,Medium,Yes,None,Jawline,High,Low,Medium,Medium,Severe,Medium,Elaborate (Cleanser + Toner + Serum + Moisturizer + Sunscreen),Tea Tree Extract,"Gentle foaming cleanser, BHA exfoliation 2-3x/week, oil-free moisturizer, broad-spectrum non-comedogenic SPF 50.",Acne
PAT-00358,22,Male,Oily,Dandruff,Itchy scalp with visible white/yellow flakes,Medium,No,None,Hairline,High,High,Low,Low,None,Low,Minimal (Cleanser only),Ketoconazole,"Anti-dandruff clarifying shampoo 2-3x weekly, scalp soothing tonic with panthenol, avoiding scalding water showers.",Dandruff
PAT-00359,38,Male,Dry,Hyperpigmentation,Sun spots and localized brown patches on cheeks,Low,No,No,Full Face,Medium,Low,Low,High,Mild,High,Elaborate (Cleanser + Toner + Serum + Moisturizer + Sunscreen),Niacinamide,"Antioxidant brightening serum, daily broad-spectrum SPF 50+ reapplication, gentle exfoliating tonic, soothing moisturizer.",Hyperpigmentation
PAT-00360,43,Male,Dry,Dryness,Ashy skin tone and lack of suppleness,Medium,Yes,Sulfates,Around Mouth,Medium,Medium,Low,Low,None,Medium,Basic (Cleanser + Moisturizer),Ceramides,"Hydrating cream cleanser, multi-molecular HA serum, ceramide-rich barrier cream, hydrating mineral sunscreen.",Dryness
PAT-00361,51,Female,Dry,Dryness,Rough texture and visible fine dry patches,Medium,No,No,Cheeks,Low,High,Medium,Low,None,Low,Moderate (Cleanser + Moisturizer + Sunscreen),Glycerin,"Hydrating cream cleanser, multi-molecular HA serum, ceramide-rich barrier cream, hydrating mineral sunscreen.",Dryness
PAT-00362,18,Male,Combination,Hyperpigmentation,Dull complexion with patchy sun discoloration,Medium,Yes,None,Cheeks,High,Medium,Low,High,None,High,Elaborate (Cleanser + Toner + Serum + Moisturizer + Sunscreen),Alpha Arbutin,"Antioxidant brightening serum, daily broad-spectrum SPF 50+ reapplication, gentle exfoliating tonic, soothing moisturizer.",Hyperpigmentation
PAT-00363,18,Female,Normal,Hyperpigmentation,Dark spots and uneven skin tone from previous acne,Low,Yes,None,Cheeks and Nose,Medium,Low,Low,High,None,High,Moderate (Cleanser + Moisturizer + Sunscreen),Alpha Arbutin,"Antioxidant brightening serum, daily broad-spectrum SPF 50+ reapplication, gentle exfoliating tonic, soothing moisturizer.",Hyperpigmentation
PAT-00364,28,Female,Normal,No major concern,Balanced skin with occasional minor shine,Low,Yes,No,T-Zone,Medium,Low,Low,Low,None,High,Minimal (Cleanser only),Niacinamide,"Gentle daily cleanser, lightweight antioxidant hydrating gel, daily SPF 50 sunscreen maintenance.",No major concern
PAT-00365,33,Female,Sensitive,Redness,Stinging sensation and reactive redness to heat,High,No,Fragrance,Cheeks,Low,High,High,Low,None,Medium,Moderate (Cleanser + Moisturizer + Sunscreen),Centella Asiatica,"Calming micellar water, barrier-restoring cica cream, fragrance-free physical zinc sunscreen, avoiding thermal/harsh triggers.",Redness
PAT-00366,27,Male,Combination,Acne,Whiteheads and blackheads on T-zone,Low,Yes,No,Forehead,Medium,Low,High,Medium,Moderate,Low,Moderate (Cleanser + Moisturizer + Sunscreen),Salicylic Acid,"Gentle foaming cleanser, BHA exfoliation 2-3x/week, oil-free moisturizer, broad-spectrum non-comedogenic SPF 50.",Acne
PAT-00367,22,Male,Combination,Acne,Tender red bumps along jawline and cheeks,Medium,Yes,None,Jawline,Low,Low,Medium,High,Mild,Medium,Basic (Cleanser + Moisturizer),Tea Tree Extract,"Gentle foaming cleanser, BHA exfoliation 2-3x/week, oil-free moisturizer, broad-spectrum non-comedogenic SPF 50.",Acne
PAT-00368,49,Male,Dry,Dryness,Flaking and tight sensation after cleansing,Medium,Yes,No,Forehead,Low,High,Medium,Medium,None,Low,Minimal (Cleanser only),Ceramides,"Hydrating cream cleanser, multi-molecular HA serum, ceramide-rich barrier cream, hydrating mineral sunscreen.",Dryness
PAT-00369,23,Female,Sensitive,Acne,Inflamed red pimples and occasional pustules,Medium,Yes,Fragrance,T-Zone,Medium,High,Medium,Low,Moderate,High,Basic (Cleanser + Moisturizer),Niacinamide,"Gentle foaming cleanser, BHA exfoliation 2-3x/week, oil-free moisturizer, broad-spectrum non-comedogenic SPF 50.",Acne
PAT-00370,23,Male,Combination,Acne,Clogged pores with recurring breakouts,Medium,Yes,No,Forehead,Medium,Low,Medium,Low,Mild,High,Elaborate (Cleanser + Toner + Serum + Moisturizer + Sunscreen),Azelaic Acid,"Gentle foaming cleanser, BHA exfoliation 2-3x/week, oil-free moisturizer, broad-spectrum non-comedogenic SPF 50.",Acne
PAT-00371,43,Female,Sensitive,Dryness,"Persistent tightness and dull, parched skin",Medium,Yes,No,Cheeks,Low,High,Medium,Low,None,Low,Basic (Cleanser + Moisturizer),Hyaluronic Acid,"Hydrating cream cleanser, multi-molecular HA serum, ceramide-rich barrier cream, hydrating mineral sunscreen.",Dryness
PAT-00372,29,Female,Dry,Dandruff,Dry flaking along hairline and upper forehead,Medium,Yes,None,Scalp,Medium,Medium,Medium,Low,None,High,Moderate (Cleanser + Moisturizer + Sunscreen),Salicylic Acid,"Anti-dandruff clarifying shampoo 2-3x weekly, scalp soothing tonic with panthenol, avoiding scalding water showers.",Dandruff
PAT-00373,60,Female,Dry,Dryness,Flaking and tight sensation after cleansing,Medium,No,Sulfates,Around Mouth,Medium,High,High,Low,None,Medium,Elaborate (Cleanser + Toner + Serum + Moisturizer + Sunscreen),Glycerin,"Hydrating cream cleanser, multi-molecular HA serum, ceramide-rich barrier cream, hydrating mineral sunscreen.",Dryness
PAT-00374,27,Female,Normal,Dandruff,"Scalp tightness, flaking, and itching after sweat",Medium,Yes,No,Hairline,Medium,High,Medium,Low,None,Medium,Moderate (Cleanser + Moisturizer + Sunscreen),Tea Tree Oil,"Anti-dandruff clarifying shampoo 2-3x weekly, scalp soothing tonic with panthenol, avoiding scalding water showers.",Dandruff
PAT-00375,23,Male,Oily,Acne,Tender red bumps along jawline and cheeks,High,Yes,No,Forehead,Medium,Low,Medium,Medium,Moderate,High,Moderate (Cleanser + Moisturizer + Sunscreen),Niacinamide,"Gentle foaming cleanser, BHA exfoliation 2-3x/week, oil-free moisturizer, broad-spectrum non-comedogenic SPF 50.",Acne
PAT-00376,25,Male,Dry,Dandruff,"Scalp tightness, flaking, and itching after sweat",Low,No,Sulfates,Scalp,Medium,High,Low,Low,None,High,Elaborate (Cleanser + Toner + Serum + Moisturizer + Sunscreen),Salicylic Acid,"Anti-dandruff clarifying shampoo 2-3x weekly, scalp soothing tonic with panthenol, avoiding scalding water showers.",Dandruff
PAT-00377,27,Male,Oily,Acne,Clogged pores with recurring breakouts,High,Yes,No,T-Zone,High,Low,Low,Low,Moderate,Medium,Minimal (Cleanser only),Salicylic Acid,"Gentle foaming cleanser, BHA exfoliation 2-3x/week, oil-free moisturizer, broad-spectrum non-comedogenic SPF 50.",Acne
PAT-00378,21,Female,Combination,Acne,Clogged pores with recurring breakouts,High,Yes,No,Jawline,High,Low,Medium,High,Moderate,High,Elaborate (Cleanser + Toner + Serum + Moisturizer + Sunscreen),Salicylic Acid,"Gentle foaming cleanser, BHA exfoliation 2-3x/week, oil-free moisturizer, broad-spectrum non-comedogenic SPF 50.",Acne
PAT-00379,27,Male,Combination,No major concern,Healthy skin barrier with minimal seasonal dryness,Low,No,No,T-Zone,Medium,Low,Low,Low,None,High,Elaborate (Cleanser + Toner + Serum + Moisturizer + Sunscreen),Vitamin C,"Gentle daily cleanser, lightweight antioxidant hydrating gel, daily SPF 50 sunscreen maintenance.",No major concern
PAT-00380,36,Male,Dry,Dryness,"Persistent tightness and dull, parched skin",Medium,No,No,Forehead,Low,High,High,Low,None,High,Moderate (Cleanser + Moisturizer + Sunscreen),Hyaluronic Acid,"Hydrating cream cleanser, multi-molecular HA serum, ceramide-rich barrier cream, hydrating mineral sunscreen.",Dryness
PAT-00381,21,Male,Oily,Acne,Whiteheads and blackheads on T-zone,Low,No,Fragrance,Jawline,Medium,Low,Medium,Low,Moderate,Low,Moderate (Cleanser + Moisturizer + Sunscreen),Niacinamide,"Gentle foaming cleanser, BHA exfoliation 2-3x/week, oil-free moisturizer, broad-spectrum non-comedogenic SPF 50.",Acne
PAT-00382,16,Male,Combination,Acne,Whiteheads and blackheads on T-zone,Medium,Yes,No,Cheeks,Medium,Low,Medium,High,Mild,Medium,Elaborate (Cleanser + Toner + Serum + Moisturizer + Sunscreen),Salicylic Acid,"Gentle foaming cleanser, BHA exfoliation 2-3x/week, oil-free moisturizer, broad-spectrum non-comedogenic SPF 50.",Acne
PAT-00383,29,Male,Oily,Acne,Inflamed red pimples and occasional pustules,Medium,Yes,No,T-Zone,Medium,Medium,Medium,Medium,Moderate,Low,Basic (Cleanser + Moisturizer),Niacinamide,"Gentle foaming cleanser, BHA exfoliation 2-3x/week, oil-free moisturizer, broad-spectrum non-comedogenic SPF 50.",Acne
PAT-00384,24,Female,Combination,No major concern,Even complexion with no active breakouts or irritation,Low,No,None,T-Zone,Medium,Low,Low,Low,None,Medium,Minimal (Cleanser only),Niacinamide,"Gentle daily cleanser, lightweight antioxidant hydrating gel, daily SPF 50 sunscreen maintenance.",No major concern
PAT-00385,15,Male,Combination,Acne,Tender red bumps along jawline and cheeks,Medium,Yes,No,Forehead,High,Low,Medium,Low,Mild,High,Moderate (Cleanser + Moisturizer + Sunscreen),Salicylic Acid,"Gentle foaming cleanser, BHA exfoliation 2-3x/week, oil-free moisturizer, broad-spectrum non-comedogenic SPF 50.",Acne
PAT-00386,31,Female,Dry,Dryness,Flaking and tight sensation after cleansing,Low,Yes,No,Full Face,Low,High,High,Low,None,Low,Moderate (Cleanser + Moisturizer + Sunscreen),Hyaluronic Acid,"Hydrating cream cleanser, multi-molecular HA serum, ceramide-rich barrier cream, hydrating mineral sunscreen.",Dryness
PAT-00387,43,Female,Dry,Dryness,Rough texture and visible fine dry patches,High,No,Preservatives,Cheeks,Medium,High,Medium,Low,None,Low,Minimal (Cleanser only),Centella Asiatica,"Hydrating cream cleanser, multi-molecular HA serum, ceramide-rich barrier cream, hydrating mineral sunscreen.",Dryness
PAT-00388,20,Male,Sensitive,Acne,Tender red bumps along jawline and cheeks,Low,No,No,Full Face,High,Medium,Low,High,Moderate,Low,Elaborate (Cleanser + Toner + Serum + Moisturizer + Sunscreen),Salicylic Acid,"Gentle foaming cleanser, BHA exfoliation 2-3x/week, oil-free moisturizer, broad-spectrum non-comedogenic SPF 50.",Acne
PAT-00389,27,Male,Dry,Dryness,"Persistent tightness and dull, parched skin",High,No,Fragrance,Around Mouth,Low,High,Medium,Medium,None,Medium,Elaborate (Cleanser + Toner + Serum + Moisturizer + Sunscreen),Ceramides,"Hydrating cream cleanser, multi-molecular HA serum, ceramide-rich barrier cream, hydrating mineral sunscreen.",Dryness
PAT-00390,15,Male,Combination,Acne,Occasional cystic breakouts and oily shine,Low,Yes,No,Forehead,High,Low,Low,High,Mild,Medium,Elaborate (Cleanser + Toner + Serum + Moisturizer + Sunscreen),Salicylic Acid,"Gentle foaming cleanser, BHA exfoliation 2-3x/week, oil-free moisturizer, broad-spectrum non-comedogenic SPF 50.",Acne
PAT-00391,33,Male,Normal,Dryness,Flaking and tight sensation after cleansing,Medium,No,No,Full Face,Low,High,Low,Medium,None,High,Minimal (Cleanser only),Squalane,"Hydrating cream cleanser, multi-molecular HA serum, ceramide-rich barrier cream, hydrating mineral sunscreen.",Dryness
PAT-00392,34,Female,Dry,Redness,Stinging sensation and reactive redness to heat,High,No,Essential Oils,T-Zone,Medium,Medium,High,Low,Mild,Medium,Minimal (Cleanser only),Centella Asiatica,"Calming micellar water, barrier-restoring cica cream, fragrance-free physical zinc sunscreen, avoiding thermal/harsh triggers.",Redness
PAT-00393,19,Female,Combination,Acne,Clogged pores with recurring breakouts,Medium,Yes,No,T-Zone,Medium,Low,Medium,High,Mild,Medium,Moderate (Cleanser + Moisturizer + Sunscreen),Tea Tree Extract,"Gentle foaming cleanser, BHA exfoliation 2-3x/week, oil-free moisturizer, broad-spectrum non-comedogenic SPF 50.",Acne
PAT-00394,25,Female,Sensitive,Dryness,Rough texture and visible fine dry patches,Medium,No,No,Full Face,Low,High,Low,Low,None,Low,Moderate (Cleanser + Moisturizer + Sunscreen),Hyaluronic Acid,"Hydrating cream cleanser, multi-molecular HA serum, ceramide-rich barrier cream, hydrating mineral sunscreen.",Dryness
PAT-00395,37,Male,Dry,Dryness,Flaking and tight sensation after cleansing,Medium,Yes,No,Full Face,Medium,High,Medium,Low,None,High,Basic (Cleanser + Moisturizer),Ceramides,"Hydrating cream cleanser, multi-molecular HA serum, ceramide-rich barrier cream, hydrating mineral sunscreen.",Dryness
PAT-00396,31,Male,Combination,Hyperpigmentation,Melasma-like discoloration on cheeks and upper lip,Low,No,No,Cheeks,Medium,Medium,Low,Medium,Mild,High,Moderate (Cleanser + Moisturizer + Sunscreen),Tranexamic Acid,"Antioxidant brightening serum, daily broad-spectrum SPF 50+ reapplication, gentle exfoliating tonic, soothing moisturizer.",Hyperpigmentation
PAT-00397,21,Female,Oily,Acne,Tender red bumps along jawline and cheeks,Medium,No,No,Full Face,High,High,Medium,Medium,Mild,Low,Basic (Cleanser + Moisturizer),Niacinamide,"Gentle foaming cleanser, BHA exfoliation 2-3x/week, oil-free moisturizer, broad-spectrum non-comedogenic SPF 50.",Acne
PAT-00398,15,Male,Dry,Dandruff,Itchy scalp with visible white/yellow flakes,Medium,No,Sulfates,Hairline,High,High,High,Low,None,Low,Elaborate (Cleanser + Toner + Serum + Moisturizer + Sunscreen),Salicylic Acid,"Anti-dandruff clarifying shampoo 2-3x weekly, scalp soothing tonic with panthenol, avoiding scalding water showers.",Dandruff
PAT-00399,24,Female,Oily,Dandruff,Persistent scalp dandruff and mild redness at hair root,Medium,Yes,No,Hairline,Medium,Medium,Medium,Low,None,Medium,Elaborate (Cleanser + Toner + Serum + Moisturizer + Sunscreen),Salicylic Acid,"Anti-dandruff clarifying shampoo 2-3x weekly, scalp soothing tonic with panthenol, avoiding scalding water showers.",Dandruff
PAT-00400,44,Male,Combination,Hyperpigmentation,Sun spots and localized brown patches on cheeks,Low,No,No,Full Face,Medium,Medium,Medium,Medium,None,High,Minimal (Cleanser only),Tranexamic Acid,"Antioxidant brightening serum, daily broad-spectrum SPF 50+ reapplication, gentle exfoliating tonic, soothing moisturizer.",Hyperpigmentation
PAT-00401,23,Female,Oily,Hyperpigmentation,Melasma-like discoloration on cheeks and upper lip,Low,Yes,No,Full Face,Medium,Medium,Low,High,Mild,High,Basic (Cleanser + Moisturizer),Vitamin C,"Antioxidant brightening serum, daily broad-spectrum SPF 50+ reapplication, gentle exfoliating tonic, soothing moisturizer.",Hyperpigmentation
PAT-00402,41,Male,Sensitive,Redness,Stinging sensation and reactive redness to heat,High,Yes,None,T-Zone,Medium,Medium,High,Low,Mild,Medium,Minimal (Cleanser only),Centella Asiatica,"Calming micellar water, barrier-restoring cica cream, fragrance-free physical zinc sunscreen, avoiding thermal/harsh triggers.",Redness
PAT-00403,15,Male,Combination,Dandruff,Dry flaking along hairline and upper forehead,High,No,None,Scalp,High,High,Medium,Low,None,Medium,Basic (Cleanser + Moisturizer),Ketoconazole,"Anti-dandruff clarifying shampoo 2-3x weekly, scalp soothing tonic with panthenol, avoiding scalding water showers.",Dandruff
PAT-00404,30,Female,Combination,Acne,Inflamed red pimples and occasional pustules,Medium,Yes,No,Forehead,High,Low,Medium,Medium,Severe,High,Moderate (Cleanser + Moisturizer + Sunscreen),Niacinamide,"Gentle foaming cleanser, BHA exfoliation 2-3x/week, oil-free moisturizer, broad-spectrum non-comedogenic SPF 50.",Acne
PAT-00405,32,Male,Normal,No major concern,Even complexion with no active breakouts or irritation,Low,No,No,Full Face,Low,Low,Low,Low,None,Medium,Moderate (Cleanser + Moisturizer + Sunscreen),Vitamin C,"Gentle daily cleanser, lightweight antioxidant hydrating gel, daily SPF 50 sunscreen maintenance.",No major concern
PAT-00406,35,Male,Combination,Hyperpigmentation,Post-inflammatory dark marks across forehead,Low,No,Preservatives,Cheeks,High,Medium,Medium,High,None,Medium,Basic (Cleanser + Moisturizer),Niacinamide,"Antioxidant brightening serum, daily broad-spectrum SPF 50+ reapplication, gentle exfoliating tonic, soothing moisturizer.",Hyperpigmentation
PAT-00407,60,Male,Combination,Hyperpigmentation,Sun spots and localized brown patches on cheeks,Medium,Yes,None,Full Face,Medium,Low,Low,High,None,High,Minimal (Cleanser only),Alpha Arbutin,"Antioxidant brightening serum, daily broad-spectrum SPF 50+ reapplication, gentle exfoliating tonic, soothing moisturizer.",Hyperpigmentation
PAT-00408,24,Male,Combination,Dryness,Flaking and tight sensation after cleansing,Low,No,No,Cheeks,Low,High,Medium,Low,None,High,Moderate (Cleanser + Moisturizer + Sunscreen),Hyaluronic Acid,"Hydrating cream cleanser, multi-molecular HA serum, ceramide-rich barrier cream, hydrating mineral sunscreen.",Dryness
PAT-00409,32,Male,Combination,Hyperpigmentation,Melasma-like discoloration on cheeks and upper lip,High,Yes,No,Cheeks,Medium,Low,Low,High,None,Medium,Elaborate (Cleanser + Toner + Serum + Moisturizer + Sunscreen),Vitamin C,"Antioxidant brightening serum, daily broad-spectrum SPF 50+ reapplication, gentle exfoliating tonic, soothing moisturizer.",Hyperpigmentation
PAT-00410,31,Female,Combination,Acne,Clogged pores with recurring breakouts,High,Yes,No,Jawline,High,Low,Medium,High,Mild,Medium,Basic (Cleanser + Moisturizer),Niacinamide,"Gentle foaming cleanser, BHA exfoliation 2-3x/week, oil-free moisturizer, broad-spectrum non-comedogenic SPF 50.",Acne
PAT-00411,22,Female,Oily,Dandruff,Dry flaking along hairline and upper forehead,Medium,No,No,Hairline,High,Medium,Low,Low,None,Medium,Minimal (Cleanser only),Zinc Pyrithione,"Anti-dandruff clarifying shampoo 2-3x weekly, scalp soothing tonic with panthenol, avoiding scalding water showers.",Dandruff
PAT-00412,15,Male,Normal,Dandruff,"Scalp tightness, flaking, and itching after sweat",High,Yes,Lanolin,Hairline,Medium,Medium,Medium,Low,None,Medium,Basic (Cleanser + Moisturizer),Ketoconazole,"Anti-dandruff clarifying shampoo 2-3x weekly, scalp soothing tonic with panthenol, avoiding scalding water showers.",Dandruff
PAT-00413,18,Female,Normal,Dandruff,Persistent scalp dandruff and mild redness at hair root,Medium,No,None,Scalp,Medium,High,Low,Low,None,Medium,Moderate (Cleanser + Moisturizer + Sunscreen),Tea Tree Oil,"Anti-dandruff clarifying shampoo 2-3x weekly, scalp soothing tonic with panthenol, avoiding scalding water showers.",Dandruff
PAT-00414,22,Female,Oily,Hyperpigmentation,Post-inflammatory dark marks across forehead,Low,Yes,Preservatives,Cheeks and Nose,Medium,Medium,Low,High,Mild,High,Basic (Cleanser + Moisturizer),Vitamin C,"Antioxidant brightening serum, daily broad-spectrum SPF 50+ reapplication, gentle exfoliating tonic, soothing moisturizer.",Hyperpigmentation
PAT-00415,28,Female,Dry,Hyperpigmentation,Dull complexion with patchy sun discoloration,Medium,No,No,Cheeks,Medium,Low,Low,Medium,Mild,Medium,Moderate (Cleanser + Moisturizer + Sunscreen),Vitamin C,"Antioxidant brightening serum, daily broad-spectrum SPF 50+ reapplication, gentle exfoliating tonic, soothing moisturizer.",Hyperpigmentation
PAT-00416,30,Male,Combination,Acne,Tender red bumps along jawline and cheeks,Medium,Yes,No,T-Zone,High,Low,Medium,Low,Severe,Medium,Moderate (Cleanser + Moisturizer + Sunscreen),Salicylic Acid,"Gentle foaming cleanser, BHA exfoliation 2-3x/week, oil-free moisturizer, broad-spectrum non-comedogenic SPF 50.",Acne
PAT-00417,20,Female,Combination,Acne,Inflamed red pimples and occasional pustules,Low,Yes,No,Cheeks,Medium,Medium,Medium,Medium,Severe,Medium,Minimal (Cleanser only),Zinc PCA,"Gentle foaming cleanser, BHA exfoliation 2-3x/week, oil-free moisturizer, broad-spectrum non-comedogenic SPF 50.",Acne
PAT-00418,30,Male,Sensitive,Acne,Occasional cystic breakouts and oily shine,High,No,Lanolin,Jawline,High,Medium,Medium,Low,Moderate,High,Basic (Cleanser + Moisturizer),Azelaic Acid,"Gentle foaming cleanser, BHA exfoliation 2-3x/week, oil-free moisturizer, broad-spectrum non-comedogenic SPF 50.",Acne
PAT-00419,26,Male,Oily,Acne,Clogged pores with recurring breakouts,Medium,Yes,No,Full Face,Low,Low,High,High,Mild,Low,Moderate (Cleanser + Moisturizer + Sunscreen),Niacinamide,"Gentle foaming cleanser, BHA exfoliation 2-3x/week, oil-free moisturizer, broad-spectrum non-comedogenic SPF 50.",Acne
PAT-00420,37,Male,Normal,No major concern,Smooth texture with no persistent discomfort,Medium,No,No,T-Zone,Medium,Low,Low,Low,None,Medium,Elaborate (Cleanser + Toner + Serum + Moisturizer + Sunscreen),Niacinamide,"Gentle daily cleanser, lightweight antioxidant hydrating gel, daily SPF 50 sunscreen maintenance.",No major concern
PAT-00421,29,Female,Sensitive,Redness,Rosacea-like cheek flushing and burning feeling,High,No,Fragrance,T-Zone,Medium,Low,High,Low,None,Medium,Minimal (Cleanser only),Allantoin,"Calming micellar water, barrier-restoring cica cream, fragrance-free physical zinc sunscreen, avoiding thermal/harsh triggers.",Redness
PAT-00422,16,Male,Dry,Dryness,Scaling and irritation with seasonal change,Medium,No,Fragrance,Forehead,Low,High,High,Low,None,Medium,Basic (Cleanser + Moisturizer),Centella Asiatica,"Hydrating cream cleanser, multi-molecular HA serum, ceramide-rich barrier cream, hydrating mineral sunscreen.",Dryness
PAT-00423,46,Male,Combination,Redness,Sensitivity to wind and skin barrier discomfort,High,No,Essential Oils,Full Face,High,High,High,Medium,None,Medium,Minimal (Cleanser only),Azelaic Acid,"Calming micellar water, barrier-restoring cica cream, fragrance-free physical zinc sunscreen, avoiding thermal/harsh triggers.",Redness
PAT-00424,42,Male,Combination,Dryness,"Persistent tightness and dull, parched skin",Medium,No,No,Forehead,Low,Medium,Medium,Low,None,Medium,Elaborate (Cleanser + Toner + Serum + Moisturizer + Sunscreen),Squalane,"Hydrating cream cleanser, multi-molecular HA serum, ceramide-rich barrier cream, hydrating mineral sunscreen.",Dryness
PAT-00425,34,Female,Dry,Dryness,Flaking and tight sensation after cleansing,High,No,No,Forehead,Low,High,High,Low,None,High,Basic (Cleanser + Moisturizer),Ceramides,"Hydrating cream cleanser, multi-molecular HA serum, ceramide-rich barrier cream, hydrating mineral sunscreen.",Dryness
PAT-00426,21,Female,Sensitive,Acne,Clogged pores with recurring breakouts,Medium,Yes,None,Jawline,High,Low,High,Low,Mild,Medium,Moderate (Cleanser + Moisturizer + Sunscreen),Salicylic Acid,"Gentle foaming cleanser, BHA exfoliation 2-3x/week, oil-free moisturizer, broad-spectrum non-comedogenic SPF 50.",Acne
PAT-00427,26,Male,Combination,Dandruff,"Scalp tightness, flaking, and itching after sweat",Medium,No,Sulfates,Scalp,High,High,High,Low,None,Medium,Basic (Cleanser + Moisturizer),Ketoconazole,"Anti-dandruff clarifying shampoo 2-3x weekly, scalp soothing tonic with panthenol, avoiding scalding water showers.",Dandruff
PAT-00428,22,Female,Oily,Hyperpigmentation,Dark spots and uneven skin tone from previous acne,High,No,No,Cheeks and Nose,High,Medium,Medium,High,None,High,Elaborate (Cleanser + Toner + Serum + Moisturizer + Sunscreen),Kojic Acid,"Antioxidant brightening serum, daily broad-spectrum SPF 50+ reapplication, gentle exfoliating tonic, soothing moisturizer.",Hyperpigmentation
PAT-00429,15,Female,Oily,Acne,Occasional cystic breakouts and oily shine,Medium,No,No,Full Face,High,Low,Medium,Medium,Moderate,Medium,Minimal (Cleanser only),Salicylic Acid,"Gentle foaming cleanser, BHA exfoliation 2-3x/week, oil-free moisturizer, broad-spectrum non-comedogenic SPF 50.",Acne
PAT-00430,26,Male,Oily,Acne,Tender red bumps along jawline and cheeks,High,No,No,Forehead,High,Medium,Medium,High,Severe,Medium,Moderate (Cleanser + Moisturizer + Sunscreen),Salicylic Acid,"Gentle foaming cleanser, BHA exfoliation 2-3x/week, oil-free moisturizer, broad-spectrum non-comedogenic SPF 50.",Acne
PAT-00431,25,Female,Normal,No major concern,Smooth texture with no persistent discomfort,Low,No,No,Full Face,Medium,Low,Low,Low,None,Medium,Elaborate (Cleanser + Toner + Serum + Moisturizer + Sunscreen),Niacinamide,"Gentle daily cleanser, lightweight antioxidant hydrating gel, daily SPF 50 sunscreen maintenance.",No major concern
PAT-00432,38,Male,Dry,Dryness,Flaking and tight sensation after cleansing,Low,Yes,No,Cheeks,Low,High,Medium,Low,None,Medium,Basic (Cleanser + Moisturizer),Centella Asiatica,"Hydrating cream cleanser, multi-molecular HA serum, ceramide-rich barrier cream, hydrating mineral sunscreen.",Dryness
PAT-00433,46,Female,Sensitive,Redness,"Irritation, blotchiness, and sudden redness flare-ups",High,No,Essential Oils,T-Zone,Medium,Medium,High,Low,None,Low,Basic (Cleanser + Moisturizer),Centella Asiatica,"Calming micellar water, barrier-restoring cica cream, fragrance-free physical zinc sunscreen, avoiding thermal/harsh triggers.",Redness
PAT-00434,19,Male,Combination,Acne,Clogged pores with recurring breakouts,Low,Yes,No,Full Face,High,Low,Low,Medium,Severe,Medium,Moderate (Cleanser + Moisturizer + Sunscreen),Niacinamide,"Gentle foaming cleanser, BHA exfoliation 2-3x/week, oil-free moisturizer, broad-spectrum non-comedogenic SPF 50.",Acne
PAT-00435,45,Male,Normal,No major concern,Healthy skin barrier with minimal seasonal dryness,Low,No,No,None,Medium,Low,Low,Low,None,High,Moderate (Cleanser + Moisturizer + Sunscreen),Ceramides,"Gentle daily cleanser, lightweight antioxidant hydrating gel, daily SPF 50 sunscreen maintenance.",No major concern
PAT-00436,26,Female,Oily,Acne,Occasional cystic breakouts and oily shine,High,No,No,Full Face,High,Low,High,Low,Moderate,Medium,Elaborate (Cleanser + Toner + Serum + Moisturizer + Sunscreen),Salicylic Acid,"Gentle foaming cleanser, BHA exfoliation 2-3x/week, oil-free moisturizer, broad-spectrum non-comedogenic SPF 50.",Acne
PAT-00437,21,Female,Dry,Dryness,Scaling and irritation with seasonal change,Medium,No,No,Cheeks,Medium,High,Medium,Low,None,High,Moderate (Cleanser + Moisturizer + Sunscreen),Hyaluronic Acid,"Hydrating cream cleanser, multi-molecular HA serum, ceramide-rich barrier cream, hydrating mineral sunscreen.",Dryness
PAT-00438,20,Female,Dry,Redness,Persistent facial flushing and visible capillaries,High,No,Alcohol,T-Zone,Low,High,High,Low,Mild,Medium,Moderate (Cleanser + Moisturizer + Sunscreen),Panthenol,"Calming micellar water, barrier-restoring cica cream, fragrance-free physical zinc sunscreen, avoiding thermal/harsh triggers.",Redness
PAT-00439,29,Male,Sensitive,Hyperpigmentation,Dull complexion with patchy sun discoloration,Low,Yes,No,Cheeks and Nose,High,Low,Low,High,None,High,Moderate (Cleanser + Moisturizer + Sunscreen),Alpha Arbutin,"Antioxidant brightening serum, daily broad-spectrum SPF 50+ reapplication, gentle exfoliating tonic, soothing moisturizer.",Hyperpigmentation
PAT-00440,28,Male,Sensitive,Redness,Sensitivity to wind and skin barrier discomfort,High,No,None,T-Zone,High,High,High,Low,None,Medium,Basic (Cleanser + Moisturizer),Azelaic Acid,"Calming micellar water, barrier-restoring cica cream, fragrance-free physical zinc sunscreen, avoiding thermal/harsh triggers.",Redness
PAT-00441,27,Female,Oily,Dandruff,Greasy scalp scaling and mild scalp irritation,Low,No,No,Scalp and Upper Forehead,Medium,Medium,Low,Low,None,Medium,Basic (Cleanser + Moisturizer),Salicylic Acid,"Anti-dandruff clarifying shampoo 2-3x weekly, scalp soothing tonic with panthenol, avoiding scalding water showers.",Dandruff
PAT-00442,27,Male,Oily,Dandruff,Itchy scalp with visible white/yellow flakes,High,No,No,Scalp,Medium,High,High,Low,None,Medium,Minimal (Cleanser only),Salicylic Acid,"Anti-dandruff clarifying shampoo 2-3x weekly, scalp soothing tonic with panthenol, avoiding scalding water showers.",Dandruff
PAT-00443,38,Female,Combination,Hyperpigmentation,Post-inflammatory dark marks across forehead,Medium,Yes,No,Cheeks and Nose,Low,Low,Low,High,None,High,Basic (Cleanser + Moisturizer),Alpha Arbutin,"Antioxidant brightening serum, daily broad-spectrum SPF 50+ reapplication, gentle exfoliating tonic, soothing moisturizer.",Hyperpigmentation
PAT-00444,56,Female,Dry,Dryness,Scaling and irritation with seasonal change,High,No,No,Forehead,Low,High,High,Medium,None,Medium,Minimal (Cleanser only),Hyaluronic Acid,"Hydrating cream cleanser, multi-molecular HA serum, ceramide-rich barrier cream, hydrating mineral sunscreen.",Dryness
PAT-00445,32,Male,Oily,Dandruff,Persistent scalp dandruff and mild redness at hair root,Low,Yes,No,Scalp,Medium,High,Medium,Low,None,Medium,Moderate (Cleanser + Moisturizer + Sunscreen),Salicylic Acid,"Anti-dandruff clarifying shampoo 2-3x weekly, scalp soothing tonic with panthenol, avoiding scalding water showers.",Dandruff
PAT-00446,26,Female,Oily,Acne,Occasional cystic breakouts and oily shine,Low,Yes,No,Jawline,Medium,Medium,Medium,Low,Mild,Low,Moderate (Cleanser + Moisturizer + Sunscreen),Niacinamide,"Gentle foaming cleanser, BHA exfoliation 2-3x/week, oil-free moisturizer, broad-spectrum non-comedogenic SPF 50.",Acne
PAT-00447,36,Male,Dry,Hyperpigmentation,Melasma-like discoloration on cheeks and upper lip,Medium,No,No,Full Face,Medium,Low,Low,High,None,High,Moderate (Cleanser + Moisturizer + Sunscreen),Kojic Acid,"Antioxidant brightening serum, daily broad-spectrum SPF 50+ reapplication, gentle exfoliating tonic, soothing moisturizer.",Hyperpigmentation
PAT-00448,23,Female,Dry,Redness,Sensitivity to wind and skin barrier discomfort,High,No,Alcohol,T-Zone,Low,High,High,Medium,None,Medium,Basic (Cleanser + Moisturizer),Madecassoside,"Calming micellar water, barrier-restoring cica cream, fragrance-free physical zinc sunscreen, avoiding thermal/harsh triggers.",Redness
PAT-00449,28,Male,Combination,Acne,Inflamed red pimples and occasional pustules,High,No,Preservatives,Forehead,Medium,Low,High,Low,Moderate,Low,Moderate (Cleanser + Moisturizer + Sunscreen),Azelaic Acid,"Gentle foaming cleanser, BHA exfoliation 2-3x/week, oil-free moisturizer, broad-spectrum non-comedogenic SPF 50.",Acne
PAT-00450,43,Male,Combination,Hyperpigmentation,Melasma-like discoloration on cheeks and upper lip,Low,No,No,Full Face,High,Low,Low,High,Mild,Medium,Elaborate (Cleanser + Toner + Serum + Moisturizer + Sunscreen),Vitamin C,"Antioxidant brightening serum, daily broad-spectrum SPF 50+ reapplication, gentle exfoliating tonic, soothing moisturizer.",Hyperpigmentation
PAT-00451,30,Female,Oily,Hyperpigmentation,Dull complexion with patchy sun discoloration,Medium,No,No,Full Face,Medium,Low,Low,High,None,High,Moderate (Cleanser + Moisturizer + Sunscreen),Tranexamic Acid,"Antioxidant brightening serum, daily broad-spectrum SPF 50+ reapplication, gentle exfoliating tonic, soothing moisturizer.",Hyperpigmentation
PAT-00452,15,Male,Normal,No major concern,"No noticeable irritation, balanced oil and moisture",Low,No,No,None,Medium,Low,Low,Low,None,Medium,Elaborate (Cleanser + Toner + Serum + Moisturizer + Sunscreen),Peptides,"Gentle daily cleanser, lightweight antioxidant hydrating gel, daily SPF 50 sunscreen maintenance.",No major concern
PAT-00453,32,Female,Normal,No major concern,Even complexion with no active breakouts or irritation,Low,Yes,No,Full Face,Medium,Low,Low,Low,None,High,Moderate (Cleanser + Moisturizer + Sunscreen),Niacinamide,"Gentle daily cleanser, lightweight antioxidant hydrating gel, daily SPF 50 sunscreen maintenance.",No major concern
PAT-00454,19,Male,Dry,Dryness,"Persistent tightness and dull, parched skin",Medium,No,No,Cheeks,Low,High,Low,Low,None,Medium,Moderate (Cleanser + Moisturizer + Sunscreen),Squalane,"Hydrating cream cleanser, multi-molecular HA serum, ceramide-rich barrier cream, hydrating mineral sunscreen.",Dryness
PAT-00455,23,Female,Combination,Acne,Clogged pores with recurring breakouts,Medium,Yes,No,Jawline,High,Low,High,Medium,Moderate,High,Basic (Cleanser + Moisturizer),Niacinamide,"Gentle foaming cleanser, BHA exfoliation 2-3x/week, oil-free moisturizer, broad-spectrum non-comedogenic SPF 50.",Acne
PAT-00456,20,Male,Oily,Acne,Occasional cystic breakouts and oily shine,Low,Yes,No,Forehead,Medium,High,High,Low,Mild,Low,Moderate (Cleanser + Moisturizer + Sunscreen),Niacinamide,"Gentle foaming cleanser, BHA exfoliation 2-3x/week, oil-free moisturizer, broad-spectrum non-comedogenic SPF 50.",Acne
PAT-00457,39,Male,Dry,Redness,Persistent facial flushing and visible capillaries,High,Yes,Yes,Nose and Cheeks,Low,High,High,Medium,None,High,Basic (Cleanser + Moisturizer),Centella Asiatica,"Calming micellar water, barrier-restoring cica cream, fragrance-free physical zinc sunscreen, avoiding thermal/harsh triggers.",Redness
PAT-00458,42,Male,Sensitive,Redness,Sensitivity to wind and skin barrier discomfort,High,No,None,Nose and Cheeks,Low,Medium,High,Low,Mild,Medium,Basic (Cleanser + Moisturizer),Allantoin,"Calming micellar water, barrier-restoring cica cream, fragrance-free physical zinc sunscreen, avoiding thermal/harsh triggers.",Redness
PAT-00459,25,Male,Combination,Acne,Tender red bumps along jawline and cheeks,High,Yes,Preservatives,T-Zone,High,High,Medium,Low,Mild,High,Basic (Cleanser + Moisturizer),Salicylic Acid,"Gentle foaming cleanser, BHA exfoliation 2-3x/week, oil-free moisturizer, broad-spectrum non-comedogenic SPF 50.",Acne
PAT-00460,20,Male,Normal,No major concern,"No noticeable irritation, balanced oil and moisture",Medium,No,No,Full Face,Medium,Low,Low,Low,None,High,Elaborate (Cleanser + Toner + Serum + Moisturizer + Sunscreen),Niacinamide,"Gentle daily cleanser, lightweight antioxidant hydrating gel, daily SPF 50 sunscreen maintenance.",No major concern
PAT-00461,17,Female,Normal,No major concern,Healthy skin barrier with minimal seasonal dryness,Low,No,No,None,Low,Low,Low,Low,None,Medium,Basic (Cleanser + Moisturizer),Hyaluronic Acid,"Gentle daily cleanser, lightweight antioxidant hydrating gel, daily SPF 50 sunscreen maintenance.",No major concern
PAT-00462,28,Female,Combination,Acne,Clogged pores with recurring breakouts,Low,Yes,No,Forehead,Medium,Medium,Medium,Medium,Moderate,High,Minimal (Cleanser only),Niacinamide,"Gentle foaming cleanser, BHA exfoliation 2-3x/week, oil-free moisturizer, broad-spectrum non-comedogenic SPF 50.",Acne
PAT-00463,42,Male,Sensitive,Redness,Sensitivity to wind and skin barrier discomfort,Medium,Yes,Fragrance,Nose and Cheeks,Medium,High,Medium,Medium,None,Medium,Minimal (Cleanser only),Allantoin,"Calming micellar water, barrier-restoring cica cream, fragrance-free physical zinc sunscreen, avoiding thermal/harsh triggers.",Redness
PAT-00464,22,Male,Combination,Acne,Inflamed red pimples and occasional pustules,High,Yes,No,T-Zone,High,Low,Medium,Medium,Severe,Low,Elaborate (Cleanser + Toner + Serum + Moisturizer + Sunscreen),Salicylic Acid,"Gentle foaming cleanser, BHA exfoliation 2-3x/week, oil-free moisturizer, broad-spectrum non-comedogenic SPF 50.",Acne
PAT-00465,20,Female,Normal,No major concern,Smooth texture with no persistent discomfort,Low,Yes,No,None,Medium,Low,Low,Low,None,Medium,Moderate (Cleanser + Moisturizer + Sunscreen),Hyaluronic Acid,"Gentle daily cleanser, lightweight antioxidant hydrating gel, daily SPF 50 sunscreen maintenance.",No major concern
PAT-00466,48,Male,Dry,Dryness,Flaking and tight sensation after cleansing,Medium,No,No,Around Mouth,Low,High,Medium,Low,None,Low,Minimal (Cleanser only),Centella Asiatica,"Hydrating cream cleanser, multi-molecular HA serum, ceramide-rich barrier cream, hydrating mineral sunscreen.",Dryness
PAT-00467,29,Female,Sensitive,Dryness,"Persistent tightness and dull, parched skin",Low,Yes,No,Forehead,Low,High,High,Medium,None,Low,Elaborate (Cleanser + Toner + Serum + Moisturizer + Sunscreen),Hyaluronic Acid,"Hydrating cream cleanser, multi-molecular HA serum, ceramide-rich barrier cream, hydrating mineral sunscreen.",Dryness
PAT-00468,18,Male,Oily,Acne,Tender red bumps along jawline and cheeks,High,Yes,No,Forehead,High,High,High,Medium,Mild,Low,Basic (Cleanser + Moisturizer),Zinc PCA,"Gentle foaming cleanser, BHA exfoliation 2-3x/week, oil-free moisturizer, broad-spectrum non-comedogenic SPF 50.",Acne
PAT-00469,40,Male,Combination,Dryness,"Persistent tightness and dull, parched skin",High,No,Lanolin,Full Face,Low,Medium,Low,Low,None,Medium,Minimal (Cleanser only),Hyaluronic Acid,"Hydrating cream cleanser, multi-molecular HA serum, ceramide-rich barrier cream, hydrating mineral sunscreen.",Dryness
PAT-00470,26,Female,Dry,Dryness,"Persistent tightness and dull, parched skin",Low,No,Sulfates,Full Face,Low,Medium,Medium,Medium,None,Medium,Basic (Cleanser + Moisturizer),Ceramides,"Hydrating cream cleanser, multi-molecular HA serum, ceramide-rich barrier cream, hydrating mineral sunscreen.",Dryness
PAT-00471,19,Female,Sensitive,Redness,"Irritation, blotchiness, and sudden redness flare-ups",High,Yes,Fragrance,Full Face,Low,High,High,Low,None,Low,Minimal (Cleanser only),Panthenol,"Calming micellar water, barrier-restoring cica cream, fragrance-free physical zinc sunscreen, avoiding thermal/harsh triggers.",Redness
PAT-00472,26,Female,Normal,No major concern,Balanced skin with occasional minor shine,Low,No,No,Full Face,Low,Low,Low,Low,None,Medium,Basic (Cleanser + Moisturizer),Niacinamide,"Gentle daily cleanser, lightweight antioxidant hydrating gel, daily SPF 50 sunscreen maintenance.",No major concern
PAT-00473,31,Female,Oily,Acne,Clogged pores with recurring breakouts,Medium,Yes,Fragrance,Cheeks,High,Low,Medium,Medium,Moderate,Medium,Minimal (Cleanser only),Salicylic Acid,"Gentle foaming cleanser, BHA exfoliation 2-3x/week, oil-free moisturizer, broad-spectrum non-comedogenic SPF 50.",Acne
PAT-00474,23,Female,Combination,No major concern,Healthy skin barrier with minimal seasonal dryness,Low,No,No,Full Face,Medium,Low,Low,Low,None,High,Elaborate (Cleanser + Toner + Serum + Moisturizer + Sunscreen),Niacinamide,"Gentle daily cleanser, lightweight antioxidant hydrating gel, daily SPF 50 sunscreen maintenance.",No major concern
PAT-00475,42,Female,Dry,Hyperpigmentation,Post-inflammatory dark marks across forehead,Medium,No,No,Full Face,High,Low,Low,High,Mild,High,Minimal (Cleanser only),Kojic Acid,"Antioxidant brightening serum, daily broad-spectrum SPF 50+ reapplication, gentle exfoliating tonic, soothing moisturizer.",Hyperpigmentation
PAT-00476,35,Female,Normal,Hyperpigmentation,Post-inflammatory dark marks across forehead,Medium,Yes,No,Forehead,Medium,Medium,Low,Medium,None,High,Minimal (Cleanser only),Alpha Arbutin,"Antioxidant brightening serum, daily broad-spectrum SPF 50+ reapplication, gentle exfoliating tonic, soothing moisturizer.",Hyperpigmentation
PAT-00477,22,Male,Normal,No major concern,Healthy skin barrier with minimal seasonal dryness,Low,Yes,No,T-Zone,Low,Low,Low,Low,None,Low,Basic (Cleanser + Moisturizer),Ceramides,"Gentle daily cleanser, lightweight antioxidant hydrating gel, daily SPF 50 sunscreen maintenance.",No major concern
PAT-00478,31,Female,Combination,Acne,Occasional cystic breakouts and oily shine,Low,Yes,Fragrance,Forehead,Medium,Low,Low,Low,Mild,Medium,Minimal (Cleanser only),Azelaic Acid,"Gentle foaming cleanser, BHA exfoliation 2-3x/week, oil-free moisturizer, broad-spectrum non-comedogenic SPF 50.",Acne
PAT-00479,48,Female,Dry,Dryness,"Persistent tightness and dull, parched skin",Medium,No,No,Full Face,Low,High,High,Medium,None,Low,Basic (Cleanser + Moisturizer),Hyaluronic Acid,"Hydrating cream cleanser, multi-molecular HA serum, ceramide-rich barrier cream, hydrating mineral sunscreen.",Dryness
PAT-00480,28,Male,Combination,Acne,Tender red bumps along jawline and cheeks,High,Yes,No,Full Face,Medium,Low,Medium,Medium,Mild,Medium,Moderate (Cleanser + Moisturizer + Sunscreen),Zinc PCA,"Gentle foaming cleanser, BHA exfoliation 2-3x/week, oil-free moisturizer, broad-spectrum non-comedogenic SPF 50.",Acne
PAT-00481,32,Female,Oily,Dandruff,Persistent scalp dandruff and mild redness at hair root,Low,No,None,Hairline,Low,Medium,High,Low,None,High,Basic (Cleanser + Moisturizer),Salicylic Acid,"Anti-dandruff clarifying shampoo 2-3x weekly, scalp soothing tonic with panthenol, avoiding scalding water showers.",Dandruff
PAT-00482,22,Male,Combination,Acne,Occasional cystic breakouts and oily shine,High,Yes,None,T-Zone,High,Low,High,Medium,Moderate,Medium,Elaborate (Cleanser + Toner + Serum + Moisturizer + Sunscreen),Azelaic Acid,"Gentle foaming cleanser, BHA exfoliation 2-3x/week, oil-free moisturizer, broad-spectrum non-comedogenic SPF 50.",Acne
PAT-00483,26,Female,Combination,Acne,Whiteheads and blackheads on T-zone,High,Yes,Fragrance,Full Face,High,Low,Medium,Medium,Moderate,High,Basic (Cleanser + Moisturizer),Niacinamide,"Gentle foaming cleanser, BHA exfoliation 2-3x/week, oil-free moisturizer, broad-spectrum non-comedogenic SPF 50.",Acne
PAT-00484,23,Male,Combination,Acne,Inflamed red pimples and occasional pustules,Low,No,No,Forehead,High,High,High,Low,Moderate,Medium,Elaborate (Cleanser + Toner + Serum + Moisturizer + Sunscreen),Zinc PCA,"Gentle foaming cleanser, BHA exfoliation 2-3x/week, oil-free moisturizer, broad-spectrum non-comedogenic SPF 50.",Acne
PAT-00485,27,Male,Combination,Dandruff,Greasy scalp scaling and mild scalp irritation,Low,No,No,Scalp and Upper Forehead,High,Medium,Low,Low,None,High,Elaborate (Cleanser + Toner + Serum + Moisturizer + Sunscreen),Tea Tree Oil,"Anti-dandruff clarifying shampoo 2-3x weekly, scalp soothing tonic with panthenol, avoiding scalding water showers.",Dandruff
PAT-00486,25,Male,Oily,Acne,Occasional cystic breakouts and oily shine,Low,No,No,Jawline,Medium,Low,High,Low,Moderate,Medium,Minimal (Cleanser only),Niacinamide,"Gentle foaming cleanser, BHA exfoliation 2-3x/week, oil-free moisturizer, broad-spectrum non-comedogenic SPF 50.",Acne
PAT-00487,26,Female,Oily,Acne,Tender red bumps along jawline and cheeks,High,Yes,Lanolin,Full Face,High,Low,High,Medium,Mild,High,Minimal (Cleanser only),Zinc PCA,"Gentle foaming cleanser, BHA exfoliation 2-3x/week, oil-free moisturizer, broad-spectrum non-comedogenic SPF 50.",Acne
PAT-00488,32,Female,Normal,No major concern,Even complexion with no active breakouts or irritation,Medium,No,No,None,Medium,Low,Low,Low,None,Medium,Minimal (Cleanser only),Niacinamide,"Gentle daily cleanser, lightweight antioxidant hydrating gel, daily SPF 50 sunscreen maintenance.",No major concern
PAT-00489,23,Female,Oily,Dandruff,Dry flaking along hairline and upper forehead,Medium,No,No,Scalp,Medium,High,Low,Low,None,Medium,Basic (Cleanser + Moisturizer),Zinc Pyrithione,"Anti-dandruff clarifying shampoo 2-3x weekly, scalp soothing tonic with panthenol, avoiding scalding water showers.",Dandruff
PAT-00490,40,Male,Normal,No major concern,Balanced skin with occasional minor shine,Low,No,No,T-Zone,Low,Low,Low,Low,None,Medium,Moderate (Cleanser + Moisturizer + Sunscreen),Vitamin C,"Gentle daily cleanser, lightweight antioxidant hydrating gel, daily SPF 50 sunscreen maintenance.",No major concern
PAT-00491,44,Male,Dry,Dryness,Ashy skin tone and lack of suppleness,Medium,No,No,Cheeks,Low,High,Medium,Low,None,Medium,Minimal (Cleanser only),Glycerin,"Hydrating cream cleanser, multi-molecular HA serum, ceramide-rich barrier cream, hydrating mineral sunscreen.",Dryness
PAT-00492,37,Female,Dry,Dryness,Flaking and tight sensation after cleansing,Medium,No,No,Around Mouth,Medium,High,High,Low,None,Medium,Elaborate (Cleanser + Toner + Serum + Moisturizer + Sunscreen),Hyaluronic Acid,"Hydrating cream cleanser, multi-molecular HA serum, ceramide-rich barrier cream, hydrating mineral sunscreen.",Dryness
PAT-00493,27,Male,Normal,No major concern,Smooth texture with no persistent discomfort,Low,No,None,None,Medium,Low,Low,Low,None,High,Elaborate (Cleanser + Toner + Serum + Moisturizer + Sunscreen),Niacinamide,"Gentle daily cleanser, lightweight antioxidant hydrating gel, daily SPF 50 sunscreen maintenance.",No major concern
PAT-00494,35,Female,Sensitive,Dryness,Scaling and irritation with seasonal change,High,Yes,No,Forehead,Low,High,Low,Low,None,High,Elaborate (Cleanser + Toner + Serum + Moisturizer + Sunscreen),Squalane,"Hydrating cream cleanser, multi-molecular HA serum, ceramide-rich barrier cream, hydrating mineral sunscreen.",Dryness
PAT-00495,15,Female,Oily,Dandruff,Itchy scalp with visible white/yellow flakes,Medium,No,Sulfates,Scalp and Upper Forehead,High,Medium,Low,Low,None,Medium,Basic (Cleanser + Moisturizer),Ketoconazole,"Anti-dandruff clarifying shampoo 2-3x weekly, scalp soothing tonic with panthenol, avoiding scalding water showers.",Dandruff
PAT-00496,29,Female,Combination,No major concern,Balanced skin with occasional minor shine,Medium,No,No,Full Face,Low,Medium,Low,Low,None,Medium,Elaborate (Cleanser + Toner + Serum + Moisturizer + Sunscreen),Hyaluronic Acid,"Gentle daily cleanser, lightweight antioxidant hydrating gel, daily SPF 50 sunscreen maintenance.",No major concern
PAT-00497,57,Male,Sensitive,Hyperpigmentation,Sun spots and localized brown patches on cheeks,Medium,Yes,No,Cheeks,Medium,Low,Low,High,Mild,High,Minimal (Cleanser only),Tranexamic Acid,"Antioxidant brightening serum, daily broad-spectrum SPF 50+ reapplication, gentle exfoliating tonic, soothing moisturizer.",Hyperpigmentation
PAT-00498,21,Female,Oily,Acne,Tender red bumps along jawline and cheeks,Low,Yes,No,Full Face,High,Low,Low,Low,Mild,Medium,Elaborate (Cleanser + Toner + Serum + Moisturizer + Sunscreen),Niacinamide,"Gentle foaming cleanser, BHA exfoliation 2-3x/week, oil-free moisturizer, broad-spectrum non-comedogenic SPF 50.",Acne
PAT-00499,23,Female,Combination,Acne,Inflamed red pimples and occasional pustules,Medium,Yes,No,Cheeks,High,Low,Medium,Low,Severe,Medium,Elaborate (Cleanser + Toner + Serum + Moisturizer + Sunscreen),Zinc PCA,"Gentle foaming cleanser, BHA exfoliation 2-3x/week, oil-free moisturizer, broad-spectrum non-comedogenic SPF 50.",Acne
PAT-00500,38,Female,Oily,Dandruff,Greasy scalp scaling and mild scalp irritation,Medium,No,No,Hairline,Medium,High,High,Low,None,Low,Basic (Cleanser + Moisturizer),Zinc Pyrithione,"Anti-dandruff clarifying shampoo 2-3x weekly, scalp soothing tonic with panthenol, avoiding scalding water showers.",Dandruff
PAT-00501,20,Male,Oily,Acne,Whiteheads and blackheads on T-zone,Medium,Yes,None,Jawline,Medium,Low,Low,Low,Mild,Medium,Minimal (Cleanser only),Salicylic Acid,"Gentle foaming cleanser, BHA exfoliation 2-3x/week, oil-free moisturizer, broad-spectrum non-comedogenic SPF 50.",Acne
PAT-00502,38,Male,Combination,Hyperpigmentation,Sun spots and localized brown patches on cheeks,Medium,Yes,None,Cheeks,Low,Low,Low,High,None,Medium,Minimal (Cleanser only),Niacinamide,"Antioxidant brightening serum, daily broad-spectrum SPF 50+ reapplication, gentle exfoliating tonic, soothing moisturizer.",Hyperpigmentation
PAT-00503,18,Male,Combination,Acne,Tender red bumps along jawline and cheeks,Low,No,Fragrance,Full Face,High,Low,Low,Medium,Mild,Medium,Minimal (Cleanser only),Zinc PCA,"Gentle foaming cleanser, BHA exfoliation 2-3x/week, oil-free moisturizer, broad-spectrum non-comedogenic SPF 50.",Acne
PAT-00504,28,Male,Dry,Redness,Persistent facial flushing and visible capillaries,Medium,Yes,None,T-Zone,Low,High,High,Medium,None,Medium,Elaborate (Cleanser + Toner + Serum + Moisturizer + Sunscreen),Allantoin,"Calming micellar water, barrier-restoring cica cream, fragrance-free physical zinc sunscreen, avoiding thermal/harsh triggers.",Redness
PAT-00505,31,Male,Sensitive,Redness,Sensitivity to wind and skin barrier discomfort,High,No,Essential Oils,Nose and Cheeks,Medium,High,High,Medium,None,Medium,Minimal (Cleanser only),Panthenol,"Calming micellar water, barrier-restoring cica cream, fragrance-free physical zinc sunscreen, avoiding thermal/harsh triggers.",Redness
PAT-00506,18,Male,Normal,Acne,Clogged pores with recurring breakouts,High,Yes,None,Cheeks,High,Low,High,Low,Severe,Medium,Moderate (Cleanser + Moisturizer + Sunscreen),Niacinamide,"Gentle foaming cleanser, BHA exfoliation 2-3x/week, oil-free moisturizer, broad-spectrum non-comedogenic SPF 50.",Acne
PAT-00507,21,Female,Oily,Hyperpigmentation,Sun spots and localized brown patches on cheeks,Medium,Yes,None,Full Face,High,Medium,Medium,High,None,Medium,Basic (Cleanser + Moisturizer),Alpha Arbutin,"Antioxidant brightening serum, daily broad-spectrum SPF 50+ reapplication, gentle exfoliating tonic, soothing moisturizer.",Hyperpigmentation
PAT-00508,36,Male,Normal,No major concern,Healthy skin barrier with minimal seasonal dryness,Low,No,None,T-Zone,Low,Medium,Low,Low,None,High,Moderate (Cleanser + Moisturizer + Sunscreen),Niacinamide,"Gentle daily cleanser, lightweight antioxidant hydrating gel, daily SPF 50 sunscreen maintenance.",No major concern
PAT-00509,18,Male,Combination,Acne,Occasional cystic breakouts and oily shine,Medium,Yes,Fragrance,Full Face,High,Low,Medium,Low,Moderate,Low,Basic (Cleanser + Moisturizer),Salicylic Acid,"Gentle foaming cleanser, BHA exfoliation 2-3x/week, oil-free moisturizer, broad-spectrum non-comedogenic SPF 50.",Acne
PAT-00510,45,Female,Normal,Hyperpigmentation,Dull complexion with patchy sun discoloration,Low,Yes,None,Cheeks and Nose,High,Low,Low,High,None,High,Minimal (Cleanser only),Alpha Arbutin,"Antioxidant brightening serum, daily broad-spectrum SPF 50+ reapplication, gentle exfoliating tonic, soothing moisturizer.",Hyperpigmentation
PAT-00511,36,Female,Dry,Dryness,Scaling and irritation with seasonal change,Medium,No,Fragrance,Around Mouth,Low,High,Low,Medium,None,Low,Elaborate (Cleanser + Toner + Serum + Moisturizer + Sunscreen),Hyaluronic Acid,"Hydrating cream cleanser, multi-molecular HA serum, ceramide-rich barrier cream, hydrating mineral sunscreen.",Dryness
PAT-00512,39,Female,Combination,Hyperpigmentation,Sun spots and localized brown patches on cheeks,Low,No,No,Full Face,Low,Low,Low,High,Mild,High,Elaborate (Cleanser + Toner + Serum + Moisturizer + Sunscreen),Niacinamide,"Antioxidant brightening serum, daily broad-spectrum SPF 50+ reapplication, gentle exfoliating tonic, soothing moisturizer.",Hyperpigmentation
PAT-00513,20,Male,Combination,Acne,Tender red bumps along jawline and cheeks,High,No,No,Cheeks,High,Medium,High,Low,Moderate,Medium,Basic (Cleanser + Moisturizer),Niacinamide,"Gentle foaming cleanser, BHA exfoliation 2-3x/week, oil-free moisturizer, broad-spectrum non-comedogenic SPF 50.",Acne
PAT-00514,34,Female,Oily,Hyperpigmentation,Sun spots and localized brown patches on cheeks,Low,Yes,No,Cheeks and Nose,Low,Medium,Low,Medium,Mild,High,Minimal (Cleanser only),Vitamin C,"Antioxidant brightening serum, daily broad-spectrum SPF 50+ reapplication, gentle exfoliating tonic, soothing moisturizer.",Hyperpigmentation
PAT-00515,34,Female,Sensitive,Redness,"Irritation, blotchiness, and sudden redness flare-ups",High,No,Essential Oils,Nose and Cheeks,Medium,High,High,Low,None,Medium,Elaborate (Cleanser + Toner + Serum + Moisturizer + Sunscreen),Azelaic Acid,"Calming micellar water, barrier-restoring cica cream, fragrance-free physical zinc sunscreen, avoiding thermal/harsh triggers.",Redness
PAT-00516,35,Male,Combination,Dandruff,Itchy scalp with visible white/yellow flakes,High,No,Preservatives,Hairline,High,Medium,High,Low,None,Low,Moderate (Cleanser + Moisturizer + Sunscreen),Tea Tree Oil,"Anti-dandruff clarifying shampoo 2-3x weekly, scalp soothing tonic with panthenol, avoiding scalding water showers.",Dandruff
PAT-00517,21,Male,Oily,Acne,Occasional cystic breakouts and oily shine,Medium,No,No,Cheeks,High,Medium,Medium,Low,Mild,Medium,Minimal (Cleanser only),Azelaic Acid,"Gentle foaming cleanser, BHA exfoliation 2-3x/week, oil-free moisturizer, broad-spectrum non-comedogenic SPF 50.",Acne
PAT-00518,33,Female,Combination,Dandruff,Itchy scalp with visible white/yellow flakes,High,No,Fragrance,Scalp,High,Medium,Low,Low,None,High,Basic (Cleanser + Moisturizer),Salicylic Acid,"Anti-dandruff clarifying shampoo 2-3x weekly, scalp soothing tonic with panthenol, avoiding scalding water showers.",Dandruff
PAT-00519,57,Female,Combination,Dryness,Rough texture and visible fine dry patches,Low,No,Fragrance,Around Mouth,Low,High,Low,Low,None,Medium,Moderate (Cleanser + Moisturizer + Sunscreen),Hyaluronic Acid,"Hydrating cream cleanser, multi-molecular HA serum, ceramide-rich barrier cream, hydrating mineral sunscreen.",Dryness
PAT-00520,26,Male,Combination,Acne,Inflamed red pimples and occasional pustules,Low,Yes,No,Cheeks,Low,Low,Medium,Medium,Moderate,Low,Minimal (Cleanser only),Niacinamide,"Gentle foaming cleanser, BHA exfoliation 2-3x/week, oil-free moisturizer, broad-spectrum non-comedogenic SPF 50.",Acne
PAT-00521,21,Female,Dry,Dryness,Rough texture and visible fine dry patches,Medium,No,Fragrance,Full Face,Medium,High,Medium,Low,None,Medium,Elaborate (Cleanser + Toner + Serum + Moisturizer + Sunscreen),Hyaluronic Acid,"Hydrating cream cleanser, multi-molecular HA serum, ceramide-rich barrier cream, hydrating mineral sunscreen.",Dryness
PAT-00522,46,Male,Combination,No major concern,"No noticeable irritation, balanced oil and moisture",Low,Yes,No,T-Zone,Medium,Medium,Low,Low,None,High,Moderate (Cleanser + Moisturizer + Sunscreen),Niacinamide,"Gentle daily cleanser, lightweight antioxidant hydrating gel, daily SPF 50 sunscreen maintenance.",No major concern
PAT-00523,17,Female,Combination,Acne,Tender red bumps along jawline and cheeks,Medium,Yes,No,Full Face,High,Low,Low,Low,Mild,High,Moderate (Cleanser + Moisturizer + Sunscreen),Niacinamide,"Gentle foaming cleanser, BHA exfoliation 2-3x/week, oil-free moisturizer, broad-spectrum non-comedogenic SPF 50.",Acne
PAT-00524,38,Female,Dry,Dryness,"Persistent tightness and dull, parched skin",Medium,Yes,No,Around Mouth,Low,High,Low,Medium,None,Low,Elaborate (Cleanser + Toner + Serum + Moisturizer + Sunscreen),Hyaluronic Acid,"Hydrating cream cleanser, multi-molecular HA serum, ceramide-rich barrier cream, hydrating mineral sunscreen.",Dryness
PAT-00525,39,Female,Sensitive,Hyperpigmentation,Post-inflammatory dark marks across forehead,High,No,Lanolin,Forehead,Low,Medium,Medium,High,None,Medium,Moderate (Cleanser + Moisturizer + Sunscreen),Niacinamide,"Antioxidant brightening serum, daily broad-spectrum SPF 50+ reapplication, gentle exfoliating tonic, soothing moisturizer.",Hyperpigmentation
PAT-00526,35,Female,Normal,No major concern,Healthy skin barrier with minimal seasonal dryness,Low,No,No,Full Face,Low,Low,Low,Low,None,High,Basic (Cleanser + Moisturizer),Hyaluronic Acid,"Gentle daily cleanser, lightweight antioxidant hydrating gel, daily SPF 50 sunscreen maintenance.",No major concern
PAT-00527,36,Male,Combination,Dandruff,Dry flaking along hairline and upper forehead,High,Yes,Lanolin,Scalp,High,Medium,Medium,Low,None,High,Basic (Cleanser + Moisturizer),Ketoconazole,"Anti-dandruff clarifying shampoo 2-3x weekly, scalp soothing tonic with panthenol, avoiding scalding water showers.",Dandruff
PAT-00528,29,Female,Combination,Hyperpigmentation,Sun spots and localized brown patches on cheeks,Medium,No,No,Cheeks and Nose,High,Low,Low,High,None,High,Basic (Cleanser + Moisturizer),Vitamin C,"Antioxidant brightening serum, daily broad-spectrum SPF 50+ reapplication, gentle exfoliating tonic, soothing moisturizer.",Hyperpigmentation
PAT-00529,33,Female,Normal,Hyperpigmentation,Dull complexion with patchy sun discoloration,Medium,Yes,No,Full Face,Low,Medium,Low,High,None,High,Moderate (Cleanser + Moisturizer + Sunscreen),Vitamin C,"Antioxidant brightening serum, daily broad-spectrum SPF 50+ reapplication, gentle exfoliating tonic, soothing moisturizer.",Hyperpigmentation
PAT-00530,38,Female,Sensitive,Dryness,Scaling and irritation with seasonal change,High,No,No,Forehead,Low,High,Low,Medium,None,Low,Basic (Cleanser + Moisturizer),Glycerin,"Hydrating cream cleanser, multi-molecular HA serum, ceramide-rich barrier cream, hydrating mineral sunscreen.",Dryness
PAT-00531,21,Female,Combination,No major concern,Smooth texture with no persistent discomfort,Medium,Yes,No,Full Face,Low,Low,Low,Low,None,Medium,Elaborate (Cleanser + Toner + Serum + Moisturizer + Sunscreen),Niacinamide,"Gentle daily cleanser, lightweight antioxidant hydrating gel, daily SPF 50 sunscreen maintenance.",No major concern
PAT-00532,16,Male,Oily,Acne,Occasional cystic breakouts and oily shine,High,Yes,No,T-Zone,High,Medium,High,Low,Mild,Medium,Minimal (Cleanser only),Azelaic Acid,"Gentle foaming cleanser, BHA exfoliation 2-3x/week, oil-free moisturizer, broad-spectrum non-comedogenic SPF 50.",Acne
PAT-00533,57,Male,Oily,Hyperpigmentation,Dark spots and uneven skin tone from previous acne,Medium,Yes,No,Cheeks,Medium,Low,Medium,High,Mild,Medium,Elaborate (Cleanser + Toner + Serum + Moisturizer + Sunscreen),Vitamin C,"Antioxidant brightening serum, daily broad-spectrum SPF 50+ reapplication, gentle exfoliating tonic, soothing moisturizer.",Hyperpigmentation
PAT-00534,27,Male,Oily,Acne,Inflamed red pimples and occasional pustules,Medium,Yes,No,T-Zone,High,Low,Medium,Medium,Moderate,High,Basic (Cleanser + Moisturizer),Zinc PCA,"Gentle foaming cleanser, BHA exfoliation 2-3x/week, oil-free moisturizer, broad-spectrum non-comedogenic SPF 50.",Acne
PAT-00535,26,Male,Combination,Acne,Inflamed red pimples and occasional pustules,Medium,Yes,No,Full Face,Medium,Low,High,Low,Severe,High,Elaborate (Cleanser + Toner + Serum + Moisturizer + Sunscreen),Salicylic Acid,"Gentle foaming cleanser, BHA exfoliation 2-3x/week, oil-free moisturizer, broad-spectrum non-comedogenic SPF 50.",Acne
PAT-00536,43,Female,Normal,Hyperpigmentation,Dark spots and uneven skin tone from previous acne,Medium,Yes,None,Cheeks and Nose,Medium,Low,Medium,Medium,None,Medium,Elaborate (Cleanser + Toner + Serum + Moisturizer + Sunscreen),Vitamin C,"Antioxidant brightening serum, daily broad-spectrum SPF 50+ reapplication, gentle exfoliating tonic, soothing moisturizer.",Hyperpigmentation
PAT-00537,19,Male,Normal,No major concern,Balanced skin with occasional minor shine,Low,No,No,None,Low,Low,Low,Low,None,Medium,Elaborate (Cleanser + Toner + Serum + Moisturizer + Sunscreen),Niacinamide,"Gentle daily cleanser, lightweight antioxidant hydrating gel, daily SPF 50 sunscreen maintenance.",No major concern
PAT-00538,31,Male,Sensitive,Dryness,Flaking and tight sensation after cleansing,Low,No,No,Around Mouth,Low,High,Low,Low,None,High,Moderate (Cleanser + Moisturizer + Sunscreen),Hyaluronic Acid,"Hydrating cream cleanser, multi-molecular HA serum, ceramide-rich barrier cream, hydrating mineral sunscreen.",Dryness
PAT-00539,16,Male,Combination,Acne,Occasional cystic breakouts and oily shine,Medium,Yes,No,Jawline,Medium,Low,High,Low,Mild,Medium,Basic (Cleanser + Moisturizer),Niacinamide,"Gentle foaming cleanser, BHA exfoliation 2-3x/week, oil-free moisturizer, broad-spectrum non-comedogenic SPF 50.",Acne
PAT-00540,26,Male,Combination,Acne,Whiteheads and blackheads on T-zone,Low,Yes,Fragrance,Full Face,High,Low,High,Low,Moderate,Medium,Basic (Cleanser + Moisturizer),Niacinamide,"Gentle foaming cleanser, BHA exfoliation 2-3x/week, oil-free moisturizer, broad-spectrum non-comedogenic SPF 50.",Acne
PAT-00541,16,Male,Sensitive,Redness,Stinging sensation and reactive redness to heat,Medium,Yes,Essential Oils,Full Face,Medium,Low,High,Low,None,Low,Moderate (Cleanser + Moisturizer + Sunscreen),Panthenol,"Calming micellar water, barrier-restoring cica cream, fragrance-free physical zinc sunscreen, avoiding thermal/harsh triggers.",Redness
PAT-00542,26,Female,Dry,Dryness,Scaling and irritation with seasonal change,Medium,No,No,Cheeks,Low,High,Medium,Low,None,Medium,Moderate (Cleanser + Moisturizer + Sunscreen),Hyaluronic Acid,"Hydrating cream cleanser, multi-molecular HA serum, ceramide-rich barrier cream, hydrating mineral sunscreen.",Dryness
PAT-00543,35,Female,Dry,Dryness,Scaling and irritation with seasonal change,Low,No,No,Full Face,Low,Medium,Low,Low,None,High,Basic (Cleanser + Moisturizer),Hyaluronic Acid,"Hydrating cream cleanser, multi-molecular HA serum, ceramide-rich barrier cream, hydrating mineral sunscreen.",Dryness
PAT-00544,29,Female,Combination,Acne,Whiteheads and blackheads on T-zone,High,Yes,None,T-Zone,Medium,Low,Low,Medium,Mild,High,Minimal (Cleanser only),Salicylic Acid,"Gentle foaming cleanser, BHA exfoliation 2-3x/week, oil-free moisturizer, broad-spectrum non-comedogenic SPF 50.",Acne
PAT-00545,24,Female,Normal,Acne,Tender red bumps along jawline and cheeks,Low,Yes,No,Jawline,High,Low,High,High,Severe,Medium,Elaborate (Cleanser + Toner + Serum + Moisturizer + Sunscreen),Tea Tree Extract,"Gentle foaming cleanser, BHA exfoliation 2-3x/week, oil-free moisturizer, broad-spectrum non-comedogenic SPF 50.",Acne
PAT-00546,52,Male,Dry,Dryness,Flaking and tight sensation after cleansing,Low,No,No,Full Face,Low,High,Medium,Low,None,High,Minimal (Cleanser only),Hyaluronic Acid,"Hydrating cream cleanser, multi-molecular HA serum, ceramide-rich barrier cream, hydrating mineral sunscreen.",Dryness
PAT-00547,45,Female,Dry,Dryness,"Persistent tightness and dull, parched skin",High,Yes,None,Cheeks,Low,Medium,Medium,Medium,None,Low,Minimal (Cleanser only),Ceramides,"Hydrating cream cleanser, multi-molecular HA serum, ceramide-rich barrier cream, hydrating mineral sunscreen.",Dryness
PAT-00548,16,Male,Dry,Dryness,Rough texture and visible fine dry patches,Medium,Yes,No,Forehead,Low,High,Low,Low,None,Low,Moderate (Cleanser + Moisturizer + Sunscreen),Ceramides,"Hydrating cream cleanser, multi-molecular HA serum, ceramide-rich barrier cream, hydrating mineral sunscreen.",Dryness
PAT-00549,40,Male,Oily,Hyperpigmentation,Dark spots and uneven skin tone from previous acne,Low,Yes,None,Full Face,Medium,Low,Medium,High,None,High,Minimal (Cleanser only),Kojic Acid,"Antioxidant brightening serum, daily broad-spectrum SPF 50+ reapplication, gentle exfoliating tonic, soothing moisturizer.",Hyperpigmentation
PAT-00550,37,Male,Combination,No major concern,Even complexion with no active breakouts or irritation,Low,No,None,Full Face,Medium,Low,Low,Low,None,High,Basic (Cleanser + Moisturizer),Hyaluronic Acid,"Gentle daily cleanser, lightweight antioxidant hydrating gel, daily SPF 50 sunscreen maintenance.",No major concern
PAT-00551,18,Male,Sensitive,Acne,Tender red bumps along jawline and cheeks,Low,Yes,None,T-Zone,Medium,Low,Medium,Medium,Mild,Low,Moderate (Cleanser + Moisturizer + Sunscreen),Azelaic Acid,"Gentle foaming cleanser, BHA exfoliation 2-3x/week, oil-free moisturizer, broad-spectrum non-comedogenic SPF 50.",Acne
PAT-00552,31,Male,Oily,Acne,Occasional cystic breakouts and oily shine,Low,No,No,Cheeks,High,Low,High,Low,Mild,Low,Elaborate (Cleanser + Toner + Serum + Moisturizer + Sunscreen),Azelaic Acid,"Gentle foaming cleanser, BHA exfoliation 2-3x/week, oil-free moisturizer, broad-spectrum non-comedogenic SPF 50.",Acne
PAT-00553,15,Female,Normal,Dandruff,"Scalp tightness, flaking, and itching after sweat",Low,No,None,Scalp and Upper Forehead,Low,Medium,Medium,Low,None,Medium,Basic (Cleanser + Moisturizer),Ketoconazole,"Anti-dandruff clarifying shampoo 2-3x weekly, scalp soothing tonic with panthenol, avoiding scalding water showers.",Dandruff
PAT-00554,27,Male,Combination,Acne,Clogged pores with recurring breakouts,High,Yes,No,T-Zone,High,Low,Low,Medium,Mild,Medium,Minimal (Cleanser only),Zinc PCA,"Gentle foaming cleanser, BHA exfoliation 2-3x/week, oil-free moisturizer, broad-spectrum non-comedogenic SPF 50.",Acne
PAT-00555,29,Female,Dry,Dryness,"Persistent tightness and dull, parched skin",High,Yes,Fragrance,Forehead,Low,High,Low,Low,None,Medium,Moderate (Cleanser + Moisturizer + Sunscreen),Centella Asiatica,"Hydrating cream cleanser, multi-molecular HA serum, ceramide-rich barrier cream, hydrating mineral sunscreen.",Dryness
PAT-00556,35,Male,Normal,No major concern,Even complexion with no active breakouts or irritation,Low,Yes,No,T-Zone,Low,Low,Low,Low,None,Medium,Elaborate (Cleanser + Toner + Serum + Moisturizer + Sunscreen),Hyaluronic Acid,"Gentle daily cleanser, lightweight antioxidant hydrating gel, daily SPF 50 sunscreen maintenance.",No major concern
PAT-00557,23,Male,Oily,Acne,Clogged pores with recurring breakouts,Low,Yes,Fragrance,Full Face,Medium,Low,Medium,High,Mild,Medium,Elaborate (Cleanser + Toner + Serum + Moisturizer + Sunscreen),Salicylic Acid,"Gentle foaming cleanser, BHA exfoliation 2-3x/week, oil-free moisturizer, broad-spectrum non-comedogenic SPF 50.",Acne
PAT-00558,21,Female,Oily,Acne,Whiteheads and blackheads on T-zone,High,Yes,Lanolin,Full Face,Medium,Low,Medium,Medium,Moderate,Medium,Moderate (Cleanser + Moisturizer + Sunscreen),Niacinamide,"Gentle foaming cleanser, BHA exfoliation 2-3x/week, oil-free moisturizer, broad-spectrum non-comedogenic SPF 50.",Acne
PAT-00559,42,Male,Sensitive,Redness,Persistent facial flushing and visible capillaries,High,No,Fragrance,Cheeks,High,Medium,High,Medium,None,Medium,Moderate (Cleanser + Moisturizer + Sunscreen),Panthenol,"Calming micellar water, barrier-restoring cica cream, fragrance-free physical zinc sunscreen, avoiding thermal/harsh triggers.",Redness
PAT-00560,42,Male,Combination,No major concern,Healthy skin barrier with minimal seasonal dryness,Low,No,No,None,Low,Low,Low,Low,None,High,Basic (Cleanser + Moisturizer),Hyaluronic Acid,"Gentle daily cleanser, lightweight antioxidant hydrating gel, daily SPF 50 sunscreen maintenance.",No major concern
PAT-00561,15,Female,Oily,Dandruff,Itchy scalp with visible white/yellow flakes,High,No,Fragrance,Scalp,Medium,High,High,Low,None,Low,Moderate (Cleanser + Moisturizer + Sunscreen),Ketoconazole,"Anti-dandruff clarifying shampoo 2-3x weekly, scalp soothing tonic with panthenol, avoiding scalding water showers.",Dandruff
PAT-00562,16,Female,Combination,No major concern,Even complexion with no active breakouts or irritation,Low,No,No,T-Zone,Low,Low,Low,Low,None,Medium,Minimal (Cleanser only),Hyaluronic Acid,"Gentle daily cleanser, lightweight antioxidant hydrating gel, daily SPF 50 sunscreen maintenance.",No major concern
PAT-00563,32,Male,Oily,Hyperpigmentation,Dark spots and uneven skin tone from previous acne,Medium,No,None,Forehead,Low,Low,Low,High,Mild,Medium,Elaborate (Cleanser + Toner + Serum + Moisturizer + Sunscreen),Tranexamic Acid,"Antioxidant brightening serum, daily broad-spectrum SPF 50+ reapplication, gentle exfoliating tonic, soothing moisturizer.",Hyperpigmentation
PAT-00564,30,Female,Dry,Dryness,Ashy skin tone and lack of suppleness,High,No,No,Forehead,Medium,High,Low,Low,None,High,Minimal (Cleanser only),Ceramides,"Hydrating cream cleanser, multi-molecular HA serum, ceramide-rich barrier cream, hydrating mineral sunscreen.",Dryness
PAT-00565,29,Male,Sensitive,Redness,Persistent facial flushing and visible capillaries,High,No,Yes,Full Face,Medium,Medium,High,Low,None,Medium,Minimal (Cleanser only),Centella Asiatica,"Calming micellar water, barrier-restoring cica cream, fragrance-free physical zinc sunscreen, avoiding thermal/harsh triggers.",Redness
PAT-00566,46,Female,Sensitive,Dryness,Scaling and irritation with seasonal change,Medium,No,No,Cheeks,Medium,High,Low,Low,None,Medium,Moderate (Cleanser + Moisturizer + Sunscreen),Ceramides,"Hydrating cream cleanser, multi-molecular HA serum, ceramide-rich barrier cream, hydrating mineral sunscreen.",Dryness
PAT-00567,25,Female,Oily,Dandruff,Persistent scalp dandruff and mild redness at hair root,High,No,Fragrance,Scalp,Medium,Medium,Medium,Low,None,Low,Basic (Cleanser + Moisturizer),Ketoconazole,"Anti-dandruff clarifying shampoo 2-3x weekly, scalp soothing tonic with panthenol, avoiding scalding water showers.",Dandruff
PAT-00568,49,Female,Oily,Dandruff,Greasy scalp scaling and mild scalp irritation,Medium,No,No,Scalp,Medium,Medium,Medium,Low,None,Medium,Moderate (Cleanser + Moisturizer + Sunscreen),Selenium Sulfide,"Anti-dandruff clarifying shampoo 2-3x weekly, scalp soothing tonic with panthenol, avoiding scalding water showers.",Dandruff
PAT-00569,37,Female,Combination,Dryness,Flaking and tight sensation after cleansing,High,Yes,Essential Oils,Full Face,Low,High,Medium,Low,None,High,Elaborate (Cleanser + Toner + Serum + Moisturizer + Sunscreen),Centella Asiatica,"Hydrating cream cleanser, multi-molecular HA serum, ceramide-rich barrier cream, hydrating mineral sunscreen.",Dryness
PAT-00570,15,Female,Normal,No major concern,Healthy skin barrier with minimal seasonal dryness,Low,Yes,No,T-Zone,Medium,Low,Low,Low,None,Medium,Elaborate (Cleanser + Toner + Serum + Moisturizer + Sunscreen),Hyaluronic Acid,"Gentle daily cleanser, lightweight antioxidant hydrating gel, daily SPF 50 sunscreen maintenance.",No major concern
PAT-00571,18,Male,Combination,Acne,Clogged pores with recurring breakouts,Low,Yes,No,Forehead,High,Low,High,Medium,Mild,High,Basic (Cleanser + Moisturizer),Niacinamide,"Gentle foaming cleanser, BHA exfoliation 2-3x/week, oil-free moisturizer, broad-spectrum non-comedogenic SPF 50.",Acne
PAT-00572,18,Female,Normal,Hyperpigmentation,Dull complexion with patchy sun discoloration,Low,No,No,Forehead,Medium,Low,Low,Medium,None,High,Elaborate (Cleanser + Toner + Serum + Moisturizer + Sunscreen),Alpha Arbutin,"Antioxidant brightening serum, daily broad-spectrum SPF 50+ reapplication, gentle exfoliating tonic, soothing moisturizer.",Hyperpigmentation
PAT-00573,38,Male,Combination,Hyperpigmentation,Sun spots and localized brown patches on cheeks,Low,No,No,Full Face,Medium,Low,Low,High,Mild,High,Minimal (Cleanser only),Niacinamide,"Antioxidant brightening serum, daily broad-spectrum SPF 50+ reapplication, gentle exfoliating tonic, soothing moisturizer.",Hyperpigmentation
PAT-00574,26,Female,Normal,No major concern,Even complexion with no active breakouts or irritation,Low,No,None,None,Medium,Low,Low,Low,None,Medium,Elaborate (Cleanser + Toner + Serum + Moisturizer + Sunscreen),Vitamin C,"Gentle daily cleanser, lightweight antioxidant hydrating gel, daily SPF 50 sunscreen maintenance.",No major concern
PAT-00575,29,Female,Oily,No major concern,Healthy skin barrier with minimal seasonal dryness,Low,No,No,T-Zone,Low,Low,Low,Low,None,High,Elaborate (Cleanser + Toner + Serum + Moisturizer + Sunscreen),Hyaluronic Acid,"Gentle daily cleanser, lightweight antioxidant hydrating gel, daily SPF 50 sunscreen maintenance.",No major concern
PAT-00576,23,Male,Normal,Hyperpigmentation,Post-inflammatory dark marks across forehead,Low,Yes,No,Full Face,Low,Medium,Medium,High,Mild,High,Basic (Cleanser + Moisturizer),Niacinamide,"Antioxidant brightening serum, daily broad-spectrum SPF 50+ reapplication, gentle exfoliating tonic, soothing moisturizer.",Hyperpigmentation
PAT-00577,39,Female,Sensitive,Dryness,"Persistent tightness and dull, parched skin",Medium,No,No,Full Face,Low,High,High,Medium,None,Low,Elaborate (Cleanser + Toner + Serum + Moisturizer + Sunscreen),Squalane,"Hydrating cream cleanser, multi-molecular HA serum, ceramide-rich barrier cream, hydrating mineral sunscreen.",Dryness
PAT-00578,36,Female,Oily,Hyperpigmentation,Post-inflammatory dark marks across forehead,Low,Yes,No,Cheeks and Nose,Medium,Medium,Medium,High,None,Medium,Basic (Cleanser + Moisturizer),Alpha Arbutin,"Antioxidant brightening serum, daily broad-spectrum SPF 50+ reapplication, gentle exfoliating tonic, soothing moisturizer.",Hyperpigmentation
PAT-00579,36,Female,Combination,Dryness,Scaling and irritation with seasonal change,Medium,No,No,Around Mouth,Low,Medium,Medium,Low,None,Medium,Elaborate (Cleanser + Toner + Serum + Moisturizer + Sunscreen),Hyaluronic Acid,"Hydrating cream cleanser, multi-molecular HA serum, ceramide-rich barrier cream, hydrating mineral sunscreen.",Dryness
PAT-00580,18,Female,Sensitive,Dryness,Ashy skin tone and lack of suppleness,High,No,Essential Oils,Full Face,Low,High,Medium,Low,None,Medium,Minimal (Cleanser only),Ceramides,"Hydrating cream cleanser, multi-molecular HA serum, ceramide-rich barrier cream, hydrating mineral sunscreen.",Dryness
PAT-00581,38,Female,Oily,Hyperpigmentation,Sun spots and localized brown patches on cheeks,Low,No,None,Cheeks and Nose,Low,Low,Low,High,None,Low,Moderate (Cleanser + Moisturizer + Sunscreen),Vitamin C,"Antioxidant brightening serum, daily broad-spectrum SPF 50+ reapplication, gentle exfoliating tonic, soothing moisturizer.",Hyperpigmentation
PAT-00582,32,Male,Dry,Dryness,Scaling and irritation with seasonal change,Medium,No,No,Forehead,Low,High,Medium,Low,None,Medium,Basic (Cleanser + Moisturizer),Ceramides,"Hydrating cream cleanser, multi-molecular HA serum, ceramide-rich barrier cream, hydrating mineral sunscreen.",Dryness
PAT-00583,27,Female,Combination,Redness,Stinging sensation and reactive redness to heat,Medium,Yes,Fragrance,Full Face,High,Medium,High,Low,None,High,Basic (Cleanser + Moisturizer),Centella Asiatica,"Calming micellar water, barrier-restoring cica cream, fragrance-free physical zinc sunscreen, avoiding thermal/harsh triggers.",Redness
PAT-00584,26,Female,Normal,Hyperpigmentation,Dark spots and uneven skin tone from previous acne,High,No,No,Cheeks and Nose,Low,Medium,Low,High,None,High,Elaborate (Cleanser + Toner + Serum + Moisturizer + Sunscreen),Niacinamide,"Antioxidant brightening serum, daily broad-spectrum SPF 50+ reapplication, gentle exfoliating tonic, soothing moisturizer.",Hyperpigmentation
PAT-00585,32,Female,Oily,No major concern,"No noticeable irritation, balanced oil and moisture",Medium,No,None,None,Low,Low,Low,Low,None,Low,Elaborate (Cleanser + Toner + Serum + Moisturizer + Sunscreen),Hyaluronic Acid,"Gentle daily cleanser, lightweight antioxidant hydrating gel, daily SPF 50 sunscreen maintenance.",No major concern
PAT-00586,27,Male,Sensitive,Redness,Rosacea-like cheek flushing and burning feeling,High,No,Alcohol,Cheeks,Low,High,High,Low,None,High,Minimal (Cleanser only),Azelaic Acid,"Calming micellar water, barrier-restoring cica cream, fragrance-free physical zinc sunscreen, avoiding thermal/harsh triggers.",Redness
PAT-00587,39,Male,Dry,Dryness,"Persistent tightness and dull, parched skin",Medium,Yes,No,Full Face,Low,Medium,Medium,Low,None,Low,Minimal (Cleanser only),Hyaluronic Acid,"Hydrating cream cleanser, multi-molecular HA serum, ceramide-rich barrier cream, hydrating mineral sunscreen.",Dryness
PAT-00588,35,Female,Sensitive,Redness,Rosacea-like cheek flushing and burning feeling,High,No,Fragrance,T-Zone,High,High,High,Low,None,High,Minimal (Cleanser only),Centella Asiatica,"Calming micellar water, barrier-restoring cica cream, fragrance-free physical zinc sunscreen, avoiding thermal/harsh triggers.",Redness
PAT-00589,28,Male,Normal,No major concern,Balanced skin with occasional minor shine,Low,No,No,T-Zone,Low,Medium,Low,Low,None,Low,Basic (Cleanser + Moisturizer),Ceramides,"Gentle daily cleanser, lightweight antioxidant hydrating gel, daily SPF 50 sunscreen maintenance.",No major concern
PAT-00590,15,Male,Oily,Dandruff,"Scalp tightness, flaking, and itching after sweat",Low,No,None,Hairline,High,Medium,Low,Low,None,Medium,Elaborate (Cleanser + Toner + Serum + Moisturizer + Sunscreen),Selenium Sulfide,"Anti-dandruff clarifying shampoo 2-3x weekly, scalp soothing tonic with panthenol, avoiding scalding water showers.",Dandruff
PAT-00591,19,Female,Sensitive,Acne,Occasional cystic breakouts and oily shine,Low,Yes,No,Full Face,Medium,Low,Medium,Low,Moderate,Medium,Basic (Cleanser + Moisturizer),Niacinamide,"Gentle foaming cleanser, BHA exfoliation 2-3x/week, oil-free moisturizer, broad-spectrum non-comedogenic SPF 50.",Acne
PAT-00592,32,Female,Sensitive,Acne,Tender red bumps along jawline and cheeks,High,Yes,No,T-Zone,High,Low,Medium,Medium,Moderate,Low,Moderate (Cleanser + Moisturizer + Sunscreen),Salicylic Acid,"Gentle foaming cleanser, BHA exfoliation 2-3x/week, oil-free moisturizer, broad-spectrum non-comedogenic SPF 50.",Acne
PAT-00593,60,Female,Sensitive,Redness,Persistent facial flushing and visible capillaries,High,No,Alcohol,Cheeks,High,Medium,High,Low,None,Medium,Basic (Cleanser + Moisturizer),Allantoin,"Calming micellar water, barrier-restoring cica cream, fragrance-free physical zinc sunscreen, avoiding thermal/harsh triggers.",Redness
PAT-00594,15,Female,Dry,No major concern,Even complexion with no active breakouts or irritation,Low,Yes,No,T-Zone,Low,Low,Low,Low,None,High,Elaborate (Cleanser + Toner + Serum + Moisturizer + Sunscreen),Niacinamide,"Gentle daily cleanser, lightweight antioxidant hydrating gel, daily SPF 50 sunscreen maintenance.",No major concern
PAT-00595,60,Male,Dry,Dryness,Ashy skin tone and lack of suppleness,Low,No,No,Forehead,Low,High,Low,Low,None,Medium,Moderate (Cleanser + Moisturizer + Sunscreen),Ceramides,"Hydrating cream cleanser, multi-molecular HA serum, ceramide-rich barrier cream, hydrating mineral sunscreen.",Dryness
PAT-00596,31,Female,Combination,Hyperpigmentation,Dark spots and uneven skin tone from previous acne,Medium,Yes,Preservatives,Cheeks and Nose,High,Medium,Low,High,Mild,High,Elaborate (Cleanser + Toner + Serum + Moisturizer + Sunscreen),Alpha Arbutin,"Antioxidant brightening serum, daily broad-spectrum SPF 50+ reapplication, gentle exfoliating tonic, soothing moisturizer.",Hyperpigmentation
PAT-00597,16,Female,Sensitive,Redness,Persistent facial flushing and visible capillaries,High,Yes,Alcohol,Full Face,Low,Medium,High,Low,None,Medium,Minimal (Cleanser only),Centella Asiatica,"Calming micellar water, barrier-restoring cica cream, fragrance-free physical zinc sunscreen, avoiding thermal/harsh triggers.",Redness
PAT-00598,35,Male,Normal,Redness,Persistent facial flushing and visible capillaries,High,No,Essential Oils,Full Face,Low,Medium,Medium,Low,None,Medium,Minimal (Cleanser only),Centella Asiatica,"Calming micellar water, barrier-restoring cica cream, fragrance-free physical zinc sunscreen, avoiding thermal/harsh triggers.",Redness
PAT-00599,18,Male,Combination,Acne,Inflamed red pimples and occasional pustules,Medium,Yes,No,Full Face,High,Low,Medium,Medium,Moderate,Medium,Basic (Cleanser + Moisturizer),Niacinamide,"Gentle foaming cleanser, BHA exfoliation 2-3x/week, oil-free moisturizer, broad-spectrum non-comedogenic SPF 50.",Acne
PAT-00600,26,Male,Oily,Acne,Clogged pores with recurring breakouts,Low,No,No,Full Face,High,Low,Medium,Medium,Mild,Medium,Elaborate (Cleanser + Toner + Serum + Moisturizer + Sunscreen),Niacinamide,"Gentle foaming cleanser, BHA exfoliation 2-3x/week, oil-free moisturizer, broad-spectrum non-comedogenic SPF 50.",Acne
PAT-00601,43,Female,Dry,Dryness,Rough texture and visible fine dry patches,High,No,Lanolin,Full Face,Low,High,Medium,Medium,None,High,Elaborate (Cleanser + Toner + Serum + Moisturizer + Sunscreen),Ceramides,"Hydrating cream cleanser, multi-molecular HA serum, ceramide-rich barrier cream, hydrating mineral sunscreen.",Dryness
PAT-00602,59,Female,Dry,Dryness,Flaking and tight sensation after cleansing,Medium,No,No,Full Face,Medium,High,Low,Low,None,High,Elaborate (Cleanser + Toner + Serum + Moisturizer + Sunscreen),Glycerin,"Hydrating cream cleanser, multi-molecular HA serum, ceramide-rich barrier cream, hydrating mineral sunscreen.",Dryness
PAT-00603,43,Female,Sensitive,Redness,"Irritation, blotchiness, and sudden redness flare-ups",Medium,No,Essential Oils,Cheeks,Medium,High,High,Medium,None,Medium,Basic (Cleanser + Moisturizer),Centella Asiatica,"Calming micellar water, barrier-restoring cica cream, fragrance-free physical zinc sunscreen, avoiding thermal/harsh triggers.",Redness
PAT-00604,28,Male,Oily,Hyperpigmentation,Post-inflammatory dark marks across forehead,Medium,No,No,Cheeks,Low,Low,Medium,High,None,High,Minimal (Cleanser only),Alpha Arbutin,"Antioxidant brightening serum, daily broad-spectrum SPF 50+ reapplication, gentle exfoliating tonic, soothing moisturizer.",Hyperpigmentation
PAT-00605,25,Male,Combination,No major concern,Even complexion with no active breakouts or irritation,Low,Yes,No,T-Zone,Low,Low,Low,Low,None,High,Basic (Cleanser + Moisturizer),Niacinamide,"Gentle daily cleanser, lightweight antioxidant hydrating gel, daily SPF 50 sunscreen maintenance.",No major concern
PAT-00606,43,Female,Dry,Dryness,Flaking and tight sensation after cleansing,Low,No,None,Around Mouth,Low,High,Medium,Medium,None,Low,Elaborate (Cleanser + Toner + Serum + Moisturizer + Sunscreen),Hyaluronic Acid,"Hydrating cream cleanser, multi-molecular HA serum, ceramide-rich barrier cream, hydrating mineral sunscreen.",Dryness
PAT-00607,25,Female,Combination,Dandruff,Persistent scalp dandruff and mild redness at hair root,Low,Yes,No,Hairline,Medium,High,Medium,Low,None,Low,Elaborate (Cleanser + Toner + Serum + Moisturizer + Sunscreen),Zinc Pyrithione,"Anti-dandruff clarifying shampoo 2-3x weekly, scalp soothing tonic with panthenol, avoiding scalding water showers.",Dandruff
PAT-00608,20,Male,Oily,Acne,Clogged pores with recurring breakouts,Low,Yes,Fragrance,Forehead,Medium,Medium,Medium,Medium,Mild,Medium,Elaborate (Cleanser + Toner + Serum + Moisturizer + Sunscreen),Salicylic Acid,"Gentle foaming cleanser, BHA exfoliation 2-3x/week, oil-free moisturizer, broad-spectrum non-comedogenic SPF 50.",Acne
PAT-00609,41,Male,Normal,Hyperpigmentation,Post-inflammatory dark marks across forehead,High,Yes,No,Cheeks,High,Medium,Low,High,None,High,Basic (Cleanser + Moisturizer),Tranexamic Acid,"Antioxidant brightening serum, daily broad-spectrum SPF 50+ reapplication, gentle exfoliating tonic, soothing moisturizer.",Hyperpigmentation
PAT-00610,26,Female,Dry,Redness,Persistent facial flushing and visible capillaries,High,Yes,Essential Oils,Nose and Cheeks,High,Low,High,Medium,None,Medium,Moderate (Cleanser + Moisturizer + Sunscreen),Azelaic Acid,"Calming micellar water, barrier-restoring cica cream, fragrance-free physical zinc sunscreen, avoiding thermal/harsh triggers.",Redness
PAT-00611,24,Male,Combination,Acne,Occasional cystic breakouts and oily shine,High,Yes,Essential Oils,Jawline,High,Low,Medium,Medium,Moderate,Medium,Elaborate (Cleanser + Toner + Serum + Moisturizer + Sunscreen),Zinc PCA,"Gentle foaming cleanser, BHA exfoliation 2-3x/week, oil-free moisturizer, broad-spectrum non-comedogenic SPF 50.",Acne
PAT-00612,21,Male,Combination,Hyperpigmentation,Dull complexion with patchy sun discoloration,Low,No,No,Cheeks and Nose,Low,Low,Medium,High,None,Low,Elaborate (Cleanser + Toner + Serum + Moisturizer + Sunscreen),Vitamin C,"Antioxidant brightening serum, daily broad-spectrum SPF 50+ reapplication, gentle exfoliating tonic, soothing moisturizer.",Hyperpigmentation
PAT-00613,35,Male,Combination,Redness,"Irritation, blotchiness, and sudden redness flare-ups",High,No,Fragrance,Nose and Cheeks,Medium,Medium,High,Low,None,Low,Basic (Cleanser + Moisturizer),Azelaic Acid,"Calming micellar water, barrier-restoring cica cream, fragrance-free physical zinc sunscreen, avoiding thermal/harsh triggers.",Redness
PAT-00614,16,Female,Oily,Acne,Clogged pores with recurring breakouts,Medium,Yes,None,Cheeks,High,Medium,High,Low,Moderate,High,Basic (Cleanser + Moisturizer),Niacinamide,"Gentle foaming cleanser, BHA exfoliation 2-3x/week, oil-free moisturizer, broad-spectrum non-comedogenic SPF 50.",Acne
PAT-00615,38,Female,Combination,No major concern,Healthy skin barrier with minimal seasonal dryness,Low,No,No,None,Medium,Low,Low,Low,None,Low,Minimal (Cleanser only),Niacinamide,"Gentle daily cleanser, lightweight antioxidant hydrating gel, daily SPF 50 sunscreen maintenance.",No major concern
PAT-00616,30,Female,Sensitive,Redness,Persistent facial flushing and visible capillaries,High,No,Essential Oils,T-Zone,Low,Medium,High,Low,None,Medium,Basic (Cleanser + Moisturizer),Centella Asiatica,"Calming micellar water, barrier-restoring cica cream, fragrance-free physical zinc sunscreen, avoiding thermal/harsh triggers.",Redness
PAT-00617,42,Male,Normal,Hyperpigmentation,Melasma-like discoloration on cheeks and upper lip,Medium,Yes,No,Cheeks and Nose,Medium,Medium,Medium,High,None,High,Elaborate (Cleanser + Toner + Serum + Moisturizer + Sunscreen),Niacinamide,"Antioxidant brightening serum, daily broad-spectrum SPF 50+ reapplication, gentle exfoliating tonic, soothing moisturizer.",Hyperpigmentation
PAT-00618,40,Female,Combination,Redness,"Irritation, blotchiness, and sudden redness flare-ups",High,Yes,Alcohol,T-Zone,High,High,High,Low,None,Low,Elaborate (Cleanser + Toner + Serum + Moisturizer + Sunscreen),Centella Asiatica,"Calming micellar water, barrier-restoring cica cream, fragrance-free physical zinc sunscreen, avoiding thermal/harsh triggers.",Redness
PAT-00619,23,Male,Combination,Acne,Whiteheads and blackheads on T-zone,Medium,Yes,Fragrance,Full Face,Medium,Low,Medium,High,Mild,Low,Minimal (Cleanser only),Salicylic Acid,"Gentle foaming cleanser, BHA exfoliation 2-3x/week, oil-free moisturizer, broad-spectrum non-comedogenic SPF 50.",Acne
PAT-00620,41,Male,Sensitive,Hyperpigmentation,Post-inflammatory dark marks across forehead,Medium,Yes,No,Cheeks,Medium,Low,Medium,Medium,None,High,Moderate (Cleanser + Moisturizer + Sunscreen),Vitamin C,"Antioxidant brightening serum, daily broad-spectrum SPF 50+ reapplication, gentle exfoliating tonic, soothing moisturizer.",Hyperpigmentation
PAT-00621,30,Male,Combination,Acne,Inflamed red pimples and occasional pustules,High,Yes,No,Jawline,High,Low,Medium,High,Mild,Low,Elaborate (Cleanser + Toner + Serum + Moisturizer + Sunscreen),Niacinamide,"Gentle foaming cleanser, BHA exfoliation 2-3x/week, oil-free moisturizer, broad-spectrum non-comedogenic SPF 50.",Acne
PAT-00622,32,Male,Combination,No major concern,"No noticeable irritation, balanced oil and moisture",Medium,No,No,Full Face,Medium,Low,Low,Low,None,Low,Moderate (Cleanser + Moisturizer + Sunscreen),Niacinamide,"Gentle daily cleanser, lightweight antioxidant hydrating gel, daily SPF 50 sunscreen maintenance.",No major concern
PAT-00623,45,Female,Normal,No major concern,"No noticeable irritation, balanced oil and moisture",Low,Yes,No,Full Face,Medium,Medium,Low,Low,None,Low,Elaborate (Cleanser + Toner + Serum + Moisturizer + Sunscreen),Vitamin C,"Gentle daily cleanser, lightweight antioxidant hydrating gel, daily SPF 50 sunscreen maintenance.",No major concern
PAT-00624,35,Male,Combination,Acne,Tender red bumps along jawline and cheeks,Low,Yes,No,T-Zone,High,Low,Medium,Medium,Mild,High,Basic (Cleanser + Moisturizer),Salicylic Acid,"Gentle foaming cleanser, BHA exfoliation 2-3x/week, oil-free moisturizer, broad-spectrum non-comedogenic SPF 50.",Acne
PAT-00625,29,Female,Sensitive,Redness,Persistent facial flushing and visible capillaries,High,No,Yes,T-Zone,High,Medium,High,Low,None,High,Moderate (Cleanser + Moisturizer + Sunscreen),Allantoin,"Calming micellar water, barrier-restoring cica cream, fragrance-free physical zinc sunscreen, avoiding thermal/harsh triggers.",Redness
PAT-00626,20,Female,Sensitive,Redness,Persistent facial flushing and visible capillaries,High,No,Alcohol,T-Zone,Medium,High,High,Low,None,Medium,Minimal (Cleanser only),Centella Asiatica,"Calming micellar water, barrier-restoring cica cream, fragrance-free physical zinc sunscreen, avoiding thermal/harsh triggers.",Redness
PAT-00627,27,Male,Combination,Dandruff,Greasy scalp scaling and mild scalp irritation,Medium,Yes,No,Scalp and Upper Forehead,Low,High,Low,Low,None,High,Moderate (Cleanser + Moisturizer + Sunscreen),Zinc Pyrithione,"Anti-dandruff clarifying shampoo 2-3x weekly, scalp soothing tonic with panthenol, avoiding scalding water showers.",Dandruff
PAT-00628,43,Female,Oily,Hyperpigmentation,Sun spots and localized brown patches on cheeks,Low,Yes,No,Forehead,High,Low,Medium,High,None,High,Basic (Cleanser + Moisturizer),Vitamin C,"Antioxidant brightening serum, daily broad-spectrum SPF 50+ reapplication, gentle exfoliating tonic, soothing moisturizer.",Hyperpigmentation
PAT-00629,26,Male,Oily,Acne,Whiteheads and blackheads on T-zone,Low,Yes,No,Full Face,High,Low,Medium,Medium,Mild,Low,Moderate (Cleanser + Moisturizer + Sunscreen),Azelaic Acid,"Gentle foaming cleanser, BHA exfoliation 2-3x/week, oil-free moisturizer, broad-spectrum non-comedogenic SPF 50.",Acne
PAT-00630,38,Female,Oily,Hyperpigmentation,Dull complexion with patchy sun discoloration,Low,Yes,No,Forehead,High,Medium,Medium,High,None,High,Moderate (Cleanser + Moisturizer + Sunscreen),Vitamin C,"Antioxidant brightening serum, daily broad-spectrum SPF 50+ reapplication, gentle exfoliating tonic, soothing moisturizer.",Hyperpigmentation
PAT-00631,42,Female,Dry,Dryness,"Persistent tightness and dull, parched skin",High,No,Fragrance,Around Mouth,Low,Medium,Medium,Low,None,Low,Minimal (Cleanser only),Ceramides,"Hydrating cream cleanser, multi-molecular HA serum, ceramide-rich barrier cream, hydrating mineral sunscreen.",Dryness
PAT-00632,24,Male,Combination,Dandruff,"Scalp tightness, flaking, and itching after sweat",High,No,No,Scalp,High,Medium,Medium,Low,None,Low,Moderate (Cleanser + Moisturizer + Sunscreen),Zinc Pyrithione,"Anti-dandruff clarifying shampoo 2-3x weekly, scalp soothing tonic with panthenol, avoiding scalding water showers.",Dandruff
PAT-00633,18,Male,Combination,Hyperpigmentation,Sun spots and localized brown patches on cheeks,Low,Yes,No,Forehead,Medium,Low,Low,High,Mild,High,Basic (Cleanser + Moisturizer),Vitamin C,"Antioxidant brightening serum, daily broad-spectrum SPF 50+ reapplication, gentle exfoliating tonic, soothing moisturizer.",Hyperpigmentation
PAT-00634,19,Female,Dry,Dryness,Scaling and irritation with seasonal change,High,No,None,Forehead,Medium,High,Medium,Low,None,Low,Basic (Cleanser + Moisturizer),Ceramides,"Hydrating cream cleanser, multi-molecular HA serum, ceramide-rich barrier cream, hydrating mineral sunscreen.",Dryness
PAT-00635,22,Female,Combination,Acne,Tender red bumps along jawline and cheeks,High,Yes,Fragrance,Jawline,High,Low,Medium,Medium,Mild,High,Elaborate (Cleanser + Toner + Serum + Moisturizer + Sunscreen),Zinc PCA,"Gentle foaming cleanser, BHA exfoliation 2-3x/week, oil-free moisturizer, broad-spectrum non-comedogenic SPF 50.",Acne
PAT-00636,27,Male,Oily,Hyperpigmentation,Dark spots and uneven skin tone from previous acne,Medium,No,No,Cheeks and Nose,Medium,Medium,Low,High,None,Medium,Moderate (Cleanser + Moisturizer + Sunscreen),Vitamin C,"Antioxidant brightening serum, daily broad-spectrum SPF 50+ reapplication, gentle exfoliating tonic, soothing moisturizer.",Hyperpigmentation
PAT-00637,31,Female,Normal,No major concern,Healthy skin barrier with minimal seasonal dryness,Low,Yes,No,T-Zone,Low,Low,Low,Low,None,Low,Moderate (Cleanser + Moisturizer + Sunscreen),Hyaluronic Acid,"Gentle daily cleanser, lightweight antioxidant hydrating gel, daily SPF 50 sunscreen maintenance.",No major concern
PAT-00638,28,Male,Sensitive,Redness,Persistent facial flushing and visible capillaries,High,No,Alcohol,T-Zone,Medium,Medium,High,Medium,None,Low,Moderate (Cleanser + Moisturizer + Sunscreen),Panthenol,"Calming micellar water, barrier-restoring cica cream, fragrance-free physical zinc sunscreen, avoiding thermal/harsh triggers.",Redness
PAT-00639,30,Male,Dry,Dandruff,Persistent scalp dandruff and mild redness at hair root,Low,No,No,Hairline,High,High,Medium,Low,None,Medium,Basic (Cleanser + Moisturizer),Ketoconazole,"Anti-dandruff clarifying shampoo 2-3x weekly, scalp soothing tonic with panthenol, avoiding scalding water showers.",Dandruff
PAT-00640,33,Female,Dry,Dryness,Rough texture and visible fine dry patches,Low,No,No,Forehead,Low,High,Medium,Medium,None,Low,Moderate (Cleanser + Moisturizer + Sunscreen),Centella Asiatica,"Hydrating cream cleanser, multi-molecular HA serum, ceramide-rich barrier cream, hydrating mineral sunscreen.",Dryness
PAT-00641,19,Female,Sensitive,Acne,Clogged pores with recurring breakouts,Medium,Yes,Fragrance,Forehead,High,Low,Low,Low,Mild,High,Basic (Cleanser + Moisturizer),Niacinamide,"Gentle foaming cleanser, BHA exfoliation 2-3x/week, oil-free moisturizer, broad-spectrum non-comedogenic SPF 50.",Acne
PAT-00642,23,Female,Oily,Acne,Clogged pores with recurring breakouts,Low,Yes,Essential Oils,T-Zone,Low,Low,Medium,High,Moderate,Medium,Minimal (Cleanser only),Azelaic Acid,"Gentle foaming cleanser, BHA exfoliation 2-3x/week, oil-free moisturizer, broad-spectrum non-comedogenic SPF 50.",Acne
PAT-00643,35,Male,Oily,Dandruff,"Scalp tightness, flaking, and itching after sweat",Medium,Yes,No,Scalp,High,High,Medium,Low,None,Medium,Minimal (Cleanser only),Salicylic Acid,"Anti-dandruff clarifying shampoo 2-3x weekly, scalp soothing tonic with panthenol, avoiding scalding water showers.",Dandruff
PAT-00644,36,Male,Combination,Dandruff,"Scalp tightness, flaking, and itching after sweat",Medium,No,No,Hairline,High,Medium,Low,Low,None,Medium,Minimal (Cleanser only),Selenium Sulfide,"Anti-dandruff clarifying shampoo 2-3x weekly, scalp soothing tonic with panthenol, avoiding scalding water showers.",Dandruff
PAT-00645,27,Female,Oily,Acne,Clogged pores with recurring breakouts,High,Yes,Essential Oils,Cheeks,Medium,Low,High,Low,Moderate,Medium,Moderate (Cleanser + Moisturizer + Sunscreen),Niacinamide,"Gentle foaming cleanser, BHA exfoliation 2-3x/week, oil-free moisturizer, broad-spectrum non-comedogenic SPF 50.",Acne
PAT-00646,28,Male,Combination,Acne,Clogged pores with recurring breakouts,High,Yes,No,T-Zone,High,Medium,Medium,High,Moderate,Medium,Moderate (Cleanser + Moisturizer + Sunscreen),Salicylic Acid,"Gentle foaming cleanser, BHA exfoliation 2-3x/week, oil-free moisturizer, broad-spectrum non-comedogenic SPF 50.",Acne
PAT-00647,31,Male,Dry,Dryness,Rough texture and visible fine dry patches,High,No,Preservatives,Forehead,Low,High,Medium,Low,None,Low,Minimal (Cleanser only),Squalane,"Hydrating cream cleanser, multi-molecular HA serum, ceramide-rich barrier cream, hydrating mineral sunscreen.",Dryness
PAT-00648,45,Male,Normal,Dryness,Flaking and tight sensation after cleansing,Low,No,No,Full Face,Low,High,Low,Medium,None,Low,Elaborate (Cleanser + Toner + Serum + Moisturizer + Sunscreen),Squalane,"Hydrating cream cleanser, multi-molecular HA serum, ceramide-rich barrier cream, hydrating mineral sunscreen.",Dryness
PAT-00649,22,Male,Normal,Acne,Inflamed red pimples and occasional pustules,Medium,Yes,No,Full Face,High,Low,Medium,Medium,Moderate,Medium,Basic (Cleanser + Moisturizer),Azelaic Acid,"Gentle foaming cleanser, BHA exfoliation 2-3x/week, oil-free moisturizer, broad-spectrum non-comedogenic SPF 50.",Acne
PAT-00650,22,Female,Normal,Acne,Whiteheads and blackheads on T-zone,Low,Yes,No,T-Zone,High,Low,Medium,Medium,Moderate,High,Moderate (Cleanser + Moisturizer + Sunscreen),Zinc PCA,"Gentle foaming cleanser, BHA exfoliation 2-3x/week, oil-free moisturizer, broad-spectrum non-comedogenic SPF 50.",Acne
PAT-00651,29,Male,Oily,Acne,Tender red bumps along jawline and cheeks,Medium,Yes,No,Cheeks,High,Low,High,Medium,Severe,High,Elaborate (Cleanser + Toner + Serum + Moisturizer + Sunscreen),Salicylic Acid,"Gentle foaming cleanser, BHA exfoliation 2-3x/week, oil-free moisturizer, broad-spectrum non-comedogenic SPF 50.",Acne
PAT-00652,46,Male,Oily,No major concern,Smooth texture with no persistent discomfort,Low,No,None,T-Zone,Low,Medium,Low,Low,None,Low,Minimal (Cleanser only),Hyaluronic Acid,"Gentle daily cleanser, lightweight antioxidant hydrating gel, daily SPF 50 sunscreen maintenance.",No major concern
PAT-00653,46,Male,Sensitive,Hyperpigmentation,Dark spots and uneven skin tone from previous acne,Low,Yes,None,Full Face,High,Low,Low,High,Mild,High,Moderate (Cleanser + Moisturizer + Sunscreen),Vitamin C,"Antioxidant brightening serum, daily broad-spectrum SPF 50+ reapplication, gentle exfoliating tonic, soothing moisturizer.",Hyperpigmentation
PAT-00654,32,Female,Combination,No major concern,Smooth texture with no persistent discomfort,Low,No,No,T-Zone,Low,Low,Low,Low,None,Medium,Basic (Cleanser + Moisturizer),Hyaluronic Acid,"Gentle daily cleanser, lightweight antioxidant hydrating gel, daily SPF 50 sunscreen maintenance.",No major concern
PAT-00655,35,Male,Sensitive,Redness,Sensitivity to wind and skin barrier discomfort,High,No,Fragrance,Nose and Cheeks,High,Medium,High,Low,Mild,Medium,Elaborate (Cleanser + Toner + Serum + Moisturizer + Sunscreen),Allantoin,"Calming micellar water, barrier-restoring cica cream, fragrance-free physical zinc sunscreen, avoiding thermal/harsh triggers.",Redness
PAT-00656,18,Female,Oily,Acne,Inflamed red pimples and occasional pustules,High,Yes,No,Jawline,High,Low,High,Low,Severe,Medium,Elaborate (Cleanser + Toner + Serum + Moisturizer + Sunscreen),Salicylic Acid,"Gentle foaming cleanser, BHA exfoliation 2-3x/week, oil-free moisturizer, broad-spectrum non-comedogenic SPF 50.",Acne
PAT-00657,17,Male,Normal,No major concern,Balanced skin with occasional minor shine,Medium,No,None,Full Face,Medium,Low,Low,Low,None,Medium,Basic (Cleanser + Moisturizer),Niacinamide,"Gentle daily cleanser, lightweight antioxidant hydrating gel, daily SPF 50 sunscreen maintenance.",No major concern
PAT-00658,28,Male,Sensitive,Dryness,Ashy skin tone and lack of suppleness,Low,No,No,Forehead,Low,High,Low,Low,None,Medium,Moderate (Cleanser + Moisturizer + Sunscreen),Ceramides,"Hydrating cream cleanser, multi-molecular HA serum, ceramide-rich barrier cream, hydrating mineral sunscreen.",Dryness
PAT-00659,25,Female,Oily,Acne,Clogged pores with recurring breakouts,Low,Yes,No,Cheeks,High,Low,Medium,Low,Mild,Medium,Basic (Cleanser + Moisturizer),Salicylic Acid,"Gentle foaming cleanser, BHA exfoliation 2-3x/week, oil-free moisturizer, broad-spectrum non-comedogenic SPF 50.",Acne
PAT-00660,34,Female,Normal,No major concern,Balanced skin with occasional minor shine,Low,No,None,Full Face,Low,Low,Low,Low,None,High,Moderate (Cleanser + Moisturizer + Sunscreen),Niacinamide,"Gentle daily cleanser, lightweight antioxidant hydrating gel, daily SPF 50 sunscreen maintenance.",No major concern
PAT-00661,31,Male,Dry,Dryness,"Persistent tightness and dull, parched skin",High,No,No,Full Face,Low,High,Medium,Medium,None,Low,Basic (Cleanser + Moisturizer),Glycerin,"Hydrating cream cleanser, multi-molecular HA serum, ceramide-rich barrier cream, hydrating mineral sunscreen.",Dryness
PAT-00662,23,Female,Dry,Dryness,"Persistent tightness and dull, parched skin",Medium,No,No,Cheeks,Low,Medium,Low,Low,None,Low,Basic (Cleanser + Moisturizer),Ceramides,"Hydrating cream cleanser, multi-molecular HA serum, ceramide-rich barrier cream, hydrating mineral sunscreen.",Dryness
PAT-00663,22,Female,Normal,Hyperpigmentation,Melasma-like discoloration on cheeks and upper lip,High,Yes,Essential Oils,Cheeks,Low,Low,Low,High,None,High,Minimal (Cleanser only),Alpha Arbutin,"Antioxidant brightening serum, daily broad-spectrum SPF 50+ reapplication, gentle exfoliating tonic, soothing moisturizer.",Hyperpigmentation
PAT-00664,17,Female,Oily,Acne,Inflamed red pimples and occasional pustules,High,Yes,No,Jawline,High,Low,High,Medium,Mild,High,Elaborate (Cleanser + Toner + Serum + Moisturizer + Sunscreen),Niacinamide,"Gentle foaming cleanser, BHA exfoliation 2-3x/week, oil-free moisturizer, broad-spectrum non-comedogenic SPF 50.",Acne
PAT-00665,15,Female,Combination,Acne,Occasional cystic breakouts and oily shine,Low,Yes,None,Cheeks,Medium,Medium,Low,Low,Moderate,Medium,Elaborate (Cleanser + Toner + Serum + Moisturizer + Sunscreen),Tea Tree Extract,"Gentle foaming cleanser, BHA exfoliation 2-3x/week, oil-free moisturizer, broad-spectrum non-comedogenic SPF 50.",Acne
PAT-00666,26,Male,Normal,Dryness,Flaking and tight sensation after cleansing,High,No,Fragrance,Around Mouth,Low,Medium,Low,Medium,None,Low,Basic (Cleanser + Moisturizer),Glycerin,"Hydrating cream cleanser, multi-molecular HA serum, ceramide-rich barrier cream, hydrating mineral sunscreen.",Dryness
PAT-00667,56,Male,Dry,Dryness,Flaking and tight sensation after cleansing,Medium,No,No,Forehead,Low,Medium,Medium,Low,None,Low,Moderate (Cleanser + Moisturizer + Sunscreen),Hyaluronic Acid,"Hydrating cream cleanser, multi-molecular HA serum, ceramide-rich barrier cream, hydrating mineral sunscreen.",Dryness
PAT-00668,48,Female,Normal,Dryness,Scaling and irritation with seasonal change,Low,No,No,Forehead,Low,High,Low,Low,None,Medium,Minimal (Cleanser only),Centella Asiatica,"Hydrating cream cleanser, multi-molecular HA serum, ceramide-rich barrier cream, hydrating mineral sunscreen.",Dryness
PAT-00669,38,Male,Sensitive,Redness,Rosacea-like cheek flushing and burning feeling,High,No,Yes,Cheeks,Medium,Medium,High,Low,None,Medium,Moderate (Cleanser + Moisturizer + Sunscreen),Centella Asiatica,"Calming micellar water, barrier-restoring cica cream, fragrance-free physical zinc sunscreen, avoiding thermal/harsh triggers.",Redness
PAT-00670,43,Male,Dry,Dryness,Rough texture and visible fine dry patches,High,No,No,Full Face,Low,High,Low,Low,None,High,Moderate (Cleanser + Moisturizer + Sunscreen),Glycerin,"Hydrating cream cleanser, multi-molecular HA serum, ceramide-rich barrier cream, hydrating mineral sunscreen.",Dryness
PAT-00671,17,Female,Combination,No major concern,"No noticeable irritation, balanced oil and moisture",Low,No,No,None,Medium,Low,Low,Low,None,High,Minimal (Cleanser only),Peptides,"Gentle daily cleanser, lightweight antioxidant hydrating gel, daily SPF 50 sunscreen maintenance.",No major concern
PAT-00672,33,Female,Normal,Hyperpigmentation,Melasma-like discoloration on cheeks and upper lip,Medium,No,No,Forehead,Low,Low,Medium,High,None,Medium,Minimal (Cleanser only),Tranexamic Acid,"Antioxidant brightening serum, daily broad-spectrum SPF 50+ reapplication, gentle exfoliating tonic, soothing moisturizer.",Hyperpigmentation
PAT-00673,32,Male,Sensitive,Hyperpigmentation,Dark spots and uneven skin tone from previous acne,Medium,No,No,Cheeks and Nose,High,Medium,Medium,High,Mild,High,Minimal (Cleanser only),Vitamin C,"Antioxidant brightening serum, daily broad-spectrum SPF 50+ reapplication, gentle exfoliating tonic, soothing moisturizer.",Hyperpigmentation
PAT-00674,22,Female,Dry,Dryness,Flaking and tight sensation after cleansing,High,No,No,Around Mouth,Low,High,Low,Low,None,Medium,Basic (Cleanser + Moisturizer),Glycerin,"Hydrating cream cleanser, multi-molecular HA serum, ceramide-rich barrier cream, hydrating mineral sunscreen.",Dryness
PAT-00675,39,Male,Combination,Hyperpigmentation,Dark spots and uneven skin tone from previous acne,Low,Yes,No,Forehead,High,Low,Low,High,None,High,Minimal (Cleanser only),Alpha Arbutin,"Antioxidant brightening serum, daily broad-spectrum SPF 50+ reapplication, gentle exfoliating tonic, soothing moisturizer.",Hyperpigmentation
PAT-00676,46,Male,Combination,Hyperpigmentation,Melasma-like discoloration on cheeks and upper lip,Medium,No,No,Full Face,High,Medium,Low,High,None,Medium,Moderate (Cleanser + Moisturizer + Sunscreen),Vitamin C,"Antioxidant brightening serum, daily broad-spectrum SPF 50+ reapplication, gentle exfoliating tonic, soothing moisturizer.",Hyperpigmentation
PAT-00677,38,Male,Combination,No major concern,Even complexion with no active breakouts or irritation,Low,No,None,Full Face,Medium,Low,Low,Low,None,High,Moderate (Cleanser + Moisturizer + Sunscreen),Vitamin C,"Gentle daily cleanser, lightweight antioxidant hydrating gel, daily SPF 50 sunscreen maintenance.",No major concern
PAT-00678,40,Male,Oily,Hyperpigmentation,Dark spots and uneven skin tone from previous acne,Low,Yes,No,Full Face,High,Low,Low,Medium,None,High,Elaborate (Cleanser + Toner + Serum + Moisturizer + Sunscreen),Vitamin C,"Antioxidant brightening serum, daily broad-spectrum SPF 50+ reapplication, gentle exfoliating tonic, soothing moisturizer.",Hyperpigmentation
PAT-00679,24,Female,Combination,Acne,Occasional cystic breakouts and oily shine,Low,Yes,No,T-Zone,High,Low,Medium,Low,Mild,Low,Moderate (Cleanser + Moisturizer + Sunscreen),Salicylic Acid,"Gentle foaming cleanser, BHA exfoliation 2-3x/week, oil-free moisturizer, broad-spectrum non-comedogenic SPF 50.",Acne
PAT-00680,30,Male,Oily,Acne,Tender red bumps along jawline and cheeks,Medium,Yes,Essential Oils,Jawline,Low,Low,Medium,Low,Moderate,Medium,Moderate (Cleanser + Moisturizer + Sunscreen),Salicylic Acid,"Gentle foaming cleanser, BHA exfoliation 2-3x/week, oil-free moisturizer, broad-spectrum non-comedogenic SPF 50.",Acne
PAT-00681,18,Male,Oily,Acne,Tender red bumps along jawline and cheeks,Medium,Yes,Essential Oils,Full Face,High,Medium,High,Low,Moderate,Medium,Basic (Cleanser + Moisturizer),Azelaic Acid,"Gentle foaming cleanser, BHA exfoliation 2-3x/week, oil-free moisturizer, broad-spectrum non-comedogenic SPF 50.",Acne
PAT-00682,31,Female,Combination,Acne,Inflamed red pimples and occasional pustules,Medium,No,No,Forehead,Low,Medium,Medium,High,Severe,Medium,Minimal (Cleanser only),Niacinamide,"Gentle foaming cleanser, BHA exfoliation 2-3x/week, oil-free moisturizer, broad-spectrum non-comedogenic SPF 50.",Acne
PAT-00683,26,Male,Oily,Hyperpigmentation,Sun spots and localized brown patches on cheeks,Low,No,No,Cheeks,Medium,Medium,Medium,Medium,None,High,Minimal (Cleanser only),Kojic Acid,"Antioxidant brightening serum, daily broad-spectrum SPF 50+ reapplication, gentle exfoliating tonic, soothing moisturizer.",Hyperpigmentation
PAT-00684,19,Male,Combination,No major concern,Smooth texture with no persistent discomfort,Low,No,No,Full Face,Low,Low,Low,Low,None,High,Elaborate (Cleanser + Toner + Serum + Moisturizer + Sunscreen),Hyaluronic Acid,"Gentle daily cleanser, lightweight antioxidant hydrating gel, daily SPF 50 sunscreen maintenance.",No major concern
PAT-00685,21,Female,Combination,Hyperpigmentation,Melasma-like discoloration on cheeks and upper lip,Medium,Yes,No,Forehead,Low,Low,Medium,High,None,Low,Basic (Cleanser + Moisturizer),Vitamin C,"Antioxidant brightening serum, daily broad-spectrum SPF 50+ reapplication, gentle exfoliating tonic, soothing moisturizer.",Hyperpigmentation
PAT-00686,24,Male,Combination,Acne,Occasional cystic breakouts and oily shine,Medium,Yes,No,Jawline,High,High,Low,Medium,Moderate,High,Basic (Cleanser + Moisturizer),Niacinamide,"Gentle foaming cleanser, BHA exfoliation 2-3x/week, oil-free moisturizer, broad-spectrum non-comedogenic SPF 50.",Acne
PAT-00687,29,Female,Oily,Acne,Inflamed red pimples and occasional pustules,Medium,Yes,No,Jawline,High,Medium,Medium,Medium,Moderate,High,Moderate (Cleanser + Moisturizer + Sunscreen),Salicylic Acid,"Gentle foaming cleanser, BHA exfoliation 2-3x/week, oil-free moisturizer, broad-spectrum non-comedogenic SPF 50.",Acne
PAT-00688,15,Female,Sensitive,Acne,Whiteheads and blackheads on T-zone,Medium,No,No,Full Face,Medium,Medium,High,Low,Moderate,Low,Moderate (Cleanser + Moisturizer + Sunscreen),Salicylic Acid,"Gentle foaming cleanser, BHA exfoliation 2-3x/week, oil-free moisturizer, broad-spectrum non-comedogenic SPF 50.",Acne
PAT-00689,41,Male,Dry,Dryness,Ashy skin tone and lack of suppleness,Medium,No,No,Cheeks,Low,Medium,Medium,Low,None,High,Basic (Cleanser + Moisturizer),Glycerin,"Hydrating cream cleanser, multi-molecular HA serum, ceramide-rich barrier cream, hydrating mineral sunscreen.",Dryness
PAT-00690,21,Male,Normal,No major concern,"No noticeable irritation, balanced oil and moisture",Low,Yes,None,Full Face,Low,Low,Low,Low,None,Low,Elaborate (Cleanser + Toner + Serum + Moisturizer + Sunscreen),Niacinamide,"Gentle daily cleanser, lightweight antioxidant hydrating gel, daily SPF 50 sunscreen maintenance.",No major concern
PAT-00691,45,Male,Dry,Dryness,"Persistent tightness and dull, parched skin",High,No,No,Around Mouth,Low,High,Medium,Medium,None,Low,Moderate (Cleanser + Moisturizer + Sunscreen),Ceramides,"Hydrating cream cleanser, multi-molecular HA serum, ceramide-rich barrier cream, hydrating mineral sunscreen.",Dryness
PAT-00692,29,Male,Dry,Hyperpigmentation,Dull complexion with patchy sun discoloration,Medium,Yes,No,Cheeks and Nose,Low,Low,Low,Medium,Mild,High,Minimal (Cleanser only),Alpha Arbutin,"Antioxidant brightening serum, daily broad-spectrum SPF 50+ reapplication, gentle exfoliating tonic, soothing moisturizer.",Hyperpigmentation
PAT-00693,60,Female,Dry,Dryness,Ashy skin tone and lack of suppleness,High,Yes,Preservatives,Full Face,Low,High,Medium,Low,None,Medium,Elaborate (Cleanser + Toner + Serum + Moisturizer + Sunscreen),Squalane,"Hydrating cream cleanser, multi-molecular HA serum, ceramide-rich barrier cream, hydrating mineral sunscreen.",Dryness
PAT-00694,41,Female,Combination,Dryness,Ashy skin tone and lack of suppleness,Low,No,No,Forehead,Medium,Medium,Low,Low,None,Low,Basic (Cleanser + Moisturizer),Centella Asiatica,"Hydrating cream cleanser, multi-molecular HA serum, ceramide-rich barrier cream, hydrating mineral sunscreen.",Dryness
PAT-00695,29,Male,Oily,Acne,Inflamed red pimples and occasional pustules,Medium,Yes,Essential Oils,T-Zone,High,Low,High,Low,Mild,Medium,Elaborate (Cleanser + Toner + Serum + Moisturizer + Sunscreen),Salicylic Acid,"Gentle foaming cleanser, BHA exfoliation 2-3x/week, oil-free moisturizer, broad-spectrum non-comedogenic SPF 50.",Acne
PAT-00696,27,Male,Dry,Dandruff,Greasy scalp scaling and mild scalp irritation,Medium,Yes,No,Scalp and Upper Forehead,Medium,Medium,Low,Low,None,Medium,Moderate (Cleanser + Moisturizer + Sunscreen),Ketoconazole,"Anti-dandruff clarifying shampoo 2-3x weekly, scalp soothing tonic with panthenol, avoiding scalding water showers.",Dandruff
PAT-00697,25,Male,Normal,Hyperpigmentation,Post-inflammatory dark marks across forehead,Low,Yes,No,Cheeks,Medium,Low,Low,High,None,High,Elaborate (Cleanser + Toner + Serum + Moisturizer + Sunscreen),Vitamin C,"Antioxidant brightening serum, daily broad-spectrum SPF 50+ reapplication, gentle exfoliating tonic, soothing moisturizer.",Hyperpigmentation
PAT-00698,27,Female,Normal,No major concern,Balanced skin with occasional minor shine,Low,No,No,Full Face,Low,Low,Low,Low,None,Medium,Basic (Cleanser + Moisturizer),Hyaluronic Acid,"Gentle daily cleanser, lightweight antioxidant hydrating gel, daily SPF 50 sunscreen maintenance.",No major concern
PAT-00699,37,Female,Dry,Dryness,Scaling and irritation with seasonal change,Medium,No,No,Cheeks,Low,High,Low,Low,None,High,Basic (Cleanser + Moisturizer),Hyaluronic Acid,"Hydrating cream cleanser, multi-molecular HA serum, ceramide-rich barrier cream, hydrating mineral sunscreen.",Dryness
PAT-00700,22,Female,Combination,Hyperpigmentation,Dark spots and uneven skin tone from previous acne,Medium,Yes,No,Cheeks,Medium,Low,Low,High,None,High,Basic (Cleanser + Moisturizer),Alpha Arbutin,"Antioxidant brightening serum, daily broad-spectrum SPF 50+ reapplication, gentle exfoliating tonic, soothing moisturizer.",Hyperpigmentation
PAT-00701,34,Female,Oily,Hyperpigmentation,Post-inflammatory dark marks across forehead,Medium,No,None,Cheeks and Nose,Medium,Low,Low,High,Mild,High,Minimal (Cleanser only),Vitamin C,"Antioxidant brightening serum, daily broad-spectrum SPF 50+ reapplication, gentle exfoliating tonic, soothing moisturizer.",Hyperpigmentation
PAT-00702,37,Male,Dry,Redness,Sensitivity to wind and skin barrier discomfort,High,No,Essential Oils,Nose and Cheeks,High,High,High,Low,Mild,High,Elaborate (Cleanser + Toner + Serum + Moisturizer + Sunscreen),Centella Asiatica,"Calming micellar water, barrier-restoring cica cream, fragrance-free physical zinc sunscreen, avoiding thermal/harsh triggers.",Redness
PAT-00703,22,Male,Dry,Dandruff,Persistent scalp dandruff and mild redness at hair root,Low,No,No,Scalp and Upper Forehead,High,Medium,Low,Low,None,Low,Minimal (Cleanser only),Zinc Pyrithione,"Anti-dandruff clarifying shampoo 2-3x weekly, scalp soothing tonic with panthenol, avoiding scalding water showers.",Dandruff
PAT-00704,20,Female,Oily,Hyperpigmentation,Sun spots and localized brown patches on cheeks,High,Yes,No,Forehead,Medium,Low,Low,High,None,High,Moderate (Cleanser + Moisturizer + Sunscreen),Alpha Arbutin,"Antioxidant brightening serum, daily broad-spectrum SPF 50+ reapplication, gentle exfoliating tonic, soothing moisturizer.",Hyperpigmentation
PAT-00705,21,Female,Combination,Hyperpigmentation,Post-inflammatory dark marks across forehead,Low,No,None,Cheeks and Nose,Medium,Low,Low,High,None,Medium,Moderate (Cleanser + Moisturizer + Sunscreen),Alpha Arbutin,"Antioxidant brightening serum, daily broad-spectrum SPF 50+ reapplication, gentle exfoliating tonic, soothing moisturizer.",Hyperpigmentation
PAT-00706,33,Female,Normal,No major concern,Healthy skin barrier with minimal seasonal dryness,Medium,Yes,No,T-Zone,Low,Low,Low,Low,None,Low,Basic (Cleanser + Moisturizer),Hyaluronic Acid,"Gentle daily cleanser, lightweight antioxidant hydrating gel, daily SPF 50 sunscreen maintenance.",No major concern
PAT-00707,39,Male,Combination,Hyperpigmentation,Sun spots and localized brown patches on cheeks,High,Yes,None,Cheeks,Medium,Low,Medium,High,None,High,Basic (Cleanser + Moisturizer),Alpha Arbutin,"Antioxidant brightening serum, daily broad-spectrum SPF 50+ reapplication, gentle exfoliating tonic, soothing moisturizer.",Hyperpigmentation
PAT-00708,32,Male,Normal,Hyperpigmentation,Sun spots and localized brown patches on cheeks,Low,No,None,Cheeks and Nose,Medium,Low,Medium,High,None,High,Elaborate (Cleanser + Toner + Serum + Moisturizer + Sunscreen),Alpha Arbutin,"Antioxidant brightening serum, daily broad-spectrum SPF 50+ reapplication, gentle exfoliating tonic, soothing moisturizer.",Hyperpigmentation
PAT-00709,30,Female,Oily,Acne,Tender red bumps along jawline and cheeks,Medium,No,No,T-Zone,Medium,Low,High,Low,Mild,Medium,Moderate (Cleanser + Moisturizer + Sunscreen),Niacinamide,"Gentle foaming cleanser, BHA exfoliation 2-3x/week, oil-free moisturizer, broad-spectrum non-comedogenic SPF 50.",Acne
PAT-00710,25,Male,Oily,Dandruff,"Scalp tightness, flaking, and itching after sweat",Low,Yes,No,Hairline,High,High,Low,Low,None,Medium,Elaborate (Cleanser + Toner + Serum + Moisturizer + Sunscreen),Selenium Sulfide,"Anti-dandruff clarifying shampoo 2-3x weekly, scalp soothing tonic with panthenol, avoiding scalding water showers.",Dandruff
PAT-00711,28,Female,Oily,Acne,Whiteheads and blackheads on T-zone,Medium,Yes,No,T-Zone,High,Low,High,High,Mild,High,Basic (Cleanser + Moisturizer),Niacinamide,"Gentle foaming cleanser, BHA exfoliation 2-3x/week, oil-free moisturizer, broad-spectrum non-comedogenic SPF 50.",Acne
PAT-00712,15,Female,Normal,No major concern,"No noticeable irritation, balanced oil and moisture",Low,Yes,No,Full Face,Medium,Low,Low,Low,None,Medium,Basic (Cleanser + Moisturizer),Ceramides,"Gentle daily cleanser, lightweight antioxidant hydrating gel, daily SPF 50 sunscreen maintenance.",No major concern
PAT-00713,25,Female,Combination,Redness,Stinging sensation and reactive redness to heat,High,No,Alcohol,Cheeks,Medium,Medium,High,Low,None,High,Basic (Cleanser + Moisturizer),Azelaic Acid,"Calming micellar water, barrier-restoring cica cream, fragrance-free physical zinc sunscreen, avoiding thermal/harsh triggers.",Redness
PAT-00714,26,Female,Dry,Dandruff,"Scalp tightness, flaking, and itching after sweat",Low,No,No,Scalp and Upper Forehead,High,High,Medium,Low,None,Medium,Minimal (Cleanser only),Selenium Sulfide,"Anti-dandruff clarifying shampoo 2-3x weekly, scalp soothing tonic with panthenol, avoiding scalding water showers.",Dandruff
PAT-00715,21,Female,Oily,Acne,Clogged pores with recurring breakouts,Low,Yes,No,Cheeks,High,Low,High,Medium,Moderate,High,Minimal (Cleanser only),Salicylic Acid,"Gentle foaming cleanser, BHA exfoliation 2-3x/week, oil-free moisturizer, broad-spectrum non-comedogenic SPF 50.",Acne
PAT-00716,19,Female,Oily,Acne,Occasional cystic breakouts and oily shine,High,No,No,Full Face,High,Low,Medium,Medium,Mild,Low,Basic (Cleanser + Moisturizer),Salicylic Acid,"Gentle foaming cleanser, BHA exfoliation 2-3x/week, oil-free moisturizer, broad-spectrum non-comedogenic SPF 50.",Acne
PAT-00717,36,Male,Combination,No major concern,Healthy skin barrier with minimal seasonal dryness,Low,No,No,Full Face,Low,Medium,Low,Low,None,Medium,Basic (Cleanser + Moisturizer),Peptides,"Gentle daily cleanser, lightweight antioxidant hydrating gel, daily SPF 50 sunscreen maintenance.",No major concern
PAT-00718,36,Male,Normal,No major concern,Balanced skin with occasional minor shine,Low,No,No,Full Face,Medium,Low,Low,Low,None,Medium,Basic (Cleanser + Moisturizer),Niacinamide,"Gentle daily cleanser, lightweight antioxidant hydrating gel, daily SPF 50 sunscreen maintenance.",No major concern
PAT-00719,28,Male,Oily,Acne,Inflamed red pimples and occasional pustules,Medium,Yes,No,Jawline,High,High,Medium,Low,Mild,High,Moderate (Cleanser + Moisturizer + Sunscreen),Niacinamide,"Gentle foaming cleanser, BHA exfoliation 2-3x/week, oil-free moisturizer, broad-spectrum non-comedogenic SPF 50.",Acne
PAT-00720,36,Male,Sensitive,Redness,Sensitivity to wind and skin barrier discomfort,Medium,No,Essential Oils,Full Face,Medium,Medium,Medium,Medium,None,Low,Minimal (Cleanser only),Allantoin,"Calming micellar water, barrier-restoring cica cream, fragrance-free physical zinc sunscreen, avoiding thermal/harsh triggers.",Redness
PAT-00721,33,Male,Normal,No major concern,Balanced skin with occasional minor shine,Medium,No,No,Full Face,Low,Low,Low,Low,None,Medium,Elaborate (Cleanser + Toner + Serum + Moisturizer + Sunscreen),Peptides,"Gentle daily cleanser, lightweight antioxidant hydrating gel, daily SPF 50 sunscreen maintenance.",No major concern
PAT-00722,18,Male,Dry,Hyperpigmentation,Dark spots and uneven skin tone from previous acne,Low,Yes,No,Full Face,Medium,Low,Medium,High,Mild,High,Minimal (Cleanser only),Vitamin C,"Antioxidant brightening serum, daily broad-spectrum SPF 50+ reapplication, gentle exfoliating tonic, soothing moisturizer.",Hyperpigmentation
PAT-00723,15,Male,Oily,Acne,Tender red bumps along jawline and cheeks,Medium,Yes,No,T-Zone,Medium,Low,Medium,Medium,Moderate,High,Basic (Cleanser + Moisturizer),Niacinamide,"Gentle foaming cleanser, BHA exfoliation 2-3x/week, oil-free moisturizer, broad-spectrum non-comedogenic SPF 50.",Acne
PAT-00724,26,Female,Combination,Acne,Tender red bumps along jawline and cheeks,Medium,No,Fragrance,Jawline,High,Low,Medium,Low,Moderate,Medium,Minimal (Cleanser only),Niacinamide,"Gentle foaming cleanser, BHA exfoliation 2-3x/week, oil-free moisturizer, broad-spectrum non-comedogenic SPF 50.",Acne
PAT-00725,31,Female,Oily,Acne,Tender red bumps along jawline and cheeks,Medium,Yes,No,Cheeks,High,Low,High,Low,Mild,Medium,Moderate (Cleanser + Moisturizer + Sunscreen),Salicylic Acid,"Gentle foaming cleanser, BHA exfoliation 2-3x/week, oil-free moisturizer, broad-spectrum non-comedogenic SPF 50.",Acne
PAT-00726,40,Male,Dry,Dryness,Rough texture and visible fine dry patches,Medium,No,No,Around Mouth,Low,High,High,Low,None,Low,Moderate (Cleanser + Moisturizer + Sunscreen),Ceramides,"Hydrating cream cleanser, multi-molecular HA serum, ceramide-rich barrier cream, hydrating mineral sunscreen.",Dryness
PAT-00727,26,Female,Normal,Dryness,Rough texture and visible fine dry patches,Medium,No,Fragrance,Cheeks,Low,Medium,Medium,Medium,None,Low,Basic (Cleanser + Moisturizer),Squalane,"Hydrating cream cleanser, multi-molecular HA serum, ceramide-rich barrier cream, hydrating mineral sunscreen.",Dryness
PAT-00728,33,Female,Sensitive,Redness,Sensitivity to wind and skin barrier discomfort,High,No,None,T-Zone,Low,Medium,High,Low,None,Low,Minimal (Cleanser only),Azelaic Acid,"Calming micellar water, barrier-restoring cica cream, fragrance-free physical zinc sunscreen, avoiding thermal/harsh triggers.",Redness
PAT-00729,21,Male,Oily,Dandruff,Dry flaking along hairline and upper forehead,Low,Yes,None,Hairline,High,Medium,Low,Low,None,High,Basic (Cleanser + Moisturizer),Tea Tree Oil,"Anti-dandruff clarifying shampoo 2-3x weekly, scalp soothing tonic with panthenol, avoiding scalding water showers.",Dandruff
PAT-00730,27,Female,Oily,Dandruff,Greasy scalp scaling and mild scalp irritation,Low,No,No,Scalp and Upper Forehead,High,Medium,Low,Low,None,High,Basic (Cleanser + Moisturizer),Salicylic Acid,"Anti-dandruff clarifying shampoo 2-3x weekly, scalp soothing tonic with panthenol, avoiding scalding water showers.",Dandruff
PAT-00731,16,Male,Sensitive,Dryness,Scaling and irritation with seasonal change,High,No,Fragrance,Around Mouth,Low,High,Medium,Low,None,Medium,Elaborate (Cleanser + Toner + Serum + Moisturizer + Sunscreen),Hyaluronic Acid,"Hydrating cream cleanser, multi-molecular HA serum, ceramide-rich barrier cream, hydrating mineral sunscreen.",Dryness
PAT-00732,24,Female,Oily,Acne,Tender red bumps along jawline and cheeks,High,Yes,Preservatives,Forehead,High,Low,Medium,Medium,Moderate,Low,Basic (Cleanser + Moisturizer),Salicylic Acid,"Gentle foaming cleanser, BHA exfoliation 2-3x/week, oil-free moisturizer, broad-spectrum non-comedogenic SPF 50.",Acne
PAT-00733,22,Male,Combination,Acne,Clogged pores with recurring breakouts,High,Yes,Fragrance,Full Face,High,Low,Medium,High,Mild,High,Basic (Cleanser + Moisturizer),Azelaic Acid,"Gentle foaming cleanser, BHA exfoliation 2-3x/week, oil-free moisturizer, broad-spectrum non-comedogenic SPF 50.",Acne
PAT-00734,40,Male,Oily,Hyperpigmentation,Post-inflammatory dark marks across forehead,Medium,Yes,No,Cheeks,High,Medium,Medium,Medium,Mild,High,Elaborate (Cleanser + Toner + Serum + Moisturizer + Sunscreen),Niacinamide,"Antioxidant brightening serum, daily broad-spectrum SPF 50+ reapplication, gentle exfoliating tonic, soothing moisturizer.",Hyperpigmentation
PAT-00735,33,Female,Normal,No major concern,"No noticeable irritation, balanced oil and moisture",Low,No,None,Full Face,Low,Medium,Low,Low,None,Medium,Basic (Cleanser + Moisturizer),Hyaluronic Acid,"Gentle daily cleanser, lightweight antioxidant hydrating gel, daily SPF 50 sunscreen maintenance.",No major concern
PAT-00736,26,Male,Combination,Dandruff,Greasy scalp scaling and mild scalp irritation,Low,No,No,Scalp and Upper Forehead,Medium,Medium,Low,Low,None,High,Basic (Cleanser + Moisturizer),Ketoconazole,"Anti-dandruff clarifying shampoo 2-3x weekly, scalp soothing tonic with panthenol, avoiding scalding water showers.",Dandruff
PAT-00737,16,Female,Sensitive,Redness,Sensitivity to wind and skin barrier discomfort,High,No,Essential Oils,Cheeks,Medium,Medium,High,Low,None,Low,Basic (Cleanser + Moisturizer),Allantoin,"Calming micellar water, barrier-restoring cica cream, fragrance-free physical zinc sunscreen, avoiding thermal/harsh triggers.",Redness
PAT-00738,20,Female,Sensitive,Redness,Rosacea-like cheek flushing and burning feeling,Medium,No,Yes,Nose and Cheeks,Low,Low,Medium,Medium,None,Medium,Basic (Cleanser + Moisturizer),Centella Asiatica,"Calming micellar water, barrier-restoring cica cream, fragrance-free physical zinc sunscreen, avoiding thermal/harsh triggers.",Redness
PAT-00739,35,Male,Dry,Dryness,Ashy skin tone and lack of suppleness,Medium,No,No,Around Mouth,Low,High,Medium,Low,None,Medium,Moderate (Cleanser + Moisturizer + Sunscreen),Glycerin,"Hydrating cream cleanser, multi-molecular HA serum, ceramide-rich barrier cream, hydrating mineral sunscreen.",Dryness
PAT-00740,28,Male,Dry,Redness,Rosacea-like cheek flushing and burning feeling,High,Yes,Yes,Nose and Cheeks,High,Medium,Medium,Medium,Mild,Medium,Basic (Cleanser + Moisturizer),Allantoin,"Calming micellar water, barrier-restoring cica cream, fragrance-free physical zinc sunscreen, avoiding thermal/harsh triggers.",Redness
PAT-00741,36,Female,Dry,No major concern,"No noticeable irritation, balanced oil and moisture",Low,No,No,T-Zone,Medium,Low,Low,Low,None,Medium,Basic (Cleanser + Moisturizer),Vitamin C,"Gentle daily cleanser, lightweight antioxidant hydrating gel, daily SPF 50 sunscreen maintenance.",No major concern
PAT-00742,43,Female,Combination,Dandruff,Greasy scalp scaling and mild scalp irritation,High,Yes,Fragrance,Scalp and Upper Forehead,High,Medium,Low,Low,None,Low,Basic (Cleanser + Moisturizer),Selenium Sulfide,"Anti-dandruff clarifying shampoo 2-3x weekly, scalp soothing tonic with panthenol, avoiding scalding water showers.",Dandruff
PAT-00743,34,Male,Oily,Dandruff,Itchy scalp with visible white/yellow flakes,High,Yes,No,Hairline,Medium,Medium,Medium,Low,None,Medium,Basic (Cleanser + Moisturizer),Zinc Pyrithione,"Anti-dandruff clarifying shampoo 2-3x weekly, scalp soothing tonic with panthenol, avoiding scalding water showers.",Dandruff
PAT-00744,53,Male,Normal,No major concern,Even complexion with no active breakouts or irritation,Low,No,No,None,Low,Low,Low,Low,None,Medium,Basic (Cleanser + Moisturizer),Niacinamide,"Gentle daily cleanser, lightweight antioxidant hydrating gel, daily SPF 50 sunscreen maintenance.",No major concern
PAT-00745,43,Female,Sensitive,Redness,Persistent facial flushing and visible capillaries,Medium,No,Essential Oils,Cheeks,Low,Medium,High,Low,None,Medium,Basic (Cleanser + Moisturizer),Allantoin,"Calming micellar water, barrier-restoring cica cream, fragrance-free physical zinc sunscreen, avoiding thermal/harsh triggers.",Redness
PAT-00746,50,Male,Dry,Dryness,Flaking and tight sensation after cleansing,Medium,No,No,Around Mouth,Low,High,Medium,Low,None,High,Minimal (Cleanser only),Hyaluronic Acid,"Hydrating cream cleanser, multi-molecular HA serum, ceramide-rich barrier cream, hydrating mineral sunscreen.",Dryness
PAT-00747,29,Female,Dry,Dryness,Scaling and irritation with seasonal change,Medium,No,Fragrance,Cheeks,Low,Medium,Low,Low,None,Medium,Moderate (Cleanser + Moisturizer + Sunscreen),Hyaluronic Acid,"Hydrating cream cleanser, multi-molecular HA serum, ceramide-rich barrier cream, hydrating mineral sunscreen.",Dryness
PAT-00748,20,Female,Oily,Acne,Tender red bumps along jawline and cheeks,High,Yes,Essential Oils,Jawline,Medium,Low,High,High,Mild,Medium,Moderate (Cleanser + Moisturizer + Sunscreen),Niacinamide,"Gentle foaming cleanser, BHA exfoliation 2-3x/week, oil-free moisturizer, broad-spectrum non-comedogenic SPF 50.",Acne
PAT-00749,57,Male,Sensitive,Hyperpigmentation,Dull complexion with patchy sun discoloration,High,No,None,Full Face,Low,Low,Low,High,Mild,High,Basic (Cleanser + Moisturizer),Niacinamide,"Antioxidant brightening serum, daily broad-spectrum SPF 50+ reapplication, gentle exfoliating tonic, soothing moisturizer.",Hyperpigmentation
PAT-00750,29,Male,Oily,Acne,Tender red bumps along jawline and cheeks,Medium,Yes,No,Forehead,High,Low,High,Low,Moderate,Medium,Moderate (Cleanser + Moisturizer + Sunscreen),Zinc PCA,"Gentle foaming cleanser, BHA exfoliation 2-3x/week, oil-free moisturizer, broad-spectrum non-comedogenic SPF 50.",Acne
PAT-00751,53,Male,Dry,Dryness,Rough texture and visible fine dry patches,Low,No,No,Cheeks,Low,Medium,Medium,Low,None,Low,Elaborate (Cleanser + Toner + Serum + Moisturizer + Sunscreen),Squalane,"Hydrating cream cleanser, multi-molecular HA serum, ceramide-rich barrier cream, hydrating mineral sunscreen.",Dryness
PAT-00752,41,Male,Dry,Redness,Stinging sensation and reactive redness to heat,High,Yes,Essential Oils,Full Face,Low,High,Medium,Low,None,High,Basic (Cleanser + Moisturizer),Azelaic Acid,"Calming micellar water, barrier-restoring cica cream, fragrance-free physical zinc sunscreen, avoiding thermal/harsh triggers.",Redness
PAT-00753,30,Male,Dry,Dandruff,"Scalp tightness, flaking, and itching after sweat",Medium,No,None,Scalp,High,Medium,Medium,Low,None,High,Moderate (Cleanser + Moisturizer + Sunscreen),Zinc Pyrithione,"Anti-dandruff clarifying shampoo 2-3x weekly, scalp soothing tonic with panthenol, avoiding scalding water showers.",Dandruff
PAT-00754,38,Male,Combination,No major concern,Smooth texture with no persistent discomfort,Low,Yes,No,T-Zone,Low,Low,Low,Low,None,Medium,Moderate (Cleanser + Moisturizer + Sunscreen),Niacinamide,"Gentle daily cleanser, lightweight antioxidant hydrating gel, daily SPF 50 sunscreen maintenance.",No major concern
PAT-00755,30,Male,Dry,Dandruff,Itchy scalp with visible white/yellow flakes,Medium,No,None,Scalp and Upper Forehead,High,Medium,Medium,Low,None,Medium,Moderate (Cleanser + Moisturizer + Sunscreen),Tea Tree Oil,"Anti-dandruff clarifying shampoo 2-3x weekly, scalp soothing tonic with panthenol, avoiding scalding water showers.",Dandruff
PAT-00756,54,Female,Dry,Dryness,Flaking and tight sensation after cleansing,Medium,No,No,Around Mouth,Low,Medium,High,Low,None,Medium,Basic (Cleanser + Moisturizer),Ceramides,"Hydrating cream cleanser, multi-molecular HA serum, ceramide-rich barrier cream, hydrating mineral sunscreen.",Dryness
PAT-00757,21,Male,Normal,No major concern,Balanced skin with occasional minor shine,Low,No,No,T-Zone,Low,Low,Low,Low,None,Low,Moderate (Cleanser + Moisturizer + Sunscreen),Vitamin C,"Gentle daily cleanser, lightweight antioxidant hydrating gel, daily SPF 50 sunscreen maintenance.",No major concern
PAT-00758,55,Male,Dry,Dryness,Flaking and tight sensation after cleansing,Medium,No,No,Cheeks,Low,High,Low,Low,None,Medium,Elaborate (Cleanser + Toner + Serum + Moisturizer + Sunscreen),Hyaluronic Acid,"Hydrating cream cleanser, multi-molecular HA serum, ceramide-rich barrier cream, hydrating mineral sunscreen.",Dryness
PAT-00759,35,Female,Combination,Hyperpigmentation,Melasma-like discoloration on cheeks and upper lip,Medium,Yes,None,Forehead,High,Low,Low,Medium,Mild,High,Elaborate (Cleanser + Toner + Serum + Moisturizer + Sunscreen),Tranexamic Acid,"Antioxidant brightening serum, daily broad-spectrum SPF 50+ reapplication, gentle exfoliating tonic, soothing moisturizer.",Hyperpigmentation
PAT-00760,27,Female,Dry,Hyperpigmentation,Melasma-like discoloration on cheeks and upper lip,Medium,Yes,No,Full Face,Medium,Low,Low,High,None,High,Elaborate (Cleanser + Toner + Serum + Moisturizer + Sunscreen),Niacinamide,"Antioxidant brightening serum, daily broad-spectrum SPF 50+ reapplication, gentle exfoliating tonic, soothing moisturizer.",Hyperpigmentation
PAT-00761,21,Male,Oily,Acne,Tender red bumps along jawline and cheeks,Medium,Yes,None,Full Face,Medium,Low,Medium,Medium,Moderate,Medium,Basic (Cleanser + Moisturizer),Salicylic Acid,"Gentle foaming cleanser, BHA exfoliation 2-3x/week, oil-free moisturizer, broad-spectrum non-comedogenic SPF 50.",Acne
PAT-00762,25,Male,Normal,No major concern,Healthy skin barrier with minimal seasonal dryness,Low,Yes,No,Full Face,Low,Low,Low,Low,None,Low,Minimal (Cleanser only),Vitamin C,"Gentle daily cleanser, lightweight antioxidant hydrating gel, daily SPF 50 sunscreen maintenance.",No major concern
PAT-00763,18,Female,Oily,Hyperpigmentation,Dark spots and uneven skin tone from previous acne,Medium,No,No,Full Face,Low,Medium,Medium,Medium,None,High,Moderate (Cleanser + Moisturizer + Sunscreen),Vitamin C,"Antioxidant brightening serum, daily broad-spectrum SPF 50+ reapplication, gentle exfoliating tonic, soothing moisturizer.",Hyperpigmentation
PAT-00764,40,Male,Dry,Dryness,Scaling and irritation with seasonal change,High,Yes,Essential Oils,Full Face,Low,High,Low,Low,None,Medium,Minimal (Cleanser only),Hyaluronic Acid,"Hydrating cream cleanser, multi-molecular HA serum, ceramide-rich barrier cream, hydrating mineral sunscreen.",Dryness
PAT-00765,43,Male,Dry,Dryness,Flaking and tight sensation after cleansing,High,No,Lanolin,Forehead,Low,High,Medium,Low,None,High,Basic (Cleanser + Moisturizer),Ceramides,"Hydrating cream cleanser, multi-molecular HA serum, ceramide-rich barrier cream, hydrating mineral sunscreen.",Dryness
PAT-00766,23,Female,Combination,Hyperpigmentation,Sun spots and localized brown patches on cheeks,Medium,Yes,No,Cheeks,High,Low,Low,High,None,High,Minimal (Cleanser only),Alpha Arbutin,"Antioxidant brightening serum, daily broad-spectrum SPF 50+ reapplication, gentle exfoliating tonic, soothing moisturizer.",Hyperpigmentation
PAT-00767,16,Female,Sensitive,Redness,Stinging sensation and reactive redness to heat,High,Yes,Alcohol,Nose and Cheeks,Low,Medium,Medium,Low,Mild,Low,Elaborate (Cleanser + Toner + Serum + Moisturizer + Sunscreen),Centella Asiatica,"Calming micellar water, barrier-restoring cica cream, fragrance-free physical zinc sunscreen, avoiding thermal/harsh triggers.",Redness
PAT-00768,35,Female,Normal,No major concern,Even complexion with no active breakouts or irritation,Medium,No,No,T-Zone,Medium,Medium,Low,Low,None,Low,Basic (Cleanser + Moisturizer),Vitamin C,"Gentle daily cleanser, lightweight antioxidant hydrating gel, daily SPF 50 sunscreen maintenance.",No major concern
PAT-00769,16,Male,Oily,Acne,Whiteheads and blackheads on T-zone,Medium,Yes,No,Jawline,High,Low,Low,Low,Severe,High,Elaborate (Cleanser + Toner + Serum + Moisturizer + Sunscreen),Niacinamide,"Gentle foaming cleanser, BHA exfoliation 2-3x/week, oil-free moisturizer, broad-spectrum non-comedogenic SPF 50.",Acne
PAT-00770,17,Male,Dry,Redness,Persistent facial flushing and visible capillaries,High,No,Alcohol,Full Face,Medium,High,High,Low,None,Medium,Minimal (Cleanser only),Centella Asiatica,"Calming micellar water, barrier-restoring cica cream, fragrance-free physical zinc sunscreen, avoiding thermal/harsh triggers.",Redness
PAT-00771,31,Female,Dry,Redness,Persistent facial flushing and visible capillaries,High,No,Fragrance,Full Face,Low,Medium,High,Medium,None,Medium,Elaborate (Cleanser + Toner + Serum + Moisturizer + Sunscreen),Centella Asiatica,"Calming micellar water, barrier-restoring cica cream, fragrance-free physical zinc sunscreen, avoiding thermal/harsh triggers.",Redness
PAT-00772,49,Male,Dry,Dryness,Flaking and tight sensation after cleansing,Medium,No,None,Cheeks,Low,High,Medium,Low,None,Medium,Basic (Cleanser + Moisturizer),Ceramides,"Hydrating cream cleanser, multi-molecular HA serum, ceramide-rich barrier cream, hydrating mineral sunscreen.",Dryness
PAT-00773,19,Male,Oily,Acne,Clogged pores with recurring breakouts,Medium,Yes,No,T-Zone,High,Low,Medium,Medium,Mild,Medium,Elaborate (Cleanser + Toner + Serum + Moisturizer + Sunscreen),Niacinamide,"Gentle foaming cleanser, BHA exfoliation 2-3x/week, oil-free moisturizer, broad-spectrum non-comedogenic SPF 50.",Acne
PAT-00774,40,Male,Dry,Dandruff,Dry flaking along hairline and upper forehead,Medium,No,Sulfates,Hairline,Medium,Medium,High,Low,None,Medium,Elaborate (Cleanser + Toner + Serum + Moisturizer + Sunscreen),Selenium Sulfide,"Anti-dandruff clarifying shampoo 2-3x weekly, scalp soothing tonic with panthenol, avoiding scalding water showers.",Dandruff
PAT-00775,32,Female,Combination,No major concern,Even complexion with no active breakouts or irritation,Low,No,No,Full Face,Low,Medium,Low,Low,None,Low,Elaborate (Cleanser + Toner + Serum + Moisturizer + Sunscreen),Niacinamide,"Gentle daily cleanser, lightweight antioxidant hydrating gel, daily SPF 50 sunscreen maintenance.",No major concern
PAT-00776,35,Male,Dry,Hyperpigmentation,Post-inflammatory dark marks across forehead,Low,Yes,No,Cheeks and Nose,High,Low,Medium,High,None,Low,Moderate (Cleanser + Moisturizer + Sunscreen),Vitamin C,"Antioxidant brightening serum, daily broad-spectrum SPF 50+ reapplication, gentle exfoliating tonic, soothing moisturizer.",Hyperpigmentation
PAT-00777,33,Male,Oily,Hyperpigmentation,Melasma-like discoloration on cheeks and upper lip,Low,Yes,No,Cheeks,High,Medium,Low,High,None,High,Moderate (Cleanser + Moisturizer + Sunscreen),Vitamin C,"Antioxidant brightening serum, daily broad-spectrum SPF 50+ reapplication, gentle exfoliating tonic, soothing moisturizer.",Hyperpigmentation
PAT-00778,20,Female,Oily,Acne,Tender red bumps along jawline and cheeks,Medium,Yes,None,Forehead,High,Low,High,Medium,Mild,Medium,Basic (Cleanser + Moisturizer),Salicylic Acid,"Gentle foaming cleanser, BHA exfoliation 2-3x/week, oil-free moisturizer, broad-spectrum non-comedogenic SPF 50.",Acne
PAT-00779,46,Female,Sensitive,Dryness,Rough texture and visible fine dry patches,High,No,No,Cheeks,Low,High,Medium,Medium,None,Low,Minimal (Cleanser only),Ceramides,"Hydrating cream cleanser, multi-molecular HA serum, ceramide-rich barrier cream, hydrating mineral sunscreen.",Dryness
PAT-00780,26,Female,Dry,Dryness,Ashy skin tone and lack of suppleness,Medium,No,Sulfates,Forehead,Low,High,Low,Low,None,Low,Basic (Cleanser + Moisturizer),Squalane,"Hydrating cream cleanser, multi-molecular HA serum, ceramide-rich barrier cream, hydrating mineral sunscreen.",Dryness
PAT-00781,15,Male,Oily,No major concern,Healthy skin barrier with minimal seasonal dryness,Low,No,No,None,Medium,Low,Low,Low,None,High,Elaborate (Cleanser + Toner + Serum + Moisturizer + Sunscreen),Peptides,"Gentle daily cleanser, lightweight antioxidant hydrating gel, daily SPF 50 sunscreen maintenance.",No major concern
PAT-00782,17,Female,Combination,Acne,Inflamed red pimples and occasional pustules,High,Yes,No,Jawline,High,Low,Medium,Medium,Mild,Low,Moderate (Cleanser + Moisturizer + Sunscreen),Salicylic Acid,"Gentle foaming cleanser, BHA exfoliation 2-3x/week, oil-free moisturizer, broad-spectrum non-comedogenic SPF 50.",Acne
PAT-00783,21,Male,Oily,Acne,Tender red bumps along jawline and cheeks,Low,Yes,Fragrance,T-Zone,Medium,Low,High,Medium,Mild,Low,Basic (Cleanser + Moisturizer),Zinc PCA,"Gentle foaming cleanser, BHA exfoliation 2-3x/week, oil-free moisturizer, broad-spectrum non-comedogenic SPF 50.",Acne
PAT-00784,15,Male,Oily,Acne,Tender red bumps along jawline and cheeks,Low,Yes,Fragrance,Cheeks,High,Medium,High,Medium,Moderate,Medium,Basic (Cleanser + Moisturizer),Salicylic Acid,"Gentle foaming cleanser, BHA exfoliation 2-3x/week, oil-free moisturizer, broad-spectrum non-comedogenic SPF 50.",Acne
PAT-00785,36,Male,Sensitive,Redness,Stinging sensation and reactive redness to heat,High,Yes,Essential Oils,Nose and Cheeks,Low,Low,High,Low,None,High,Minimal (Cleanser only),Centella Asiatica,"Calming micellar water, barrier-restoring cica cream, fragrance-free physical zinc sunscreen, avoiding thermal/harsh triggers.",Redness
PAT-00786,48,Female,Dry,Dryness,Flaking and tight sensation after cleansing,Low,No,No,Forehead,Medium,High,High,Medium,None,High,Basic (Cleanser + Moisturizer),Hyaluronic Acid,"Hydrating cream cleanser, multi-molecular HA serum, ceramide-rich barrier cream, hydrating mineral sunscreen.",Dryness
PAT-00787,38,Male,Sensitive,Redness,Sensitivity to wind and skin barrier discomfort,High,No,Yes,Full Face,Medium,High,Medium,Low,None,Medium,Moderate (Cleanser + Moisturizer + Sunscreen),Azelaic Acid,"Calming micellar water, barrier-restoring cica cream, fragrance-free physical zinc sunscreen, avoiding thermal/harsh triggers.",Redness
PAT-00788,24,Male,Combination,Redness,Persistent facial flushing and visible capillaries,High,Yes,Fragrance,T-Zone,Low,High,High,Low,None,Medium,Elaborate (Cleanser + Toner + Serum + Moisturizer + Sunscreen),Centella Asiatica,"Calming micellar water, barrier-restoring cica cream, fragrance-free physical zinc sunscreen, avoiding thermal/harsh triggers.",Redness
PAT-00789,41,Female,Normal,Hyperpigmentation,Post-inflammatory dark marks across forehead,Medium,No,None,Cheeks and Nose,Medium,Low,Medium,High,Mild,Medium,Minimal (Cleanser only),Niacinamide,"Antioxidant brightening serum, daily broad-spectrum SPF 50+ reapplication, gentle exfoliating tonic, soothing moisturizer.",Hyperpigmentation
PAT-00790,30,Female,Normal,No major concern,Balanced skin with occasional minor shine,Low,Yes,No,T-Zone,Medium,Medium,Low,Low,None,Medium,Basic (Cleanser + Moisturizer),Vitamin C,"Gentle daily cleanser, lightweight antioxidant hydrating gel, daily SPF 50 sunscreen maintenance.",No major concern
PAT-00791,19,Male,Normal,Hyperpigmentation,Dull complexion with patchy sun discoloration,Medium,No,No,Cheeks,High,Medium,Low,High,Mild,Medium,Minimal (Cleanser only),Alpha Arbutin,"Antioxidant brightening serum, daily broad-spectrum SPF 50+ reapplication, gentle exfoliating tonic, soothing moisturizer.",Hyperpigmentation
PAT-00792,16,Male,Normal,No major concern,Even complexion with no active breakouts or irritation,Medium,No,No,None,Medium,Low,Low,Low,None,Medium,Moderate (Cleanser + Moisturizer + Sunscreen),Peptides,"Gentle daily cleanser, lightweight antioxidant hydrating gel, daily SPF 50 sunscreen maintenance.",No major concern
PAT-00793,22,Female,Normal,No major concern,Even complexion with no active breakouts or irritation,Medium,No,No,T-Zone,Low,Low,Low,Low,None,High,Elaborate (Cleanser + Toner + Serum + Moisturizer + Sunscreen),Hyaluronic Acid,"Gentle daily cleanser, lightweight antioxidant hydrating gel, daily SPF 50 sunscreen maintenance.",No major concern
PAT-00794,37,Female,Dry,Hyperpigmentation,Dark spots and uneven skin tone from previous acne,Medium,Yes,No,Forehead,Medium,Low,Medium,High,Mild,Medium,Moderate (Cleanser + Moisturizer + Sunscreen),Niacinamide,"Antioxidant brightening serum, daily broad-spectrum SPF 50+ reapplication, gentle exfoliating tonic, soothing moisturizer.",Hyperpigmentation
PAT-00795,16,Female,Sensitive,Acne,Inflamed red pimples and occasional pustules,Low,Yes,No,Full Face,High,Low,High,Low,Mild,Medium,Elaborate (Cleanser + Toner + Serum + Moisturizer + Sunscreen),Zinc PCA,"Gentle foaming cleanser, BHA exfoliation 2-3x/week, oil-free moisturizer, broad-spectrum non-comedogenic SPF 50.",Acne
PAT-00796,30,Male,Oily,Hyperpigmentation,Melasma-like discoloration on cheeks and upper lip,Medium,Yes,None,Full Face,Medium,Medium,Medium,Medium,None,High,Basic (Cleanser + Moisturizer),Niacinamide,"Antioxidant brightening serum, daily broad-spectrum SPF 50+ reapplication, gentle exfoliating tonic, soothing moisturizer.",Hyperpigmentation
PAT-00797,25,Male,Combination,Acne,Tender red bumps along jawline and cheeks,Low,Yes,No,Forehead,Medium,Low,Medium,Low,Mild,High,Moderate (Cleanser + Moisturizer + Sunscreen),Azelaic Acid,"Gentle foaming cleanser, BHA exfoliation 2-3x/week, oil-free moisturizer, broad-spectrum non-comedogenic SPF 50.",Acne
PAT-00798,48,Male,Sensitive,Dryness,"Persistent tightness and dull, parched skin",Medium,No,No,Around Mouth,Low,Medium,Low,Low,None,Medium,Moderate (Cleanser + Moisturizer + Sunscreen),Centella Asiatica,"Hydrating cream cleanser, multi-molecular HA serum, ceramide-rich barrier cream, hydrating mineral sunscreen.",Dryness
PAT-00799,15,Female,Sensitive,Acne,Tender red bumps along jawline and cheeks,Medium,Yes,No,T-Zone,High,Low,Low,High,Severe,Low,Basic (Cleanser + Moisturizer),Salicylic Acid,"Gentle foaming cleanser, BHA exfoliation 2-3x/week, oil-free moisturizer, broad-spectrum non-comedogenic SPF 50.",Acne
PAT-00800,20,Male,Oily,Acne,Clogged pores with recurring breakouts,Medium,Yes,No,Jawline,Medium,Medium,High,High,Mild,Medium,Moderate (Cleanser + Moisturizer + Sunscreen),Niacinamide,"Gentle foaming cleanser, BHA exfoliation 2-3x/week, oil-free moisturizer, broad-spectrum non-comedogenic SPF 50.",Acne
PAT-00801,28,Female,Dry,Dryness,Ashy skin tone and lack of suppleness,High,No,No,Cheeks,Low,High,Low,Low,None,Low,Basic (Cleanser + Moisturizer),Glycerin,"Hydrating cream cleanser, multi-molecular HA serum, ceramide-rich barrier cream, hydrating mineral sunscreen.",Dryness
PAT-00802,16,Female,Combination,Dandruff,Greasy scalp scaling and mild scalp irritation,Medium,No,No,Hairline,High,High,Medium,Low,None,Low,Elaborate (Cleanser + Toner + Serum + Moisturizer + Sunscreen),Salicylic Acid,"Anti-dandruff clarifying shampoo 2-3x weekly, scalp soothing tonic with panthenol, avoiding scalding water showers.",Dandruff
PAT-00803,20,Female,Oily,Acne,Occasional cystic breakouts and oily shine,High,No,No,Cheeks,High,Low,Medium,High,Severe,High,Minimal (Cleanser only),Salicylic Acid,"Gentle foaming cleanser, BHA exfoliation 2-3x/week, oil-free moisturizer, broad-spectrum non-comedogenic SPF 50.",Acne
PAT-00804,37,Female,Combination,Hyperpigmentation,Melasma-like discoloration on cheeks and upper lip,High,No,No,Forehead,Medium,Low,Low,Medium,None,High,Minimal (Cleanser only),Alpha Arbutin,"Antioxidant brightening serum, daily broad-spectrum SPF 50+ reapplication, gentle exfoliating tonic, soothing moisturizer.",Hyperpigmentation
PAT-00805,15,Male,Oily,Dandruff,Greasy scalp scaling and mild scalp irritation,Medium,No,No,Scalp,High,Low,Low,Low,None,Low,Minimal (Cleanser only),Salicylic Acid,"Anti-dandruff clarifying shampoo 2-3x weekly, scalp soothing tonic with panthenol, avoiding scalding water showers.",Dandruff
PAT-00806,22,Male,Dry,Dandruff,Itchy scalp with visible white/yellow flakes,Low,Yes,No,Hairline,High,Medium,Low,Low,None,Medium,Minimal (Cleanser only),Zinc Pyrithione,"Anti-dandruff clarifying shampoo 2-3x weekly, scalp soothing tonic with panthenol, avoiding scalding water showers.",Dandruff
PAT-00807,29,Female,Combination,Dryness,Rough texture and visible fine dry patches,Low,No,Fragrance,Around Mouth,Low,Medium,High,Medium,None,Medium,Moderate (Cleanser + Moisturizer + Sunscreen),Hyaluronic Acid,"Hydrating cream cleanser, multi-molecular HA serum, ceramide-rich barrier cream, hydrating mineral sunscreen.",Dryness
PAT-00808,33,Female,Normal,No major concern,"No noticeable irritation, balanced oil and moisture",Low,No,None,T-Zone,Low,Low,Low,Low,None,Medium,Minimal (Cleanser only),Peptides,"Gentle daily cleanser, lightweight antioxidant hydrating gel, daily SPF 50 sunscreen maintenance.",No major concern
PAT-00809,30,Male,Combination,Redness,Stinging sensation and reactive redness to heat,High,No,Essential Oils,Full Face,Low,High,High,Low,None,Medium,Elaborate (Cleanser + Toner + Serum + Moisturizer + Sunscreen),Azelaic Acid,"Calming micellar water, barrier-restoring cica cream, fragrance-free physical zinc sunscreen, avoiding thermal/harsh triggers.",Redness
PAT-00810,29,Female,Oily,Acne,Inflamed red pimples and occasional pustules,Medium,Yes,Fragrance,Jawline,High,Medium,Low,High,Moderate,Medium,Moderate (Cleanser + Moisturizer + Sunscreen),Azelaic Acid,"Gentle foaming cleanser, BHA exfoliation 2-3x/week, oil-free moisturizer, broad-spectrum non-comedogenic SPF 50.",Acne
PAT-00811,34,Female,Dry,Dryness,Rough texture and visible fine dry patches,Low,No,No,Around Mouth,Low,High,Low,Low,None,Medium,Minimal (Cleanser only),Ceramides,"Hydrating cream cleanser, multi-molecular HA serum, ceramide-rich barrier cream, hydrating mineral sunscreen.",Dryness
PAT-00812,15,Female,Oily,Dandruff,Itchy scalp with visible white/yellow flakes,Medium,No,No,Hairline,Medium,Low,Low,Low,None,Low,Minimal (Cleanser only),Salicylic Acid,"Anti-dandruff clarifying shampoo 2-3x weekly, scalp soothing tonic with panthenol, avoiding scalding water showers.",Dandruff
PAT-00813,23,Male,Oily,Acne,Occasional cystic breakouts and oily shine,Medium,Yes,No,Cheeks,High,Low,Medium,Low,Mild,High,Basic (Cleanser + Moisturizer),Niacinamide,"Gentle foaming cleanser, BHA exfoliation 2-3x/week, oil-free moisturizer, broad-spectrum non-comedogenic SPF 50.",Acne
PAT-00814,23,Male,Oily,Acne,Inflamed red pimples and occasional pustules,Low,Yes,No,Forehead,Medium,Low,Medium,High,Moderate,Medium,Elaborate (Cleanser + Toner + Serum + Moisturizer + Sunscreen),Zinc PCA,"Gentle foaming cleanser, BHA exfoliation 2-3x/week, oil-free moisturizer, broad-spectrum non-comedogenic SPF 50.",Acne
PAT-00815,37,Male,Normal,Hyperpigmentation,Dark spots and uneven skin tone from previous acne,High,Yes,No,Cheeks and Nose,High,Low,Low,High,None,High,Basic (Cleanser + Moisturizer),Alpha Arbutin,"Antioxidant brightening serum, daily broad-spectrum SPF 50+ reapplication, gentle exfoliating tonic, soothing moisturizer.",Hyperpigmentation
PAT-00816,28,Male,Oily,Acne,Whiteheads and blackheads on T-zone,High,Yes,No,Cheeks,Medium,Medium,High,High,Mild,Low,Moderate (Cleanser + Moisturizer + Sunscreen),Salicylic Acid,"Gentle foaming cleanser, BHA exfoliation 2-3x/week, oil-free moisturizer, broad-spectrum non-comedogenic SPF 50.",Acne
PAT-00817,20,Female,Dry,Dryness,"Persistent tightness and dull, parched skin",Low,No,No,Forehead,Low,High,Low,Medium,None,Low,Elaborate (Cleanser + Toner + Serum + Moisturizer + Sunscreen),Ceramides,"Hydrating cream cleanser, multi-molecular HA serum, ceramide-rich barrier cream, hydrating mineral sunscreen.",Dryness
PAT-00818,32,Female,Dry,Dryness,Rough texture and visible fine dry patches,High,No,No,Forehead,Low,High,Low,Low,None,Medium,Moderate (Cleanser + Moisturizer + Sunscreen),Ceramides,"Hydrating cream cleanser, multi-molecular HA serum, ceramide-rich barrier cream, hydrating mineral sunscreen.",Dryness
PAT-00819,42,Female,Sensitive,Redness,Sensitivity to wind and skin barrier discomfort,High,No,Alcohol,Cheeks,Medium,High,Medium,Low,None,High,Minimal (Cleanser only),Centella Asiatica,"Calming micellar water, barrier-restoring cica cream, fragrance-free physical zinc sunscreen, avoiding thermal/harsh triggers.",Redness
PAT-00820,28,Female,Sensitive,Acne,Occasional cystic breakouts and oily shine,Low,No,Fragrance,Full Face,Medium,Low,Medium,Medium,Mild,Medium,Moderate (Cleanser + Moisturizer + Sunscreen),Salicylic Acid,"Gentle foaming cleanser, BHA exfoliation 2-3x/week, oil-free moisturizer, broad-spectrum non-comedogenic SPF 50.",Acne
PAT-00821,26,Female,Oily,Acne,Whiteheads and blackheads on T-zone,Low,Yes,None,Jawline,High,Low,High,High,Moderate,High,Minimal (Cleanser only),Salicylic Acid,"Gentle foaming cleanser, BHA exfoliation 2-3x/week, oil-free moisturizer, broad-spectrum non-comedogenic SPF 50.",Acne
PAT-00822,27,Female,Combination,Hyperpigmentation,Post-inflammatory dark marks across forehead,Medium,No,Preservatives,Full Face,Medium,Low,Low,High,Mild,High,Moderate (Cleanser + Moisturizer + Sunscreen),Vitamin C,"Antioxidant brightening serum, daily broad-spectrum SPF 50+ reapplication, gentle exfoliating tonic, soothing moisturizer.",Hyperpigmentation
PAT-00823,42,Female,Oily,Hyperpigmentation,Post-inflammatory dark marks across forehead,Medium,Yes,None,Forehead,Medium,Medium,Low,High,None,High,Basic (Cleanser + Moisturizer),Vitamin C,"Antioxidant brightening serum, daily broad-spectrum SPF 50+ reapplication, gentle exfoliating tonic, soothing moisturizer.",Hyperpigmentation
PAT-00824,33,Male,Normal,Dryness,Flaking and tight sensation after cleansing,Medium,No,None,Forehead,Low,High,Low,Low,None,Medium,Moderate (Cleanser + Moisturizer + Sunscreen),Centella Asiatica,"Hydrating cream cleanser, multi-molecular HA serum, ceramide-rich barrier cream, hydrating mineral sunscreen.",Dryness
PAT-00825,23,Male,Sensitive,Acne,Whiteheads and blackheads on T-zone,Low,Yes,No,Jawline,Medium,Medium,High,Low,Moderate,Medium,Moderate (Cleanser + Moisturizer + Sunscreen),Salicylic Acid,"Gentle foaming cleanser, BHA exfoliation 2-3x/week, oil-free moisturizer, broad-spectrum non-comedogenic SPF 50.",Acne
PAT-00826,60,Female,Oily,Hyperpigmentation,Melasma-like discoloration on cheeks and upper lip,Medium,No,No,Cheeks and Nose,Low,Low,Low,Medium,None,High,Elaborate (Cleanser + Toner + Serum + Moisturizer + Sunscreen),Alpha Arbutin,"Antioxidant brightening serum, daily broad-spectrum SPF 50+ reapplication, gentle exfoliating tonic, soothing moisturizer.",Hyperpigmentation
PAT-00827,27,Male,Dry,Dryness,Ashy skin tone and lack of suppleness,Medium,No,No,Full Face,Low,High,Medium,Medium,None,High,Moderate (Cleanser + Moisturizer + Sunscreen),Ceramides,"Hydrating cream cleanser, multi-molecular HA serum, ceramide-rich barrier cream, hydrating mineral sunscreen.",Dryness
PAT-00828,22,Male,Combination,Acne,Tender red bumps along jawline and cheeks,High,Yes,No,Forehead,Low,Low,High,High,Mild,Low,Moderate (Cleanser + Moisturizer + Sunscreen),Salicylic Acid,"Gentle foaming cleanser, BHA exfoliation 2-3x/week, oil-free moisturizer, broad-spectrum non-comedogenic SPF 50.",Acne
PAT-00829,30,Male,Normal,No major concern,"No noticeable irritation, balanced oil and moisture",Low,No,No,Full Face,Low,Low,Low,Low,None,Low,Moderate (Cleanser + Moisturizer + Sunscreen),Ceramides,"Gentle daily cleanser, lightweight antioxidant hydrating gel, daily SPF 50 sunscreen maintenance.",No major concern
PAT-00830,21,Male,Oily,Acne,Tender red bumps along jawline and cheeks,Low,Yes,No,Cheeks,High,Medium,High,Medium,Mild,High,Moderate (Cleanser + Moisturizer + Sunscreen),Salicylic Acid,"Gentle foaming cleanser, BHA exfoliation 2-3x/week, oil-free moisturizer, broad-spectrum non-comedogenic SPF 50.",Acne
PAT-00831,22,Male,Oily,Dandruff,Dry flaking along hairline and upper forehead,High,No,No,Scalp and Upper Forehead,High,High,High,Low,None,Medium,Minimal (Cleanser only),Ketoconazole,"Anti-dandruff clarifying shampoo 2-3x weekly, scalp soothing tonic with panthenol, avoiding scalding water showers.",Dandruff
PAT-00832,15,Male,Normal,No major concern,Even complexion with no active breakouts or irritation,Low,No,No,Full Face,Low,Medium,Low,Low,None,Medium,Moderate (Cleanser + Moisturizer + Sunscreen),Hyaluronic Acid,"Gentle daily cleanser, lightweight antioxidant hydrating gel, daily SPF 50 sunscreen maintenance.",No major concern
PAT-00833,19,Female,Combination,Dandruff,Dry flaking along hairline and upper forehead,High,Yes,None,Hairline,Medium,Medium,Low,Low,None,High,Moderate (Cleanser + Moisturizer + Sunscreen),Ketoconazole,"Anti-dandruff clarifying shampoo 2-3x weekly, scalp soothing tonic with panthenol, avoiding scalding water showers.",Dandruff
PAT-00834,31,Female,Normal,Hyperpigmentation,Melasma-like discoloration on cheeks and upper lip,Low,No,No,Cheeks,High,Medium,Low,High,None,Medium,Elaborate (Cleanser + Toner + Serum + Moisturizer + Sunscreen),Niacinamide,"Antioxidant brightening serum, daily broad-spectrum SPF 50+ reapplication, gentle exfoliating tonic, soothing moisturizer.",Hyperpigmentation
PAT-00835,17,Male,Dry,Dandruff,Persistent scalp dandruff and mild redness at hair root,High,No,No,Scalp and Upper Forehead,Low,Low,High,Low,None,High,Minimal (Cleanser only),Ketoconazole,"Anti-dandruff clarifying shampoo 2-3x weekly, scalp soothing tonic with panthenol, avoiding scalding water showers.",Dandruff
PAT-00836,41,Female,Sensitive,Redness,Stinging sensation and reactive redness to heat,High,Yes,Essential Oils,Cheeks,Medium,High,High,Low,None,Medium,Elaborate (Cleanser + Toner + Serum + Moisturizer + Sunscreen),Centella Asiatica,"Calming micellar water, barrier-restoring cica cream, fragrance-free physical zinc sunscreen, avoiding thermal/harsh triggers.",Redness
PAT-00837,24,Female,Combination,No major concern,Healthy skin barrier with minimal seasonal dryness,Low,No,No,Full Face,Medium,Low,Low,Low,None,Low,Basic (Cleanser + Moisturizer),Ceramides,"Gentle daily cleanser, lightweight antioxidant hydrating gel, daily SPF 50 sunscreen maintenance.",No major concern
PAT-00838,20,Male,Combination,Dandruff,Greasy scalp scaling and mild scalp irritation,Medium,No,No,Hairline,High,Medium,Medium,Low,None,Medium,Elaborate (Cleanser + Toner + Serum + Moisturizer + Sunscreen),Salicylic Acid,"Anti-dandruff clarifying shampoo 2-3x weekly, scalp soothing tonic with panthenol, avoiding scalding water showers.",Dandruff
PAT-00839,35,Female,Oily,Dandruff,Itchy scalp with visible white/yellow flakes,High,No,Essential Oils,Hairline,Medium,High,High,Low,None,Medium,Moderate (Cleanser + Moisturizer + Sunscreen),Zinc Pyrithione,"Anti-dandruff clarifying shampoo 2-3x weekly, scalp soothing tonic with panthenol, avoiding scalding water showers.",Dandruff
PAT-00840,29,Male,Oily,Hyperpigmentation,Post-inflammatory dark marks across forehead,Low,No,None,Cheeks,Low,Medium,Low,High,None,Medium,Minimal (Cleanser only),Alpha Arbutin,"Antioxidant brightening serum, daily broad-spectrum SPF 50+ reapplication, gentle exfoliating tonic, soothing moisturizer.",Hyperpigmentation
PAT-00841,27,Female,Normal,No major concern,Even complexion with no active breakouts or irritation,Low,No,No,Full Face,Low,Low,Low,Low,None,High,Basic (Cleanser + Moisturizer),Ceramides,"Gentle daily cleanser, lightweight antioxidant hydrating gel, daily SPF 50 sunscreen maintenance.",No major concern
PAT-00842,29,Male,Oily,Acne,Tender red bumps along jawline and cheeks,Medium,Yes,Fragrance,T-Zone,High,Low,Low,High,Mild,High,Basic (Cleanser + Moisturizer),Niacinamide,"Gentle foaming cleanser, BHA exfoliation 2-3x/week, oil-free moisturizer, broad-spectrum non-comedogenic SPF 50.",Acne
PAT-00843,37,Female,Dry,Dryness,Scaling and irritation with seasonal change,Medium,No,Fragrance,Forehead,Low,High,Medium,Low,None,High,Elaborate (Cleanser + Toner + Serum + Moisturizer + Sunscreen),Ceramides,"Hydrating cream cleanser, multi-molecular HA serum, ceramide-rich barrier cream, hydrating mineral sunscreen.",Dryness
PAT-00844,30,Female,Dry,Dryness,Scaling and irritation with seasonal change,Medium,No,No,Cheeks,Low,High,Medium,Low,None,Low,Minimal (Cleanser only),Hyaluronic Acid,"Hydrating cream cleanser, multi-molecular HA serum, ceramide-rich barrier cream, hydrating mineral sunscreen.",Dryness
PAT-00845,28,Male,Oily,Acne,Clogged pores with recurring breakouts,Medium,Yes,Fragrance,T-Zone,High,Low,High,Low,Mild,High,Moderate (Cleanser + Moisturizer + Sunscreen),Niacinamide,"Gentle foaming cleanser, BHA exfoliation 2-3x/week, oil-free moisturizer, broad-spectrum non-comedogenic SPF 50.",Acne
PAT-00846,25,Male,Sensitive,Redness,Persistent facial flushing and visible capillaries,High,Yes,Essential Oils,Cheeks,Medium,Low,High,Low,None,High,Basic (Cleanser + Moisturizer),Centella Asiatica,"Calming micellar water, barrier-restoring cica cream, fragrance-free physical zinc sunscreen, avoiding thermal/harsh triggers.",Redness
PAT-00847,30,Male,Normal,No major concern,Even complexion with no active breakouts or irritation,Low,No,No,T-Zone,Low,Low,Low,Low,None,Medium,Basic (Cleanser + Moisturizer),Vitamin C,"Gentle daily cleanser, lightweight antioxidant hydrating gel, daily SPF 50 sunscreen maintenance.",No major concern
PAT-00848,21,Male,Normal,Dandruff,"Scalp tightness, flaking, and itching after sweat",Medium,Yes,None,Scalp and Upper Forehead,High,Medium,Low,Low,None,Medium,Moderate (Cleanser + Moisturizer + Sunscreen),Ketoconazole,"Anti-dandruff clarifying shampoo 2-3x weekly, scalp soothing tonic with panthenol, avoiding scalding water showers.",Dandruff
PAT-00849,34,Male,Combination,Hyperpigmentation,Dark spots and uneven skin tone from previous acne,High,Yes,Preservatives,Cheeks,Medium,Medium,Low,High,None,Medium,Moderate (Cleanser + Moisturizer + Sunscreen),Tranexamic Acid,"Antioxidant brightening serum, daily broad-spectrum SPF 50+ reapplication, gentle exfoliating tonic, soothing moisturizer.",Hyperpigmentation
PAT-00850,50,Female,Sensitive,Hyperpigmentation,Melasma-like discoloration on cheeks and upper lip,Medium,No,None,Full Face,Medium,Low,Medium,Medium,Mild,Low,Elaborate (Cleanser + Toner + Serum + Moisturizer + Sunscreen),Vitamin C,"Antioxidant brightening serum, daily broad-spectrum SPF 50+ reapplication, gentle exfoliating tonic, soothing moisturizer.",Hyperpigmentation
PAT-00851,27,Male,Combination,Dandruff,Dry flaking along hairline and upper forehead,Low,No,No,Hairline,High,Low,Medium,Low,None,Medium,Moderate (Cleanser + Moisturizer + Sunscreen),Salicylic Acid,"Anti-dandruff clarifying shampoo 2-3x weekly, scalp soothing tonic with panthenol, avoiding scalding water showers.",Dandruff
PAT-00852,31,Male,Sensitive,Redness,Stinging sensation and reactive redness to heat,High,Yes,Alcohol,T-Zone,Medium,High,High,Low,None,Medium,Minimal (Cleanser only),Allantoin,"Calming micellar water, barrier-restoring cica cream, fragrance-free physical zinc sunscreen, avoiding thermal/harsh triggers.",Redness
PAT-00853,15,Male,Combination,No major concern,Smooth texture with no persistent discomfort,Medium,No,None,None,Low,Medium,Low,Low,None,Low,Basic (Cleanser + Moisturizer),Niacinamide,"Gentle daily cleanser, lightweight antioxidant hydrating gel, daily SPF 50 sunscreen maintenance.",No major concern
PAT-00854,32,Male,Dry,Dryness,Flaking and tight sensation after cleansing,Low,Yes,No,Full Face,Low,High,Low,Low,None,High,Minimal (Cleanser only),Centella Asiatica,"Hydrating cream cleanser, multi-molecular HA serum, ceramide-rich barrier cream, hydrating mineral sunscreen.",Dryness
PAT-00855,33,Female,Sensitive,Redness,Persistent facial flushing and visible capillaries,High,No,Alcohol,T-Zone,Low,Medium,High,Medium,None,High,Moderate (Cleanser + Moisturizer + Sunscreen),Allantoin,"Calming micellar water, barrier-restoring cica cream, fragrance-free physical zinc sunscreen, avoiding thermal/harsh triggers.",Redness
PAT-00856,52,Male,Dry,Dryness,Ashy skin tone and lack of suppleness,Low,No,None,Cheeks,Low,High,High,Medium,None,High,Minimal (Cleanser only),Glycerin,"Hydrating cream cleanser, multi-molecular HA serum, ceramide-rich barrier cream, hydrating mineral sunscreen.",Dryness
PAT-00857,32,Male,Combination,No major concern,Balanced skin with occasional minor shine,Low,Yes,No,None,Low,Low,Low,Low,None,Medium,Minimal (Cleanser only),Niacinamide,"Gentle daily cleanser, lightweight antioxidant hydrating gel, daily SPF 50 sunscreen maintenance.",No major concern
PAT-00858,24,Female,Sensitive,Acne,Tender red bumps along jawline and cheeks,Medium,Yes,No,Jawline,High,Low,High,Low,Severe,Medium,Minimal (Cleanser only),Salicylic Acid,"Gentle foaming cleanser, BHA exfoliation 2-3x/week, oil-free moisturizer, broad-spectrum non-comedogenic SPF 50.",Acne
PAT-00859,24,Female,Oily,Acne,Tender red bumps along jawline and cheeks,Low,Yes,None,Cheeks,High,Low,Medium,Low,Moderate,Medium,Basic (Cleanser + Moisturizer),Zinc PCA,"Gentle foaming cleanser, BHA exfoliation 2-3x/week, oil-free moisturizer, broad-spectrum non-comedogenic SPF 50.",Acne
PAT-00860,27,Male,Combination,Acne,Clogged pores with recurring breakouts,Low,No,No,Jawline,Medium,Medium,Low,Medium,Moderate,Medium,Minimal (Cleanser only),Salicylic Acid,"Gentle foaming cleanser, BHA exfoliation 2-3x/week, oil-free moisturizer, broad-spectrum non-comedogenic SPF 50.",Acne
PAT-00861,35,Female,Normal,Hyperpigmentation,Dull complexion with patchy sun discoloration,Medium,No,No,Forehead,High,Low,Medium,Medium,Mild,High,Elaborate (Cleanser + Toner + Serum + Moisturizer + Sunscreen),Vitamin C,"Antioxidant brightening serum, daily broad-spectrum SPF 50+ reapplication, gentle exfoliating tonic, soothing moisturizer.",Hyperpigmentation
PAT-00862,18,Male,Oily,Acne,Occasional cystic breakouts and oily shine,Low,Yes,No,Full Face,High,Medium,High,Low,Mild,High,Minimal (Cleanser only),Salicylic Acid,"Gentle foaming cleanser, BHA exfoliation 2-3x/week, oil-free moisturizer, broad-spectrum non-comedogenic SPF 50.",Acne
PAT-00863,42,Female,Dry,Redness,Persistent facial flushing and visible capillaries,High,No,Fragrance,Cheeks,Medium,Medium,High,Low,None,High,Elaborate (Cleanser + Toner + Serum + Moisturizer + Sunscreen),Centella Asiatica,"Calming micellar water, barrier-restoring cica cream, fragrance-free physical zinc sunscreen, avoiding thermal/harsh triggers.",Redness
PAT-00864,30,Male,Oily,Hyperpigmentation,Dull complexion with patchy sun discoloration,Medium,No,None,Forehead,High,Low,Low,High,None,Medium,Moderate (Cleanser + Moisturizer + Sunscreen),Vitamin C,"Antioxidant brightening serum, daily broad-spectrum SPF 50+ reapplication, gentle exfoliating tonic, soothing moisturizer.",Hyperpigmentation
PAT-00865,38,Male,Sensitive,Redness,Rosacea-like cheek flushing and burning feeling,High,No,Essential Oils,T-Zone,Medium,Medium,High,Low,None,Medium,Moderate (Cleanser + Moisturizer + Sunscreen),Azelaic Acid,"Calming micellar water, barrier-restoring cica cream, fragrance-free physical zinc sunscreen, avoiding thermal/harsh triggers.",Redness
PAT-00866,26,Male,Oily,Hyperpigmentation,Dark spots and uneven skin tone from previous acne,Medium,Yes,No,Cheeks and Nose,Medium,Low,Low,High,Mild,High,Basic (Cleanser + Moisturizer),Kojic Acid,"Antioxidant brightening serum, daily broad-spectrum SPF 50+ reapplication, gentle exfoliating tonic, soothing moisturizer.",Hyperpigmentation
PAT-00867,36,Female,Normal,Hyperpigmentation,Post-inflammatory dark marks across forehead,Low,Yes,No,Forehead,High,Low,Medium,High,Mild,High,Minimal (Cleanser only),Vitamin C,"Antioxidant brightening serum, daily broad-spectrum SPF 50+ reapplication, gentle exfoliating tonic, soothing moisturizer.",Hyperpigmentation
PAT-00868,43,Male,Dry,Dryness,Flaking and tight sensation after cleansing,Medium,No,No,Cheeks,Low,Medium,Low,Medium,None,High,Elaborate (Cleanser + Toner + Serum + Moisturizer + Sunscreen),Hyaluronic Acid,"Hydrating cream cleanser, multi-molecular HA serum, ceramide-rich barrier cream, hydrating mineral sunscreen.",Dryness
PAT-00869,53,Male,Dry,Dryness,Ashy skin tone and lack of suppleness,High,No,No,Cheeks,Low,Medium,Medium,Medium,None,Medium,Minimal (Cleanser only),Hyaluronic Acid,"Hydrating cream cleanser, multi-molecular HA serum, ceramide-rich barrier cream, hydrating mineral sunscreen.",Dryness
PAT-00870,30,Female,Dry,Dryness,Rough texture and visible fine dry patches,Medium,Yes,No,Forehead,Low,High,Low,Medium,None,High,Moderate (Cleanser + Moisturizer + Sunscreen),Ceramides,"Hydrating cream cleanser, multi-molecular HA serum, ceramide-rich barrier cream, hydrating mineral sunscreen.",Dryness
PAT-00871,21,Female,Oily,Acne,Tender red bumps along jawline and cheeks,Medium,No,No,T-Zone,Medium,Low,Medium,High,Moderate,Low,Minimal (Cleanser only),Salicylic Acid,"Gentle foaming cleanser, BHA exfoliation 2-3x/week, oil-free moisturizer, broad-spectrum non-comedogenic SPF 50.",Acne
PAT-00872,18,Male,Sensitive,Acne,Whiteheads and blackheads on T-zone,Medium,No,None,Forehead,High,Low,Medium,Medium,Moderate,Medium,Moderate (Cleanser + Moisturizer + Sunscreen),Niacinamide,"Gentle foaming cleanser, BHA exfoliation 2-3x/week, oil-free moisturizer, broad-spectrum non-comedogenic SPF 50.",Acne
PAT-00873,34,Female,Sensitive,Redness,"Irritation, blotchiness, and sudden redness flare-ups",Medium,No,Fragrance,Cheeks,Medium,Medium,Medium,Low,None,High,Minimal (Cleanser only),Azelaic Acid,"Calming micellar water, barrier-restoring cica cream, fragrance-free physical zinc sunscreen, avoiding thermal/harsh triggers.",Redness
PAT-00874,21,Male,Combination,Acne,Whiteheads and blackheads on T-zone,Medium,Yes,None,Cheeks,High,Low,High,Low,Severe,Medium,Basic (Cleanser + Moisturizer),Salicylic Acid,"Gentle foaming cleanser, BHA exfoliation 2-3x/week, oil-free moisturizer, broad-spectrum non-comedogenic SPF 50.",Acne
PAT-00875,42,Female,Sensitive,Dryness,"Persistent tightness and dull, parched skin",Medium,No,Sulfates,Forehead,Low,Medium,Low,Medium,None,Low,Moderate (Cleanser + Moisturizer + Sunscreen),Ceramides,"Hydrating cream cleanser, multi-molecular HA serum, ceramide-rich barrier cream, hydrating mineral sunscreen.",Dryness
PAT-00876,35,Male,Oily,Acne,Clogged pores with recurring breakouts,Low,Yes,No,Forehead,High,Low,High,Medium,Moderate,Medium,Basic (Cleanser + Moisturizer),Niacinamide,"Gentle foaming cleanser, BHA exfoliation 2-3x/week, oil-free moisturizer, broad-spectrum non-comedogenic SPF 50.",Acne
PAT-00877,32,Male,Dry,Dryness,Scaling and irritation with seasonal change,High,No,Sulfates,Forehead,Medium,High,Low,Low,None,Medium,Elaborate (Cleanser + Toner + Serum + Moisturizer + Sunscreen),Hyaluronic Acid,"Hydrating cream cleanser, multi-molecular HA serum, ceramide-rich barrier cream, hydrating mineral sunscreen.",Dryness
PAT-00878,38,Female,Sensitive,Redness,"Irritation, blotchiness, and sudden redness flare-ups",High,No,Yes,T-Zone,Low,High,High,Low,Mild,Low,Elaborate (Cleanser + Toner + Serum + Moisturizer + Sunscreen),Azelaic Acid,"Calming micellar water, barrier-restoring cica cream, fragrance-free physical zinc sunscreen, avoiding thermal/harsh triggers.",Redness
PAT-00879,21,Male,Oily,Acne,Inflamed red pimples and occasional pustules,High,Yes,Fragrance,T-Zone,High,Low,High,Low,Mild,Medium,Elaborate (Cleanser + Toner + Serum + Moisturizer + Sunscreen),Niacinamide,"Gentle foaming cleanser, BHA exfoliation 2-3x/week, oil-free moisturizer, broad-spectrum non-comedogenic SPF 50.",Acne
PAT-00880,30,Female,Sensitive,Acne,Occasional cystic breakouts and oily shine,Low,No,No,Jawline,Medium,Low,Medium,High,Severe,Medium,Basic (Cleanser + Moisturizer),Zinc PCA,"Gentle foaming cleanser, BHA exfoliation 2-3x/week, oil-free moisturizer, broad-spectrum non-comedogenic SPF 50.",Acne
PAT-00881,29,Female,Oily,Hyperpigmentation,Post-inflammatory dark marks across forehead,Medium,Yes,None,Cheeks,Medium,Low,Low,High,None,High,Basic (Cleanser + Moisturizer),Kojic Acid,"Antioxidant brightening serum, daily broad-spectrum SPF 50+ reapplication, gentle exfoliating tonic, soothing moisturizer.",Hyperpigmentation
PAT-00882,27,Female,Combination,Acne,Tender red bumps along jawline and cheeks,Medium,Yes,None,T-Zone,Medium,Low,High,Medium,Moderate,Low,Elaborate (Cleanser + Toner + Serum + Moisturizer + Sunscreen),Salicylic Acid,"Gentle foaming cleanser, BHA exfoliation 2-3x/week, oil-free moisturizer, broad-spectrum non-comedogenic SPF 50.",Acne
PAT-00883,51,Female,Dry,Dryness,Flaking and tight sensation after cleansing,High,No,Sulfates,Cheeks,Low,Medium,Medium,Low,None,Medium,Moderate (Cleanser + Moisturizer + Sunscreen),Ceramides,"Hydrating cream cleanser, multi-molecular HA serum, ceramide-rich barrier cream, hydrating mineral sunscreen.",Dryness
PAT-00884,29,Female,Combination,Acne,Whiteheads and blackheads on T-zone,Medium,Yes,None,Full Face,High,Medium,High,Low,Moderate,High,Basic (Cleanser + Moisturizer),Azelaic Acid,"Gentle foaming cleanser, BHA exfoliation 2-3x/week, oil-free moisturizer, broad-spectrum non-comedogenic SPF 50.",Acne
PAT-00885,44,Female,Dry,Dryness,Ashy skin tone and lack of suppleness,Low,No,No,Cheeks,Medium,High,Medium,Low,None,Low,Elaborate (Cleanser + Toner + Serum + Moisturizer + Sunscreen),Ceramides,"Hydrating cream cleanser, multi-molecular HA serum, ceramide-rich barrier cream, hydrating mineral sunscreen.",Dryness
PAT-00886,28,Male,Oily,Dandruff,"Scalp tightness, flaking, and itching after sweat",Medium,No,No,Hairline,Medium,High,High,Low,None,Low,Elaborate (Cleanser + Toner + Serum + Moisturizer + Sunscreen),Zinc Pyrithione,"Anti-dandruff clarifying shampoo 2-3x weekly, scalp soothing tonic with panthenol, avoiding scalding water showers.",Dandruff
PAT-00887,32,Male,Combination,No major concern,"No noticeable irritation, balanced oil and moisture",Medium,No,No,None,Medium,Low,Low,Low,None,Low,Minimal (Cleanser only),Niacinamide,"Gentle daily cleanser, lightweight antioxidant hydrating gel, daily SPF 50 sunscreen maintenance.",No major concern
PAT-00888,30,Male,Oily,Acne,Inflamed red pimples and occasional pustules,Low,Yes,Fragrance,Full Face,Low,Low,High,High,Mild,High,Elaborate (Cleanser + Toner + Serum + Moisturizer + Sunscreen),Zinc PCA,"Gentle foaming cleanser, BHA exfoliation 2-3x/week, oil-free moisturizer, broad-spectrum non-comedogenic SPF 50.",Acne
PAT-00889,24,Female,Oily,Acne,Inflamed red pimples and occasional pustules,Low,Yes,No,T-Zone,High,Low,Medium,High,Mild,Medium,Elaborate (Cleanser + Toner + Serum + Moisturizer + Sunscreen),Salicylic Acid,"Gentle foaming cleanser, BHA exfoliation 2-3x/week, oil-free moisturizer, broad-spectrum non-comedogenic SPF 50.",Acne
PAT-00890,37,Female,Oily,Hyperpigmentation,Sun spots and localized brown patches on cheeks,Low,Yes,None,Full Face,Low,Low,Low,High,Mild,High,Moderate (Cleanser + Moisturizer + Sunscreen),Kojic Acid,"Antioxidant brightening serum, daily broad-spectrum SPF 50+ reapplication, gentle exfoliating tonic, soothing moisturizer.",Hyperpigmentation
PAT-00891,54,Male,Sensitive,Hyperpigmentation,Dull complexion with patchy sun discoloration,Medium,Yes,No,Forehead,High,Low,Medium,Medium,Mild,Low,Elaborate (Cleanser + Toner + Serum + Moisturizer + Sunscreen),Vitamin C,"Antioxidant brightening serum, daily broad-spectrum SPF 50+ reapplication, gentle exfoliating tonic, soothing moisturizer.",Hyperpigmentation
PAT-00892,22,Female,Combination,No major concern,Smooth texture with no persistent discomfort,Low,No,No,Full Face,Medium,Low,Low,Low,None,Low,Elaborate (Cleanser + Toner + Serum + Moisturizer + Sunscreen),Vitamin C,"Gentle daily cleanser, lightweight antioxidant hydrating gel, daily SPF 50 sunscreen maintenance.",No major concern
PAT-00893,52,Female,Combination,Redness,Sensitivity to wind and skin barrier discomfort,Medium,No,Yes,T-Zone,Low,High,High,Low,None,Medium,Minimal (Cleanser only),Allantoin,"Calming micellar water, barrier-restoring cica cream, fragrance-free physical zinc sunscreen, avoiding thermal/harsh triggers.",Redness
PAT-00894,15,Female,Oily,Dandruff,"Scalp tightness, flaking, and itching after sweat",Medium,Yes,Sulfates,Hairline,High,Medium,Medium,Low,None,Low,Minimal (Cleanser only),Zinc Pyrithione,"Anti-dandruff clarifying shampoo 2-3x weekly, scalp soothing tonic with panthenol, avoiding scalding water showers.",Dandruff
PAT-00895,41,Female,Normal,Dryness,Flaking and tight sensation after cleansing,High,Yes,No,Cheeks,Low,High,Medium,Low,None,Low,Elaborate (Cleanser + Toner + Serum + Moisturizer + Sunscreen),Squalane,"Hydrating cream cleanser, multi-molecular HA serum, ceramide-rich barrier cream, hydrating mineral sunscreen.",Dryness
PAT-00896,35,Female,Normal,No major concern,Balanced skin with occasional minor shine,Low,No,No,None,Medium,Low,Low,Low,None,High,Minimal (Cleanser only),Hyaluronic Acid,"Gentle daily cleanser, lightweight antioxidant hydrating gel, daily SPF 50 sunscreen maintenance.",No major concern
PAT-00897,19,Male,Sensitive,Redness,Sensitivity to wind and skin barrier discomfort,Medium,Yes,Essential Oils,Full Face,Medium,Medium,High,Low,None,Low,Basic (Cleanser + Moisturizer),Allantoin,"Calming micellar water, barrier-restoring cica cream, fragrance-free physical zinc sunscreen, avoiding thermal/harsh triggers.",Redness
PAT-00898,37,Female,Combination,No major concern,Even complexion with no active breakouts or irritation,Medium,No,No,T-Zone,Medium,Low,Low,Low,None,Low,Minimal (Cleanser only),Vitamin C,"Gentle daily cleanser, lightweight antioxidant hydrating gel, daily SPF 50 sunscreen maintenance.",No major concern
PAT-00899,32,Male,Combination,No major concern,Healthy skin barrier with minimal seasonal dryness,Medium,No,No,T-Zone,Low,Low,Low,Low,None,Medium,Elaborate (Cleanser + Toner + Serum + Moisturizer + Sunscreen),Hyaluronic Acid,"Gentle daily cleanser, lightweight antioxidant hydrating gel, daily SPF 50 sunscreen maintenance.",No major concern
PAT-00900,29,Female,Combination,Acne,Tender red bumps along jawline and cheeks,Low,Yes,Fragrance,T-Zone,High,Low,Low,Low,Mild,High,Minimal (Cleanser only),Zinc PCA,"Gentle foaming cleanser, BHA exfoliation 2-3x/week, oil-free moisturizer, broad-spectrum non-comedogenic SPF 50.",Acne
PAT-00901,29,Male,Normal,No major concern,Balanced skin with occasional minor shine,Low,No,No,T-Zone,Medium,Low,Low,Low,None,Low,Moderate (Cleanser + Moisturizer + Sunscreen),Peptides,"Gentle daily cleanser, lightweight antioxidant hydrating gel, daily SPF 50 sunscreen maintenance.",No major concern
PAT-00902,23,Female,Oily,Acne,Occasional cystic breakouts and oily shine,Medium,Yes,No,Full Face,High,Low,High,High,Mild,Medium,Moderate (Cleanser + Moisturizer + Sunscreen),Zinc PCA,"Gentle foaming cleanser, BHA exfoliation 2-3x/week, oil-free moisturizer, broad-spectrum non-comedogenic SPF 50.",Acne
PAT-00903,24,Male,Combination,No major concern,Balanced skin with occasional minor shine,Low,No,No,Full Face,Low,Low,Low,Low,None,Medium,Elaborate (Cleanser + Toner + Serum + Moisturizer + Sunscreen),Peptides,"Gentle daily cleanser, lightweight antioxidant hydrating gel, daily SPF 50 sunscreen maintenance.",No major concern
PAT-00904,18,Male,Combination,Hyperpigmentation,Melasma-like discoloration on cheeks and upper lip,Low,No,No,Cheeks,Medium,Low,Medium,High,None,High,Moderate (Cleanser + Moisturizer + Sunscreen),Tranexamic Acid,"Antioxidant brightening serum, daily broad-spectrum SPF 50+ reapplication, gentle exfoliating tonic, soothing moisturizer.",Hyperpigmentation
PAT-00905,39,Male,Sensitive,Hyperpigmentation,Sun spots and localized brown patches on cheeks,Low,No,No,Cheeks,Medium,Medium,Low,High,None,Medium,Elaborate (Cleanser + Toner + Serum + Moisturizer + Sunscreen),Alpha Arbutin,"Antioxidant brightening serum, daily broad-spectrum SPF 50+ reapplication, gentle exfoliating tonic, soothing moisturizer.",Hyperpigmentation
PAT-00906,35,Male,Combination,Redness,Stinging sensation and reactive redness to heat,High,No,None,Full Face,Low,Medium,High,Low,None,Medium,Minimal (Cleanser only),Centella Asiatica,"Calming micellar water, barrier-restoring cica cream, fragrance-free physical zinc sunscreen, avoiding thermal/harsh triggers.",Redness
PAT-00907,52,Female,Sensitive,Dryness,Flaking and tight sensation after cleansing,Medium,No,None,Cheeks,Low,Medium,Low,Medium,None,Low,Elaborate (Cleanser + Toner + Serum + Moisturizer + Sunscreen),Ceramides,"Hydrating cream cleanser, multi-molecular HA serum, ceramide-rich barrier cream, hydrating mineral sunscreen.",Dryness
PAT-00908,36,Female,Sensitive,Redness,Sensitivity to wind and skin barrier discomfort,High,No,Alcohol,Nose and Cheeks,Low,Medium,High,Low,None,Medium,Elaborate (Cleanser + Toner + Serum + Moisturizer + Sunscreen),Azelaic Acid,"Calming micellar water, barrier-restoring cica cream, fragrance-free physical zinc sunscreen, avoiding thermal/harsh triggers.",Redness
PAT-00909,17,Male,Oily,Acne,Occasional cystic breakouts and oily shine,Low,No,No,T-Zone,Medium,Low,Medium,Medium,Moderate,Low,Elaborate (Cleanser + Toner + Serum + Moisturizer + Sunscreen),Azelaic Acid,"Gentle foaming cleanser, BHA exfoliation 2-3x/week, oil-free moisturizer, broad-spectrum non-comedogenic SPF 50.",Acne
PAT-00910,28,Female,Combination,Dandruff,Persistent scalp dandruff and mild redness at hair root,Medium,No,None,Scalp,Medium,High,Low,Low,None,Medium,Basic (Cleanser + Moisturizer),Selenium Sulfide,"Anti-dandruff clarifying shampoo 2-3x weekly, scalp soothing tonic with panthenol, avoiding scalding water showers.",Dandruff
PAT-00911,26,Male,Sensitive,Dryness,Flaking and tight sensation after cleansing,Medium,No,No,Forehead,Medium,Medium,Low,Low,None,Low,Moderate (Cleanser + Moisturizer + Sunscreen),Hyaluronic Acid,"Hydrating cream cleanser, multi-molecular HA serum, ceramide-rich barrier cream, hydrating mineral sunscreen.",Dryness
PAT-00912,27,Female,Normal,No major concern,Healthy skin barrier with minimal seasonal dryness,Low,No,No,None,Medium,Low,Low,Low,None,High,Basic (Cleanser + Moisturizer),Ceramides,"Gentle daily cleanser, lightweight antioxidant hydrating gel, daily SPF 50 sunscreen maintenance.",No major concern
PAT-00913,24,Female,Oily,Acne,Tender red bumps along jawline and cheeks,Low,Yes,No,Forehead,Medium,Low,Medium,High,Moderate,High,Moderate (Cleanser + Moisturizer + Sunscreen),Zinc PCA,"Gentle foaming cleanser, BHA exfoliation 2-3x/week, oil-free moisturizer, broad-spectrum non-comedogenic SPF 50.",Acne
PAT-00914,35,Female,Sensitive,Dryness,Rough texture and visible fine dry patches,Medium,No,Fragrance,Full Face,Low,Medium,Low,Medium,None,High,Elaborate (Cleanser + Toner + Serum + Moisturizer + Sunscreen),Hyaluronic Acid,"Hydrating cream cleanser, multi-molecular HA serum, ceramide-rich barrier cream, hydrating mineral sunscreen.",Dryness
PAT-00915,34,Female,Combination,Dandruff,Persistent scalp dandruff and mild redness at hair root,Low,No,No,Hairline,High,Medium,Medium,Low,None,Low,Basic (Cleanser + Moisturizer),Salicylic Acid,"Anti-dandruff clarifying shampoo 2-3x weekly, scalp soothing tonic with panthenol, avoiding scalding water showers.",Dandruff
PAT-00916,36,Male,Dry,Dryness,Rough texture and visible fine dry patches,Medium,No,None,Around Mouth,Low,High,Low,Low,None,Medium,Moderate (Cleanser + Moisturizer + Sunscreen),Glycerin,"Hydrating cream cleanser, multi-molecular HA serum, ceramide-rich barrier cream, hydrating mineral sunscreen.",Dryness
PAT-00917,47,Male,Dry,Dryness,Rough texture and visible fine dry patches,High,No,No,Around Mouth,Medium,High,Medium,Low,None,Low,Minimal (Cleanser only),Ceramides,"Hydrating cream cleanser, multi-molecular HA serum, ceramide-rich barrier cream, hydrating mineral sunscreen.",Dryness
PAT-00918,44,Female,Oily,Hyperpigmentation,Dull complexion with patchy sun discoloration,Low,Yes,No,Cheeks and Nose,Medium,Low,Low,Medium,None,Medium,Elaborate (Cleanser + Toner + Serum + Moisturizer + Sunscreen),Alpha Arbutin,"Antioxidant brightening serum, daily broad-spectrum SPF 50+ reapplication, gentle exfoliating tonic, soothing moisturizer.",Hyperpigmentation
PAT-00919,45,Female,Sensitive,Redness,"Irritation, blotchiness, and sudden redness flare-ups",High,No,Fragrance,Cheeks,Medium,Medium,High,Medium,None,Low,Minimal (Cleanser only),Azelaic Acid,"Calming micellar water, barrier-restoring cica cream, fragrance-free physical zinc sunscreen, avoiding thermal/harsh triggers.",Redness
PAT-00920,35,Male,Sensitive,Hyperpigmentation,Dark spots and uneven skin tone from previous acne,High,No,Fragrance,Forehead,High,Low,Low,High,Mild,Medium,Moderate (Cleanser + Moisturizer + Sunscreen),Alpha Arbutin,"Antioxidant brightening serum, daily broad-spectrum SPF 50+ reapplication, gentle exfoliating tonic, soothing moisturizer.",Hyperpigmentation
PAT-00921,21,Male,Combination,Acne,Clogged pores with recurring breakouts,Low,Yes,None,Forehead,High,Low,Medium,High,Severe,Medium,Basic (Cleanser + Moisturizer),Salicylic Acid,"Gentle foaming cleanser, BHA exfoliation 2-3x/week, oil-free moisturizer, broad-spectrum non-comedogenic SPF 50.",Acne
PAT-00922,34,Male,Sensitive,Redness,Rosacea-like cheek flushing and burning feeling,High,No,Fragrance,Nose and Cheeks,Medium,Medium,Medium,Low,None,Low,Minimal (Cleanser only),Azelaic Acid,"Calming micellar water, barrier-restoring cica cream, fragrance-free physical zinc sunscreen, avoiding thermal/harsh triggers.",Redness
PAT-00923,36,Female,Dry,Redness,"Irritation, blotchiness, and sudden redness flare-ups",High,Yes,Alcohol,Cheeks,Low,High,High,Low,None,Medium,Basic (Cleanser + Moisturizer),Azelaic Acid,"Calming micellar water, barrier-restoring cica cream, fragrance-free physical zinc sunscreen, avoiding thermal/harsh triggers.",Redness
PAT-00924,16,Female,Combination,Dandruff,Itchy scalp with visible white/yellow flakes,High,No,Preservatives,Hairline,Medium,High,Medium,Low,None,Medium,Elaborate (Cleanser + Toner + Serum + Moisturizer + Sunscreen),Ketoconazole,"Anti-dandruff clarifying shampoo 2-3x weekly, scalp soothing tonic with panthenol, avoiding scalding water showers.",Dandruff
PAT-00925,42,Female,Dry,Dryness,"Persistent tightness and dull, parched skin",High,No,Sulfates,Cheeks,Low,High,Low,Low,None,Medium,Minimal (Cleanser only),Squalane,"Hydrating cream cleanser, multi-molecular HA serum, ceramide-rich barrier cream, hydrating mineral sunscreen.",Dryness
PAT-00926,46,Female,Sensitive,Dryness,Rough texture and visible fine dry patches,High,No,Lanolin,Around Mouth,Low,Medium,Medium,Low,None,Low,Basic (Cleanser + Moisturizer),Hyaluronic Acid,"Hydrating cream cleanser, multi-molecular HA serum, ceramide-rich barrier cream, hydrating mineral sunscreen.",Dryness
PAT-00927,29,Male,Dry,Hyperpigmentation,Post-inflammatory dark marks across forehead,Medium,No,Preservatives,Cheeks and Nose,Medium,Medium,Low,High,Mild,Low,Basic (Cleanser + Moisturizer),Alpha Arbutin,"Antioxidant brightening serum, daily broad-spectrum SPF 50+ reapplication, gentle exfoliating tonic, soothing moisturizer.",Hyperpigmentation
PAT-00928,36,Male,Normal,Hyperpigmentation,Sun spots and localized brown patches on cheeks,Medium,Yes,None,Forehead,High,Low,Low,High,Mild,High,Minimal (Cleanser only),Kojic Acid,"Antioxidant brightening serum, daily broad-spectrum SPF 50+ reapplication, gentle exfoliating tonic, soothing moisturizer.",Hyperpigmentation
PAT-00929,27,Female,Combination,Acne,Whiteheads and blackheads on T-zone,Medium,Yes,Essential Oils,Jawline,Medium,Low,High,Medium,Mild,Low,Moderate (Cleanser + Moisturizer + Sunscreen),Niacinamide,"Gentle foaming cleanser, BHA exfoliation 2-3x/week, oil-free moisturizer, broad-spectrum non-comedogenic SPF 50.",Acne
PAT-00930,32,Female,Oily,Dandruff,Greasy scalp scaling and mild scalp irritation,Medium,No,No,Scalp,Medium,Medium,Low,Low,None,Medium,Moderate (Cleanser + Moisturizer + Sunscreen),Zinc Pyrithione,"Anti-dandruff clarifying shampoo 2-3x weekly, scalp soothing tonic with panthenol, avoiding scalding water showers.",Dandruff
PAT-00931,30,Male,Normal,Dandruff,Dry flaking along hairline and upper forehead,Low,Yes,No,Hairline,High,Low,Medium,Low,None,Low,Basic (Cleanser + Moisturizer),Salicylic Acid,"Anti-dandruff clarifying shampoo 2-3x weekly, scalp soothing tonic with panthenol, avoiding scalding water showers.",Dandruff
PAT-00932,26,Male,Dry,Dryness,Ashy skin tone and lack of suppleness,High,No,Preservatives,Cheeks,Medium,High,Low,Medium,None,Medium,Moderate (Cleanser + Moisturizer + Sunscreen),Ceramides,"Hydrating cream cleanser, multi-molecular HA serum, ceramide-rich barrier cream, hydrating mineral sunscreen.",Dryness
PAT-00933,26,Female,Oily,Acne,Occasional cystic breakouts and oily shine,High,No,Fragrance,Full Face,High,Medium,Medium,Low,Mild,Medium,Moderate (Cleanser + Moisturizer + Sunscreen),Azelaic Acid,"Gentle foaming cleanser, BHA exfoliation 2-3x/week, oil-free moisturizer, broad-spectrum non-comedogenic SPF 50.",Acne
PAT-00934,17,Male,Oily,Acne,Clogged pores with recurring breakouts,High,Yes,Fragrance,Full Face,High,Low,Low,Low,Moderate,Medium,Basic (Cleanser + Moisturizer),Salicylic Acid,"Gentle foaming cleanser, BHA exfoliation 2-3x/week, oil-free moisturizer, broad-spectrum non-comedogenic SPF 50.",Acne
PAT-00935,22,Male,Oily,Acne,Occasional cystic breakouts and oily shine,Medium,No,None,T-Zone,Medium,Medium,Medium,Low,Moderate,High,Basic (Cleanser + Moisturizer),Niacinamide,"Gentle foaming cleanser, BHA exfoliation 2-3x/week, oil-free moisturizer, broad-spectrum non-comedogenic SPF 50.",Acne
PAT-00936,57,Female,Normal,Dryness,Ashy skin tone and lack of suppleness,High,No,Fragrance,Forehead,Low,High,Low,Low,None,Low,Minimal (Cleanser only),Squalane,"Hydrating cream cleanser, multi-molecular HA serum, ceramide-rich barrier cream, hydrating mineral sunscreen.",Dryness
PAT-00937,29,Female,Dry,Dryness,Rough texture and visible fine dry patches,Low,No,None,Full Face,Medium,High,Low,Medium,None,High,Moderate (Cleanser + Moisturizer + Sunscreen),Ceramides,"Hydrating cream cleanser, multi-molecular HA serum, ceramide-rich barrier cream, hydrating mineral sunscreen.",Dryness
PAT-00938,28,Female,Dry,Dandruff,Dry flaking along hairline and upper forehead,Medium,No,Sulfates,Hairline,Medium,Medium,Low,Low,None,Medium,Basic (Cleanser + Moisturizer),Zinc Pyrithione,"Anti-dandruff clarifying shampoo 2-3x weekly, scalp soothing tonic with panthenol, avoiding scalding water showers.",Dandruff
PAT-00939,38,Female,Normal,No major concern,"No noticeable irritation, balanced oil and moisture",Low,No,No,None,Low,Low,Low,Low,None,High,Minimal (Cleanser only),Niacinamide,"Gentle daily cleanser, lightweight antioxidant hydrating gel, daily SPF 50 sunscreen maintenance.",No major concern
PAT-00940,15,Male,Combination,Acne,Clogged pores with recurring breakouts,Medium,Yes,No,Jawline,High,Medium,Low,Low,Mild,High,Basic (Cleanser + Moisturizer),Azelaic Acid,"Gentle foaming cleanser, BHA exfoliation 2-3x/week, oil-free moisturizer, broad-spectrum non-comedogenic SPF 50.",Acne
PAT-00941,19,Male,Normal,No major concern,Balanced skin with occasional minor shine,Low,No,None,None,Medium,Low,Low,Low,None,Medium,Moderate (Cleanser + Moisturizer + Sunscreen),Peptides,"Gentle daily cleanser, lightweight antioxidant hydrating gel, daily SPF 50 sunscreen maintenance.",No major concern
PAT-00942,22,Female,Combination,Acne,Whiteheads and blackheads on T-zone,Medium,Yes,No,Jawline,High,Low,Medium,Low,Mild,Low,Moderate (Cleanser + Moisturizer + Sunscreen),Niacinamide,"Gentle foaming cleanser, BHA exfoliation 2-3x/week, oil-free moisturizer, broad-spectrum non-comedogenic SPF 50.",Acne
PAT-00943,18,Female,Combination,Hyperpigmentation,Dark spots and uneven skin tone from previous acne,Medium,Yes,No,Full Face,High,Low,Low,High,None,Medium,Elaborate (Cleanser + Toner + Serum + Moisturizer + Sunscreen),Niacinamide,"Antioxidant brightening serum, daily broad-spectrum SPF 50+ reapplication, gentle exfoliating tonic, soothing moisturizer.",Hyperpigmentation
PAT-00944,48,Female,Dry,Redness,Persistent facial flushing and visible capillaries,High,No,Essential Oils,Full Face,Low,Low,Medium,Low,None,Medium,Basic (Cleanser + Moisturizer),Centella Asiatica,"Calming micellar water, barrier-restoring cica cream, fragrance-free physical zinc sunscreen, avoiding thermal/harsh triggers.",Redness
PAT-00945,28,Female,Combination,Acne,Occasional cystic breakouts and oily shine,Low,Yes,No,T-Zone,Medium,Medium,Low,Medium,Moderate,Medium,Minimal (Cleanser only),Niacinamide,"Gentle foaming cleanser, BHA exfoliation 2-3x/week, oil-free moisturizer, broad-spectrum non-comedogenic SPF 50.",Acne
PAT-00946,23,Male,Oily,Acne,Occasional cystic breakouts and oily shine,Medium,Yes,No,Full Face,High,Low,Medium,Low,Mild,Medium,Minimal (Cleanser only),Azelaic Acid,"Gentle foaming cleanser, BHA exfoliation 2-3x/week, oil-free moisturizer, broad-spectrum non-comedogenic SPF 50.",Acne
PAT-00947,39,Male,Combination,Dryness,Scaling and irritation with seasonal change,High,No,Essential Oils,Cheeks,Low,Medium,Medium,Medium,None,High,Basic (Cleanser + Moisturizer),Ceramides,"Hydrating cream cleanser, multi-molecular HA serum, ceramide-rich barrier cream, hydrating mineral sunscreen.",Dryness
PAT-00948,25,Female,Dry,Dryness,Flaking and tight sensation after cleansing,High,No,None,Full Face,Low,High,High,Low,None,Medium,Minimal (Cleanser only),Hyaluronic Acid,"Hydrating cream cleanser, multi-molecular HA serum, ceramide-rich barrier cream, hydrating mineral sunscreen.",Dryness
PAT-00949,32,Female,Dry,Dryness,"Persistent tightness and dull, parched skin",Low,Yes,No,Cheeks,Low,High,Low,Low,None,High,Minimal (Cleanser only),Centella Asiatica,"Hydrating cream cleanser, multi-molecular HA serum, ceramide-rich barrier cream, hydrating mineral sunscreen.",Dryness
PAT-00950,17,Male,Oily,Acne,Whiteheads and blackheads on T-zone,Low,Yes,No,Cheeks,High,Medium,Medium,High,Moderate,Medium,Moderate (Cleanser + Moisturizer + Sunscreen),Zinc PCA,"Gentle foaming cleanser, BHA exfoliation 2-3x/week, oil-free moisturizer, broad-spectrum non-comedogenic SPF 50.",Acne
PAT-00951,18,Male,Normal,Dandruff,Persistent scalp dandruff and mild redness at hair root,Medium,No,No,Scalp,Medium,High,High,Low,None,Low,Moderate (Cleanser + Moisturizer + Sunscreen),Zinc Pyrithione,"Anti-dandruff clarifying shampoo 2-3x weekly, scalp soothing tonic with panthenol, avoiding scalding water showers.",Dandruff
PAT-00952,21,Female,Normal,Hyperpigmentation,Melasma-like discoloration on cheeks and upper lip,Low,Yes,No,Cheeks and Nose,High,Medium,Medium,Medium,None,Low,Elaborate (Cleanser + Toner + Serum + Moisturizer + Sunscreen),Tranexamic Acid,"Antioxidant brightening serum, daily broad-spectrum SPF 50+ reapplication, gentle exfoliating tonic, soothing moisturizer.",Hyperpigmentation
PAT-00953,42,Female,Dry,Dryness,"Persistent tightness and dull, parched skin",High,No,Fragrance,Cheeks,Low,Medium,Low,Medium,None,High,Elaborate (Cleanser + Toner + Serum + Moisturizer + Sunscreen),Glycerin,"Hydrating cream cleanser, multi-molecular HA serum, ceramide-rich barrier cream, hydrating mineral sunscreen.",Dryness
PAT-00954,30,Male,Oily,Acne,Occasional cystic breakouts and oily shine,Low,Yes,No,T-Zone,Low,Low,Medium,Medium,Moderate,Low,Minimal (Cleanser only),Zinc PCA,"Gentle foaming cleanser, BHA exfoliation 2-3x/week, oil-free moisturizer, broad-spectrum non-comedogenic SPF 50.",Acne
PAT-00955,49,Male,Dry,Dryness,Flaking and tight sensation after cleansing,Medium,No,No,Around Mouth,Low,High,Low,Low,None,Medium,Minimal (Cleanser only),Ceramides,"Hydrating cream cleanser, multi-molecular HA serum, ceramide-rich barrier cream, hydrating mineral sunscreen.",Dryness
PAT-00956,36,Female,Sensitive,Redness,Rosacea-like cheek flushing and burning feeling,High,No,Essential Oils,Cheeks,Low,Medium,Medium,Low,None,Medium,Moderate (Cleanser + Moisturizer + Sunscreen),Madecassoside,"Calming micellar water, barrier-restoring cica cream, fragrance-free physical zinc sunscreen, avoiding thermal/harsh triggers.",Redness
PAT-00957,50,Female,Dry,Redness,"Irritation, blotchiness, and sudden redness flare-ups",High,No,Essential Oils,T-Zone,Low,Low,High,Low,Mild,Low,Minimal (Cleanser only),Madecassoside,"Calming micellar water, barrier-restoring cica cream, fragrance-free physical zinc sunscreen, avoiding thermal/harsh triggers.",Redness
PAT-00958,22,Female,Dry,No major concern,Smooth texture with no persistent discomfort,Low,Yes,No,None,Low,Low,Low,Low,None,High,Basic (Cleanser + Moisturizer),Hyaluronic Acid,"Gentle daily cleanser, lightweight antioxidant hydrating gel, daily SPF 50 sunscreen maintenance.",No major concern
PAT-00959,15,Male,Combination,No major concern,Healthy skin barrier with minimal seasonal dryness,Low,No,No,None,Low,Low,Low,Low,None,Medium,Moderate (Cleanser + Moisturizer + Sunscreen),Niacinamide,"Gentle daily cleanser, lightweight antioxidant hydrating gel, daily SPF 50 sunscreen maintenance.",No major concern
PAT-00960,21,Male,Oily,Acne,Clogged pores with recurring breakouts,Low,Yes,No,Forehead,Medium,Medium,High,Low,Mild,High,Minimal (Cleanser only),Zinc PCA,"Gentle foaming cleanser, BHA exfoliation 2-3x/week, oil-free moisturizer, broad-spectrum non-comedogenic SPF 50.",Acne
PAT-00961,37,Male,Oily,No major concern,Balanced skin with occasional minor shine,Low,Yes,No,Full Face,Medium,Medium,Low,Low,None,High,Minimal (Cleanser only),Niacinamide,"Gentle daily cleanser, lightweight antioxidant hydrating gel, daily SPF 50 sunscreen maintenance.",No major concern
PAT-00962,25,Female,Combination,Acne,Occasional cystic breakouts and oily shine,Medium,No,No,Full Face,High,Medium,Medium,Low,Mild,High,Minimal (Cleanser only),Salicylic Acid,"Gentle foaming cleanser, BHA exfoliation 2-3x/week, oil-free moisturizer, broad-spectrum non-comedogenic SPF 50.",Acne
PAT-00963,37,Female,Normal,No major concern,Smooth texture with no persistent discomfort,Low,No,No,None,Low,Low,Low,Low,None,Low,Moderate (Cleanser + Moisturizer + Sunscreen),Vitamin C,"Gentle daily cleanser, lightweight antioxidant hydrating gel, daily SPF 50 sunscreen maintenance.",No major concern
PAT-00964,36,Male,Dry,Dryness,Ashy skin tone and lack of suppleness,High,Yes,No,Full Face,Low,Medium,Low,Medium,None,Low,Basic (Cleanser + Moisturizer),Squalane,"Hydrating cream cleanser, multi-molecular HA serum, ceramide-rich barrier cream, hydrating mineral sunscreen.",Dryness
PAT-00965,35,Male,Sensitive,Dryness,Rough texture and visible fine dry patches,Medium,No,Fragrance,Around Mouth,Low,Medium,Medium,Medium,None,Medium,Basic (Cleanser + Moisturizer),Centella Asiatica,"Hydrating cream cleanser, multi-molecular HA serum, ceramide-rich barrier cream, hydrating mineral sunscreen.",Dryness
PAT-00966,33,Male,Normal,No major concern,Smooth texture with no persistent discomfort,Medium,Yes,No,None,Medium,Low,Low,Low,None,High,Minimal (Cleanser only),Hyaluronic Acid,"Gentle daily cleanser, lightweight antioxidant hydrating gel, daily SPF 50 sunscreen maintenance.",No major concern
PAT-00967,30,Female,Sensitive,Acne,Whiteheads and blackheads on T-zone,High,Yes,No,Forehead,Medium,Low,Medium,Low,Moderate,Medium,Minimal (Cleanser only),Zinc PCA,"Gentle foaming cleanser, BHA exfoliation 2-3x/week, oil-free moisturizer, broad-spectrum non-comedogenic SPF 50.",Acne
PAT-00968,18,Female,Dry,Hyperpigmentation,Dark spots and uneven skin tone from previous acne,Medium,Yes,None,Forehead,High,Low,Low,High,Mild,High,Elaborate (Cleanser + Toner + Serum + Moisturizer + Sunscreen),Niacinamide,"Antioxidant brightening serum, daily broad-spectrum SPF 50+ reapplication, gentle exfoliating tonic, soothing moisturizer.",Hyperpigmentation
PAT-00969,24,Female,Combination,Acne,Clogged pores with recurring breakouts,Low,Yes,No,Cheeks,Medium,Medium,High,Medium,Moderate,Medium,Basic (Cleanser + Moisturizer),Salicylic Acid,"Gentle foaming cleanser, BHA exfoliation 2-3x/week, oil-free moisturizer, broad-spectrum non-comedogenic SPF 50.",Acne
PAT-00970,33,Male,Sensitive,Hyperpigmentation,Post-inflammatory dark marks across forehead,Medium,Yes,No,Cheeks,Low,Low,Low,Medium,Mild,High,Basic (Cleanser + Moisturizer),Alpha Arbutin,"Antioxidant brightening serum, daily broad-spectrum SPF 50+ reapplication, gentle exfoliating tonic, soothing moisturizer.",Hyperpigmentation
PAT-00971,49,Female,Dry,Dryness,Scaling and irritation with seasonal change,High,No,Fragrance,Forehead,Low,High,Low,Low,None,Low,Moderate (Cleanser + Moisturizer + Sunscreen),Hyaluronic Acid,"Hydrating cream cleanser, multi-molecular HA serum, ceramide-rich barrier cream, hydrating mineral sunscreen.",Dryness
PAT-00972,29,Female,Sensitive,Redness,Sensitivity to wind and skin barrier discomfort,High,No,Fragrance,Nose and Cheeks,Low,Medium,Medium,Low,None,Medium,Moderate (Cleanser + Moisturizer + Sunscreen),Panthenol,"Calming micellar water, barrier-restoring cica cream, fragrance-free physical zinc sunscreen, avoiding thermal/harsh triggers.",Redness
PAT-00973,20,Female,Sensitive,Redness,"Irritation, blotchiness, and sudden redness flare-ups",Medium,Yes,Essential Oils,Nose and Cheeks,Medium,High,High,Low,None,Medium,Minimal (Cleanser only),Allantoin,"Calming micellar water, barrier-restoring cica cream, fragrance-free physical zinc sunscreen, avoiding thermal/harsh triggers.",Redness
PAT-00974,58,Female,Sensitive,Dryness,Rough texture and visible fine dry patches,Low,No,No,Full Face,Low,Medium,Medium,Low,None,Medium,Elaborate (Cleanser + Toner + Serum + Moisturizer + Sunscreen),Ceramides,"Hydrating cream cleanser, multi-molecular HA serum, ceramide-rich barrier cream, hydrating mineral sunscreen.",Dryness
PAT-00975,34,Female,Normal,No major concern,Even complexion with no active breakouts or irritation,Medium,No,No,Full Face,Medium,Low,Low,Low,None,Low,Moderate (Cleanser + Moisturizer + Sunscreen),Hyaluronic Acid,"Gentle daily cleanser, lightweight antioxidant hydrating gel, daily SPF 50 sunscreen maintenance.",No major concern
PAT-00976,21,Female,Oily,Acne,Clogged pores with recurring breakouts,High,Yes,No,Forehead,Medium,Low,Low,Medium,Mild,High,Elaborate (Cleanser + Toner + Serum + Moisturizer + Sunscreen),Niacinamide,"Gentle foaming cleanser, BHA exfoliation 2-3x/week, oil-free moisturizer, broad-spectrum non-comedogenic SPF 50.",Acne
PAT-00977,20,Male,Oily,Acne,Inflamed red pimples and occasional pustules,Low,Yes,No,Full Face,High,Low,Medium,Low,Mild,Medium,Minimal (Cleanser only),Niacinamide,"Gentle foaming cleanser, BHA exfoliation 2-3x/week, oil-free moisturizer, broad-spectrum non-comedogenic SPF 50.",Acne
PAT-00978,18,Female,Combination,Hyperpigmentation,Sun spots and localized brown patches on cheeks,Low,No,None,Forehead,Low,Low,Low,High,Mild,High,Moderate (Cleanser + Moisturizer + Sunscreen),Kojic Acid,"Antioxidant brightening serum, daily broad-spectrum SPF 50+ reapplication, gentle exfoliating tonic, soothing moisturizer.",Hyperpigmentation
PAT-00979,30,Male,Sensitive,Redness,Persistent facial flushing and visible capillaries,High,No,Fragrance,Cheeks,High,High,High,Low,None,High,Minimal (Cleanser only),Allantoin,"Calming micellar water, barrier-restoring cica cream, fragrance-free physical zinc sunscreen, avoiding thermal/harsh triggers.",Redness
PAT-00980,34,Female,Oily,Hyperpigmentation,Dull complexion with patchy sun discoloration,Medium,Yes,None,Forehead,High,Low,Low,Medium,None,High,Minimal (Cleanser only),Niacinamide,"Antioxidant brightening serum, daily broad-spectrum SPF 50+ reapplication, gentle exfoliating tonic, soothing moisturizer.",Hyperpigmentation
PAT-00981,33,Female,Sensitive,Dryness,Ashy skin tone and lack of suppleness,Medium,No,Sulfates,Forehead,Low,High,Low,Low,None,Medium,Basic (Cleanser + Moisturizer),Centella Asiatica,"Hydrating cream cleanser, multi-molecular HA serum, ceramide-rich barrier cream, hydrating mineral sunscreen.",Dryness
PAT-00982,32,Female,Combination,No major concern,Healthy skin barrier with minimal seasonal dryness,Low,No,No,Full Face,Low,Low,Low,Low,None,Low,Moderate (Cleanser + Moisturizer + Sunscreen),Hyaluronic Acid,"Gentle daily cleanser, lightweight antioxidant hydrating gel, daily SPF 50 sunscreen maintenance.",No major concern
PAT-00983,30,Male,Oily,Acne,Tender red bumps along jawline and cheeks,Medium,Yes,No,Full Face,High,Low,Low,Low,Mild,High,Minimal (Cleanser only),Azelaic Acid,"Gentle foaming cleanser, BHA exfoliation 2-3x/week, oil-free moisturizer, broad-spectrum non-comedogenic SPF 50.",Acne
PAT-00984,26,Female,Dry,Dandruff,Dry flaking along hairline and upper forehead,Medium,Yes,No,Scalp and Upper Forehead,High,Low,High,Low,None,Medium,Minimal (Cleanser only),Zinc Pyrithione,"Anti-dandruff clarifying shampoo 2-3x weekly, scalp soothing tonic with panthenol, avoiding scalding water showers.",Dandruff
PAT-00985,22,Male,Normal,Acne,Occasional cystic breakouts and oily shine,Medium,Yes,Fragrance,Cheeks,High,Medium,High,Low,Moderate,High,Basic (Cleanser + Moisturizer),Zinc PCA,"Gentle foaming cleanser, BHA exfoliation 2-3x/week, oil-free moisturizer, broad-spectrum non-comedogenic SPF 50.",Acne
PAT-00986,26,Female,Normal,No major concern,Smooth texture with no persistent discomfort,Low,No,No,Full Face,Low,Low,Low,Low,None,Low,Basic (Cleanser + Moisturizer),Vitamin C,"Gentle daily cleanser, lightweight antioxidant hydrating gel, daily SPF 50 sunscreen maintenance.",No major concern
PAT-00987,23,Female,Oily,Acne,Clogged pores with recurring breakouts,Medium,Yes,No,T-Zone,Medium,Low,Medium,High,Mild,Medium,Basic (Cleanser + Moisturizer),Salicylic Acid,"Gentle foaming cleanser, BHA exfoliation 2-3x/week, oil-free moisturizer, broad-spectrum non-comedogenic SPF 50.",Acne
PAT-00988,30,Female,Dry,Dandruff,Greasy scalp scaling and mild scalp irritation,Medium,No,No,Scalp,High,Medium,High,Low,None,Medium,Moderate (Cleanser + Moisturizer + Sunscreen),Zinc Pyrithione,"Anti-dandruff clarifying shampoo 2-3x weekly, scalp soothing tonic with panthenol, avoiding scalding water showers.",Dandruff
PAT-00989,54,Female,Normal,No major concern,Smooth texture with no persistent discomfort,Low,Yes,No,Full Face,Low,Low,Low,Low,None,High,Basic (Cleanser + Moisturizer),Hyaluronic Acid,"Gentle daily cleanser, lightweight antioxidant hydrating gel, daily SPF 50 sunscreen maintenance.",No major concern
PAT-00990,31,Female,Sensitive,Hyperpigmentation,Melasma-like discoloration on cheeks and upper lip,Low,No,No,Cheeks and Nose,High,Low,Low,High,None,High,Elaborate (Cleanser + Toner + Serum + Moisturizer + Sunscreen),Vitamin C,"Antioxidant brightening serum, daily broad-spectrum SPF 50+ reapplication, gentle exfoliating tonic, soothing moisturizer.",Hyperpigmentation
PAT-00991,22,Male,Normal,Acne,Whiteheads and blackheads on T-zone,Low,Yes,No,Forehead,Medium,Medium,Medium,High,Mild,High,Minimal (Cleanser only),Azelaic Acid,"Gentle foaming cleanser, BHA exfoliation 2-3x/week, oil-free moisturizer, broad-spectrum non-comedogenic SPF 50.",Acne
PAT-00992,33,Female,Dry,No major concern,Even complexion with no active breakouts or irritation,Low,No,No,None,Low,Medium,Low,Low,None,Low,Basic (Cleanser + Moisturizer),Vitamin C,"Gentle daily cleanser, lightweight antioxidant hydrating gel, daily SPF 50 sunscreen maintenance.",No major concern
PAT-00993,53,Female,Dry,Dryness,Scaling and irritation with seasonal change,High,No,Fragrance,Around Mouth,Low,High,Medium,Medium,None,Low,Minimal (Cleanser only),Hyaluronic Acid,"Hydrating cream cleanser, multi-molecular HA serum, ceramide-rich barrier cream, hydrating mineral sunscreen.",Dryness
PAT-00994,21,Female,Combination,Hyperpigmentation,Melasma-like discoloration on cheeks and upper lip,Medium,No,No,Forehead,High,Medium,Low,High,None,Medium,Elaborate (Cleanser + Toner + Serum + Moisturizer + Sunscreen),Vitamin C,"Antioxidant brightening serum, daily broad-spectrum SPF 50+ reapplication, gentle exfoliating tonic, soothing moisturizer.",Hyperpigmentation
PAT-00995,15,Female,Dry,Dandruff,Dry flaking along hairline and upper forehead,Medium,No,No,Hairline,High,Low,Medium,Low,None,Medium,Elaborate (Cleanser + Toner + Serum + Moisturizer + Sunscreen),Salicylic Acid,"Anti-dandruff clarifying shampoo 2-3x weekly, scalp soothing tonic with panthenol, avoiding scalding water showers.",Dandruff
PAT-00996,25,Male,Sensitive,Hyperpigmentation,Dull complexion with patchy sun discoloration,Low,Yes,No,Forehead,High,Low,Low,Medium,None,Low,Elaborate (Cleanser + Toner + Serum + Moisturizer + Sunscreen),Vitamin C,"Antioxidant brightening serum, daily broad-spectrum SPF 50+ reapplication, gentle exfoliating tonic, soothing moisturizer.",Hyperpigmentation
PAT-00997,33,Male,Combination,Redness,Stinging sensation and reactive redness to heat,Medium,No,Alcohol,Cheeks,Low,High,High,Medium,None,Medium,Moderate (Cleanser + Moisturizer + Sunscreen),Centella Asiatica,"Calming micellar water, barrier-restoring cica cream, fragrance-free physical zinc sunscreen, avoiding thermal/harsh triggers.",Redness
PAT-00998,33,Male,Normal,No major concern,Smooth texture with no persistent discomfort,Low,No,None,Full Face,Medium,Low,Low,Low,None,High,Basic (Cleanser + Moisturizer),Hyaluronic Acid,"Gentle daily cleanser, lightweight antioxidant hydrating gel, daily SPF 50 sunscreen maintenance.",No major concern
PAT-00999,30,Female,Combination,No major concern,"No noticeable irritation, balanced oil and moisture",Low,Yes,No,None,Low,Low,Low,Low,None,Medium,Minimal (Cleanser only),Peptides,"Gentle daily cleanser, lightweight antioxidant hydrating gel, daily SPF 50 sunscreen maintenance.",No major concern
PAT-01000,24,Male,Oily,Hyperpigmentation,Melasma-like discoloration on cheeks and upper lip,Low,No,Preservatives,Full Face,Medium,Medium,Low,High,Mild,High,Minimal (Cleanser only),Vitamin C,"Antioxidant brightening serum, daily broad-spectrum SPF 50+ reapplication, gentle exfoliating tonic, soothing moisturizer.",Hyperpigmentation
PAT-01001,26,Female,Combination,Acne,Tender red bumps along jawline and cheeks,High,Yes,No,Cheeks,High,Low,Low,Medium,Mild,Low,Basic (Cleanser + Moisturizer),Zinc PCA,"Gentle foaming cleanser, BHA exfoliation 2-3x/week, oil-free moisturizer, broad-spectrum non-comedogenic SPF 50.",Acne
PAT-01002,20,Female,Combination,Acne,Whiteheads and blackheads on T-zone,Medium,Yes,No,Cheeks,High,Low,Medium,Low,Moderate,Low,Minimal (Cleanser only),Zinc PCA,"Gentle foaming cleanser, BHA exfoliation 2-3x/week, oil-free moisturizer, broad-spectrum non-comedogenic SPF 50.",Acne
PAT-01003,28,Male,Dry,Dryness,Ashy skin tone and lack of suppleness,High,No,Fragrance,Full Face,Low,High,Low,Low,None,Low,Basic (Cleanser + Moisturizer),Hyaluronic Acid,"Hydrating cream cleanser, multi-molecular HA serum, ceramide-rich barrier cream, hydrating mineral sunscreen.",Dryness
PAT-01004,29,Male,Dry,Dryness,Ashy skin tone and lack of suppleness,Medium,No,Sulfates,Full Face,Low,High,Medium,Low,None,Low,Minimal (Cleanser only),Hyaluronic Acid,"Hydrating cream cleanser, multi-molecular HA serum, ceramide-rich barrier cream, hydrating mineral sunscreen.",Dryness
PAT-01005,25,Male,Oily,Acne,Clogged pores with recurring breakouts,Medium,Yes,No,Cheeks,Low,Low,High,Medium,Moderate,Low,Elaborate (Cleanser + Toner + Serum + Moisturizer + Sunscreen),Salicylic Acid,"Gentle foaming cleanser, BHA exfoliation 2-3x/week, oil-free moisturizer, broad-spectrum non-comedogenic SPF 50.",Acne
PAT-01006,25,Male,Combination,Acne,Clogged pores with recurring breakouts,Medium,No,No,T-Zone,Low,Low,Low,Low,Severe,Medium,Basic (Cleanser + Moisturizer),Niacinamide,"Gentle foaming cleanser, BHA exfoliation 2-3x/week, oil-free moisturizer, broad-spectrum non-comedogenic SPF 50.",Acne
PAT-01007,16,Female,Normal,Dandruff,Persistent scalp dandruff and mild redness at hair root,Medium,Yes,No,Hairline,Medium,High,Low,Low,None,Medium,Elaborate (Cleanser + Toner + Serum + Moisturizer + Sunscreen),Ketoconazole,"Anti-dandruff clarifying shampoo 2-3x weekly, scalp soothing tonic with panthenol, avoiding scalding water showers.",Dandruff
PAT-01008,15,Male,Oily,Acne,Inflamed red pimples and occasional pustules,Medium,Yes,No,Jawline,Medium,Low,Medium,Low,Moderate,High,Basic (Cleanser + Moisturizer),Zinc PCA,"Gentle foaming cleanser, BHA exfoliation 2-3x/week, oil-free moisturizer, broad-spectrum non-comedogenic SPF 50.",Acne
PAT-01009,45,Male,Dry,Dryness,Ashy skin tone and lack of suppleness,Medium,No,No,Around Mouth,Low,High,High,Low,None,Low,Basic (Cleanser + Moisturizer),Hyaluronic Acid,"Hydrating cream cleanser, multi-molecular HA serum, ceramide-rich barrier cream, hydrating mineral sunscreen.",Dryness
PAT-01010,30,Female,Sensitive,Redness,"Irritation, blotchiness, and sudden redness flare-ups",High,No,Alcohol,Cheeks,High,High,High,Low,None,Low,Basic (Cleanser + Moisturizer),Azelaic Acid,"Calming micellar water, barrier-restoring cica cream, fragrance-free physical zinc sunscreen, avoiding thermal/harsh triggers.",Redness
PAT-01011,25,Female,Combination,Dandruff,"Scalp tightness, flaking, and itching after sweat",Medium,Yes,Sulfates,Scalp,High,Medium,Medium,Low,None,Medium,Minimal (Cleanser only),Zinc Pyrithione,"Anti-dandruff clarifying shampoo 2-3x weekly, scalp soothing tonic with panthenol, avoiding scalding water showers.",Dandruff
PAT-01012,34,Male,Oily,Hyperpigmentation,Sun spots and localized brown patches on cheeks,Low,No,None,Cheeks and Nose,Low,Medium,Low,High,None,Medium,Basic (Cleanser + Moisturizer),Kojic Acid,"Antioxidant brightening serum, daily broad-spectrum SPF 50+ reapplication, gentle exfoliating tonic, soothing moisturizer.",Hyperpigmentation
PAT-01013,35,Male,Sensitive,Redness,Stinging sensation and reactive redness to heat,High,No,Fragrance,T-Zone,Medium,Medium,High,Low,None,High,Minimal (Cleanser only),Azelaic Acid,"Calming micellar water, barrier-restoring cica cream, fragrance-free physical zinc sunscreen, avoiding thermal/harsh triggers.",Redness
PAT-01014,48,Male,Sensitive,Dryness,Flaking and tight sensation after cleansing,High,No,Sulfates,Forehead,Medium,Medium,Low,Low,None,Low,Basic (Cleanser + Moisturizer),Hyaluronic Acid,"Hydrating cream cleanser, multi-molecular HA serum, ceramide-rich barrier cream, hydrating mineral sunscreen.",Dryness
PAT-01015,22,Male,Normal,No major concern,Healthy skin barrier with minimal seasonal dryness,Low,No,No,None,Medium,Medium,Low,Low,None,Low,Elaborate (Cleanser + Toner + Serum + Moisturizer + Sunscreen),Niacinamide,"Gentle daily cleanser, lightweight antioxidant hydrating gel, daily SPF 50 sunscreen maintenance.",No major concern
PAT-01016,24,Female,Oily,Acne,Whiteheads and blackheads on T-zone,High,Yes,Fragrance,Full Face,High,Low,Medium,Medium,Moderate,Medium,Elaborate (Cleanser + Toner + Serum + Moisturizer + Sunscreen),Zinc PCA,"Gentle foaming cleanser, BHA exfoliation 2-3x/week, oil-free moisturizer, broad-spectrum non-comedogenic SPF 50.",Acne
PAT-01017,40,Male,Oily,Dandruff,"Scalp tightness, flaking, and itching after sweat",Low,Yes,None,Hairline,High,Medium,Low,Low,None,Medium,Moderate (Cleanser + Moisturizer + Sunscreen),Salicylic Acid,"Anti-dandruff clarifying shampoo 2-3x weekly, scalp soothing tonic with panthenol, avoiding scalding water showers.",Dandruff
PAT-01018,23,Male,Normal,No major concern,Healthy skin barrier with minimal seasonal dryness,Low,No,No,Full Face,Low,Low,Low,Low,None,Medium,Moderate (Cleanser + Moisturizer + Sunscreen),Hyaluronic Acid,"Gentle daily cleanser, lightweight antioxidant hydrating gel, daily SPF 50 sunscreen maintenance.",No major concern
PAT-01019,27,Female,Normal,Hyperpigmentation,Sun spots and localized brown patches on cheeks,Medium,No,No,Cheeks,Medium,Medium,Medium,High,None,High,Moderate (Cleanser + Moisturizer + Sunscreen),Vitamin C,"Antioxidant brightening serum, daily broad-spectrum SPF 50+ reapplication, gentle exfoliating tonic, soothing moisturizer.",Hyperpigmentation
PAT-01020,42,Female,Combination,Hyperpigmentation,Post-inflammatory dark marks across forehead,Low,No,No,Forehead,Low,Medium,Low,High,Mild,High,Minimal (Cleanser only),Vitamin C,"Antioxidant brightening serum, daily broad-spectrum SPF 50+ reapplication, gentle exfoliating tonic, soothing moisturizer.",Hyperpigmentation
PAT-01021,36,Male,Combination,Hyperpigmentation,Dull complexion with patchy sun discoloration,Medium,Yes,No,Cheeks,High,Low,Medium,High,None,High,Minimal (Cleanser only),Tranexamic Acid,"Antioxidant brightening serum, daily broad-spectrum SPF 50+ reapplication, gentle exfoliating tonic, soothing moisturizer.",Hyperpigmentation
PAT-01022,35,Female,Normal,No major concern,Smooth texture with no persistent discomfort,Low,No,No,None,Medium,Low,Low,Low,None,High,Moderate (Cleanser + Moisturizer + Sunscreen),Hyaluronic Acid,"Gentle daily cleanser, lightweight antioxidant hydrating gel, daily SPF 50 sunscreen maintenance.",No major concern
PAT-01023,15,Female,Oily,Dandruff,Dry flaking along hairline and upper forehead,Medium,Yes,No,Scalp,High,Medium,Low,Low,None,Low,Basic (Cleanser + Moisturizer),Salicylic Acid,"Anti-dandruff clarifying shampoo 2-3x weekly, scalp soothing tonic with panthenol, avoiding scalding water showers.",Dandruff
PAT-01024,20,Female,Combination,Acne,Occasional cystic breakouts and oily shine,Low,No,None,Forehead,Medium,Medium,High,High,Moderate,Medium,Moderate (Cleanser + Moisturizer + Sunscreen),Salicylic Acid,"Gentle foaming cleanser, BHA exfoliation 2-3x/week, oil-free moisturizer, broad-spectrum non-comedogenic SPF 50.",Acne
PAT-01025,24,Female,Dry,Dryness,Ashy skin tone and lack of suppleness,High,No,No,Around Mouth,Medium,Medium,Medium,Low,None,Medium,Elaborate (Cleanser + Toner + Serum + Moisturizer + Sunscreen),Hyaluronic Acid,"Hydrating cream cleanser, multi-molecular HA serum, ceramide-rich barrier cream, hydrating mineral sunscreen.",Dryness
PAT-01026,33,Male,Normal,No major concern,Healthy skin barrier with minimal seasonal dryness,Low,Yes,No,None,Low,Low,Low,Low,None,Low,Elaborate (Cleanser + Toner + Serum + Moisturizer + Sunscreen),Hyaluronic Acid,"Gentle daily cleanser, lightweight antioxidant hydrating gel, daily SPF 50 sunscreen maintenance.",No major concern
PAT-01027,27,Male,Oily,Acne,Clogged pores with recurring breakouts,High,Yes,Lanolin,Forehead,High,Low,Medium,Medium,Moderate,High,Moderate (Cleanser + Moisturizer + Sunscreen),Niacinamide,"Gentle foaming cleanser, BHA exfoliation 2-3x/week, oil-free moisturizer, broad-spectrum non-comedogenic SPF 50.",Acne
PAT-01028,33,Female,Normal,No major concern,Smooth texture with no persistent discomfort,Low,No,No,None,Low,Low,Low,Low,None,Medium,Minimal (Cleanser only),Niacinamide,"Gentle daily cleanser, lightweight antioxidant hydrating gel, daily SPF 50 sunscreen maintenance.",No major concern
PAT-01029,23,Male,Oily,Acne,Tender red bumps along jawline and cheeks,Medium,No,No,Cheeks,High,Low,High,Low,Severe,High,Minimal (Cleanser only),Salicylic Acid,"Gentle foaming cleanser, BHA exfoliation 2-3x/week, oil-free moisturizer, broad-spectrum non-comedogenic SPF 50.",Acne
PAT-01030,38,Male,Dry,Dryness,"Persistent tightness and dull, parched skin",High,Yes,No,Cheeks,Medium,Medium,Medium,Low,None,Medium,Basic (Cleanser + Moisturizer),Ceramides,"Hydrating cream cleanser, multi-molecular HA serum, ceramide-rich barrier cream, hydrating mineral sunscreen.",Dryness
PAT-01031,21,Female,Combination,Acne,Whiteheads and blackheads on T-zone,High,Yes,No,T-Zone,High,Low,Medium,Medium,Mild,Medium,Basic (Cleanser + Moisturizer),Salicylic Acid,"Gentle foaming cleanser, BHA exfoliation 2-3x/week, oil-free moisturizer, broad-spectrum non-comedogenic SPF 50.",Acne
PAT-01032,23,Female,Combination,Acne,Tender red bumps along jawline and cheeks,High,Yes,No,T-Zone,High,Low,Medium,Medium,Severe,Medium,Minimal (Cleanser only),Zinc PCA,"Gentle foaming cleanser, BHA exfoliation 2-3x/week, oil-free moisturizer, broad-spectrum non-comedogenic SPF 50.",Acne
PAT-01033,18,Female,Oily,Acne,Inflamed red pimples and occasional pustules,Low,Yes,No,Forehead,High,Low,Low,Medium,Mild,Medium,Minimal (Cleanser only),Tea Tree Extract,"Gentle foaming cleanser, BHA exfoliation 2-3x/week, oil-free moisturizer, broad-spectrum non-comedogenic SPF 50.",Acne
PAT-01034,31,Male,Oily,Hyperpigmentation,Melasma-like discoloration on cheeks and upper lip,Low,Yes,No,Cheeks and Nose,Low,Medium,Low,High,None,High,Moderate (Cleanser + Moisturizer + Sunscreen),Tranexamic Acid,"Antioxidant brightening serum, daily broad-spectrum SPF 50+ reapplication, gentle exfoliating tonic, soothing moisturizer.",Hyperpigmentation
PAT-01035,23,Male,Dry,Hyperpigmentation,Sun spots and localized brown patches on cheeks,Medium,Yes,No,Cheeks and Nose,Medium,Medium,Low,High,None,Medium,Elaborate (Cleanser + Toner + Serum + Moisturizer + Sunscreen),Vitamin C,"Antioxidant brightening serum, daily broad-spectrum SPF 50+ reapplication, gentle exfoliating tonic, soothing moisturizer.",Hyperpigmentation
PAT-01036,19,Male,Combination,Acne,Inflamed red pimples and occasional pustules,Medium,Yes,Essential Oils,Full Face,High,Low,Low,Medium,Moderate,High,Moderate (Cleanser + Moisturizer + Sunscreen),Niacinamide,"Gentle foaming cleanser, BHA exfoliation 2-3x/week, oil-free moisturizer, broad-spectrum non-comedogenic SPF 50.",Acne
PAT-01037,26,Male,Combination,Acne,Whiteheads and blackheads on T-zone,Medium,Yes,No,Full Face,High,Low,Low,Medium,Moderate,High,Basic (Cleanser + Moisturizer),Salicylic Acid,"Gentle foaming cleanser, BHA exfoliation 2-3x/week, oil-free moisturizer, broad-spectrum non-comedogenic SPF 50.",Acne
PAT-01038,35,Male,Normal,No major concern,Balanced skin with occasional minor shine,Low,No,None,T-Zone,Medium,Low,Low,Low,None,High,Basic (Cleanser + Moisturizer),Hyaluronic Acid,"Gentle daily cleanser, lightweight antioxidant hydrating gel, daily SPF 50 sunscreen maintenance.",No major concern
PAT-01039,30,Male,Combination,Acne,Whiteheads and blackheads on T-zone,High,No,No,Forehead,Low,High,Medium,High,Moderate,Medium,Elaborate (Cleanser + Toner + Serum + Moisturizer + Sunscreen),Niacinamide,"Gentle foaming cleanser, BHA exfoliation 2-3x/week, oil-free moisturizer, broad-spectrum non-comedogenic SPF 50.",Acne
PAT-01040,32,Female,Combination,Acne,Tender red bumps along jawline and cheeks,High,Yes,No,Full Face,Medium,Low,Medium,Medium,Moderate,High,Basic (Cleanser + Moisturizer),Zinc PCA,"Gentle foaming cleanser, BHA exfoliation 2-3x/week, oil-free moisturizer, broad-spectrum non-comedogenic SPF 50.",Acne
PAT-01041,35,Male,Combination,Hyperpigmentation,Dark spots and uneven skin tone from previous acne,Medium,No,No,Cheeks,Medium,Low,Low,High,None,High,Moderate (Cleanser + Moisturizer + Sunscreen),Niacinamide,"Antioxidant brightening serum, daily broad-spectrum SPF 50+ reapplication, gentle exfoliating tonic, soothing moisturizer.",Hyperpigmentation
PAT-01042,53,Female,Dry,Dryness,"Persistent tightness and dull, parched skin",High,No,Sulfates,Around Mouth,Low,High,Medium,Low,None,Low,Basic (Cleanser + Moisturizer),Ceramides,"Hydrating cream cleanser, multi-molecular HA serum, ceramide-rich barrier cream, hydrating mineral sunscreen.",Dryness
PAT-01043,26,Male,Sensitive,Redness,"Irritation, blotchiness, and sudden redness flare-ups",High,No,Alcohol,T-Zone,Medium,Medium,High,Medium,Mild,Medium,Minimal (Cleanser only),Madecassoside,"Calming micellar water, barrier-restoring cica cream, fragrance-free physical zinc sunscreen, avoiding thermal/harsh triggers.",Redness
PAT-01044,37,Female,Sensitive,Redness,Stinging sensation and reactive redness to heat,High,No,Alcohol,T-Zone,Low,High,High,Medium,None,Low,Minimal (Cleanser only),Madecassoside,"Calming micellar water, barrier-restoring cica cream, fragrance-free physical zinc sunscreen, avoiding thermal/harsh triggers.",Redness
PAT-01045,20,Male,Sensitive,Acne,Occasional cystic breakouts and oily shine,Medium,Yes,No,Forehead,High,Medium,High,High,Mild,Medium,Moderate (Cleanser + Moisturizer + Sunscreen),Azelaic Acid,"Gentle foaming cleanser, BHA exfoliation 2-3x/week, oil-free moisturizer, broad-spectrum non-comedogenic SPF 50.",Acne
PAT-01046,22,Male,Sensitive,Acne,Occasional cystic breakouts and oily shine,Medium,Yes,No,Forehead,Low,High,Medium,Low,Moderate,High,Moderate (Cleanser + Moisturizer + Sunscreen),Zinc PCA,"Gentle foaming cleanser, BHA exfoliation 2-3x/week, oil-free moisturizer, broad-spectrum non-comedogenic SPF 50.",Acne
PAT-01047,23,Female,Combination,Acne,Tender red bumps along jawline and cheeks,Medium,Yes,None,Full Face,High,Medium,Low,Medium,Moderate,Medium,Elaborate (Cleanser + Toner + Serum + Moisturizer + Sunscreen),Salicylic Acid,"Gentle foaming cleanser, BHA exfoliation 2-3x/week, oil-free moisturizer, broad-spectrum non-comedogenic SPF 50.",Acne
PAT-01048,24,Male,Oily,Acne,Clogged pores with recurring breakouts,Low,Yes,No,Jawline,High,Low,Medium,Medium,Moderate,Medium,Elaborate (Cleanser + Toner + Serum + Moisturizer + Sunscreen),Niacinamide,"Gentle foaming cleanser, BHA exfoliation 2-3x/week, oil-free moisturizer, broad-spectrum non-comedogenic SPF 50.",Acne
PAT-01049,44,Male,Normal,Dandruff,Dry flaking along hairline and upper forehead,High,No,No,Scalp,High,High,High,Low,None,Low,Elaborate (Cleanser + Toner + Serum + Moisturizer + Sunscreen),Selenium Sulfide,"Anti-dandruff clarifying shampoo 2-3x weekly, scalp soothing tonic with panthenol, avoiding scalding water showers.",Dandruff
PAT-01050,26,Male,Normal,Dryness,Rough texture and visible fine dry patches,High,No,No,Around Mouth,Low,High,Medium,Low,None,Medium,Elaborate (Cleanser + Toner + Serum + Moisturizer + Sunscreen),Hyaluronic Acid,"Hydrating cream cleanser, multi-molecular HA serum, ceramide-rich barrier cream, hydrating mineral sunscreen.",Dryness
PAT-01051,22,Female,Combination,Acne,Occasional cystic breakouts and oily shine,Medium,Yes,None,Full Face,Medium,Low,Low,Low,Moderate,Low,Minimal (Cleanser only),Niacinamide,"Gentle foaming cleanser, BHA exfoliation 2-3x/week, oil-free moisturizer, broad-spectrum non-comedogenic SPF 50.",Acne
PAT-01052,28,Female,Combination,Dandruff,"Scalp tightness, flaking, and itching after sweat",High,Yes,Fragrance,Scalp and Upper Forehead,High,High,Medium,Low,None,Medium,Moderate (Cleanser + Moisturizer + Sunscreen),Zinc Pyrithione,"Anti-dandruff clarifying shampoo 2-3x weekly, scalp soothing tonic with panthenol, avoiding scalding water showers.",Dandruff
PAT-01053,22,Male,Dry,Dryness,Ashy skin tone and lack of suppleness,Medium,No,None,Full Face,Medium,High,Low,Low,None,Medium,Elaborate (Cleanser + Toner + Serum + Moisturizer + Sunscreen),Hyaluronic Acid,"Hydrating cream cleanser, multi-molecular HA serum, ceramide-rich barrier cream, hydrating mineral sunscreen.",Dryness
PAT-01054,33,Female,Dry,Dryness,Rough texture and visible fine dry patches,High,No,Preservatives,Full Face,Low,Medium,High,Low,None,Low,Elaborate (Cleanser + Toner + Serum + Moisturizer + Sunscreen),Ceramides,"Hydrating cream cleanser, multi-molecular HA serum, ceramide-rich barrier cream, hydrating mineral sunscreen.",Dryness
PAT-01055,32,Male,Combination,Acne,Inflamed red pimples and occasional pustules,Medium,Yes,None,Cheeks,High,Low,Medium,Low,Moderate,Medium,Moderate (Cleanser + Moisturizer + Sunscreen),Salicylic Acid,"Gentle foaming cleanser, BHA exfoliation 2-3x/week, oil-free moisturizer, broad-spectrum non-comedogenic SPF 50.",Acne
PAT-01056,15,Male,Combination,Acne,Inflamed red pimples and occasional pustules,Medium,Yes,No,Cheeks,High,Low,Medium,Medium,Severe,Low,Basic (Cleanser + Moisturizer),Salicylic Acid,"Gentle foaming cleanser, BHA exfoliation 2-3x/week, oil-free moisturizer, broad-spectrum non-comedogenic SPF 50.",Acne
PAT-01057,21,Female,Normal,No major concern,Smooth texture with no persistent discomfort,Low,No,None,Full Face,Medium,Medium,Low,Low,None,Medium,Minimal (Cleanser only),Hyaluronic Acid,"Gentle daily cleanser, lightweight antioxidant hydrating gel, daily SPF 50 sunscreen maintenance.",No major concern
PAT-01058,15,Male,Oily,Acne,Tender red bumps along jawline and cheeks,Medium,Yes,No,Full Face,High,Low,Low,Low,Moderate,High,Minimal (Cleanser only),Niacinamide,"Gentle foaming cleanser, BHA exfoliation 2-3x/week, oil-free moisturizer, broad-spectrum non-comedogenic SPF 50.",Acne
PAT-01059,21,Male,Oily,Acne,Tender red bumps along jawline and cheeks,Low,Yes,No,Forehead,High,Low,Medium,High,Mild,High,Moderate (Cleanser + Moisturizer + Sunscreen),Zinc PCA,"Gentle foaming cleanser, BHA exfoliation 2-3x/week, oil-free moisturizer, broad-spectrum non-comedogenic SPF 50.",Acne
PAT-01060,36,Female,Dry,Dryness,Ashy skin tone and lack of suppleness,High,No,No,Around Mouth,Low,High,Medium,Medium,None,Low,Elaborate (Cleanser + Toner + Serum + Moisturizer + Sunscreen),Centella Asiatica,"Hydrating cream cleanser, multi-molecular HA serum, ceramide-rich barrier cream, hydrating mineral sunscreen.",Dryness
PAT-01061,22,Male,Combination,No major concern,"No noticeable irritation, balanced oil and moisture",Low,Yes,None,T-Zone,Low,Low,Low,Low,None,Low,Elaborate (Cleanser + Toner + Serum + Moisturizer + Sunscreen),Hyaluronic Acid,"Gentle daily cleanser, lightweight antioxidant hydrating gel, daily SPF 50 sunscreen maintenance.",No major concern
PAT-01062,31,Male,Oily,Hyperpigmentation,Dull complexion with patchy sun discoloration,Medium,Yes,None,Forehead,High,Medium,Low,Medium,None,High,Minimal (Cleanser only),Vitamin C,"Antioxidant brightening serum, daily broad-spectrum SPF 50+ reapplication, gentle exfoliating tonic, soothing moisturizer.",Hyperpigmentation
PAT-01063,28,Female,Normal,No major concern,Healthy skin barrier with minimal seasonal dryness,Low,Yes,No,None,Low,Medium,Low,Low,None,Medium,Minimal (Cleanser only),Peptides,"Gentle daily cleanser, lightweight antioxidant hydrating gel, daily SPF 50 sunscreen maintenance.",No major concern
PAT-01064,28,Female,Combination,Hyperpigmentation,Melasma-like discoloration on cheeks and upper lip,Medium,No,No,Forehead,Medium,Low,Low,Medium,None,Medium,Elaborate (Cleanser + Toner + Serum + Moisturizer + Sunscreen),Kojic Acid,"Antioxidant brightening serum, daily broad-spectrum SPF 50+ reapplication, gentle exfoliating tonic, soothing moisturizer.",Hyperpigmentation
PAT-01065,28,Male,Combination,Acne,Occasional cystic breakouts and oily shine,Medium,Yes,No,Jawline,High,Low,Medium,Low,Mild,Medium,Moderate (Cleanser + Moisturizer + Sunscreen),Salicylic Acid,"Gentle foaming cleanser, BHA exfoliation 2-3x/week, oil-free moisturizer, broad-spectrum non-comedogenic SPF 50.",Acne
PAT-01066,27,Male,Oily,Acne,Whiteheads and blackheads on T-zone,Low,Yes,Fragrance,Cheeks,High,Low,High,Medium,Severe,Medium,Elaborate (Cleanser + Toner + Serum + Moisturizer + Sunscreen),Zinc PCA,"Gentle foaming cleanser, BHA exfoliation 2-3x/week, oil-free moisturizer, broad-spectrum non-comedogenic SPF 50.",Acne
PAT-01067,27,Male,Normal,No major concern,Even complexion with no active breakouts or irritation,Low,No,No,T-Zone,Low,Low,Low,Low,None,Medium,Moderate (Cleanser + Moisturizer + Sunscreen),Niacinamide,"Gentle daily cleanser, lightweight antioxidant hydrating gel, daily SPF 50 sunscreen maintenance.",No major concern
PAT-01068,30,Male,Combination,No major concern,"No noticeable irritation, balanced oil and moisture",Low,No,No,T-Zone,Low,Medium,Low,Low,None,High,Basic (Cleanser + Moisturizer),Niacinamide,"Gentle daily cleanser, lightweight antioxidant hydrating gel, daily SPF 50 sunscreen maintenance.",No major concern
PAT-01069,40,Female,Dry,Dryness,Ashy skin tone and lack of suppleness,High,No,No,Around Mouth,Low,Medium,Medium,Low,None,Low,Moderate (Cleanser + Moisturizer + Sunscreen),Ceramides,"Hydrating cream cleanser, multi-molecular HA serum, ceramide-rich barrier cream, hydrating mineral sunscreen.",Dryness
PAT-01070,15,Male,Combination,Acne,Inflamed red pimples and occasional pustules,High,Yes,No,Jawline,High,Medium,Low,Medium,Mild,High,Moderate (Cleanser + Moisturizer + Sunscreen),Salicylic Acid,"Gentle foaming cleanser, BHA exfoliation 2-3x/week, oil-free moisturizer, broad-spectrum non-comedogenic SPF 50.",Acne
PAT-01071,21,Female,Sensitive,Redness,"Irritation, blotchiness, and sudden redness flare-ups",High,Yes,Alcohol,Full Face,Medium,Medium,High,Low,None,Medium,Elaborate (Cleanser + Toner + Serum + Moisturizer + Sunscreen),Azelaic Acid,"Calming micellar water, barrier-restoring cica cream, fragrance-free physical zinc sunscreen, avoiding thermal/harsh triggers.",Redness
PAT-01072,38,Male,Dry,Dryness,Ashy skin tone and lack of suppleness,Low,No,No,Full Face,Low,Medium,Medium,Medium,None,High,Basic (Cleanser + Moisturizer),Hyaluronic Acid,"Hydrating cream cleanser, multi-molecular HA serum, ceramide-rich barrier cream, hydrating mineral sunscreen.",Dryness
PAT-01073,50,Male,Dry,Dryness,"Persistent tightness and dull, parched skin",Medium,No,No,Full Face,Low,High,Low,Low,None,Medium,Elaborate (Cleanser + Toner + Serum + Moisturizer + Sunscreen),Centella Asiatica,"Hydrating cream cleanser, multi-molecular HA serum, ceramide-rich barrier cream, hydrating mineral sunscreen.",Dryness
PAT-01074,32,Female,Combination,Dryness,Rough texture and visible fine dry patches,High,No,Fragrance,Full Face,Low,Medium,High,Low,None,Low,Basic (Cleanser + Moisturizer),Ceramides,"Hydrating cream cleanser, multi-molecular HA serum, ceramide-rich barrier cream, hydrating mineral sunscreen.",Dryness
PAT-01075,20,Female,Dry,Dryness,Flaking and tight sensation after cleansing,Medium,No,Sulfates,Full Face,Low,Medium,Low,Low,None,Medium,Elaborate (Cleanser + Toner + Serum + Moisturizer + Sunscreen),Ceramides,"Hydrating cream cleanser, multi-molecular HA serum, ceramide-rich barrier cream, hydrating mineral sunscreen.",Dryness
PAT-01076,23,Female,Dry,Hyperpigmentation,Melasma-like discoloration on cheeks and upper lip,High,No,Preservatives,Full Face,Medium,Low,Medium,High,None,High,Moderate (Cleanser + Moisturizer + Sunscreen),Niacinamide,"Antioxidant brightening serum, daily broad-spectrum SPF 50+ reapplication, gentle exfoliating tonic, soothing moisturizer.",Hyperpigmentation
PAT-01077,17,Male,Oily,Acne,Tender red bumps along jawline and cheeks,Medium,Yes,Essential Oils,T-Zone,High,Low,High,Medium,Mild,Medium,Basic (Cleanser + Moisturizer),Azelaic Acid,"Gentle foaming cleanser, BHA exfoliation 2-3x/week, oil-free moisturizer, broad-spectrum non-comedogenic SPF 50.",Acne
PAT-01078,36,Male,Sensitive,Redness,Stinging sensation and reactive redness to heat,High,No,Essential Oils,Full Face,Medium,Low,High,Medium,None,Medium,Elaborate (Cleanser + Toner + Serum + Moisturizer + Sunscreen),Centella Asiatica,"Calming micellar water, barrier-restoring cica cream, fragrance-free physical zinc sunscreen, avoiding thermal/harsh triggers.",Redness
PAT-01079,22,Male,Oily,Acne,Tender red bumps along jawline and cheeks,High,No,Fragrance,Forehead,Medium,Low,High,Medium,Severe,High,Moderate (Cleanser + Moisturizer + Sunscreen),Salicylic Acid,"Gentle foaming cleanser, BHA exfoliation 2-3x/week, oil-free moisturizer, broad-spectrum non-comedogenic SPF 50.",Acne
PAT-01080,34,Female,Oily,Dandruff,Dry flaking along hairline and upper forehead,Medium,No,None,Scalp and Upper Forehead,High,High,Low,Low,None,High,Moderate (Cleanser + Moisturizer + Sunscreen),Zinc Pyrithione,"Anti-dandruff clarifying shampoo 2-3x weekly, scalp soothing tonic with panthenol, avoiding scalding water showers.",Dandruff
PAT-01081,25,Female,Oily,Dandruff,Itchy scalp with visible white/yellow flakes,Low,Yes,Sulfates,Hairline,High,Low,Low,Low,None,Low,Minimal (Cleanser only),Tea Tree Oil,"Anti-dandruff clarifying shampoo 2-3x weekly, scalp soothing tonic with panthenol, avoiding scalding water showers.",Dandruff
PAT-01082,28,Female,Combination,Acne,Occasional cystic breakouts and oily shine,Medium,No,No,Cheeks,High,Medium,Medium,Low,Severe,Medium,Basic (Cleanser + Moisturizer),Azelaic Acid,"Gentle foaming cleanser, BHA exfoliation 2-3x/week, oil-free moisturizer, broad-spectrum non-comedogenic SPF 50.",Acne
PAT-01083,29,Female,Combination,Acne,Clogged pores with recurring breakouts,Medium,Yes,Fragrance,Forehead,High,Low,Medium,Medium,Mild,Medium,Elaborate (Cleanser + Toner + Serum + Moisturizer + Sunscreen),Niacinamide,"Gentle foaming cleanser, BHA exfoliation 2-3x/week, oil-free moisturizer, broad-spectrum non-comedogenic SPF 50.",Acne
PAT-01084,19,Female,Oily,Acne,Whiteheads and blackheads on T-zone,Medium,Yes,Essential Oils,Jawline,Medium,Low,High,Low,Moderate,Low,Moderate (Cleanser + Moisturizer + Sunscreen),Niacinamide,"Gentle foaming cleanser, BHA exfoliation 2-3x/week, oil-free moisturizer, broad-spectrum non-comedogenic SPF 50.",Acne
PAT-01085,28,Female,Combination,Redness,Stinging sensation and reactive redness to heat,High,No,Essential Oils,Nose and Cheeks,Medium,Medium,Medium,Low,None,High,Moderate (Cleanser + Moisturizer + Sunscreen),Centella Asiatica,"Calming micellar water, barrier-restoring cica cream, fragrance-free physical zinc sunscreen, avoiding thermal/harsh triggers.",Redness
PAT-01086,16,Female,Sensitive,Redness,Sensitivity to wind and skin barrier discomfort,High,No,None,T-Zone,Medium,High,High,Low,None,Low,Minimal (Cleanser only),Allantoin,"Calming micellar water, barrier-restoring cica cream, fragrance-free physical zinc sunscreen, avoiding thermal/harsh triggers.",Redness
PAT-01087,32,Male,Sensitive,Redness,Stinging sensation and reactive redness to heat,Medium,No,Fragrance,Full Face,Low,Medium,High,Medium,None,Low,Basic (Cleanser + Moisturizer),Panthenol,"Calming micellar water, barrier-restoring cica cream, fragrance-free physical zinc sunscreen, avoiding thermal/harsh triggers.",Redness
PAT-01088,30,Female,Dry,Dryness,"Persistent tightness and dull, parched skin",Medium,Yes,No,Around Mouth,Low,High,Medium,Low,None,Low,Moderate (Cleanser + Moisturizer + Sunscreen),Glycerin,"Hydrating cream cleanser, multi-molecular HA serum, ceramide-rich barrier cream, hydrating mineral sunscreen.",Dryness
PAT-01089,24,Female,Dry,Dandruff,Dry flaking along hairline and upper forehead,Medium,Yes,No,Hairline,Medium,High,Medium,Low,None,High,Moderate (Cleanser + Moisturizer + Sunscreen),Zinc Pyrithione,"Anti-dandruff clarifying shampoo 2-3x weekly, scalp soothing tonic with panthenol, avoiding scalding water showers.",Dandruff
PAT-01090,16,Female,Dry,Dryness,Scaling and irritation with seasonal change,High,No,Sulfates,Full Face,Low,High,Medium,Low,None,Medium,Basic (Cleanser + Moisturizer),Hyaluronic Acid,"Hydrating cream cleanser, multi-molecular HA serum, ceramide-rich barrier cream, hydrating mineral sunscreen.",Dryness
PAT-01091,52,Male,Dry,Dryness,Rough texture and visible fine dry patches,Medium,No,No,Full Face,Medium,Medium,Low,Low,None,High,Moderate (Cleanser + Moisturizer + Sunscreen),Ceramides,"Hydrating cream cleanser, multi-molecular HA serum, ceramide-rich barrier cream, hydrating mineral sunscreen.",Dryness
PAT-01092,55,Male,Normal,Hyperpigmentation,Sun spots and localized brown patches on cheeks,Low,Yes,Preservatives,Forehead,High,Low,Low,High,Mild,High,Elaborate (Cleanser + Toner + Serum + Moisturizer + Sunscreen),Vitamin C,"Antioxidant brightening serum, daily broad-spectrum SPF 50+ reapplication, gentle exfoliating tonic, soothing moisturizer.",Hyperpigmentation
PAT-01093,21,Male,Normal,No major concern,Balanced skin with occasional minor shine,Medium,Yes,No,Full Face,Low,Low,Low,Low,None,Low,Elaborate (Cleanser + Toner + Serum + Moisturizer + Sunscreen),Hyaluronic Acid,"Gentle daily cleanser, lightweight antioxidant hydrating gel, daily SPF 50 sunscreen maintenance.",No major concern
PAT-01094,21,Male,Normal,No major concern,Balanced skin with occasional minor shine,Low,No,No,T-Zone,Low,Low,Low,Low,None,Low,Minimal (Cleanser only),Vitamin C,"Gentle daily cleanser, lightweight antioxidant hydrating gel, daily SPF 50 sunscreen maintenance.",No major concern
PAT-01095,30,Male,Sensitive,Acne,Clogged pores with recurring breakouts,Medium,Yes,No,Full Face,Medium,Low,Medium,Low,Mild,High,Basic (Cleanser + Moisturizer),Salicylic Acid,"Gentle foaming cleanser, BHA exfoliation 2-3x/week, oil-free moisturizer, broad-spectrum non-comedogenic SPF 50.",Acne
PAT-01096,15,Male,Combination,Dandruff,"Scalp tightness, flaking, and itching after sweat",Medium,No,No,Hairline,High,Low,High,Low,None,Medium,Basic (Cleanser + Moisturizer),Zinc Pyrithione,"Anti-dandruff clarifying shampoo 2-3x weekly, scalp soothing tonic with panthenol, avoiding scalding water showers.",Dandruff
PAT-01097,29,Male,Combination,Acne,Tender red bumps along jawline and cheeks,High,Yes,No,Cheeks,Medium,Low,Medium,Medium,Moderate,High,Basic (Cleanser + Moisturizer),Niacinamide,"Gentle foaming cleanser, BHA exfoliation 2-3x/week, oil-free moisturizer, broad-spectrum non-comedogenic SPF 50.",Acne
PAT-01098,45,Male,Sensitive,Redness,Persistent facial flushing and visible capillaries,High,No,Essential Oils,Cheeks,Low,Medium,High,Low,Mild,Medium,Moderate (Cleanser + Moisturizer + Sunscreen),Azelaic Acid,"Calming micellar water, barrier-restoring cica cream, fragrance-free physical zinc sunscreen, avoiding thermal/harsh triggers.",Redness
PAT-01099,26,Female,Combination,Acne,Tender red bumps along jawline and cheeks,Medium,No,No,Jawline,High,Medium,Low,Low,Mild,Medium,Moderate (Cleanser + Moisturizer + Sunscreen),Salicylic Acid,"Gentle foaming cleanser, BHA exfoliation 2-3x/week, oil-free moisturizer, broad-spectrum non-comedogenic SPF 50.",Acne
PAT-01100,15,Female,Combination,No major concern,Smooth texture with no persistent discomfort,Low,Yes,No,None,Low,Medium,Low,Low,None,High,Basic (Cleanser + Moisturizer),Peptides,"Gentle daily cleanser, lightweight antioxidant hydrating gel, daily SPF 50 sunscreen maintenance.",No major concern
PAT-01101,28,Female,Oily,Hyperpigmentation,Dull complexion with patchy sun discoloration,High,Yes,None,Cheeks and Nose,High,Low,Medium,High,None,High,Moderate (Cleanser + Moisturizer + Sunscreen),Kojic Acid,"Antioxidant brightening serum, daily broad-spectrum SPF 50+ reapplication, gentle exfoliating tonic, soothing moisturizer.",Hyperpigmentation
PAT-01102,44,Female,Dry,Dryness,Scaling and irritation with seasonal change,Medium,Yes,Fragrance,Full Face,Low,High,Medium,Low,None,Medium,Minimal (Cleanser only),Hyaluronic Acid,"Hydrating cream cleanser, multi-molecular HA serum, ceramide-rich barrier cream, hydrating mineral sunscreen.",Dryness
PAT-01103,25,Female,Normal,No major concern,Even complexion with no active breakouts or irritation,Low,No,No,T-Zone,Low,Low,Low,Low,None,Medium,Elaborate (Cleanser + Toner + Serum + Moisturizer + Sunscreen),Niacinamide,"Gentle daily cleanser, lightweight antioxidant hydrating gel, daily SPF 50 sunscreen maintenance.",No major concern
PAT-01104,29,Female,Oily,Acne,Inflamed red pimples and occasional pustules,Medium,Yes,No,Forehead,Medium,High,Low,High,Mild,Medium,Minimal (Cleanser only),Salicylic Acid,"Gentle foaming cleanser, BHA exfoliation 2-3x/week, oil-free moisturizer, broad-spectrum non-comedogenic SPF 50.",Acne
PAT-01105,28,Male,Combination,Dryness,Ashy skin tone and lack of suppleness,High,No,Sulfates,Full Face,Low,High,Medium,Low,None,Low,Moderate (Cleanser + Moisturizer + Sunscreen),Hyaluronic Acid,"Hydrating cream cleanser, multi-molecular HA serum, ceramide-rich barrier cream, hydrating mineral sunscreen.",Dryness
PAT-01106,34,Female,Combination,No major concern,Healthy skin barrier with minimal seasonal dryness,Low,No,No,None,Low,Low,Low,Low,None,Low,Minimal (Cleanser only),Hyaluronic Acid,"Gentle daily cleanser, lightweight antioxidant hydrating gel, daily SPF 50 sunscreen maintenance.",No major concern
PAT-01107,43,Female,Combination,Hyperpigmentation,Melasma-like discoloration on cheeks and upper lip,Medium,Yes,No,Full Face,Medium,Medium,Medium,High,None,High,Minimal (Cleanser only),Niacinamide,"Antioxidant brightening serum, daily broad-spectrum SPF 50+ reapplication, gentle exfoliating tonic, soothing moisturizer.",Hyperpigmentation
PAT-01108,20,Female,Combination,Acne,Clogged pores with recurring breakouts,High,Yes,Fragrance,Full Face,Medium,Medium,Medium,Medium,Moderate,High,Basic (Cleanser + Moisturizer),Azelaic Acid,"Gentle foaming cleanser, BHA exfoliation 2-3x/week, oil-free moisturizer, broad-spectrum non-comedogenic SPF 50.",Acne
PAT-01109,16,Male,Oily,Acne,Occasional cystic breakouts and oily shine,Low,Yes,No,Forehead,Medium,Low,Medium,Low,Moderate,High,Basic (Cleanser + Moisturizer),Tea Tree Extract,"Gentle foaming cleanser, BHA exfoliation 2-3x/week, oil-free moisturizer, broad-spectrum non-comedogenic SPF 50.",Acne
PAT-01110,20,Female,Dry,No major concern,"No noticeable irritation, balanced oil and moisture",Low,Yes,No,T-Zone,Medium,Low,Low,Low,None,High,Elaborate (Cleanser + Toner + Serum + Moisturizer + Sunscreen),Niacinamide,"Gentle daily cleanser, lightweight antioxidant hydrating gel, daily SPF 50 sunscreen maintenance.",No major concern
PAT-01111,24,Male,Oily,Dandruff,Greasy scalp scaling and mild scalp irritation,Medium,No,Sulfates,Scalp and Upper Forehead,High,Medium,Low,Low,None,Low,Elaborate (Cleanser + Toner + Serum + Moisturizer + Sunscreen),Zinc Pyrithione,"Anti-dandruff clarifying shampoo 2-3x weekly, scalp soothing tonic with panthenol, avoiding scalding water showers.",Dandruff
PAT-01112,26,Female,Dry,Dryness,Scaling and irritation with seasonal change,High,No,Fragrance,Full Face,Low,Medium,Low,Low,None,Low,Moderate (Cleanser + Moisturizer + Sunscreen),Ceramides,"Hydrating cream cleanser, multi-molecular HA serum, ceramide-rich barrier cream, hydrating mineral sunscreen.",Dryness
PAT-01113,22,Female,Oily,Acne,Occasional cystic breakouts and oily shine,Low,Yes,None,Forehead,High,Low,Low,High,Moderate,High,Elaborate (Cleanser + Toner + Serum + Moisturizer + Sunscreen),Salicylic Acid,"Gentle foaming cleanser, BHA exfoliation 2-3x/week, oil-free moisturizer, broad-spectrum non-comedogenic SPF 50.",Acne
PAT-01114,28,Male,Combination,Hyperpigmentation,Dark spots and uneven skin tone from previous acne,Low,Yes,No,Forehead,High,Low,Low,High,None,High,Basic (Cleanser + Moisturizer),Kojic Acid,"Antioxidant brightening serum, daily broad-spectrum SPF 50+ reapplication, gentle exfoliating tonic, soothing moisturizer.",Hyperpigmentation
PAT-01115,26,Female,Oily,Acne,Occasional cystic breakouts and oily shine,High,Yes,Lanolin,Jawline,High,Low,Medium,High,Moderate,High,Moderate (Cleanser + Moisturizer + Sunscreen),Zinc PCA,"Gentle foaming cleanser, BHA exfoliation 2-3x/week, oil-free moisturizer, broad-spectrum non-comedogenic SPF 50.",Acne
PAT-01116,33,Female,Dry,Dryness,Rough texture and visible fine dry patches,High,No,Fragrance,Cheeks,Low,Medium,Medium,Low,None,Medium,Minimal (Cleanser only),Hyaluronic Acid,"Hydrating cream cleanser, multi-molecular HA serum, ceramide-rich barrier cream, hydrating mineral sunscreen.",Dryness
PAT-01117,31,Male,Sensitive,Redness,Persistent facial flushing and visible capillaries,High,No,Fragrance,Full Face,High,High,High,Low,None,High,Moderate (Cleanser + Moisturizer + Sunscreen),Panthenol,"Calming micellar water, barrier-restoring cica cream, fragrance-free physical zinc sunscreen, avoiding thermal/harsh triggers.",Redness
PAT-01118,45,Male,Combination,Dryness,Flaking and tight sensation after cleansing,High,No,No,Full Face,Low,Medium,Low,Low,None,High,Minimal (Cleanser only),Ceramides,"Hydrating cream cleanser, multi-molecular HA serum, ceramide-rich barrier cream, hydrating mineral sunscreen.",Dryness
PAT-01119,15,Male,Normal,Dandruff,Itchy scalp with visible white/yellow flakes,Medium,Yes,No,Hairline,Medium,Medium,Medium,Low,None,High,Basic (Cleanser + Moisturizer),Ketoconazole,"Anti-dandruff clarifying shampoo 2-3x weekly, scalp soothing tonic with panthenol, avoiding scalding water showers.",Dandruff
PAT-01120,35,Female,Dry,Redness,"Irritation, blotchiness, and sudden redness flare-ups",High,Yes,Essential Oils,Full Face,Low,Medium,High,Low,None,Medium,Elaborate (Cleanser + Toner + Serum + Moisturizer + Sunscreen),Centella Asiatica,"Calming micellar water, barrier-restoring cica cream, fragrance-free physical zinc sunscreen, avoiding thermal/harsh triggers.",Redness
PAT-01121,24,Female,Oily,Acne,Whiteheads and blackheads on T-zone,High,Yes,None,Forehead,High,Low,High,Medium,Mild,Low,Minimal (Cleanser only),Salicylic Acid,"Gentle foaming cleanser, BHA exfoliation 2-3x/week, oil-free moisturizer, broad-spectrum non-comedogenic SPF 50.",Acne
PAT-01122,52,Male,Dry,Dryness,Flaking and tight sensation after cleansing,Medium,No,None,Around Mouth,Low,High,Medium,Medium,None,High,Elaborate (Cleanser + Toner + Serum + Moisturizer + Sunscreen),Glycerin,"Hydrating cream cleanser, multi-molecular HA serum, ceramide-rich barrier cream, hydrating mineral sunscreen.",Dryness
PAT-01123,24,Male,Normal,No major concern,"No noticeable irritation, balanced oil and moisture",Low,No,No,T-Zone,Low,Medium,Low,Low,None,Low,Basic (Cleanser + Moisturizer),Peptides,"Gentle daily cleanser, lightweight antioxidant hydrating gel, daily SPF 50 sunscreen maintenance.",No major concern
PAT-01124,34,Male,Normal,Redness,Rosacea-like cheek flushing and burning feeling,Medium,Yes,Essential Oils,T-Zone,Low,High,High,Medium,None,Medium,Minimal (Cleanser only),Azelaic Acid,"Calming micellar water, barrier-restoring cica cream, fragrance-free physical zinc sunscreen, avoiding thermal/harsh triggers.",Redness
PAT-01125,27,Male,Normal,Dryness,Rough texture and visible fine dry patches,Medium,No,No,Forehead,Low,High,Low,Low,None,Low,Elaborate (Cleanser + Toner + Serum + Moisturizer + Sunscreen),Ceramides,"Hydrating cream cleanser, multi-molecular HA serum, ceramide-rich barrier cream, hydrating mineral sunscreen.",Dryness
PAT-01126,19,Male,Normal,No major concern,Balanced skin with occasional minor shine,Medium,No,No,Full Face,Medium,Low,Low,Low,None,Low,Elaborate (Cleanser + Toner + Serum + Moisturizer + Sunscreen),Vitamin C,"Gentle daily cleanser, lightweight antioxidant hydrating gel, daily SPF 50 sunscreen maintenance.",No major concern
PAT-01127,48,Male,Oily,Hyperpigmentation,Sun spots and localized brown patches on cheeks,High,No,None,Cheeks and Nose,Medium,Medium,Low,High,Mild,High,Elaborate (Cleanser + Toner + Serum + Moisturizer + Sunscreen),Kojic Acid,"Antioxidant brightening serum, daily broad-spectrum SPF 50+ reapplication, gentle exfoliating tonic, soothing moisturizer.",Hyperpigmentation
PAT-01128,15,Female,Combination,Acne,Clogged pores with recurring breakouts,Low,Yes,No,Cheeks,High,Low,High,Low,Mild,Medium,Minimal (Cleanser only),Niacinamide,"Gentle foaming cleanser, BHA exfoliation 2-3x/week, oil-free moisturizer, broad-spectrum non-comedogenic SPF 50.",Acne
PAT-01129,24,Male,Combination,Dandruff,Dry flaking along hairline and upper forehead,Low,No,No,Hairline,High,Medium,Low,Low,None,Medium,Moderate (Cleanser + Moisturizer + Sunscreen),Salicylic Acid,"Anti-dandruff clarifying shampoo 2-3x weekly, scalp soothing tonic with panthenol, avoiding scalding water showers.",Dandruff
PAT-01130,25,Male,Oily,Acne,Clogged pores with recurring breakouts,Medium,Yes,No,T-Zone,Medium,Low,High,Low,Moderate,High,Basic (Cleanser + Moisturizer),Salicylic Acid,"Gentle foaming cleanser, BHA exfoliation 2-3x/week, oil-free moisturizer, broad-spectrum non-comedogenic SPF 50.",Acne
PAT-01131,38,Male,Oily,Dandruff,Dry flaking along hairline and upper forehead,High,Yes,Lanolin,Scalp,High,High,Medium,Low,None,High,Basic (Cleanser + Moisturizer),Selenium Sulfide,"Anti-dandruff clarifying shampoo 2-3x weekly, scalp soothing tonic with panthenol, avoiding scalding water showers.",Dandruff
PAT-01132,37,Female,Sensitive,Dryness,Ashy skin tone and lack of suppleness,Medium,No,No,Cheeks,Low,Medium,Low,Low,None,Medium,Elaborate (Cleanser + Toner + Serum + Moisturizer + Sunscreen),Hyaluronic Acid,"Hydrating cream cleanser, multi-molecular HA serum, ceramide-rich barrier cream, hydrating mineral sunscreen.",Dryness
PAT-01133,22,Male,Sensitive,Dryness,Flaking and tight sensation after cleansing,Low,No,No,Cheeks,Low,Medium,Low,Low,None,Medium,Elaborate (Cleanser + Toner + Serum + Moisturizer + Sunscreen),Centella Asiatica,"Hydrating cream cleanser, multi-molecular HA serum, ceramide-rich barrier cream, hydrating mineral sunscreen.",Dryness
PAT-01134,41,Male,Dry,Dryness,"Persistent tightness and dull, parched skin",Low,No,Fragrance,Cheeks,Low,Medium,Medium,Medium,None,Medium,Basic (Cleanser + Moisturizer),Glycerin,"Hydrating cream cleanser, multi-molecular HA serum, ceramide-rich barrier cream, hydrating mineral sunscreen.",Dryness
PAT-01135,50,Male,Dry,Dryness,Scaling and irritation with seasonal change,High,No,Sulfates,Cheeks,Low,Medium,Medium,Low,None,Medium,Moderate (Cleanser + Moisturizer + Sunscreen),Hyaluronic Acid,"Hydrating cream cleanser, multi-molecular HA serum, ceramide-rich barrier cream, hydrating mineral sunscreen.",Dryness
PAT-01136,29,Male,Dry,Dryness,Flaking and tight sensation after cleansing,Medium,Yes,No,Around Mouth,Low,High,Medium,Low,None,Medium,Basic (Cleanser + Moisturizer),Glycerin,"Hydrating cream cleanser, multi-molecular HA serum, ceramide-rich barrier cream, hydrating mineral sunscreen.",Dryness
PAT-01137,35,Male,Sensitive,Redness,Stinging sensation and reactive redness to heat,High,No,Essential Oils,T-Zone,Medium,High,High,Low,None,High,Basic (Cleanser + Moisturizer),Azelaic Acid,"Calming micellar water, barrier-restoring cica cream, fragrance-free physical zinc sunscreen, avoiding thermal/harsh triggers.",Redness
PAT-01138,28,Female,Sensitive,Dryness,"Persistent tightness and dull, parched skin",High,No,No,Forehead,Low,High,Low,Low,None,Low,Basic (Cleanser + Moisturizer),Ceramides,"Hydrating cream cleanser, multi-molecular HA serum, ceramide-rich barrier cream, hydrating mineral sunscreen.",Dryness
PAT-01139,17,Male,Combination,No major concern,Healthy skin barrier with minimal seasonal dryness,Medium,Yes,No,T-Zone,Medium,Low,Low,Low,None,Low,Basic (Cleanser + Moisturizer),Hyaluronic Acid,"Gentle daily cleanser, lightweight antioxidant hydrating gel, daily SPF 50 sunscreen maintenance.",No major concern
PAT-01140,28,Female,Sensitive,Redness,Persistent facial flushing and visible capillaries,High,No,Essential Oils,T-Zone,High,Medium,High,Medium,None,High,Elaborate (Cleanser + Toner + Serum + Moisturizer + Sunscreen),Panthenol,"Calming micellar water, barrier-restoring cica cream, fragrance-free physical zinc sunscreen, avoiding thermal/harsh triggers.",Redness
PAT-01141,25,Female,Combination,No major concern,"No noticeable irritation, balanced oil and moisture",Low,No,No,None,Low,Medium,Low,Low,None,Low,Elaborate (Cleanser + Toner + Serum + Moisturizer + Sunscreen),Vitamin C,"Gentle daily cleanser, lightweight antioxidant hydrating gel, daily SPF 50 sunscreen maintenance.",No major concern
PAT-01142,41,Male,Oily,Hyperpigmentation,Dull complexion with patchy sun discoloration,High,Yes,No,Full Face,Medium,Low,Low,Medium,None,High,Moderate (Cleanser + Moisturizer + Sunscreen),Vitamin C,"Antioxidant brightening serum, daily broad-spectrum SPF 50+ reapplication, gentle exfoliating tonic, soothing moisturizer.",Hyperpigmentation
PAT-01143,31,Female,Combination,Dandruff,Dry flaking along hairline and upper forehead,High,Yes,Sulfates,Scalp and Upper Forehead,Medium,High,Medium,Low,None,High,Basic (Cleanser + Moisturizer),Selenium Sulfide,"Anti-dandruff clarifying shampoo 2-3x weekly, scalp soothing tonic with panthenol, avoiding scalding water showers.",Dandruff
PAT-01144,31,Male,Oily,Acne,Occasional cystic breakouts and oily shine,High,Yes,Essential Oils,Cheeks,High,Low,Medium,Low,Mild,High,Elaborate (Cleanser + Toner + Serum + Moisturizer + Sunscreen),Zinc PCA,"Gentle foaming cleanser, BHA exfoliation 2-3x/week, oil-free moisturizer, broad-spectrum non-comedogenic SPF 50.",Acne
PAT-01145,37,Female,Normal,No major concern,Even complexion with no active breakouts or irritation,Low,No,No,None,Low,Low,Low,Low,None,Low,Moderate (Cleanser + Moisturizer + Sunscreen),Vitamin C,"Gentle daily cleanser, lightweight antioxidant hydrating gel, daily SPF 50 sunscreen maintenance.",No major concern
PAT-01146,15,Female,Sensitive,Acne,Inflamed red pimples and occasional pustules,High,No,Lanolin,T-Zone,High,Low,Medium,High,Severe,Low,Moderate (Cleanser + Moisturizer + Sunscreen),Niacinamide,"Gentle foaming cleanser, BHA exfoliation 2-3x/week, oil-free moisturizer, broad-spectrum non-comedogenic SPF 50.",Acne
PAT-01147,22,Male,Normal,Dandruff,Dry flaking along hairline and upper forehead,Medium,Yes,No,Scalp and Upper Forehead,Medium,Low,High,Low,None,Medium,Minimal (Cleanser only),Selenium Sulfide,"Anti-dandruff clarifying shampoo 2-3x weekly, scalp soothing tonic with panthenol, avoiding scalding water showers.",Dandruff
PAT-01148,30,Female,Oily,Acne,Inflamed red pimples and occasional pustules,Medium,Yes,No,Full Face,Medium,Low,Medium,High,Mild,Low,Elaborate (Cleanser + Toner + Serum + Moisturizer + Sunscreen),Salicylic Acid,"Gentle foaming cleanser, BHA exfoliation 2-3x/week, oil-free moisturizer, broad-spectrum non-comedogenic SPF 50.",Acne
PAT-01149,21,Male,Oily,Hyperpigmentation,Dull complexion with patchy sun discoloration,Low,Yes,No,Full Face,High,Medium,Low,Medium,None,Medium,Moderate (Cleanser + Moisturizer + Sunscreen),Niacinamide,"Antioxidant brightening serum, daily broad-spectrum SPF 50+ reapplication, gentle exfoliating tonic, soothing moisturizer.",Hyperpigmentation
PAT-01150,31,Female,Normal,Hyperpigmentation,Post-inflammatory dark marks across forehead,Low,No,None,Cheeks,Medium,Medium,Low,High,None,Medium,Minimal (Cleanser only),Niacinamide,"Antioxidant brightening serum, daily broad-spectrum SPF 50+ reapplication, gentle exfoliating tonic, soothing moisturizer.",Hyperpigmentation
PAT-01151,27,Male,Combination,Dandruff,Itchy scalp with visible white/yellow flakes,Medium,Yes,No,Scalp,High,High,Medium,Low,None,Medium,Basic (Cleanser + Moisturizer),Zinc Pyrithione,"Anti-dandruff clarifying shampoo 2-3x weekly, scalp soothing tonic with panthenol, avoiding scalding water showers.",Dandruff
PAT-01152,22,Male,Oily,Acne,Inflamed red pimples and occasional pustules,Low,Yes,No,T-Zone,High,Medium,High,Low,Mild,Low,Elaborate (Cleanser + Toner + Serum + Moisturizer + Sunscreen),Salicylic Acid,"Gentle foaming cleanser, BHA exfoliation 2-3x/week, oil-free moisturizer, broad-spectrum non-comedogenic SPF 50.",Acne
PAT-01153,23,Male,Combination,Acne,Tender red bumps along jawline and cheeks,High,No,Lanolin,Full Face,High,Low,Medium,Low,Mild,Medium,Moderate (Cleanser + Moisturizer + Sunscreen),Salicylic Acid,"Gentle foaming cleanser, BHA exfoliation 2-3x/week, oil-free moisturizer, broad-spectrum non-comedogenic SPF 50.",Acne
PAT-01154,35,Male,Normal,Dryness,Flaking and tight sensation after cleansing,High,Yes,Fragrance,Full Face,Low,High,Low,Low,None,High,Elaborate (Cleanser + Toner + Serum + Moisturizer + Sunscreen),Centella Asiatica,"Hydrating cream cleanser, multi-molecular HA serum, ceramide-rich barrier cream, hydrating mineral sunscreen.",Dryness
PAT-01155,21,Male,Oily,Acne,Tender red bumps along jawline and cheeks,Medium,Yes,No,T-Zone,High,Low,Medium,Medium,Severe,Medium,Moderate (Cleanser + Moisturizer + Sunscreen),Tea Tree Extract,"Gentle foaming cleanser, BHA exfoliation 2-3x/week, oil-free moisturizer, broad-spectrum non-comedogenic SPF 50.",Acne
PAT-01156,16,Female,Normal,Dandruff,Dry flaking along hairline and upper forehead,Low,Yes,None,Scalp and Upper Forehead,High,High,High,Low,None,Low,Minimal (Cleanser only),Selenium Sulfide,"Anti-dandruff clarifying shampoo 2-3x weekly, scalp soothing tonic with panthenol, avoiding scalding water showers.",Dandruff
PAT-01157,30,Female,Dry,Dandruff,Persistent scalp dandruff and mild redness at hair root,Low,Yes,Sulfates,Scalp,Medium,High,Low,Low,None,Medium,Minimal (Cleanser only),Selenium Sulfide,"Anti-dandruff clarifying shampoo 2-3x weekly, scalp soothing tonic with panthenol, avoiding scalding water showers.",Dandruff
PAT-01158,40,Female,Combination,Hyperpigmentation,Dark spots and uneven skin tone from previous acne,Low,No,None,Forehead,Low,Medium,Low,High,None,Medium,Minimal (Cleanser only),Vitamin C,"Antioxidant brightening serum, daily broad-spectrum SPF 50+ reapplication, gentle exfoliating tonic, soothing moisturizer.",Hyperpigmentation
PAT-01159,60,Male,Combination,Redness,Stinging sensation and reactive redness to heat,High,Yes,Fragrance,T-Zone,Low,Medium,High,Medium,None,Medium,Basic (Cleanser + Moisturizer),Centella Asiatica,"Calming micellar water, barrier-restoring cica cream, fragrance-free physical zinc sunscreen, avoiding thermal/harsh triggers.",Redness
PAT-01160,37,Male,Dry,Redness,Sensitivity to wind and skin barrier discomfort,High,No,Yes,Nose and Cheeks,Medium,Medium,High,Low,None,High,Basic (Cleanser + Moisturizer),Madecassoside,"Calming micellar water, barrier-restoring cica cream, fragrance-free physical zinc sunscreen, avoiding thermal/harsh triggers.",Redness
PAT-01161,23,Female,Combination,Acne,Whiteheads and blackheads on T-zone,Low,Yes,Fragrance,Full Face,Medium,Low,High,Low,Severe,Low,Moderate (Cleanser + Moisturizer + Sunscreen),Salicylic Acid,"Gentle foaming cleanser, BHA exfoliation 2-3x/week, oil-free moisturizer, broad-spectrum non-comedogenic SPF 50.",Acne
PAT-01162,35,Female,Dry,No major concern,Healthy skin barrier with minimal seasonal dryness,Low,No,No,Full Face,Medium,Low,Low,Low,None,Low,Basic (Cleanser + Moisturizer),Niacinamide,"Gentle daily cleanser, lightweight antioxidant hydrating gel, daily SPF 50 sunscreen maintenance.",No major concern
PAT-01163,20,Male,Oily,Acne,Occasional cystic breakouts and oily shine,High,Yes,No,Forehead,Low,Medium,Medium,Medium,Severe,Medium,Basic (Cleanser + Moisturizer),Salicylic Acid,"Gentle foaming cleanser, BHA exfoliation 2-3x/week, oil-free moisturizer, broad-spectrum non-comedogenic SPF 50.",Acne
PAT-01164,28,Female,Oily,Acne,Clogged pores with recurring breakouts,Medium,Yes,None,Forehead,Medium,Low,Medium,High,Mild,Medium,Moderate (Cleanser + Moisturizer + Sunscreen),Azelaic Acid,"Gentle foaming cleanser, BHA exfoliation 2-3x/week, oil-free moisturizer, broad-spectrum non-comedogenic SPF 50.",Acne
PAT-01165,37,Female,Sensitive,Hyperpigmentation,Melasma-like discoloration on cheeks and upper lip,Low,No,No,Cheeks and Nose,High,Medium,Medium,High,None,High,Moderate (Cleanser + Moisturizer + Sunscreen),Alpha Arbutin,"Antioxidant brightening serum, daily broad-spectrum SPF 50+ reapplication, gentle exfoliating tonic, soothing moisturizer.",Hyperpigmentation
PAT-01166,21,Male,Oily,Acne,Occasional cystic breakouts and oily shine,Low,Yes,No,Full Face,Medium,Low,Medium,High,Moderate,Medium,Basic (Cleanser + Moisturizer),Salicylic Acid,"Gentle foaming cleanser, BHA exfoliation 2-3x/week, oil-free moisturizer, broad-spectrum non-comedogenic SPF 50.",Acne
PAT-01167,47,Female,Sensitive,Redness,Sensitivity to wind and skin barrier discomfort,High,No,Alcohol,Full Face,High,Medium,High,Low,None,Low,Moderate (Cleanser + Moisturizer + Sunscreen),Azelaic Acid,"Calming micellar water, barrier-restoring cica cream, fragrance-free physical zinc sunscreen, avoiding thermal/harsh triggers.",Redness
PAT-01168,23,Female,Combination,No major concern,Healthy skin barrier with minimal seasonal dryness,Medium,Yes,No,T-Zone,Low,Low,Low,Low,None,Low,Minimal (Cleanser only),Niacinamide,"Gentle daily cleanser, lightweight antioxidant hydrating gel, daily SPF 50 sunscreen maintenance.",No major concern
PAT-01169,33,Male,Normal,Hyperpigmentation,Dull complexion with patchy sun discoloration,High,No,No,Cheeks,High,Low,Low,High,Mild,High,Basic (Cleanser + Moisturizer),Alpha Arbutin,"Antioxidant brightening serum, daily broad-spectrum SPF 50+ reapplication, gentle exfoliating tonic, soothing moisturizer.",Hyperpigmentation
PAT-01170,34,Female,Normal,No major concern,Balanced skin with occasional minor shine,Low,Yes,No,T-Zone,Medium,Low,Low,Low,None,High,Basic (Cleanser + Moisturizer),Niacinamide,"Gentle daily cleanser, lightweight antioxidant hydrating gel, daily SPF 50 sunscreen maintenance.",No major concern
PAT-01171,23,Male,Dry,Dryness,"Persistent tightness and dull, parched skin",Medium,No,No,Cheeks,Low,High,Medium,Low,None,Low,Moderate (Cleanser + Moisturizer + Sunscreen),Glycerin,"Hydrating cream cleanser, multi-molecular HA serum, ceramide-rich barrier cream, hydrating mineral sunscreen.",Dryness
PAT-01172,32,Male,Normal,No major concern,Balanced skin with occasional minor shine,Low,No,No,Full Face,Medium,Low,Low,Low,None,Medium,Elaborate (Cleanser + Toner + Serum + Moisturizer + Sunscreen),Hyaluronic Acid,"Gentle daily cleanser, lightweight antioxidant hydrating gel, daily SPF 50 sunscreen maintenance.",No major concern
PAT-01173,32,Female,Combination,Hyperpigmentation,Post-inflammatory dark marks across forehead,High,No,Preservatives,Forehead,Medium,Low,Medium,High,Mild,High,Basic (Cleanser + Moisturizer),Vitamin C,"Antioxidant brightening serum, daily broad-spectrum SPF 50+ reapplication, gentle exfoliating tonic, soothing moisturizer.",Hyperpigmentation
PAT-01174,41,Female,Normal,No major concern,Even complexion with no active breakouts or irritation,Low,No,No,Full Face,Low,Low,Low,Low,None,Medium,Elaborate (Cleanser + Toner + Serum + Moisturizer + Sunscreen),Peptides,"Gentle daily cleanser, lightweight antioxidant hydrating gel, daily SPF 50 sunscreen maintenance.",No major concern
PAT-01175,28,Male,Sensitive,Dryness,Flaking and tight sensation after cleansing,Low,No,No,Around Mouth,Low,Medium,High,Medium,None,Low,Elaborate (Cleanser + Toner + Serum + Moisturizer + Sunscreen),Centella Asiatica,"Hydrating cream cleanser, multi-molecular HA serum, ceramide-rich barrier cream, hydrating mineral sunscreen.",Dryness
PAT-01176,23,Male,Oily,Acne,Tender red bumps along jawline and cheeks,Low,Yes,Fragrance,Full Face,Medium,Medium,High,Medium,Moderate,Medium,Minimal (Cleanser only),Zinc PCA,"Gentle foaming cleanser, BHA exfoliation 2-3x/week, oil-free moisturizer, broad-spectrum non-comedogenic SPF 50.",Acne
PAT-01177,35,Female,Combination,Redness,Persistent facial flushing and visible capillaries,High,No,Yes,T-Zone,Medium,Low,High,Low,Mild,High,Minimal (Cleanser only),Azelaic Acid,"Calming micellar water, barrier-restoring cica cream, fragrance-free physical zinc sunscreen, avoiding thermal/harsh triggers.",Redness
PAT-01178,60,Male,Dry,Dryness,"Persistent tightness and dull, parched skin",High,No,Sulfates,Around Mouth,Low,High,Medium,Low,None,Low,Elaborate (Cleanser + Toner + Serum + Moisturizer + Sunscreen),Hyaluronic Acid,"Hydrating cream cleanser, multi-molecular HA serum, ceramide-rich barrier cream, hydrating mineral sunscreen.",Dryness
PAT-01179,49,Female,Dry,Dryness,Flaking and tight sensation after cleansing,High,No,No,Full Face,Low,High,High,Low,None,High,Minimal (Cleanser only),Ceramides,"Hydrating cream cleanser, multi-molecular HA serum, ceramide-rich barrier cream, hydrating mineral sunscreen.",Dryness
PAT-01180,29,Female,Combination,Acne,Whiteheads and blackheads on T-zone,Medium,Yes,No,Forehead,Medium,Low,High,Low,Severe,Low,Minimal (Cleanser only),Zinc PCA,"Gentle foaming cleanser, BHA exfoliation 2-3x/week, oil-free moisturizer, broad-spectrum non-comedogenic SPF 50.",Acne
PAT-01181,24,Female,Dry,Dryness,Ashy skin tone and lack of suppleness,Medium,No,No,Full Face,Low,High,High,Low,None,Medium,Moderate (Cleanser + Moisturizer + Sunscreen),Hyaluronic Acid,"Hydrating cream cleanser, multi-molecular HA serum, ceramide-rich barrier cream, hydrating mineral sunscreen.",Dryness
PAT-01182,23,Male,Oily,Acne,Inflamed red pimples and occasional pustules,High,Yes,Essential Oils,T-Zone,High,Low,High,Low,Moderate,Medium,Elaborate (Cleanser + Toner + Serum + Moisturizer + Sunscreen),Salicylic Acid,"Gentle foaming cleanser, BHA exfoliation 2-3x/week, oil-free moisturizer, broad-spectrum non-comedogenic SPF 50.",Acne
PAT-01183,25,Female,Dry,Dandruff,Persistent scalp dandruff and mild redness at hair root,Medium,Yes,No,Scalp and Upper Forehead,High,Medium,Low,Low,None,Medium,Minimal (Cleanser only),Zinc Pyrithione,"Anti-dandruff clarifying shampoo 2-3x weekly, scalp soothing tonic with panthenol, avoiding scalding water showers.",Dandruff
PAT-01184,37,Male,Normal,Redness,"Irritation, blotchiness, and sudden redness flare-ups",High,No,Alcohol,Full Face,High,High,High,Low,None,Medium,Elaborate (Cleanser + Toner + Serum + Moisturizer + Sunscreen),Azelaic Acid,"Calming micellar water, barrier-restoring cica cream, fragrance-free physical zinc sunscreen, avoiding thermal/harsh triggers.",Redness
PAT-01185,15,Male,Combination,Acne,Inflamed red pimples and occasional pustules,Low,No,Essential Oils,Forehead,High,Low,High,Low,Mild,Medium,Minimal (Cleanser only),Azelaic Acid,"Gentle foaming cleanser, BHA exfoliation 2-3x/week, oil-free moisturizer, broad-spectrum non-comedogenic SPF 50.",Acne
PAT-01186,33,Female,Combination,No major concern,"No noticeable irritation, balanced oil and moisture",Low,Yes,None,None,Medium,Low,Low,Low,None,Low,Minimal (Cleanser only),Vitamin C,"Gentle daily cleanser, lightweight antioxidant hydrating gel, daily SPF 50 sunscreen maintenance.",No major concern
PAT-01187,42,Female,Oily,Hyperpigmentation,Post-inflammatory dark marks across forehead,Medium,Yes,No,Cheeks,Medium,Low,Low,High,Mild,High,Elaborate (Cleanser + Toner + Serum + Moisturizer + Sunscreen),Vitamin C,"Antioxidant brightening serum, daily broad-spectrum SPF 50+ reapplication, gentle exfoliating tonic, soothing moisturizer.",Hyperpigmentation
PAT-01188,31,Female,Oily,Hyperpigmentation,Sun spots and localized brown patches on cheeks,Medium,No,No,Forehead,High,Medium,Low,High,Mild,High,Elaborate (Cleanser + Toner + Serum + Moisturizer + Sunscreen),Alpha Arbutin,"Antioxidant brightening serum, daily broad-spectrum SPF 50+ reapplication, gentle exfoliating tonic, soothing moisturizer.",Hyperpigmentation
PAT-01189,23,Male,Dry,No major concern,Healthy skin barrier with minimal seasonal dryness,Low,No,None,T-Zone,Medium,Low,Low,Low,None,Medium,Basic (Cleanser + Moisturizer),Peptides,"Gentle daily cleanser, lightweight antioxidant hydrating gel, daily SPF 50 sunscreen maintenance.",No major concern
PAT-01190,16,Male,Sensitive,Redness,Stinging sensation and reactive redness to heat,High,No,Yes,Cheeks,High,Low,Medium,Low,None,High,Moderate (Cleanser + Moisturizer + Sunscreen),Allantoin,"Calming micellar water, barrier-restoring cica cream, fragrance-free physical zinc sunscreen, avoiding thermal/harsh triggers.",Redness
PAT-01191,18,Female,Normal,Hyperpigmentation,Post-inflammatory dark marks across forehead,Medium,Yes,None,Cheeks,Medium,Low,Low,High,Mild,Medium,Minimal (Cleanser only),Kojic Acid,"Antioxidant brightening serum, daily broad-spectrum SPF 50+ reapplication, gentle exfoliating tonic, soothing moisturizer.",Hyperpigmentation
PAT-01192,19,Female,Oily,Acne,Tender red bumps along jawline and cheeks,Medium,Yes,Fragrance,Forehead,Medium,High,Medium,Medium,Moderate,Medium,Moderate (Cleanser + Moisturizer + Sunscreen),Niacinamide,"Gentle foaming cleanser, BHA exfoliation 2-3x/week, oil-free moisturizer, broad-spectrum non-comedogenic SPF 50.",Acne
PAT-01193,18,Male,Combination,Hyperpigmentation,Post-inflammatory dark marks across forehead,Medium,Yes,No,Full Face,Medium,Low,Low,High,None,Medium,Minimal (Cleanser only),Niacinamide,"Antioxidant brightening serum, daily broad-spectrum SPF 50+ reapplication, gentle exfoliating tonic, soothing moisturizer.",Hyperpigmentation
PAT-01194,19,Female,Combination,Dandruff,Greasy scalp scaling and mild scalp irritation,Low,Yes,No,Hairline,Medium,Medium,Low,Low,None,Low,Elaborate (Cleanser + Toner + Serum + Moisturizer + Sunscreen),Zinc Pyrithione,"Anti-dandruff clarifying shampoo 2-3x weekly, scalp soothing tonic with panthenol, avoiding scalding water showers.",Dandruff
PAT-01195,30,Male,Dry,Dryness,Scaling and irritation with seasonal change,High,No,Fragrance,Cheeks,Low,Medium,Medium,Low,None,High,Basic (Cleanser + Moisturizer),Glycerin,"Hydrating cream cleanser, multi-molecular HA serum, ceramide-rich barrier cream, hydrating mineral sunscreen.",Dryness
PAT-01196,18,Male,Sensitive,Redness,Rosacea-like cheek flushing and burning feeling,High,Yes,Essential Oils,Nose and Cheeks,Medium,High,Medium,Low,None,Medium,Minimal (Cleanser only),Allantoin,"Calming micellar water, barrier-restoring cica cream, fragrance-free physical zinc sunscreen, avoiding thermal/harsh triggers.",Redness
PAT-01197,33,Male,Sensitive,Redness,Persistent facial flushing and visible capillaries,High,No,Fragrance,Nose and Cheeks,Low,Medium,High,Medium,None,Medium,Basic (Cleanser + Moisturizer),Madecassoside,"Calming micellar water, barrier-restoring cica cream, fragrance-free physical zinc sunscreen, avoiding thermal/harsh triggers.",Redness
PAT-01198,29,Female,Sensitive,Redness,Persistent facial flushing and visible capillaries,Medium,No,Alcohol,Full Face,Medium,Medium,Medium,Low,None,Low,Minimal (Cleanser only),Madecassoside,"Calming micellar water, barrier-restoring cica cream, fragrance-free physical zinc sunscreen, avoiding thermal/harsh triggers.",Redness
PAT-01199,22,Female,Dry,Redness,"Irritation, blotchiness, and sudden redness flare-ups",High,No,Essential Oils,T-Zone,Low,Medium,High,Low,None,Medium,Minimal (Cleanser only),Centella Asiatica,"Calming micellar water, barrier-restoring cica cream, fragrance-free physical zinc sunscreen, avoiding thermal/harsh triggers.",Redness
PAT-01200,31,Female,Dry,Redness,Stinging sensation and reactive redness to heat,High,No,Fragrance,Nose and Cheeks,Low,Medium,High,Medium,None,Medium,Basic (Cleanser + Moisturizer),Centella Asiatica,"Calming micellar water, barrier-restoring cica cream, fragrance-free physical zinc sunscreen, avoiding thermal/harsh triggers.",Redness
PAT-01201,39,Female,Combination,Dandruff,Persistent scalp dandruff and mild redness at hair root,Low,Yes,None,Hairline,High,High,Low,Low,None,High,Basic (Cleanser + Moisturizer),Ketoconazole,"Anti-dandruff clarifying shampoo 2-3x weekly, scalp soothing tonic with panthenol, avoiding scalding water showers.",Dandruff
PAT-01202,19,Male,Oily,Acne,Tender red bumps along jawline and cheeks,Low,Yes,No,Full Face,High,Low,Low,Medium,Moderate,Medium,Minimal (Cleanser only),Zinc PCA,"Gentle foaming cleanser, BHA exfoliation 2-3x/week, oil-free moisturizer, broad-spectrum non-comedogenic SPF 50.",Acne
PAT-01203,30,Female,Combination,Hyperpigmentation,Sun spots and localized brown patches on cheeks,Low,No,No,Cheeks,Medium,Low,Low,High,None,Medium,Moderate (Cleanser + Moisturizer + Sunscreen),Vitamin C,"Antioxidant brightening serum, daily broad-spectrum SPF 50+ reapplication, gentle exfoliating tonic, soothing moisturizer.",Hyperpigmentation
PAT-01204,31,Male,Normal,Hyperpigmentation,Dull complexion with patchy sun discoloration,High,No,No,Full Face,Medium,Low,Medium,Medium,None,High,Minimal (Cleanser only),Niacinamide,"Antioxidant brightening serum, daily broad-spectrum SPF 50+ reapplication, gentle exfoliating tonic, soothing moisturizer.",Hyperpigmentation
PAT-01205,24,Female,Normal,Hyperpigmentation,Dark spots and uneven skin tone from previous acne,High,Yes,No,Cheeks,Medium,Low,Low,High,None,Medium,Elaborate (Cleanser + Toner + Serum + Moisturizer + Sunscreen),Niacinamide,"Antioxidant brightening serum, daily broad-spectrum SPF 50+ reapplication, gentle exfoliating tonic, soothing moisturizer.",Hyperpigmentation
PAT-01206,17,Female,Dry,Dryness,"Persistent tightness and dull, parched skin",Low,No,Fragrance,Cheeks,Low,Medium,Medium,Low,None,High,Minimal (Cleanser only),Centella Asiatica,"Hydrating cream cleanser, multi-molecular HA serum, ceramide-rich barrier cream, hydrating mineral sunscreen.",Dryness
PAT-01207,28,Female,Normal,Hyperpigmentation,Melasma-like discoloration on cheeks and upper lip,Medium,Yes,No,Forehead,High,Low,Low,High,None,High,Elaborate (Cleanser + Toner + Serum + Moisturizer + Sunscreen),Vitamin C,"Antioxidant brightening serum, daily broad-spectrum SPF 50+ reapplication, gentle exfoliating tonic, soothing moisturizer.",Hyperpigmentation
PAT-01208,15,Male,Oily,Acne,Clogged pores with recurring breakouts,Medium,Yes,No,Jawline,High,Low,Low,Medium,Severe,Low,Minimal (Cleanser only),Niacinamide,"Gentle foaming cleanser, BHA exfoliation 2-3x/week, oil-free moisturizer, broad-spectrum non-comedogenic SPF 50.",Acne
PAT-01209,38,Male,Sensitive,Redness,Stinging sensation and reactive redness to heat,Medium,No,Yes,T-Zone,Low,Low,High,Low,None,Medium,Minimal (Cleanser only),Allantoin,"Calming micellar water, barrier-restoring cica cream, fragrance-free physical zinc sunscreen, avoiding thermal/harsh triggers.",Redness
PAT-01210,19,Male,Normal,No major concern,Smooth texture with no persistent discomfort,Medium,No,No,None,Low,Low,Low,Low,None,High,Moderate (Cleanser + Moisturizer + Sunscreen),Niacinamide,"Gentle daily cleanser, lightweight antioxidant hydrating gel, daily SPF 50 sunscreen maintenance.",No major concern
PAT-01211,47,Female,Oily,Hyperpigmentation,Melasma-like discoloration on cheeks and upper lip,Low,Yes,No,Cheeks and Nose,High,Medium,Medium,High,Mild,High,Basic (Cleanser + Moisturizer),Niacinamide,"Antioxidant brightening serum, daily broad-spectrum SPF 50+ reapplication, gentle exfoliating tonic, soothing moisturizer.",Hyperpigmentation
PAT-01212,27,Male,Combination,Acne,Clogged pores with recurring breakouts,Low,Yes,No,Forehead,High,Low,Medium,Low,Moderate,Medium,Moderate (Cleanser + Moisturizer + Sunscreen),Niacinamide,"Gentle foaming cleanser, BHA exfoliation 2-3x/week, oil-free moisturizer, broad-spectrum non-comedogenic SPF 50.",Acne
PAT-01213,25,Female,Oily,Acne,Whiteheads and blackheads on T-zone,High,Yes,Preservatives,Forehead,High,Low,Medium,Medium,Moderate,Medium,Elaborate (Cleanser + Toner + Serum + Moisturizer + Sunscreen),Salicylic Acid,"Gentle foaming cleanser, BHA exfoliation 2-3x/week, oil-free moisturizer, broad-spectrum non-comedogenic SPF 50.",Acne
PAT-01214,16,Male,Oily,Acne,Clogged pores with recurring breakouts,High,Yes,No,Cheeks,High,Low,High,Medium,Mild,High,Basic (Cleanser + Moisturizer),Niacinamide,"Gentle foaming cleanser, BHA exfoliation 2-3x/week, oil-free moisturizer, broad-spectrum non-comedogenic SPF 50.",Acne
PAT-01215,60,Female,Dry,Dryness,Rough texture and visible fine dry patches,High,No,No,Cheeks,Low,Medium,High,Low,None,Medium,Elaborate (Cleanser + Toner + Serum + Moisturizer + Sunscreen),Ceramides,"Hydrating cream cleanser, multi-molecular HA serum, ceramide-rich barrier cream, hydrating mineral sunscreen.",Dryness
PAT-01216,26,Male,Combination,Acne,Tender red bumps along jawline and cheeks,Medium,No,No,Cheeks,High,Medium,High,High,Mild,High,Basic (Cleanser + Moisturizer),Niacinamide,"Gentle foaming cleanser, BHA exfoliation 2-3x/week, oil-free moisturizer, broad-spectrum non-comedogenic SPF 50.",Acne
PAT-01217,35,Female,Oily,Acne,Clogged pores with recurring breakouts,Low,Yes,No,Full Face,Medium,Low,Medium,High,Severe,Medium,Moderate (Cleanser + Moisturizer + Sunscreen),Zinc PCA,"Gentle foaming cleanser, BHA exfoliation 2-3x/week, oil-free moisturizer, broad-spectrum non-comedogenic SPF 50.",Acne
PAT-01218,24,Female,Oily,Acne,Occasional cystic breakouts and oily shine,Low,Yes,Fragrance,Cheeks,Medium,High,High,Medium,Moderate,Low,Basic (Cleanser + Moisturizer),Zinc PCA,"Gentle foaming cleanser, BHA exfoliation 2-3x/week, oil-free moisturizer, broad-spectrum non-comedogenic SPF 50.",Acne
PAT-01219,34,Male,Normal,Dandruff,Persistent scalp dandruff and mild redness at hair root,Medium,No,No,Scalp and Upper Forehead,High,High,Low,Low,None,Medium,Basic (Cleanser + Moisturizer),Ketoconazole,"Anti-dandruff clarifying shampoo 2-3x weekly, scalp soothing tonic with panthenol, avoiding scalding water showers.",Dandruff
PAT-01220,38,Male,Oily,Hyperpigmentation,Post-inflammatory dark marks across forehead,Medium,Yes,No,Forehead,Medium,Low,Low,Medium,None,High,Elaborate (Cleanser + Toner + Serum + Moisturizer + Sunscreen),Niacinamide,"Antioxidant brightening serum, daily broad-spectrum SPF 50+ reapplication, gentle exfoliating tonic, soothing moisturizer.",Hyperpigmentation
PAT-01221,38,Male,Dry,Dryness,Ashy skin tone and lack of suppleness,Medium,No,No,Full Face,Low,High,Medium,Low,None,Low,Moderate (Cleanser + Moisturizer + Sunscreen),Glycerin,"Hydrating cream cleanser, multi-molecular HA serum, ceramide-rich barrier cream, hydrating mineral sunscreen.",Dryness
PAT-01222,38,Male,Dry,Dryness,Ashy skin tone and lack of suppleness,Medium,No,None,Cheeks,Low,High,Low,Low,None,Low,Basic (Cleanser + Moisturizer),Squalane,"Hydrating cream cleanser, multi-molecular HA serum, ceramide-rich barrier cream, hydrating mineral sunscreen.",Dryness
PAT-01223,31,Female,Combination,No major concern,Smooth texture with no persistent discomfort,Low,No,No,None,Low,Low,Low,Low,None,Medium,Minimal (Cleanser only),Peptides,"Gentle daily cleanser, lightweight antioxidant hydrating gel, daily SPF 50 sunscreen maintenance.",No major concern
PAT-01224,15,Female,Oily,Acne,Tender red bumps along jawline and cheeks,High,Yes,Essential Oils,Jawline,High,Low,High,High,Mild,Medium,Moderate (Cleanser + Moisturizer + Sunscreen),Niacinamide,"Gentle foaming cleanser, BHA exfoliation 2-3x/week, oil-free moisturizer, broad-spectrum non-comedogenic SPF 50.",Acne
PAT-01225,39,Female,Oily,No major concern,Even complexion with no active breakouts or irritation,Low,No,None,Full Face,Low,Low,Low,Low,None,Medium,Basic (Cleanser + Moisturizer),Niacinamide,"Gentle daily cleanser, lightweight antioxidant hydrating gel, daily SPF 50 sunscreen maintenance.",No major concern
PAT-01226,29,Male,Oily,Hyperpigmentation,Sun spots and localized brown patches on cheeks,Low,No,No,Forehead,High,Medium,Low,High,Mild,High,Minimal (Cleanser only),Niacinamide,"Antioxidant brightening serum, daily broad-spectrum SPF 50+ reapplication, gentle exfoliating tonic, soothing moisturizer.",Hyperpigmentation
PAT-01227,38,Female,Dry,Dryness,Ashy skin tone and lack of suppleness,High,No,None,Full Face,Low,High,Medium,Low,None,Medium,Basic (Cleanser + Moisturizer),Squalane,"Hydrating cream cleanser, multi-molecular HA serum, ceramide-rich barrier cream, hydrating mineral sunscreen.",Dryness
PAT-01228,28,Male,Oily,Hyperpigmentation,Dark spots and uneven skin tone from previous acne,Medium,Yes,No,Full Face,High,Low,Low,High,None,High,Minimal (Cleanser only),Niacinamide,"Antioxidant brightening serum, daily broad-spectrum SPF 50+ reapplication, gentle exfoliating tonic, soothing moisturizer.",Hyperpigmentation
PAT-01229,16,Female,Sensitive,Dryness,Rough texture and visible fine dry patches,Medium,Yes,None,Forehead,Low,Medium,Medium,Low,None,Medium,Moderate (Cleanser + Moisturizer + Sunscreen),Glycerin,"Hydrating cream cleanser, multi-molecular HA serum, ceramide-rich barrier cream, hydrating mineral sunscreen.",Dryness
PAT-01230,25,Male,Combination,No major concern,Healthy skin barrier with minimal seasonal dryness,Medium,No,No,T-Zone,Medium,Low,Low,Low,None,Low,Elaborate (Cleanser + Toner + Serum + Moisturizer + Sunscreen),Peptides,"Gentle daily cleanser, lightweight antioxidant hydrating gel, daily SPF 50 sunscreen maintenance.",No major concern
PAT-01231,34,Male,Normal,No major concern,Smooth texture with no persistent discomfort,Medium,No,No,Full Face,Low,Low,Low,Low,None,Low,Basic (Cleanser + Moisturizer),Vitamin C,"Gentle daily cleanser, lightweight antioxidant hydrating gel, daily SPF 50 sunscreen maintenance.",No major concern
PAT-01232,16,Male,Oily,No major concern,Healthy skin barrier with minimal seasonal dryness,Low,Yes,No,Full Face,Low,Low,Low,Low,None,Low,Moderate (Cleanser + Moisturizer + Sunscreen),Peptides,"Gentle daily cleanser, lightweight antioxidant hydrating gel, daily SPF 50 sunscreen maintenance.",No major concern
PAT-01233,26,Female,Combination,Acne,Inflamed red pimples and occasional pustules,High,Yes,Essential Oils,T-Zone,Medium,Low,High,Medium,Mild,Low,Basic (Cleanser + Moisturizer),Niacinamide,"Gentle foaming cleanser, BHA exfoliation 2-3x/week, oil-free moisturizer, broad-spectrum non-comedogenic SPF 50.",Acne
PAT-01234,19,Female,Sensitive,Acne,Occasional cystic breakouts and oily shine,Medium,Yes,No,Jawline,Medium,Low,Medium,Medium,Mild,High,Moderate (Cleanser + Moisturizer + Sunscreen),Salicylic Acid,"Gentle foaming cleanser, BHA exfoliation 2-3x/week, oil-free moisturizer, broad-spectrum non-comedogenic SPF 50.",Acne
PAT-01235,33,Female,Dry,Dryness,Rough texture and visible fine dry patches,Medium,No,No,Forehead,Low,High,High,Low,None,Medium,Elaborate (Cleanser + Toner + Serum + Moisturizer + Sunscreen),Ceramides,"Hydrating cream cleanser, multi-molecular HA serum, ceramide-rich barrier cream, hydrating mineral sunscreen.",Dryness
PAT-01236,40,Male,Normal,No major concern,"No noticeable irritation, balanced oil and moisture",Low,Yes,No,None,Low,Low,Low,Low,None,High,Elaborate (Cleanser + Toner + Serum + Moisturizer + Sunscreen),Hyaluronic Acid,"Gentle daily cleanser, lightweight antioxidant hydrating gel, daily SPF 50 sunscreen maintenance.",No major concern
PAT-01237,27,Female,Normal,No major concern,Healthy skin barrier with minimal seasonal dryness,Low,No,No,None,Low,Low,Low,Low,None,Medium,Minimal (Cleanser only),Peptides,"Gentle daily cleanser, lightweight antioxidant hydrating gel, daily SPF 50 sunscreen maintenance.",No major concern
PAT-01238,31,Male,Dry,Redness,"Irritation, blotchiness, and sudden redness flare-ups",High,Yes,Essential Oils,T-Zone,Low,High,Medium,Low,None,Medium,Minimal (Cleanser only),Azelaic Acid,"Calming micellar water, barrier-restoring cica cream, fragrance-free physical zinc sunscreen, avoiding thermal/harsh triggers.",Redness
PAT-01239,31,Male,Normal,No major concern,"No noticeable irritation, balanced oil and moisture",Medium,Yes,No,None,Low,Medium,Low,Low,None,Medium,Elaborate (Cleanser + Toner + Serum + Moisturizer + Sunscreen),Vitamin C,"Gentle daily cleanser, lightweight antioxidant hydrating gel, daily SPF 50 sunscreen maintenance.",No major concern
PAT-01240,28,Male,Sensitive,Redness,Sensitivity to wind and skin barrier discomfort,Medium,No,None,T-Zone,Low,High,High,Low,None,High,Minimal (Cleanser only),Azelaic Acid,"Calming micellar water, barrier-restoring cica cream, fragrance-free physical zinc sunscreen, avoiding thermal/harsh triggers.",Redness
PAT-01241,40,Male,Combination,No major concern,Even complexion with no active breakouts or irritation,Low,No,No,T-Zone,Low,Low,Low,Low,None,Medium,Elaborate (Cleanser + Toner + Serum + Moisturizer + Sunscreen),Hyaluronic Acid,"Gentle daily cleanser, lightweight antioxidant hydrating gel, daily SPF 50 sunscreen maintenance.",No major concern
PAT-01242,19,Female,Combination,Redness,Rosacea-like cheek flushing and burning feeling,High,No,Fragrance,T-Zone,High,Medium,High,Medium,None,High,Basic (Cleanser + Moisturizer),Azelaic Acid,"Calming micellar water, barrier-restoring cica cream, fragrance-free physical zinc sunscreen, avoiding thermal/harsh triggers.",Redness
PAT-01243,22,Female,Combination,Acne,Clogged pores with recurring breakouts,Medium,Yes,No,Full Face,High,Low,Medium,Low,Moderate,Medium,Minimal (Cleanser only),Azelaic Acid,"Gentle foaming cleanser, BHA exfoliation 2-3x/week, oil-free moisturizer, broad-spectrum non-comedogenic SPF 50.",Acne
PAT-01244,34,Male,Combination,Hyperpigmentation,Melasma-like discoloration on cheeks and upper lip,Medium,No,No,Cheeks and Nose,High,Low,Low,Medium,None,High,Minimal (Cleanser only),Tranexamic Acid,"Antioxidant brightening serum, daily broad-spectrum SPF 50+ reapplication, gentle exfoliating tonic, soothing moisturizer.",Hyperpigmentation
PAT-01245,34,Male,Dry,Redness,Stinging sensation and reactive redness to heat,Medium,No,Yes,Nose and Cheeks,Medium,Medium,High,Low,None,High,Elaborate (Cleanser + Toner + Serum + Moisturizer + Sunscreen),Madecassoside,"Calming micellar water, barrier-restoring cica cream, fragrance-free physical zinc sunscreen, avoiding thermal/harsh triggers.",Redness
PAT-01246,26,Female,Combination,Acne,Clogged pores with recurring breakouts,Low,Yes,Fragrance,Jawline,Medium,Medium,Low,Low,Mild,High,Minimal (Cleanser only),Niacinamide,"Gentle foaming cleanser, BHA exfoliation 2-3x/week, oil-free moisturizer, broad-spectrum non-comedogenic SPF 50.",Acne
PAT-01247,15,Male,Oily,Acne,Inflamed red pimples and occasional pustules,High,Yes,No,Jawline,High,Medium,Low,Medium,Mild,Low,Minimal (Cleanser only),Niacinamide,"Gentle foaming cleanser, BHA exfoliation 2-3x/week, oil-free moisturizer, broad-spectrum non-comedogenic SPF 50.",Acne
PAT-01248,38,Female,Dry,Dandruff,Dry flaking along hairline and upper forehead,Medium,No,No,Scalp and Upper Forehead,High,High,High,Low,None,Low,Basic (Cleanser + Moisturizer),Ketoconazole,"Anti-dandruff clarifying shampoo 2-3x weekly, scalp soothing tonic with panthenol, avoiding scalding water showers.",Dandruff
PAT-01249,22,Male,Oily,Acne,Whiteheads and blackheads on T-zone,Medium,Yes,None,T-Zone,High,Medium,High,Low,Moderate,High,Elaborate (Cleanser + Toner + Serum + Moisturizer + Sunscreen),Niacinamide,"Gentle foaming cleanser, BHA exfoliation 2-3x/week, oil-free moisturizer, broad-spectrum non-comedogenic SPF 50.",Acne
PAT-01250,28,Female,Combination,Hyperpigmentation,Dark spots and uneven skin tone from previous acne,Medium,No,No,Cheeks and Nose,Medium,Medium,Low,High,None,High,Basic (Cleanser + Moisturizer),Alpha Arbutin,"Antioxidant brightening serum, daily broad-spectrum SPF 50+ reapplication, gentle exfoliating tonic, soothing moisturizer.",Hyperpigmentation
PAT-01251,47,Female,Dry,Dryness,Ashy skin tone and lack of suppleness,Medium,No,Sulfates,Forehead,Low,High,Low,Low,None,Low,Minimal (Cleanser only),Squalane,"Hydrating cream cleanser, multi-molecular HA serum, ceramide-rich barrier cream, hydrating mineral sunscreen.",Dryness
PAT-01252,40,Male,Oily,No major concern,Even complexion with no active breakouts or irritation,Medium,Yes,No,None,Low,Medium,Low,Low,None,Low,Basic (Cleanser + Moisturizer),Hyaluronic Acid,"Gentle daily cleanser, lightweight antioxidant hydrating gel, daily SPF 50 sunscreen maintenance.",No major concern
PAT-01253,15,Male,Oily,Acne,Inflamed red pimples and occasional pustules,Medium,No,No,Cheeks,Medium,Low,Medium,Medium,Moderate,High,Minimal (Cleanser only),Zinc PCA,"Gentle foaming cleanser, BHA exfoliation 2-3x/week, oil-free moisturizer, broad-spectrum non-comedogenic SPF 50.",Acne
PAT-01254,28,Female,Normal,Dandruff,Dry flaking along hairline and upper forehead,Medium,No,No,Hairline,High,Medium,Low,Low,None,Medium,Elaborate (Cleanser + Toner + Serum + Moisturizer + Sunscreen),Zinc Pyrithione,"Anti-dandruff clarifying shampoo 2-3x weekly, scalp soothing tonic with panthenol, avoiding scalding water showers.",Dandruff
PAT-01255,28,Female,Combination,Acne,Inflamed red pimples and occasional pustules,Medium,Yes,No,T-Zone,High,Medium,High,Low,Mild,Low,Basic (Cleanser + Moisturizer),Niacinamide,"Gentle foaming cleanser, BHA exfoliation 2-3x/week, oil-free moisturizer, broad-spectrum non-comedogenic SPF 50.",Acne
PAT-01256,41,Male,Oily,Dandruff,Itchy scalp with visible white/yellow flakes,Medium,Yes,No,Scalp and Upper Forehead,Medium,High,Medium,Low,None,Low,Moderate (Cleanser + Moisturizer + Sunscreen),Zinc Pyrithione,"Anti-dandruff clarifying shampoo 2-3x weekly, scalp soothing tonic with panthenol, avoiding scalding water showers.",Dandruff
PAT-01257,33,Male,Dry,Dryness,Scaling and irritation with seasonal change,High,Yes,No,Cheeks,Low,Medium,Medium,Medium,None,Medium,Elaborate (Cleanser + Toner + Serum + Moisturizer + Sunscreen),Hyaluronic Acid,"Hydrating cream cleanser, multi-molecular HA serum, ceramide-rich barrier cream, hydrating mineral sunscreen.",Dryness
PAT-01258,41,Male,Dry,Hyperpigmentation,Melasma-like discoloration on cheeks and upper lip,High,Yes,Lanolin,Cheeks and Nose,High,Medium,Medium,High,None,High,Elaborate (Cleanser + Toner + Serum + Moisturizer + Sunscreen),Vitamin C,"Antioxidant brightening serum, daily broad-spectrum SPF 50+ reapplication, gentle exfoliating tonic, soothing moisturizer.",Hyperpigmentation
PAT-01259,24,Male,Oily,Dandruff,Itchy scalp with visible white/yellow flakes,High,No,No,Scalp,Low,Low,Medium,Low,None,Medium,Moderate (Cleanser + Moisturizer + Sunscreen),Zinc Pyrithione,"Anti-dandruff clarifying shampoo 2-3x weekly, scalp soothing tonic with panthenol, avoiding scalding water showers.",Dandruff
PAT-01260,31,Male,Oily,Acne,Whiteheads and blackheads on T-zone,High,Yes,Fragrance,Cheeks,High,Low,Low,Low,Mild,Medium,Basic (Cleanser + Moisturizer),Salicylic Acid,"Gentle foaming cleanser, BHA exfoliation 2-3x/week, oil-free moisturizer, broad-spectrum non-comedogenic SPF 50.",Acne
PAT-01261,48,Male,Dry,Hyperpigmentation,Post-inflammatory dark marks across forehead,Medium,Yes,No,Cheeks,Medium,Medium,Medium,High,Mild,Low,Basic (Cleanser + Moisturizer),Tranexamic Acid,"Antioxidant brightening serum, daily broad-spectrum SPF 50+ reapplication, gentle exfoliating tonic, soothing moisturizer.",Hyperpigmentation
PAT-01262,26,Male,Dry,Dryness,Ashy skin tone and lack of suppleness,Low,No,Sulfates,Around Mouth,Low,High,Medium,Medium,None,Medium,Moderate (Cleanser + Moisturizer + Sunscreen),Centella Asiatica,"Hydrating cream cleanser, multi-molecular HA serum, ceramide-rich barrier cream, hydrating mineral sunscreen.",Dryness
PAT-01263,24,Male,Oily,Acne,Whiteheads and blackheads on T-zone,Medium,Yes,No,T-Zone,High,Low,Low,Medium,Moderate,High,Elaborate (Cleanser + Toner + Serum + Moisturizer + Sunscreen),Salicylic Acid,"Gentle foaming cleanser, BHA exfoliation 2-3x/week, oil-free moisturizer, broad-spectrum non-comedogenic SPF 50.",Acne
PAT-01264,22,Male,Oily,Acne,Inflamed red pimples and occasional pustules,Low,Yes,No,Forehead,High,Low,High,Medium,Mild,Low,Basic (Cleanser + Moisturizer),Salicylic Acid,"Gentle foaming cleanser, BHA exfoliation 2-3x/week, oil-free moisturizer, broad-spectrum non-comedogenic SPF 50.",Acne
PAT-01265,42,Female,Normal,No major concern,"No noticeable irritation, balanced oil and moisture",Low,Yes,No,T-Zone,Medium,Low,Low,Low,None,Medium,Minimal (Cleanser only),Vitamin C,"Gentle daily cleanser, lightweight antioxidant hydrating gel, daily SPF 50 sunscreen maintenance.",No major concern
PAT-01266,28,Male,Dry,Dryness,"Persistent tightness and dull, parched skin",High,No,None,Around Mouth,Low,High,Low,Low,None,Medium,Elaborate (Cleanser + Toner + Serum + Moisturizer + Sunscreen),Hyaluronic Acid,"Hydrating cream cleanser, multi-molecular HA serum, ceramide-rich barrier cream, hydrating mineral sunscreen.",Dryness
PAT-01267,57,Male,Combination,Dryness,Scaling and irritation with seasonal change,High,No,Fragrance,Cheeks,Low,High,Low,Low,None,Medium,Moderate (Cleanser + Moisturizer + Sunscreen),Squalane,"Hydrating cream cleanser, multi-molecular HA serum, ceramide-rich barrier cream, hydrating mineral sunscreen.",Dryness
PAT-01268,29,Female,Dry,Dryness,Rough texture and visible fine dry patches,Low,No,Fragrance,Cheeks,Low,High,Low,Low,None,Low,Moderate (Cleanser + Moisturizer + Sunscreen),Ceramides,"Hydrating cream cleanser, multi-molecular HA serum, ceramide-rich barrier cream, hydrating mineral sunscreen.",Dryness
PAT-01269,21,Female,Combination,Acne,Occasional cystic breakouts and oily shine,Medium,Yes,No,Jawline,High,Low,Medium,High,Severe,High,Basic (Cleanser + Moisturizer),Azelaic Acid,"Gentle foaming cleanser, BHA exfoliation 2-3x/week, oil-free moisturizer, broad-spectrum non-comedogenic SPF 50.",Acne
PAT-01270,28,Male,Sensitive,Redness,Sensitivity to wind and skin barrier discomfort,Medium,No,Alcohol,Cheeks,Low,Medium,High,Low,None,Medium,Minimal (Cleanser only),Centella Asiatica,"Calming micellar water, barrier-restoring cica cream, fragrance-free physical zinc sunscreen, avoiding thermal/harsh triggers.",Redness
PAT-01271,27,Male,Normal,No major concern,Healthy skin barrier with minimal seasonal dryness,Medium,No,No,None,Low,Medium,Low,Low,None,Low,Moderate (Cleanser + Moisturizer + Sunscreen),Hyaluronic Acid,"Gentle daily cleanser, lightweight antioxidant hydrating gel, daily SPF 50 sunscreen maintenance.",No major concern
PAT-01272,48,Female,Combination,Hyperpigmentation,Dull complexion with patchy sun discoloration,Medium,Yes,No,Full Face,Medium,Low,Medium,Medium,None,High,Moderate (Cleanser + Moisturizer + Sunscreen),Vitamin C,"Antioxidant brightening serum, daily broad-spectrum SPF 50+ reapplication, gentle exfoliating tonic, soothing moisturizer.",Hyperpigmentation
PAT-01273,25,Female,Normal,Hyperpigmentation,Sun spots and localized brown patches on cheeks,Medium,No,No,Cheeks and Nose,Medium,Low,Medium,Medium,None,High,Elaborate (Cleanser + Toner + Serum + Moisturizer + Sunscreen),Vitamin C,"Antioxidant brightening serum, daily broad-spectrum SPF 50+ reapplication, gentle exfoliating tonic, soothing moisturizer.",Hyperpigmentation
PAT-01274,55,Female,Dry,Dryness,Rough texture and visible fine dry patches,Medium,No,Fragrance,Full Face,Low,High,Low,Medium,None,Medium,Moderate (Cleanser + Moisturizer + Sunscreen),Centella Asiatica,"Hydrating cream cleanser, multi-molecular HA serum, ceramide-rich barrier cream, hydrating mineral sunscreen.",Dryness
PAT-01275,41,Male,Combination,Hyperpigmentation,Dark spots and uneven skin tone from previous acne,Low,Yes,No,Cheeks,High,Medium,Low,High,None,Medium,Minimal (Cleanser only),Vitamin C,"Antioxidant brightening serum, daily broad-spectrum SPF 50+ reapplication, gentle exfoliating tonic, soothing moisturizer.",Hyperpigmentation
PAT-01276,30,Female,Normal,No major concern,Balanced skin with occasional minor shine,Low,Yes,No,None,Low,Low,Low,Low,None,Low,Basic (Cleanser + Moisturizer),Ceramides,"Gentle daily cleanser, lightweight antioxidant hydrating gel, daily SPF 50 sunscreen maintenance.",No major concern
PAT-01277,38,Female,Combination,Hyperpigmentation,Melasma-like discoloration on cheeks and upper lip,Medium,No,None,Cheeks,Medium,Low,Low,High,None,High,Moderate (Cleanser + Moisturizer + Sunscreen),Kojic Acid,"Antioxidant brightening serum, daily broad-spectrum SPF 50+ reapplication, gentle exfoliating tonic, soothing moisturizer.",Hyperpigmentation
PAT-01278,15,Female,Oily,Acne,Occasional cystic breakouts and oily shine,Low,Yes,No,Cheeks,High,Low,Medium,Medium,Mild,High,Minimal (Cleanser only),Salicylic Acid,"Gentle foaming cleanser, BHA exfoliation 2-3x/week, oil-free moisturizer, broad-spectrum non-comedogenic SPF 50.",Acne
PAT-01279,45,Male,Oily,Hyperpigmentation,Post-inflammatory dark marks across forehead,Low,Yes,No,Full Face,Low,Low,Low,High,None,High,Minimal (Cleanser only),Vitamin C,"Antioxidant brightening serum, daily broad-spectrum SPF 50+ reapplication, gentle exfoliating tonic, soothing moisturizer.",Hyperpigmentation
PAT-01280,23,Female,Oily,Acne,Whiteheads and blackheads on T-zone,High,Yes,Preservatives,T-Zone,High,Medium,High,Medium,Mild,Low,Moderate (Cleanser + Moisturizer + Sunscreen),Niacinamide,"Gentle foaming cleanser, BHA exfoliation 2-3x/week, oil-free moisturizer, broad-spectrum non-comedogenic SPF 50.",Acne
PAT-01281,53,Female,Sensitive,Dryness,Scaling and irritation with seasonal change,Low,Yes,No,Cheeks,Low,High,High,Low,None,High,Basic (Cleanser + Moisturizer),Hyaluronic Acid,"Hydrating cream cleanser, multi-molecular HA serum, ceramide-rich barrier cream, hydrating mineral sunscreen.",Dryness
PAT-01282,41,Male,Dry,Dryness,"Persistent tightness and dull, parched skin",Medium,Yes,No,Around Mouth,Low,High,Low,Low,None,Low,Elaborate (Cleanser + Toner + Serum + Moisturizer + Sunscreen),Squalane,"Hydrating cream cleanser, multi-molecular HA serum, ceramide-rich barrier cream, hydrating mineral sunscreen.",Dryness
PAT-01283,40,Female,Combination,Hyperpigmentation,Dark spots and uneven skin tone from previous acne,Low,Yes,No,Forehead,High,Low,Medium,Medium,None,High,Elaborate (Cleanser + Toner + Serum + Moisturizer + Sunscreen),Vitamin C,"Antioxidant brightening serum, daily broad-spectrum SPF 50+ reapplication, gentle exfoliating tonic, soothing moisturizer.",Hyperpigmentation
PAT-01284,15,Male,Combination,Acne,Occasional cystic breakouts and oily shine,High,Yes,No,Forehead,High,Low,High,Medium,Mild,High,Elaborate (Cleanser + Toner + Serum + Moisturizer + Sunscreen),Salicylic Acid,"Gentle foaming cleanser, BHA exfoliation 2-3x/week, oil-free moisturizer, broad-spectrum non-comedogenic SPF 50.",Acne
PAT-01285,18,Female,Normal,Hyperpigmentation,Dark spots and uneven skin tone from previous acne,High,Yes,None,Full Face,High,Medium,Medium,High,Mild,High,Moderate (Cleanser + Moisturizer + Sunscreen),Vitamin C,"Antioxidant brightening serum, daily broad-spectrum SPF 50+ reapplication, gentle exfoliating tonic, soothing moisturizer.",Hyperpigmentation
PAT-01286,29,Male,Combination,Redness,Stinging sensation and reactive redness to heat,Medium,No,Essential Oils,Full Face,Low,Low,High,Medium,None,High,Moderate (Cleanser + Moisturizer + Sunscreen),Azelaic Acid,"Calming micellar water, barrier-restoring cica cream, fragrance-free physical zinc sunscreen, avoiding thermal/harsh triggers.",Redness
PAT-01287,35,Male,Normal,No major concern,Smooth texture with no persistent discomfort,Low,No,No,T-Zone,Medium,Low,Low,Low,None,Low,Minimal (Cleanser only),Niacinamide,"Gentle daily cleanser, lightweight antioxidant hydrating gel, daily SPF 50 sunscreen maintenance.",No major concern
PAT-01288,23,Female,Normal,Acne,Tender red bumps along jawline and cheeks,Low,Yes,No,Full Face,High,Low,Medium,Low,Mild,Low,Basic (Cleanser + Moisturizer),Salicylic Acid,"Gentle foaming cleanser, BHA exfoliation 2-3x/week, oil-free moisturizer, broad-spectrum non-comedogenic SPF 50.",Acne
PAT-01289,53,Female,Combination,Hyperpigmentation,Sun spots and localized brown patches on cheeks,Medium,No,No,Cheeks,High,Medium,Low,Medium,None,High,Moderate (Cleanser + Moisturizer + Sunscreen),Tranexamic Acid,"Antioxidant brightening serum, daily broad-spectrum SPF 50+ reapplication, gentle exfoliating tonic, soothing moisturizer.",Hyperpigmentation
PAT-01290,36,Female,Sensitive,Dryness,Flaking and tight sensation after cleansing,High,No,Sulfates,Around Mouth,Low,High,Low,Medium,None,Low,Elaborate (Cleanser + Toner + Serum + Moisturizer + Sunscreen),Squalane,"Hydrating cream cleanser, multi-molecular HA serum, ceramide-rich barrier cream, hydrating mineral sunscreen.",Dryness
PAT-01291,45,Male,Dry,Dryness,Scaling and irritation with seasonal change,High,No,Fragrance,Full Face,Low,High,Medium,Medium,None,Medium,Moderate (Cleanser + Moisturizer + Sunscreen),Ceramides,"Hydrating cream cleanser, multi-molecular HA serum, ceramide-rich barrier cream, hydrating mineral sunscreen.",Dryness
PAT-01292,31,Female,Normal,No major concern,Even complexion with no active breakouts or irritation,Low,No,No,Full Face,Low,Low,Low,Low,None,Low,Moderate (Cleanser + Moisturizer + Sunscreen),Vitamin C,"Gentle daily cleanser, lightweight antioxidant hydrating gel, daily SPF 50 sunscreen maintenance.",No major concern
PAT-01293,22,Male,Combination,Acne,Whiteheads and blackheads on T-zone,High,No,Essential Oils,Forehead,High,Low,Medium,Medium,Mild,High,Minimal (Cleanser only),Salicylic Acid,"Gentle foaming cleanser, BHA exfoliation 2-3x/week, oil-free moisturizer, broad-spectrum non-comedogenic SPF 50.",Acne
PAT-01294,22,Male,Normal,Acne,Tender red bumps along jawline and cheeks,High,Yes,No,Full Face,Medium,Low,Low,Low,Moderate,High,Minimal (Cleanser only),Salicylic Acid,"Gentle foaming cleanser, BHA exfoliation 2-3x/week, oil-free moisturizer, broad-spectrum non-comedogenic SPF 50.",Acne
PAT-01295,28,Female,Normal,No major concern,"No noticeable irritation, balanced oil and moisture",Low,Yes,No,Full Face,Low,Low,Low,Low,None,Low,Basic (Cleanser + Moisturizer),Peptides,"Gentle daily cleanser, lightweight antioxidant hydrating gel, daily SPF 50 sunscreen maintenance.",No major concern
PAT-01296,42,Female,Dry,Dryness,Ashy skin tone and lack of suppleness,High,No,No,Around Mouth,Low,High,Low,Medium,None,High,Moderate (Cleanser + Moisturizer + Sunscreen),Squalane,"Hydrating cream cleanser, multi-molecular HA serum, ceramide-rich barrier cream, hydrating mineral sunscreen.",Dryness
PAT-01297,16,Male,Normal,No major concern,Balanced skin with occasional minor shine,Medium,No,No,None,Low,Low,Low,Low,None,Medium,Basic (Cleanser + Moisturizer),Peptides,"Gentle daily cleanser, lightweight antioxidant hydrating gel, daily SPF 50 sunscreen maintenance.",No major concern
PAT-01298,25,Male,Combination,Dryness,Flaking and tight sensation after cleansing,Medium,No,None,Forehead,Medium,High,Low,Low,None,Medium,Elaborate (Cleanser + Toner + Serum + Moisturizer + Sunscreen),Ceramides,"Hydrating cream cleanser, multi-molecular HA serum, ceramide-rich barrier cream, hydrating mineral sunscreen.",Dryness
PAT-01299,27,Male,Normal,No major concern,Balanced skin with occasional minor shine,Medium,Yes,No,T-Zone,Low,Medium,Low,Low,None,Medium,Minimal (Cleanser only),Niacinamide,"Gentle daily cleanser, lightweight antioxidant hydrating gel, daily SPF 50 sunscreen maintenance.",No major concern
PAT-01300,19,Male,Dry,No major concern,Even complexion with no active breakouts or irritation,Low,No,No,T-Zone,Low,Low,Low,Low,None,Low,Minimal (Cleanser only),Hyaluronic Acid,"Gentle daily cleanser, lightweight antioxidant hydrating gel, daily SPF 50 sunscreen maintenance.",No major concern
PAT-01301,40,Male,Dry,Dryness,"Persistent tightness and dull, parched skin",High,No,No,Cheeks,Low,High,High,Low,None,Medium,Moderate (Cleanser + Moisturizer + Sunscreen),Hyaluronic Acid,"Hydrating cream cleanser, multi-molecular HA serum, ceramide-rich barrier cream, hydrating mineral sunscreen.",Dryness
PAT-01302,16,Male,Combination,Redness,Rosacea-like cheek flushing and burning feeling,Medium,Yes,Fragrance,Nose and Cheeks,Medium,Medium,High,Low,Mild,Low,Basic (Cleanser + Moisturizer),Azelaic Acid,"Calming micellar water, barrier-restoring cica cream, fragrance-free physical zinc sunscreen, avoiding thermal/harsh triggers.",Redness
PAT-01303,43,Female,Dry,Dryness,"Persistent tightness and dull, parched skin",Low,No,No,Around Mouth,Low,High,High,Low,None,High,Elaborate (Cleanser + Toner + Serum + Moisturizer + Sunscreen),Ceramides,"Hydrating cream cleanser, multi-molecular HA serum, ceramide-rich barrier cream, hydrating mineral sunscreen.",Dryness
PAT-01304,22,Male,Sensitive,Redness,Rosacea-like cheek flushing and burning feeling,High,Yes,Yes,Nose and Cheeks,Medium,Medium,Medium,Medium,None,Low,Basic (Cleanser + Moisturizer),Centella Asiatica,"Calming micellar water, barrier-restoring cica cream, fragrance-free physical zinc sunscreen, avoiding thermal/harsh triggers.",Redness
PAT-01305,34,Female,Sensitive,Redness,Persistent facial flushing and visible capillaries,High,No,Essential Oils,Cheeks,Medium,Medium,High,Medium,Mild,Low,Minimal (Cleanser only),Azelaic Acid,"Calming micellar water, barrier-restoring cica cream, fragrance-free physical zinc sunscreen, avoiding thermal/harsh triggers.",Redness
PAT-01306,37,Male,Dry,Dryness,Ashy skin tone and lack of suppleness,Medium,Yes,No,Around Mouth,Medium,High,Medium,Low,None,Low,Moderate (Cleanser + Moisturizer + Sunscreen),Glycerin,"Hydrating cream cleanser, multi-molecular HA serum, ceramide-rich barrier cream, hydrating mineral sunscreen.",Dryness
PAT-01307,43,Female,Dry,Dryness,Rough texture and visible fine dry patches,Low,No,Fragrance,Around Mouth,Low,High,Low,Low,None,Medium,Basic (Cleanser + Moisturizer),Ceramides,"Hydrating cream cleanser, multi-molecular HA serum, ceramide-rich barrier cream, hydrating mineral sunscreen.",Dryness
PAT-01308,58,Male,Sensitive,Dryness,Ashy skin tone and lack of suppleness,High,No,Preservatives,Forehead,Low,High,Low,Low,None,High,Minimal (Cleanser only),Glycerin,"Hydrating cream cleanser, multi-molecular HA serum, ceramide-rich barrier cream, hydrating mineral sunscreen.",Dryness
PAT-01309,30,Male,Sensitive,Acne,Whiteheads and blackheads on T-zone,Medium,Yes,Fragrance,Jawline,Low,Low,High,Low,Mild,High,Minimal (Cleanser only),Azelaic Acid,"Gentle foaming cleanser, BHA exfoliation 2-3x/week, oil-free moisturizer, broad-spectrum non-comedogenic SPF 50.",Acne
PAT-01310,28,Male,Dry,Redness,"Irritation, blotchiness, and sudden redness flare-ups",High,No,Essential Oils,Cheeks,Low,High,High,Medium,Mild,High,Minimal (Cleanser only),Centella Asiatica,"Calming micellar water, barrier-restoring cica cream, fragrance-free physical zinc sunscreen, avoiding thermal/harsh triggers.",Redness
PAT-01311,20,Female,Dry,Redness,"Irritation, blotchiness, and sudden redness flare-ups",Medium,No,Essential Oils,Nose and Cheeks,Low,Low,High,Low,None,High,Elaborate (Cleanser + Toner + Serum + Moisturizer + Sunscreen),Azelaic Acid,"Calming micellar water, barrier-restoring cica cream, fragrance-free physical zinc sunscreen, avoiding thermal/harsh triggers.",Redness
PAT-01312,30,Female,Dry,Dryness,Ashy skin tone and lack of suppleness,High,No,Essential Oils,Cheeks,Low,High,Medium,Medium,None,Low,Elaborate (Cleanser + Toner + Serum + Moisturizer + Sunscreen),Hyaluronic Acid,"Hydrating cream cleanser, multi-molecular HA serum, ceramide-rich barrier cream, hydrating mineral sunscreen.",Dryness
PAT-01313,15,Male,Combination,Acne,Whiteheads and blackheads on T-zone,Low,Yes,Essential Oils,Jawline,Medium,High,High,High,Mild,Medium,Minimal (Cleanser only),Salicylic Acid,"Gentle foaming cleanser, BHA exfoliation 2-3x/week, oil-free moisturizer, broad-spectrum non-comedogenic SPF 50.",Acne
PAT-01314,33,Female,Combination,Redness,Rosacea-like cheek flushing and burning feeling,High,No,Alcohol,T-Zone,High,High,Medium,Low,None,High,Elaborate (Cleanser + Toner + Serum + Moisturizer + Sunscreen),Azelaic Acid,"Calming micellar water, barrier-restoring cica cream, fragrance-free physical zinc sunscreen, avoiding thermal/harsh triggers.",Redness
PAT-01315,27,Male,Combination,Acne,Inflamed red pimples and occasional pustules,Medium,Yes,No,Cheeks,High,Low,Medium,Low,Moderate,Medium,Moderate (Cleanser + Moisturizer + Sunscreen),Azelaic Acid,"Gentle foaming cleanser, BHA exfoliation 2-3x/week, oil-free moisturizer, broad-spectrum non-comedogenic SPF 50.",Acne
PAT-01316,42,Female,Sensitive,Hyperpigmentation,Melasma-like discoloration on cheeks and upper lip,Low,Yes,No,Forehead,Low,Low,Low,Medium,None,High,Moderate (Cleanser + Moisturizer + Sunscreen),Alpha Arbutin,"Antioxidant brightening serum, daily broad-spectrum SPF 50+ reapplication, gentle exfoliating tonic, soothing moisturizer.",Hyperpigmentation
PAT-01317,27,Female,Sensitive,Redness,"Irritation, blotchiness, and sudden redness flare-ups",High,Yes,Essential Oils,T-Zone,Low,Medium,High,Low,None,High,Minimal (Cleanser only),Madecassoside,"Calming micellar water, barrier-restoring cica cream, fragrance-free physical zinc sunscreen, avoiding thermal/harsh triggers.",Redness
PAT-01318,15,Male,Combination,Acne,Tender red bumps along jawline and cheeks,Medium,Yes,Essential Oils,T-Zone,High,Low,High,Low,Mild,Medium,Moderate (Cleanser + Moisturizer + Sunscreen),Salicylic Acid,"Gentle foaming cleanser, BHA exfoliation 2-3x/week, oil-free moisturizer, broad-spectrum non-comedogenic SPF 50.",Acne
PAT-01319,28,Female,Sensitive,Redness,"Irritation, blotchiness, and sudden redness flare-ups",High,Yes,Fragrance,Nose and Cheeks,High,High,High,Low,None,Low,Moderate (Cleanser + Moisturizer + Sunscreen),Panthenol,"Calming micellar water, barrier-restoring cica cream, fragrance-free physical zinc sunscreen, avoiding thermal/harsh triggers.",Redness
PAT-01320,16,Female,Oily,Acne,Occasional cystic breakouts and oily shine,Medium,No,No,Full Face,Medium,Low,High,Medium,Mild,Low,Basic (Cleanser + Moisturizer),Niacinamide,"Gentle foaming cleanser, BHA exfoliation 2-3x/week, oil-free moisturizer, broad-spectrum non-comedogenic SPF 50.",Acne
PAT-01321,46,Male,Sensitive,Redness,"Irritation, blotchiness, and sudden redness flare-ups",High,Yes,Essential Oils,Cheeks,Medium,Medium,High,Low,None,Medium,Moderate (Cleanser + Moisturizer + Sunscreen),Allantoin,"Calming micellar water, barrier-restoring cica cream, fragrance-free physical zinc sunscreen, avoiding thermal/harsh triggers.",Redness
PAT-01322,16,Male,Oily,Dandruff,Dry flaking along hairline and upper forehead,Medium,Yes,No,Scalp and Upper Forehead,Medium,High,Low,Low,None,Medium,Elaborate (Cleanser + Toner + Serum + Moisturizer + Sunscreen),Zinc Pyrithione,"Anti-dandruff clarifying shampoo 2-3x weekly, scalp soothing tonic with panthenol, avoiding scalding water showers.",Dandruff
PAT-01323,20,Female,Sensitive,Acne,Inflamed red pimples and occasional pustules,High,No,None,Full Face,High,Medium,Medium,Low,Moderate,Medium,Basic (Cleanser + Moisturizer),Azelaic Acid,"Gentle foaming cleanser, BHA exfoliation 2-3x/week, oil-free moisturizer, broad-spectrum non-comedogenic SPF 50.",Acne
PAT-01324,35,Male,Dry,Redness,"Irritation, blotchiness, and sudden redness flare-ups",High,No,Fragrance,T-Zone,Medium,Medium,High,Low,None,High,Minimal (Cleanser only),Centella Asiatica,"Calming micellar water, barrier-restoring cica cream, fragrance-free physical zinc sunscreen, avoiding thermal/harsh triggers.",Redness
PAT-01325,24,Female,Sensitive,Redness,Stinging sensation and reactive redness to heat,High,No,Yes,T-Zone,Low,Medium,High,Low,None,Medium,Elaborate (Cleanser + Toner + Serum + Moisturizer + Sunscreen),Allantoin,"Calming micellar water, barrier-restoring cica cream, fragrance-free physical zinc sunscreen, avoiding thermal/harsh triggers.",Redness
PAT-01326,16,Female,Oily,Acne,Occasional cystic breakouts and oily shine,Medium,Yes,None,Cheeks,High,High,Medium,Low,Mild,Medium,Basic (Cleanser + Moisturizer),Salicylic Acid,"Gentle foaming cleanser, BHA exfoliation 2-3x/week, oil-free moisturizer, broad-spectrum non-comedogenic SPF 50.",Acne
PAT-01327,15,Male,Oily,Acne,Occasional cystic breakouts and oily shine,Low,No,No,Jawline,Medium,Low,Medium,Low,Mild,High,Minimal (Cleanser only),Salicylic Acid,"Gentle foaming cleanser, BHA exfoliation 2-3x/week, oil-free moisturizer, broad-spectrum non-comedogenic SPF 50.",Acne
PAT-01328,19,Female,Oily,Acne,Tender red bumps along jawline and cheeks,High,Yes,Fragrance,Cheeks,High,Medium,High,Medium,Severe,High,Moderate (Cleanser + Moisturizer + Sunscreen),Salicylic Acid,"Gentle foaming cleanser, BHA exfoliation 2-3x/week, oil-free moisturizer, broad-spectrum non-comedogenic SPF 50.",Acne
PAT-01329,25,Female,Combination,Acne,Whiteheads and blackheads on T-zone,Medium,Yes,No,Full Face,Medium,Low,Low,Medium,Moderate,Medium,Minimal (Cleanser only),Salicylic Acid,"Gentle foaming cleanser, BHA exfoliation 2-3x/week, oil-free moisturizer, broad-spectrum non-comedogenic SPF 50.",Acne
PAT-01330,43,Female,Sensitive,Dryness,Flaking and tight sensation after cleansing,High,No,Fragrance,Full Face,Low,High,Medium,Medium,None,Medium,Basic (Cleanser + Moisturizer),Glycerin,"Hydrating cream cleanser, multi-molecular HA serum, ceramide-rich barrier cream, hydrating mineral sunscreen.",Dryness
PAT-01331,25,Male,Combination,Hyperpigmentation,Sun spots and localized brown patches on cheeks,Low,Yes,Preservatives,Forehead,Low,Low,Low,High,Mild,Medium,Elaborate (Cleanser + Toner + Serum + Moisturizer + Sunscreen),Vitamin C,"Antioxidant brightening serum, daily broad-spectrum SPF 50+ reapplication, gentle exfoliating tonic, soothing moisturizer.",Hyperpigmentation
PAT-01332,26,Female,Combination,Dandruff,"Scalp tightness, flaking, and itching after sweat",Low,Yes,None,Scalp and Upper Forehead,High,High,High,Low,None,Medium,Elaborate (Cleanser + Toner + Serum + Moisturizer + Sunscreen),Zinc Pyrithione,"Anti-dandruff clarifying shampoo 2-3x weekly, scalp soothing tonic with panthenol, avoiding scalding water showers.",Dandruff
PAT-01333,24,Male,Oily,Acne,Inflamed red pimples and occasional pustules,High,Yes,Essential Oils,Forehead,High,Low,High,Medium,Moderate,Low,Moderate (Cleanser + Moisturizer + Sunscreen),Salicylic Acid,"Gentle foaming cleanser, BHA exfoliation 2-3x/week, oil-free moisturizer, broad-spectrum non-comedogenic SPF 50.",Acne
PAT-01334,31,Female,Oily,Dandruff,"Scalp tightness, flaking, and itching after sweat",Medium,No,No,Scalp and Upper Forehead,High,Low,Medium,Low,None,Medium,Moderate (Cleanser + Moisturizer + Sunscreen),Salicylic Acid,"Anti-dandruff clarifying shampoo 2-3x weekly, scalp soothing tonic with panthenol, avoiding scalding water showers.",Dandruff
PAT-01335,25,Male,Combination,Acne,Occasional cystic breakouts and oily shine,High,Yes,Fragrance,T-Zone,Medium,High,Medium,Medium,Moderate,Low,Elaborate (Cleanser + Toner + Serum + Moisturizer + Sunscreen),Salicylic Acid,"Gentle foaming cleanser, BHA exfoliation 2-3x/week, oil-free moisturizer, broad-spectrum non-comedogenic SPF 50.",Acne
PAT-01336,22,Male,Combination,Hyperpigmentation,Post-inflammatory dark marks across forehead,Medium,Yes,No,Cheeks,High,Low,Low,High,None,Low,Moderate (Cleanser + Moisturizer + Sunscreen),Alpha Arbutin,"Antioxidant brightening serum, daily broad-spectrum SPF 50+ reapplication, gentle exfoliating tonic, soothing moisturizer.",Hyperpigmentation
PAT-01337,34,Male,Combination,Dandruff,Itchy scalp with visible white/yellow flakes,Low,No,Sulfates,Scalp and Upper Forehead,Medium,Medium,Low,Low,None,Low,Moderate (Cleanser + Moisturizer + Sunscreen),Ketoconazole,"Anti-dandruff clarifying shampoo 2-3x weekly, scalp soothing tonic with panthenol, avoiding scalding water showers.",Dandruff
PAT-01338,22,Male,Oily,Acne,Clogged pores with recurring breakouts,Medium,Yes,No,T-Zone,High,Medium,High,Low,Moderate,High,Basic (Cleanser + Moisturizer),Niacinamide,"Gentle foaming cleanser, BHA exfoliation 2-3x/week, oil-free moisturizer, broad-spectrum non-comedogenic SPF 50.",Acne
PAT-01339,27,Female,Normal,No major concern,"No noticeable irritation, balanced oil and moisture",Low,No,No,T-Zone,Low,Medium,Low,Low,None,High,Moderate (Cleanser + Moisturizer + Sunscreen),Niacinamide,"Gentle daily cleanser, lightweight antioxidant hydrating gel, daily SPF 50 sunscreen maintenance.",No major concern
PAT-01340,38,Female,Combination,Hyperpigmentation,Melasma-like discoloration on cheeks and upper lip,Low,Yes,None,Cheeks and Nose,Medium,Medium,Low,High,None,Medium,Elaborate (Cleanser + Toner + Serum + Moisturizer + Sunscreen),Kojic Acid,"Antioxidant brightening serum, daily broad-spectrum SPF 50+ reapplication, gentle exfoliating tonic, soothing moisturizer.",Hyperpigmentation
PAT-01341,43,Male,Sensitive,Redness,Stinging sensation and reactive redness to heat,Medium,Yes,Alcohol,T-Zone,Low,High,High,Low,None,Low,Basic (Cleanser + Moisturizer),Allantoin,"Calming micellar water, barrier-restoring cica cream, fragrance-free physical zinc sunscreen, avoiding thermal/harsh triggers.",Redness
PAT-01342,15,Male,Sensitive,Acne,Occasional cystic breakouts and oily shine,Low,Yes,No,Jawline,High,Low,Medium,Medium,Mild,High,Moderate (Cleanser + Moisturizer + Sunscreen),Salicylic Acid,"Gentle foaming cleanser, BHA exfoliation 2-3x/week, oil-free moisturizer, broad-spectrum non-comedogenic SPF 50.",Acne
PAT-01343,38,Female,Combination,Dandruff,Greasy scalp scaling and mild scalp irritation,Low,No,None,Hairline,High,Medium,Medium,Low,None,Low,Basic (Cleanser + Moisturizer),Zinc Pyrithione,"Anti-dandruff clarifying shampoo 2-3x weekly, scalp soothing tonic with panthenol, avoiding scalding water showers.",Dandruff
PAT-01344,40,Male,Dry,No major concern,Balanced skin with occasional minor shine,Low,No,No,Full Face,Low,Low,Low,Low,None,High,Minimal (Cleanser only),Ceramides,"Gentle daily cleanser, lightweight antioxidant hydrating gel, daily SPF 50 sunscreen maintenance.",No major concern
PAT-01345,20,Male,Normal,No major concern,Healthy skin barrier with minimal seasonal dryness,Low,No,No,None,Medium,Medium,Low,Low,None,Medium,Elaborate (Cleanser + Toner + Serum + Moisturizer + Sunscreen),Peptides,"Gentle daily cleanser, lightweight antioxidant hydrating gel, daily SPF 50 sunscreen maintenance.",No major concern
PAT-01346,19,Male,Oily,Acne,Tender red bumps along jawline and cheeks,High,Yes,Lanolin,Full Face,High,Low,High,High,Severe,High,Elaborate (Cleanser + Toner + Serum + Moisturizer + Sunscreen),Niacinamide,"Gentle foaming cleanser, BHA exfoliation 2-3x/week, oil-free moisturizer, broad-spectrum non-comedogenic SPF 50.",Acne
PAT-01347,38,Male,Normal,Dandruff,"Scalp tightness, flaking, and itching after sweat",Low,Yes,No,Scalp and Upper Forehead,High,Low,Low,Low,None,Low,Elaborate (Cleanser + Toner + Serum + Moisturizer + Sunscreen),Zinc Pyrithione,"Anti-dandruff clarifying shampoo 2-3x weekly, scalp soothing tonic with panthenol, avoiding scalding water showers.",Dandruff
PAT-01348,52,Female,Combination,Dandruff,"Scalp tightness, flaking, and itching after sweat",Medium,No,No,Hairline,Medium,Medium,High,Low,None,Low,Basic (Cleanser + Moisturizer),Ketoconazole,"Anti-dandruff clarifying shampoo 2-3x weekly, scalp soothing tonic with panthenol, avoiding scalding water showers.",Dandruff
PAT-01349,30,Male,Oily,Acne,Tender red bumps along jawline and cheeks,Medium,Yes,Fragrance,Full Face,High,Medium,Low,Medium,Moderate,High,Minimal (Cleanser only),Salicylic Acid,"Gentle foaming cleanser, BHA exfoliation 2-3x/week, oil-free moisturizer, broad-spectrum non-comedogenic SPF 50.",Acne
PAT-01350,33,Female,Combination,Redness,Stinging sensation and reactive redness to heat,High,No,Essential Oils,Full Face,Low,Medium,High,Low,None,Medium,Elaborate (Cleanser + Toner + Serum + Moisturizer + Sunscreen),Allantoin,"Calming micellar water, barrier-restoring cica cream, fragrance-free physical zinc sunscreen, avoiding thermal/harsh triggers.",Redness
PAT-01351,30,Female,Normal,No major concern,Balanced skin with occasional minor shine,Medium,No,No,Full Face,Low,Low,Low,Low,None,Low,Elaborate (Cleanser + Toner + Serum + Moisturizer + Sunscreen),Hyaluronic Acid,"Gentle daily cleanser, lightweight antioxidant hydrating gel, daily SPF 50 sunscreen maintenance.",No major concern
PAT-01352,34,Female,Normal,No major concern,Balanced skin with occasional minor shine,Low,Yes,No,None,Medium,Medium,Low,Low,None,Medium,Elaborate (Cleanser + Toner + Serum + Moisturizer + Sunscreen),Ceramides,"Gentle daily cleanser, lightweight antioxidant hydrating gel, daily SPF 50 sunscreen maintenance.",No major concern
PAT-01353,34,Male,Dry,Redness,Stinging sensation and reactive redness to heat,Medium,No,Alcohol,Full Face,Low,Medium,High,Low,Mild,Medium,Elaborate (Cleanser + Toner + Serum + Moisturizer + Sunscreen),Azelaic Acid,"Calming micellar water, barrier-restoring cica cream, fragrance-free physical zinc sunscreen, avoiding thermal/harsh triggers.",Redness
PAT-01354,20,Male,Oily,Acne,Occasional cystic breakouts and oily shine,Medium,Yes,No,Full Face,High,Low,High,Medium,Mild,High,Minimal (Cleanser only),Zinc PCA,"Gentle foaming cleanser, BHA exfoliation 2-3x/week, oil-free moisturizer, broad-spectrum non-comedogenic SPF 50.",Acne
PAT-01355,34,Male,Dry,Redness,Persistent facial flushing and visible capillaries,High,Yes,None,Full Face,High,High,High,Low,None,Low,Minimal (Cleanser only),Allantoin,"Calming micellar water, barrier-restoring cica cream, fragrance-free physical zinc sunscreen, avoiding thermal/harsh triggers.",Redness
PAT-01356,25,Female,Dry,Dryness,Ashy skin tone and lack of suppleness,Low,No,Fragrance,Cheeks,Medium,Medium,High,Low,None,Low,Elaborate (Cleanser + Toner + Serum + Moisturizer + Sunscreen),Squalane,"Hydrating cream cleanser, multi-molecular HA serum, ceramide-rich barrier cream, hydrating mineral sunscreen.",Dryness
PAT-01357,16,Female,Dry,Dryness,Ashy skin tone and lack of suppleness,Medium,No,No,Forehead,Low,High,Low,Low,None,Medium,Moderate (Cleanser + Moisturizer + Sunscreen),Centella Asiatica,"Hydrating cream cleanser, multi-molecular HA serum, ceramide-rich barrier cream, hydrating mineral sunscreen.",Dryness
PAT-01358,20,Female,Sensitive,Acne,Clogged pores with recurring breakouts,Medium,Yes,No,Forehead,High,Low,Medium,Medium,Moderate,High,Moderate (Cleanser + Moisturizer + Sunscreen),Niacinamide,"Gentle foaming cleanser, BHA exfoliation 2-3x/week, oil-free moisturizer, broad-spectrum non-comedogenic SPF 50.",Acne
PAT-01359,38,Male,Oily,Hyperpigmentation,Dark spots and uneven skin tone from previous acne,Low,Yes,No,Full Face,High,Low,Medium,High,None,High,Moderate (Cleanser + Moisturizer + Sunscreen),Alpha Arbutin,"Antioxidant brightening serum, daily broad-spectrum SPF 50+ reapplication, gentle exfoliating tonic, soothing moisturizer.",Hyperpigmentation
PAT-01360,28,Male,Oily,No major concern,Healthy skin barrier with minimal seasonal dryness,Low,No,No,None,Low,Low,Low,Low,None,High,Basic (Cleanser + Moisturizer),Niacinamide,"Gentle daily cleanser, lightweight antioxidant hydrating gel, daily SPF 50 sunscreen maintenance.",No major concern
PAT-01361,23,Male,Sensitive,Acne,Clogged pores with recurring breakouts,Low,Yes,No,Full Face,High,Low,Low,High,Moderate,Medium,Minimal (Cleanser only),Zinc PCA,"Gentle foaming cleanser, BHA exfoliation 2-3x/week, oil-free moisturizer, broad-spectrum non-comedogenic SPF 50.",Acne
PAT-01362,35,Female,Sensitive,Redness,"Irritation, blotchiness, and sudden redness flare-ups",Medium,No,Fragrance,Cheeks,Low,High,High,Low,None,Medium,Basic (Cleanser + Moisturizer),Centella Asiatica,"Calming micellar water, barrier-restoring cica cream, fragrance-free physical zinc sunscreen, avoiding thermal/harsh triggers.",Redness
PAT-01363,25,Male,Dry,Hyperpigmentation,Post-inflammatory dark marks across forehead,Medium,No,No,Full Face,Medium,Low,Low,High,Mild,Low,Basic (Cleanser + Moisturizer),Vitamin C,"Antioxidant brightening serum, daily broad-spectrum SPF 50+ reapplication, gentle exfoliating tonic, soothing moisturizer.",Hyperpigmentation
PAT-01364,27,Female,Normal,Dryness,"Persistent tightness and dull, parched skin",Medium,No,None,Around Mouth,Medium,High,Low,Low,None,High,Minimal (Cleanser only),Centella Asiatica,"Hydrating cream cleanser, multi-molecular HA serum, ceramide-rich barrier cream, hydrating mineral sunscreen.",Dryness
PAT-01365,41,Male,Normal,Hyperpigmentation,Dull complexion with patchy sun discoloration,Medium,No,No,Forehead,Medium,Medium,Low,High,Mild,Medium,Basic (Cleanser + Moisturizer),Kojic Acid,"Antioxidant brightening serum, daily broad-spectrum SPF 50+ reapplication, gentle exfoliating tonic, soothing moisturizer.",Hyperpigmentation
PAT-01366,27,Female,Combination,Acne,Clogged pores with recurring breakouts,Low,No,No,Cheeks,Medium,Medium,Medium,High,Severe,Medium,Moderate (Cleanser + Moisturizer + Sunscreen),Salicylic Acid,"Gentle foaming cleanser, BHA exfoliation 2-3x/week, oil-free moisturizer, broad-spectrum non-comedogenic SPF 50.",Acne
PAT-01367,45,Male,Normal,Dryness,Scaling and irritation with seasonal change,Medium,No,No,Full Face,Low,High,Low,Low,None,Medium,Minimal (Cleanser only),Glycerin,"Hydrating cream cleanser, multi-molecular HA serum, ceramide-rich barrier cream, hydrating mineral sunscreen.",Dryness
PAT-01368,21,Female,Combination,Acne,Whiteheads and blackheads on T-zone,Medium,No,No,Cheeks,Medium,Medium,Medium,Low,Severe,High,Basic (Cleanser + Moisturizer),Azelaic Acid,"Gentle foaming cleanser, BHA exfoliation 2-3x/week, oil-free moisturizer, broad-spectrum non-comedogenic SPF 50.",Acne
PAT-01369,18,Female,Oily,Dandruff,"Scalp tightness, flaking, and itching after sweat",High,No,No,Hairline,Medium,High,Low,Low,None,Medium,Basic (Cleanser + Moisturizer),Ketoconazole,"Anti-dandruff clarifying shampoo 2-3x weekly, scalp soothing tonic with panthenol, avoiding scalding water showers.",Dandruff
PAT-01370,24,Female,Combination,Acne,Inflamed red pimples and occasional pustules,Medium,No,Fragrance,Cheeks,Medium,Low,High,Medium,Mild,Low,Moderate (Cleanser + Moisturizer + Sunscreen),Niacinamide,"Gentle foaming cleanser, BHA exfoliation 2-3x/week, oil-free moisturizer, broad-spectrum non-comedogenic SPF 50.",Acne
PAT-01371,27,Male,Combination,Dandruff,Dry flaking along hairline and upper forehead,Low,No,Sulfates,Scalp,High,High,Medium,Low,None,High,Minimal (Cleanser only),Ketoconazole,"Anti-dandruff clarifying shampoo 2-3x weekly, scalp soothing tonic with panthenol, avoiding scalding water showers.",Dandruff
PAT-01372,24,Male,Combination,Acne,Tender red bumps along jawline and cheeks,Low,Yes,No,Jawline,High,Low,Medium,High,Moderate,Medium,Elaborate (Cleanser + Toner + Serum + Moisturizer + Sunscreen),Salicylic Acid,"Gentle foaming cleanser, BHA exfoliation 2-3x/week, oil-free moisturizer, broad-spectrum non-comedogenic SPF 50.",Acne
PAT-01373,34,Female,Sensitive,Redness,"Irritation, blotchiness, and sudden redness flare-ups",Medium,Yes,Yes,Nose and Cheeks,Low,High,High,Low,None,Medium,Elaborate (Cleanser + Toner + Serum + Moisturizer + Sunscreen),Centella Asiatica,"Calming micellar water, barrier-restoring cica cream, fragrance-free physical zinc sunscreen, avoiding thermal/harsh triggers.",Redness
PAT-01374,53,Female,Sensitive,Dryness,Scaling and irritation with seasonal change,Low,No,No,Around Mouth,Low,Medium,Medium,Medium,None,Medium,Basic (Cleanser + Moisturizer),Hyaluronic Acid,"Hydrating cream cleanser, multi-molecular HA serum, ceramide-rich barrier cream, hydrating mineral sunscreen.",Dryness
PAT-01375,35,Female,Combination,Hyperpigmentation,Melasma-like discoloration on cheeks and upper lip,High,No,Lanolin,Full Face,Medium,Low,Low,Medium,Mild,Medium,Minimal (Cleanser only),Alpha Arbutin,"Antioxidant brightening serum, daily broad-spectrum SPF 50+ reapplication, gentle exfoliating tonic, soothing moisturizer.",Hyperpigmentation
PAT-01376,23,Male,Combination,Acne,Occasional cystic breakouts and oily shine,Medium,No,Fragrance,Forehead,Medium,Low,High,Medium,Severe,High,Elaborate (Cleanser + Toner + Serum + Moisturizer + Sunscreen),Salicylic Acid,"Gentle foaming cleanser, BHA exfoliation 2-3x/week, oil-free moisturizer, broad-spectrum non-comedogenic SPF 50.",Acne
PAT-01377,24,Female,Oily,Acne,Clogged pores with recurring breakouts,Low,Yes,No,Forehead,Medium,Low,High,Low,Mild,Medium,Moderate (Cleanser + Moisturizer + Sunscreen),Zinc PCA,"Gentle foaming cleanser, BHA exfoliation 2-3x/week, oil-free moisturizer, broad-spectrum non-comedogenic SPF 50.",Acne
PAT-01378,15,Male,Oily,Dandruff,Dry flaking along hairline and upper forehead,Low,No,None,Scalp and Upper Forehead,Low,High,Medium,Low,None,High,Elaborate (Cleanser + Toner + Serum + Moisturizer + Sunscreen),Salicylic Acid,"Anti-dandruff clarifying shampoo 2-3x weekly, scalp soothing tonic with panthenol, avoiding scalding water showers.",Dandruff
PAT-01379,33,Female,Sensitive,Redness,Stinging sensation and reactive redness to heat,Medium,No,Alcohol,Nose and Cheeks,Low,Medium,High,Low,None,Low,Moderate (Cleanser + Moisturizer + Sunscreen),Allantoin,"Calming micellar water, barrier-restoring cica cream, fragrance-free physical zinc sunscreen, avoiding thermal/harsh triggers.",Redness
PAT-01380,31,Male,Oily,Dandruff,Itchy scalp with visible white/yellow flakes,High,Yes,Fragrance,Scalp,High,High,Medium,Low,None,Low,Minimal (Cleanser only),Selenium Sulfide,"Anti-dandruff clarifying shampoo 2-3x weekly, scalp soothing tonic with panthenol, avoiding scalding water showers.",Dandruff
PAT-01381,29,Female,Dry,No major concern,Balanced skin with occasional minor shine,Medium,No,No,None,Low,Low,Low,Low,None,Low,Minimal (Cleanser only),Hyaluronic Acid,"Gentle daily cleanser, lightweight antioxidant hydrating gel, daily SPF 50 sunscreen maintenance.",No major concern
PAT-01382,32,Female,Sensitive,Redness,Rosacea-like cheek flushing and burning feeling,High,Yes,Yes,Nose and Cheeks,High,High,High,Low,None,Medium,Moderate (Cleanser + Moisturizer + Sunscreen),Azelaic Acid,"Calming micellar water, barrier-restoring cica cream, fragrance-free physical zinc sunscreen, avoiding thermal/harsh triggers.",Redness
PAT-01383,34,Female,Normal,No major concern,Smooth texture with no persistent discomfort,Low,No,No,Full Face,Low,Low,Low,Low,None,Low,Minimal (Cleanser only),Peptides,"Gentle daily cleanser, lightweight antioxidant hydrating gel, daily SPF 50 sunscreen maintenance.",No major concern
PAT-01384,25,Male,Normal,Hyperpigmentation,Dark spots and uneven skin tone from previous acne,Medium,Yes,No,Forehead,High,Low,Low,High,Mild,Medium,Minimal (Cleanser only),Vitamin C,"Antioxidant brightening serum, daily broad-spectrum SPF 50+ reapplication, gentle exfoliating tonic, soothing moisturizer.",Hyperpigmentation
PAT-01385,34,Male,Sensitive,Redness,Persistent facial flushing and visible capillaries,High,Yes,Alcohol,Nose and Cheeks,Low,Medium,High,Medium,None,Low,Elaborate (Cleanser + Toner + Serum + Moisturizer + Sunscreen),Centella Asiatica,"Calming micellar water, barrier-restoring cica cream, fragrance-free physical zinc sunscreen, avoiding thermal/harsh triggers.",Redness
PAT-01386,28,Male,Normal,Hyperpigmentation,Dark spots and uneven skin tone from previous acne,Medium,Yes,No,Forehead,High,Medium,Medium,Medium,None,High,Moderate (Cleanser + Moisturizer + Sunscreen),Alpha Arbutin,"Antioxidant brightening serum, daily broad-spectrum SPF 50+ reapplication, gentle exfoliating tonic, soothing moisturizer.",Hyperpigmentation
PAT-01387,15,Female,Oily,Dandruff,"Scalp tightness, flaking, and itching after sweat",Low,Yes,No,Scalp and Upper Forehead,Medium,Low,High,Low,None,Medium,Minimal (Cleanser only),Ketoconazole,"Anti-dandruff clarifying shampoo 2-3x weekly, scalp soothing tonic with panthenol, avoiding scalding water showers.",Dandruff
PAT-01388,42,Female,Dry,Dryness,"Persistent tightness and dull, parched skin",High,No,No,Forehead,Medium,Medium,Medium,Medium,None,Low,Moderate (Cleanser + Moisturizer + Sunscreen),Glycerin,"Hydrating cream cleanser, multi-molecular HA serum, ceramide-rich barrier cream, hydrating mineral sunscreen.",Dryness
PAT-01389,43,Female,Dry,Dryness,Rough texture and visible fine dry patches,Medium,No,Sulfates,Cheeks,Low,High,Low,Low,None,Medium,Moderate (Cleanser + Moisturizer + Sunscreen),Glycerin,"Hydrating cream cleanser, multi-molecular HA serum, ceramide-rich barrier cream, hydrating mineral sunscreen.",Dryness
PAT-01390,15,Male,Oily,Acne,Tender red bumps along jawline and cheeks,Medium,Yes,No,Jawline,Medium,Low,High,Medium,Mild,High,Moderate (Cleanser + Moisturizer + Sunscreen),Niacinamide,"Gentle foaming cleanser, BHA exfoliation 2-3x/week, oil-free moisturizer, broad-spectrum non-comedogenic SPF 50.",Acne
PAT-01391,28,Male,Dry,Hyperpigmentation,Post-inflammatory dark marks across forehead,Medium,No,None,Full Face,Low,Medium,Medium,High,None,High,Basic (Cleanser + Moisturizer),Vitamin C,"Antioxidant brightening serum, daily broad-spectrum SPF 50+ reapplication, gentle exfoliating tonic, soothing moisturizer.",Hyperpigmentation
PAT-01392,33,Female,Oily,Dandruff,Itchy scalp with visible white/yellow flakes,Medium,Yes,No,Hairline,High,High,Medium,Low,None,Low,Basic (Cleanser + Moisturizer),Ketoconazole,"Anti-dandruff clarifying shampoo 2-3x weekly, scalp soothing tonic with panthenol, avoiding scalding water showers.",Dandruff
PAT-01393,33,Female,Normal,Hyperpigmentation,Dark spots and uneven skin tone from previous acne,High,Yes,Lanolin,Forehead,Medium,Medium,Low,High,Mild,High,Elaborate (Cleanser + Toner + Serum + Moisturizer + Sunscreen),Vitamin C,"Antioxidant brightening serum, daily broad-spectrum SPF 50+ reapplication, gentle exfoliating tonic, soothing moisturizer.",Hyperpigmentation
PAT-01394,43,Male,Oily,Dandruff,Persistent scalp dandruff and mild redness at hair root,Low,Yes,No,Scalp and Upper Forehead,Low,Medium,High,Low,None,Medium,Minimal (Cleanser only),Zinc Pyrithione,"Anti-dandruff clarifying shampoo 2-3x weekly, scalp soothing tonic with panthenol, avoiding scalding water showers.",Dandruff
PAT-01395,27,Female,Oily,Acne,Clogged pores with recurring breakouts,Medium,Yes,No,T-Zone,Medium,Low,Medium,Medium,Moderate,High,Minimal (Cleanser only),Salicylic Acid,"Gentle foaming cleanser, BHA exfoliation 2-3x/week, oil-free moisturizer, broad-spectrum non-comedogenic SPF 50.",Acne
PAT-01396,45,Male,Dry,Dryness,Flaking and tight sensation after cleansing,Medium,No,Sulfates,Around Mouth,Low,High,Low,Medium,None,Low,Elaborate (Cleanser + Toner + Serum + Moisturizer + Sunscreen),Glycerin,"Hydrating cream cleanser, multi-molecular HA serum, ceramide-rich barrier cream, hydrating mineral sunscreen.",Dryness
PAT-01397,17,Male,Normal,No major concern,Healthy skin barrier with minimal seasonal dryness,Low,No,No,Full Face,Low,Medium,Low,Low,None,Low,Minimal (Cleanser only),Niacinamide,"Gentle daily cleanser, lightweight antioxidant hydrating gel, daily SPF 50 sunscreen maintenance.",No major concern
PAT-01398,35,Male,Normal,No major concern,Healthy skin barrier with minimal seasonal dryness,Low,Yes,No,T-Zone,Low,Low,Low,Low,None,Medium,Basic (Cleanser + Moisturizer),Vitamin C,"Gentle daily cleanser, lightweight antioxidant hydrating gel, daily SPF 50 sunscreen maintenance.",No major concern
PAT-01399,26,Female,Normal,Hyperpigmentation,Dull complexion with patchy sun discoloration,High,No,None,Cheeks,Medium,Medium,Low,High,None,Low,Elaborate (Cleanser + Toner + Serum + Moisturizer + Sunscreen),Niacinamide,"Antioxidant brightening serum, daily broad-spectrum SPF 50+ reapplication, gentle exfoliating tonic, soothing moisturizer.",Hyperpigmentation
PAT-01400,33,Female,Oily,Dandruff,"Scalp tightness, flaking, and itching after sweat",Low,Yes,No,Hairline,High,High,Low,Low,None,Medium,Minimal (Cleanser only),Zinc Pyrithione,"Anti-dandruff clarifying shampoo 2-3x weekly, scalp soothing tonic with panthenol, avoiding scalding water showers.",Dandruff
PAT-01401,32,Male,Dry,Dryness,Flaking and tight sensation after cleansing,Low,No,No,Forehead,Low,High,High,Low,None,Low,Elaborate (Cleanser + Toner + Serum + Moisturizer + Sunscreen),Centella Asiatica,"Hydrating cream cleanser, multi-molecular HA serum, ceramide-rich barrier cream, hydrating mineral sunscreen.",Dryness
PAT-01402,30,Male,Dry,Dryness,Ashy skin tone and lack of suppleness,Medium,No,None,Around Mouth,Low,Medium,High,Low,None,Low,Moderate (Cleanser + Moisturizer + Sunscreen),Hyaluronic Acid,"Hydrating cream cleanser, multi-molecular HA serum, ceramide-rich barrier cream, hydrating mineral sunscreen.",Dryness
PAT-01403,50,Female,Oily,Hyperpigmentation,Dark spots and uneven skin tone from previous acne,High,Yes,No,Full Face,Low,Low,Low,High,None,High,Moderate (Cleanser + Moisturizer + Sunscreen),Vitamin C,"Antioxidant brightening serum, daily broad-spectrum SPF 50+ reapplication, gentle exfoliating tonic, soothing moisturizer.",Hyperpigmentation
PAT-01404,20,Male,Normal,Dryness,Scaling and irritation with seasonal change,Medium,No,No,Around Mouth,Low,High,High,Low,None,Low,Basic (Cleanser + Moisturizer),Ceramides,"Hydrating cream cleanser, multi-molecular HA serum, ceramide-rich barrier cream, hydrating mineral sunscreen.",Dryness
PAT-01405,25,Male,Oily,Acne,Occasional cystic breakouts and oily shine,Medium,Yes,No,T-Zone,High,High,Medium,Medium,Mild,High,Elaborate (Cleanser + Toner + Serum + Moisturizer + Sunscreen),Salicylic Acid,"Gentle foaming cleanser, BHA exfoliation 2-3x/week, oil-free moisturizer, broad-spectrum non-comedogenic SPF 50.",Acne
PAT-01406,22,Male,Dry,Dryness,"Persistent tightness and dull, parched skin",Medium,Yes,Fragrance,Forehead,Low,High,High,Medium,None,Low,Minimal (Cleanser only),Squalane,"Hydrating cream cleanser, multi-molecular HA serum, ceramide-rich barrier cream, hydrating mineral sunscreen.",Dryness
PAT-01407,55,Female,Combination,Dryness,Scaling and irritation with seasonal change,Low,Yes,No,Cheeks,Medium,High,Low,Low,None,Medium,Elaborate (Cleanser + Toner + Serum + Moisturizer + Sunscreen),Ceramides,"Hydrating cream cleanser, multi-molecular HA serum, ceramide-rich barrier cream, hydrating mineral sunscreen.",Dryness
PAT-01408,18,Male,Sensitive,Hyperpigmentation,Sun spots and localized brown patches on cheeks,Low,Yes,None,Cheeks,Medium,Medium,Medium,High,None,High,Basic (Cleanser + Moisturizer),Tranexamic Acid,"Antioxidant brightening serum, daily broad-spectrum SPF 50+ reapplication, gentle exfoliating tonic, soothing moisturizer.",Hyperpigmentation
PAT-01409,19,Male,Combination,Acne,Occasional cystic breakouts and oily shine,Medium,No,Fragrance,Cheeks,High,Medium,Medium,Medium,Moderate,Medium,Elaborate (Cleanser + Toner + Serum + Moisturizer + Sunscreen),Zinc PCA,"Gentle foaming cleanser, BHA exfoliation 2-3x/week, oil-free moisturizer, broad-spectrum non-comedogenic SPF 50.",Acne
PAT-01410,22,Female,Combination,Acne,Whiteheads and blackheads on T-zone,Medium,No,Essential Oils,Full Face,High,Low,Medium,Medium,Severe,Low,Moderate (Cleanser + Moisturizer + Sunscreen),Tea Tree Extract,"Gentle foaming cleanser, BHA exfoliation 2-3x/week, oil-free moisturizer, broad-spectrum non-comedogenic SPF 50.",Acne
PAT-01411,24,Female,Combination,Acne,Occasional cystic breakouts and oily shine,Medium,No,No,Jawline,Medium,Medium,Medium,High,Moderate,Medium,Minimal (Cleanser only),Salicylic Acid,"Gentle foaming cleanser, BHA exfoliation 2-3x/week, oil-free moisturizer, broad-spectrum non-comedogenic SPF 50.",Acne
PAT-01412,16,Male,Sensitive,Dryness,"Persistent tightness and dull, parched skin",Low,No,No,Cheeks,Low,High,High,Low,None,Medium,Moderate (Cleanser + Moisturizer + Sunscreen),Ceramides,"Hydrating cream cleanser, multi-molecular HA serum, ceramide-rich barrier cream, hydrating mineral sunscreen.",Dryness
PAT-01413,26,Male,Combination,Acne,Tender red bumps along jawline and cheeks,High,Yes,Fragrance,T-Zone,Medium,High,High,Low,Moderate,High,Basic (Cleanser + Moisturizer),Salicylic Acid,"Gentle foaming cleanser, BHA exfoliation 2-3x/week, oil-free moisturizer, broad-spectrum non-comedogenic SPF 50.",Acne
PAT-01414,30,Female,Oily,Acne,Occasional cystic breakouts and oily shine,Medium,Yes,No,Cheeks,High,Low,Medium,Low,Moderate,High,Basic (Cleanser + Moisturizer),Salicylic Acid,"Gentle foaming cleanser, BHA exfoliation 2-3x/week, oil-free moisturizer, broad-spectrum non-comedogenic SPF 50.",Acne
PAT-01415,41,Male,Sensitive,Redness,Persistent facial flushing and visible capillaries,High,Yes,Alcohol,Nose and Cheeks,Low,Medium,Medium,Medium,None,High,Elaborate (Cleanser + Toner + Serum + Moisturizer + Sunscreen),Centella Asiatica,"Calming micellar water, barrier-restoring cica cream, fragrance-free physical zinc sunscreen, avoiding thermal/harsh triggers.",Redness
PAT-01416,27,Male,Combination,Hyperpigmentation,Melasma-like discoloration on cheeks and upper lip,Low,Yes,No,Cheeks,Medium,Low,Low,High,Mild,High,Basic (Cleanser + Moisturizer),Niacinamide,"Antioxidant brightening serum, daily broad-spectrum SPF 50+ reapplication, gentle exfoliating tonic, soothing moisturizer.",Hyperpigmentation
PAT-01417,57,Male,Normal,Dryness,Flaking and tight sensation after cleansing,Medium,No,No,Full Face,Medium,Medium,Medium,Low,None,Medium,Minimal (Cleanser only),Ceramides,"Hydrating cream cleanser, multi-molecular HA serum, ceramide-rich barrier cream, hydrating mineral sunscreen.",Dryness
PAT-01418,16,Female,Combination,Redness,Persistent facial flushing and visible capillaries,High,No,Essential Oils,T-Zone,Medium,Medium,High,Low,None,High,Basic (Cleanser + Moisturizer),Panthenol,"Calming micellar water, barrier-restoring cica cream, fragrance-free physical zinc sunscreen, avoiding thermal/harsh triggers.",Redness
PAT-01419,16,Male,Dry,Dryness,Flaking and tight sensation after cleansing,Low,Yes,No,Cheeks,Low,High,High,Low,None,Low,Elaborate (Cleanser + Toner + Serum + Moisturizer + Sunscreen),Ceramides,"Hydrating cream cleanser, multi-molecular HA serum, ceramide-rich barrier cream, hydrating mineral sunscreen.",Dryness
PAT-01420,29,Male,Oily,Dandruff,Itchy scalp with visible white/yellow flakes,Low,No,None,Scalp,High,Low,Medium,Low,None,Medium,Elaborate (Cleanser + Toner + Serum + Moisturizer + Sunscreen),Selenium Sulfide,"Anti-dandruff clarifying shampoo 2-3x weekly, scalp soothing tonic with panthenol, avoiding scalding water showers.",Dandruff
PAT-01421,20,Female,Normal,No major concern,Healthy skin barrier with minimal seasonal dryness,Low,No,No,T-Zone,Low,Medium,Low,Low,None,Medium,Minimal (Cleanser only),Hyaluronic Acid,"Gentle daily cleanser, lightweight antioxidant hydrating gel, daily SPF 50 sunscreen maintenance.",No major concern
PAT-01422,37,Male,Oily,Hyperpigmentation,Post-inflammatory dark marks across forehead,Medium,Yes,No,Forehead,Medium,Low,Medium,High,None,High,Minimal (Cleanser only),Kojic Acid,"Antioxidant brightening serum, daily broad-spectrum SPF 50+ reapplication, gentle exfoliating tonic, soothing moisturizer.",Hyperpigmentation
PAT-01423,25,Male,Combination,Acne,Clogged pores with recurring breakouts,Low,Yes,None,T-Zone,High,Low,High,Low,Moderate,High,Minimal (Cleanser only),Tea Tree Extract,"Gentle foaming cleanser, BHA exfoliation 2-3x/week, oil-free moisturizer, broad-spectrum non-comedogenic SPF 50.",Acne
PAT-01424,34,Female,Oily,Dandruff,Greasy scalp scaling and mild scalp irritation,Medium,Yes,No,Hairline,Low,High,Low,Low,None,High,Basic (Cleanser + Moisturizer),Zinc Pyrithione,"Anti-dandruff clarifying shampoo 2-3x weekly, scalp soothing tonic with panthenol, avoiding scalding water showers.",Dandruff
PAT-01425,26,Female,Combination,Acne,Occasional cystic breakouts and oily shine,Low,Yes,No,Cheeks,High,Low,High,High,Mild,Medium,Elaborate (Cleanser + Toner + Serum + Moisturizer + Sunscreen),Zinc PCA,"Gentle foaming cleanser, BHA exfoliation 2-3x/week, oil-free moisturizer, broad-spectrum non-comedogenic SPF 50.",Acne
PAT-01426,36,Male,Combination,Redness,Sensitivity to wind and skin barrier discomfort,High,No,Essential Oils,Cheeks,Medium,Medium,High,Low,None,High,Basic (Cleanser + Moisturizer),Azelaic Acid,"Calming micellar water, barrier-restoring cica cream, fragrance-free physical zinc sunscreen, avoiding thermal/harsh triggers.",Redness
PAT-01427,16,Male,Sensitive,Redness,Sensitivity to wind and skin barrier discomfort,High,No,Alcohol,T-Zone,Medium,Medium,High,Medium,None,Medium,Basic (Cleanser + Moisturizer),Azelaic Acid,"Calming micellar water, barrier-restoring cica cream, fragrance-free physical zinc sunscreen, avoiding thermal/harsh triggers.",Redness
PAT-01428,25,Male,Sensitive,Redness,"Irritation, blotchiness, and sudden redness flare-ups",High,No,Fragrance,Cheeks,Low,High,High,Low,None,High,Minimal (Cleanser only),Panthenol,"Calming micellar water, barrier-restoring cica cream, fragrance-free physical zinc sunscreen, avoiding thermal/harsh triggers.",Redness
PAT-01429,23,Male,Dry,Dryness,Rough texture and visible fine dry patches,Medium,No,No,Cheeks,Low,Medium,Medium,Low,None,Low,Moderate (Cleanser + Moisturizer + Sunscreen),Centella Asiatica,"Hydrating cream cleanser, multi-molecular HA serum, ceramide-rich barrier cream, hydrating mineral sunscreen.",Dryness
PAT-01430,35,Female,Dry,Redness,"Irritation, blotchiness, and sudden redness flare-ups",High,No,Alcohol,Nose and Cheeks,Low,High,High,Low,None,Medium,Basic (Cleanser + Moisturizer),Centella Asiatica,"Calming micellar water, barrier-restoring cica cream, fragrance-free physical zinc sunscreen, avoiding thermal/harsh triggers.",Redness
PAT-01431,23,Male,Combination,Redness,Rosacea-like cheek flushing and burning feeling,High,No,Alcohol,T-Zone,High,Medium,High,Low,None,High,Elaborate (Cleanser + Toner + Serum + Moisturizer + Sunscreen),Madecassoside,"Calming micellar water, barrier-restoring cica cream, fragrance-free physical zinc sunscreen, avoiding thermal/harsh triggers.",Redness
PAT-01432,19,Male,Normal,No major concern,Smooth texture with no persistent discomfort,Low,Yes,No,None,Low,Medium,Low,Low,None,Low,Minimal (Cleanser only),Hyaluronic Acid,"Gentle daily cleanser, lightweight antioxidant hydrating gel, daily SPF 50 sunscreen maintenance.",No major concern
PAT-01433,35,Male,Normal,No major concern,Healthy skin barrier with minimal seasonal dryness,Low,No,No,None,Low,Medium,Low,Low,None,Low,Minimal (Cleanser only),Vitamin C,"Gentle daily cleanser, lightweight antioxidant hydrating gel, daily SPF 50 sunscreen maintenance.",No major concern
PAT-01434,19,Female,Combination,Hyperpigmentation,Post-inflammatory dark marks across forehead,Medium,Yes,No,Cheeks and Nose,Medium,Medium,Low,High,None,High,Minimal (Cleanser only),Alpha Arbutin,"Antioxidant brightening serum, daily broad-spectrum SPF 50+ reapplication, gentle exfoliating tonic, soothing moisturizer.",Hyperpigmentation
PAT-01435,22,Male,Combination,Acne,Inflamed red pimples and occasional pustules,Medium,No,No,T-Zone,Low,Low,Low,Low,Moderate,Medium,Minimal (Cleanser only),Salicylic Acid,"Gentle foaming cleanser, BHA exfoliation 2-3x/week, oil-free moisturizer, broad-spectrum non-comedogenic SPF 50.",Acne
PAT-01436,21,Female,Combination,Dandruff,Persistent scalp dandruff and mild redness at hair root,High,Yes,No,Scalp and Upper Forehead,High,Low,Medium,Low,None,Low,Basic (Cleanser + Moisturizer),Ketoconazole,"Anti-dandruff clarifying shampoo 2-3x weekly, scalp soothing tonic with panthenol, avoiding scalding water showers.",Dandruff
PAT-01437,26,Female,Normal,Hyperpigmentation,Sun spots and localized brown patches on cheeks,Low,Yes,No,Full Face,High,Low,Low,Medium,Mild,High,Minimal (Cleanser only),Niacinamide,"Antioxidant brightening serum, daily broad-spectrum SPF 50+ reapplication, gentle exfoliating tonic, soothing moisturizer.",Hyperpigmentation
PAT-01438,29,Male,Combination,Hyperpigmentation,Dark spots and uneven skin tone from previous acne,Low,Yes,No,Forehead,Medium,Medium,Low,High,None,High,Elaborate (Cleanser + Toner + Serum + Moisturizer + Sunscreen),Vitamin C,"Antioxidant brightening serum, daily broad-spectrum SPF 50+ reapplication, gentle exfoliating tonic, soothing moisturizer.",Hyperpigmentation
PAT-01439,40,Female,Oily,Hyperpigmentation,Sun spots and localized brown patches on cheeks,Medium,No,No,Forehead,Medium,Medium,Low,Medium,None,High,Minimal (Cleanser only),Vitamin C,"Antioxidant brightening serum, daily broad-spectrum SPF 50+ reapplication, gentle exfoliating tonic, soothing moisturizer.",Hyperpigmentation
PAT-01440,46,Male,Combination,Dryness,"Persistent tightness and dull, parched skin",Medium,No,None,Around Mouth,Low,High,Medium,Low,None,Low,Basic (Cleanser + Moisturizer),Hyaluronic Acid,"Hydrating cream cleanser, multi-molecular HA serum, ceramide-rich barrier cream, hydrating mineral sunscreen.",Dryness
PAT-01441,28,Female,Dry,Hyperpigmentation,Post-inflammatory dark marks across forehead,Low,No,No,Full Face,Low,Low,Medium,High,Mild,High,Elaborate (Cleanser + Toner + Serum + Moisturizer + Sunscreen),Vitamin C,"Antioxidant brightening serum, daily broad-spectrum SPF 50+ reapplication, gentle exfoliating tonic, soothing moisturizer.",Hyperpigmentation
PAT-01442,23,Male,Combination,Dryness,Ashy skin tone and lack of suppleness,High,No,Fragrance,Full Face,Low,Medium,Medium,Low,None,Medium,Basic (Cleanser + Moisturizer),Centella Asiatica,"Hydrating cream cleanser, multi-molecular HA serum, ceramide-rich barrier cream, hydrating mineral sunscreen.",Dryness
PAT-01443,16,Male,Combination,No major concern,Healthy skin barrier with minimal seasonal dryness,Low,No,No,None,Low,Low,Low,Low,None,Medium,Minimal (Cleanser only),Hyaluronic Acid,"Gentle daily cleanser, lightweight antioxidant hydrating gel, daily SPF 50 sunscreen maintenance.",No major concern
PAT-01444,40,Male,Combination,Dandruff,Greasy scalp scaling and mild scalp irritation,Medium,No,None,Scalp and Upper Forehead,Medium,Medium,High,Low,None,Medium,Elaborate (Cleanser + Toner + Serum + Moisturizer + Sunscreen),Selenium Sulfide,"Anti-dandruff clarifying shampoo 2-3x weekly, scalp soothing tonic with panthenol, avoiding scalding water showers.",Dandruff
PAT-01445,22,Female,Oily,Acne,Tender red bumps along jawline and cheeks,Medium,Yes,Fragrance,Cheeks,High,Low,Medium,Low,Moderate,Medium,Moderate (Cleanser + Moisturizer + Sunscreen),Zinc PCA,"Gentle foaming cleanser, BHA exfoliation 2-3x/week, oil-free moisturizer, broad-spectrum non-comedogenic SPF 50.",Acne
PAT-01446,32,Male,Combination,Hyperpigmentation,Dark spots and uneven skin tone from previous acne,Medium,Yes,No,Full Face,Low,Low,Low,High,None,Medium,Basic (Cleanser + Moisturizer),Alpha Arbutin,"Antioxidant brightening serum, daily broad-spectrum SPF 50+ reapplication, gentle exfoliating tonic, soothing moisturizer.",Hyperpigmentation
PAT-01447,38,Male,Combination,Hyperpigmentation,Sun spots and localized brown patches on cheeks,Low,No,No,Cheeks and Nose,High,Medium,Low,Medium,Mild,Medium,Basic (Cleanser + Moisturizer),Tranexamic Acid,"Antioxidant brightening serum, daily broad-spectrum SPF 50+ reapplication, gentle exfoliating tonic, soothing moisturizer.",Hyperpigmentation
PAT-01448,40,Female,Sensitive,Redness,Stinging sensation and reactive redness to heat,High,Yes,Yes,Cheeks,Low,Medium,Medium,Low,None,High,Elaborate (Cleanser + Toner + Serum + Moisturizer + Sunscreen),Madecassoside,"Calming micellar water, barrier-restoring cica cream, fragrance-free physical zinc sunscreen, avoiding thermal/harsh triggers.",Redness
PAT-01449,19,Female,Dry,Dandruff,Itchy scalp with visible white/yellow flakes,Low,Yes,No,Hairline,High,High,Low,Low,None,Low,Basic (Cleanser + Moisturizer),Selenium Sulfide,"Anti-dandruff clarifying shampoo 2-3x weekly, scalp soothing tonic with panthenol, avoiding scalding water showers.",Dandruff
PAT-01450,39,Male,Combination,Redness,Sensitivity to wind and skin barrier discomfort,High,Yes,Yes,T-Zone,Medium,High,High,Medium,None,Low,Basic (Cleanser + Moisturizer),Madecassoside,"Calming micellar water, barrier-restoring cica cream, fragrance-free physical zinc sunscreen, avoiding thermal/harsh triggers.",Redness
PAT-01451,44,Female,Normal,Hyperpigmentation,Post-inflammatory dark marks across forehead,Medium,No,No,Forehead,Medium,Medium,Medium,Medium,None,High,Elaborate (Cleanser + Toner + Serum + Moisturizer + Sunscreen),Kojic Acid,"Antioxidant brightening serum, daily broad-spectrum SPF 50+ reapplication, gentle exfoliating tonic, soothing moisturizer.",Hyperpigmentation
PAT-01452,27,Male,Combination,Acne,Clogged pores with recurring breakouts,High,Yes,No,Cheeks,Medium,Medium,Medium,Medium,Mild,Medium,Moderate (Cleanser + Moisturizer + Sunscreen),Tea Tree Extract,"Gentle foaming cleanser, BHA exfoliation 2-3x/week, oil-free moisturizer, broad-spectrum non-comedogenic SPF 50.",Acne
PAT-01453,21,Male,Combination,No major concern,Balanced skin with occasional minor shine,Low,Yes,No,None,Medium,Medium,Low,Low,None,High,Minimal (Cleanser only),Hyaluronic Acid,"Gentle daily cleanser, lightweight antioxidant hydrating gel, daily SPF 50 sunscreen maintenance.",No major concern
PAT-01454,32,Female,Combination,Dandruff,Greasy scalp scaling and mild scalp irritation,Medium,No,No,Scalp,High,High,Medium,Low,None,High,Elaborate (Cleanser + Toner + Serum + Moisturizer + Sunscreen),Tea Tree Oil,"Anti-dandruff clarifying shampoo 2-3x weekly, scalp soothing tonic with panthenol, avoiding scalding water showers.",Dandruff
PAT-01455,20,Female,Oily,Hyperpigmentation,Melasma-like discoloration on cheeks and upper lip,Low,No,No,Forehead,Medium,Low,Low,High,None,Low,Moderate (Cleanser + Moisturizer + Sunscreen),Vitamin C,"Antioxidant brightening serum, daily broad-spectrum SPF 50+ reapplication, gentle exfoliating tonic, soothing moisturizer.",Hyperpigmentation
PAT-01456,20,Male,Oily,Acne,Clogged pores with recurring breakouts,Medium,Yes,No,Full Face,High,Low,Medium,Low,Mild,Medium,Basic (Cleanser + Moisturizer),Niacinamide,"Gentle foaming cleanser, BHA exfoliation 2-3x/week, oil-free moisturizer, broad-spectrum non-comedogenic SPF 50.",Acne
PAT-01457,23,Male,Oily,Acne,Occasional cystic breakouts and oily shine,Low,Yes,None,Full Face,Medium,Medium,Low,High,Moderate,High,Basic (Cleanser + Moisturizer),Salicylic Acid,"Gentle foaming cleanser, BHA exfoliation 2-3x/week, oil-free moisturizer, broad-spectrum non-comedogenic SPF 50.",Acne
PAT-01458,19,Male,Combination,Acne,Tender red bumps along jawline and cheeks,High,Yes,Fragrance,Full Face,High,Low,Medium,Medium,Mild,High,Elaborate (Cleanser + Toner + Serum + Moisturizer + Sunscreen),Tea Tree Extract,"Gentle foaming cleanser, BHA exfoliation 2-3x/week, oil-free moisturizer, broad-spectrum non-comedogenic SPF 50.",Acne
PAT-01459,32,Male,Normal,No major concern,"No noticeable irritation, balanced oil and moisture",Low,No,No,T-Zone,Low,Low,Low,Low,None,Medium,Elaborate (Cleanser + Toner + Serum + Moisturizer + Sunscreen),Niacinamide,"Gentle daily cleanser, lightweight antioxidant hydrating gel, daily SPF 50 sunscreen maintenance.",No major concern
PAT-01460,29,Female,Dry,Redness,Persistent facial flushing and visible capillaries,High,Yes,Essential Oils,T-Zone,Low,Medium,High,Medium,None,Medium,Basic (Cleanser + Moisturizer),Allantoin,"Calming micellar water, barrier-restoring cica cream, fragrance-free physical zinc sunscreen, avoiding thermal/harsh triggers.",Redness
PAT-01461,40,Male,Dry,Redness,Sensitivity to wind and skin barrier discomfort,High,No,Essential Oils,Nose and Cheeks,Medium,Medium,High,Low,Mild,Medium,Minimal (Cleanser only),Centella Asiatica,"Calming micellar water, barrier-restoring cica cream, fragrance-free physical zinc sunscreen, avoiding thermal/harsh triggers.",Redness
PAT-01462,34,Female,Dry,No major concern,Balanced skin with occasional minor shine,Low,No,No,Full Face,Low,Medium,Low,Low,None,Low,Elaborate (Cleanser + Toner + Serum + Moisturizer + Sunscreen),Hyaluronic Acid,"Gentle daily cleanser, lightweight antioxidant hydrating gel, daily SPF 50 sunscreen maintenance.",No major concern
PAT-01463,19,Male,Oily,Acne,Tender red bumps along jawline and cheeks,High,Yes,None,Jawline,High,Low,Medium,Low,Moderate,High,Minimal (Cleanser only),Zinc PCA,"Gentle foaming cleanser, BHA exfoliation 2-3x/week, oil-free moisturizer, broad-spectrum non-comedogenic SPF 50.",Acne
PAT-01464,23,Female,Combination,Dandruff,"Scalp tightness, flaking, and itching after sweat",Medium,Yes,No,Scalp,Low,Low,Low,Low,None,Medium,Minimal (Cleanser only),Ketoconazole,"Anti-dandruff clarifying shampoo 2-3x weekly, scalp soothing tonic with panthenol, avoiding scalding water showers.",Dandruff
PAT-01465,47,Male,Sensitive,Redness,"Irritation, blotchiness, and sudden redness flare-ups",High,No,Alcohol,Nose and Cheeks,Medium,Medium,High,Low,None,High,Basic (Cleanser + Moisturizer),Azelaic Acid,"Calming micellar water, barrier-restoring cica cream, fragrance-free physical zinc sunscreen, avoiding thermal/harsh triggers.",Redness
PAT-01466,34,Female,Dry,Redness,Rosacea-like cheek flushing and burning feeling,Medium,No,Essential Oils,Nose and Cheeks,Medium,High,High,Low,None,High,Minimal (Cleanser only),Allantoin,"Calming micellar water, barrier-restoring cica cream, fragrance-free physical zinc sunscreen, avoiding thermal/harsh triggers.",Redness
PAT-01467,41,Male,Dry,Dryness,Scaling and irritation with seasonal change,Medium,No,No,Around Mouth,Low,High,Low,Low,None,Low,Basic (Cleanser + Moisturizer),Glycerin,"Hydrating cream cleanser, multi-molecular HA serum, ceramide-rich barrier cream, hydrating mineral sunscreen.",Dryness
PAT-01468,20,Female,Combination,Acne,Occasional cystic breakouts and oily shine,Low,Yes,No,Full Face,High,Low,Medium,High,Mild,Medium,Minimal (Cleanser only),Salicylic Acid,"Gentle foaming cleanser, BHA exfoliation 2-3x/week, oil-free moisturizer, broad-spectrum non-comedogenic SPF 50.",Acne
PAT-01469,19,Female,Oily,Dandruff,"Scalp tightness, flaking, and itching after sweat",Medium,Yes,No,Scalp,Medium,High,Medium,Low,None,Medium,Elaborate (Cleanser + Toner + Serum + Moisturizer + Sunscreen),Salicylic Acid,"Anti-dandruff clarifying shampoo 2-3x weekly, scalp soothing tonic with panthenol, avoiding scalding water showers.",Dandruff
PAT-01470,15,Male,Oily,Acne,Clogged pores with recurring breakouts,Medium,Yes,No,Jawline,Medium,Low,Medium,Low,Moderate,Low,Minimal (Cleanser only),Salicylic Acid,"Gentle foaming cleanser, BHA exfoliation 2-3x/week, oil-free moisturizer, broad-spectrum non-comedogenic SPF 50.",Acne
PAT-01471,28,Male,Combination,Acne,Tender red bumps along jawline and cheeks,Low,No,Fragrance,Forehead,High,Medium,Medium,Low,Moderate,Low,Minimal (Cleanser only),Niacinamide,"Gentle foaming cleanser, BHA exfoliation 2-3x/week, oil-free moisturizer, broad-spectrum non-comedogenic SPF 50.",Acne
PAT-01472,22,Female,Normal,Acne,Tender red bumps along jawline and cheeks,Low,Yes,No,Forehead,High,Low,Low,Medium,Moderate,High,Basic (Cleanser + Moisturizer),Zinc PCA,"Gentle foaming cleanser, BHA exfoliation 2-3x/week, oil-free moisturizer, broad-spectrum non-comedogenic SPF 50.",Acne
PAT-01473,25,Male,Dry,Hyperpigmentation,Dull complexion with patchy sun discoloration,Medium,Yes,None,Full Face,Low,Low,Medium,High,None,High,Minimal (Cleanser only),Niacinamide,"Antioxidant brightening serum, daily broad-spectrum SPF 50+ reapplication, gentle exfoliating tonic, soothing moisturizer.",Hyperpigmentation
PAT-01474,15,Female,Oily,Dandruff,Itchy scalp with visible white/yellow flakes,Medium,No,No,Scalp,High,Medium,Medium,Low,None,Low,Elaborate (Cleanser + Toner + Serum + Moisturizer + Sunscreen),Ketoconazole,"Anti-dandruff clarifying shampoo 2-3x weekly, scalp soothing tonic with panthenol, avoiding scalding water showers.",Dandruff
PAT-01475,16,Female,Normal,Dryness,Flaking and tight sensation after cleansing,High,No,No,Around Mouth,Low,High,Medium,Medium,None,Medium,Moderate (Cleanser + Moisturizer + Sunscreen),Ceramides,"Hydrating cream cleanser, multi-molecular HA serum, ceramide-rich barrier cream, hydrating mineral sunscreen.",Dryness
PAT-01476,16,Male,Combination,No major concern,"No noticeable irritation, balanced oil and moisture",Low,Yes,No,None,Low,Medium,Low,Low,None,Medium,Minimal (Cleanser only),Ceramides,"Gentle daily cleanser, lightweight antioxidant hydrating gel, daily SPF 50 sunscreen maintenance.",No major concern
PAT-01477,18,Male,Combination,Acne,Inflamed red pimples and occasional pustules,Low,Yes,No,Forehead,High,Low,Medium,Low,Mild,Low,Basic (Cleanser + Moisturizer),Salicylic Acid,"Gentle foaming cleanser, BHA exfoliation 2-3x/week, oil-free moisturizer, broad-spectrum non-comedogenic SPF 50.",Acne
PAT-01478,42,Male,Sensitive,Dryness,Ashy skin tone and lack of suppleness,High,No,No,Full Face,Medium,High,High,Medium,None,Medium,Basic (Cleanser + Moisturizer),Glycerin,"Hydrating cream cleanser, multi-molecular HA serum, ceramide-rich barrier cream, hydrating mineral sunscreen.",Dryness
PAT-01479,32,Female,Sensitive,Redness,Rosacea-like cheek flushing and burning feeling,High,No,Fragrance,Full Face,Medium,High,High,Medium,None,High,Elaborate (Cleanser + Toner + Serum + Moisturizer + Sunscreen),Centella Asiatica,"Calming micellar water, barrier-restoring cica cream, fragrance-free physical zinc sunscreen, avoiding thermal/harsh triggers.",Redness
PAT-01480,39,Female,Oily,Hyperpigmentation,Dark spots and uneven skin tone from previous acne,Low,No,No,Cheeks,Low,Low,Medium,High,None,High,Moderate (Cleanser + Moisturizer + Sunscreen),Tranexamic Acid,"Antioxidant brightening serum, daily broad-spectrum SPF 50+ reapplication, gentle exfoliating tonic, soothing moisturizer.",Hyperpigmentation
PAT-01481,37,Female,Combination,Dandruff,Persistent scalp dandruff and mild redness at hair root,High,Yes,None,Scalp and Upper Forehead,Medium,Low,Low,Low,None,High,Minimal (Cleanser only),Salicylic Acid,"Anti-dandruff clarifying shampoo 2-3x weekly, scalp soothing tonic with panthenol, avoiding scalding water showers.",Dandruff
PAT-01482,15,Female,Combination,No major concern,"No noticeable irritation, balanced oil and moisture",Low,No,No,None,Low,Low,Low,Low,None,Medium,Moderate (Cleanser + Moisturizer + Sunscreen),Niacinamide,"Gentle daily cleanser, lightweight antioxidant hydrating gel, daily SPF 50 sunscreen maintenance.",No major concern
PAT-01483,47,Female,Dry,Dryness,Ashy skin tone and lack of suppleness,Medium,No,No,Around Mouth,Low,High,Low,Medium,None,Low,Minimal (Cleanser only),Glycerin,"Hydrating cream cleanser, multi-molecular HA serum, ceramide-rich barrier cream, hydrating mineral sunscreen.",Dryness
PAT-01484,27,Male,Oily,Acne,Tender red bumps along jawline and cheeks,Medium,Yes,No,T-Zone,High,Low,High,Low,Severe,Medium,Minimal (Cleanser only),Salicylic Acid,"Gentle foaming cleanser, BHA exfoliation 2-3x/week, oil-free moisturizer, broad-spectrum non-comedogenic SPF 50.",Acne
PAT-01485,31,Female,Sensitive,Redness,Stinging sensation and reactive redness to heat,Medium,No,Fragrance,Full Face,Low,High,High,Low,None,Medium,Minimal (Cleanser only),Azelaic Acid,"Calming micellar water, barrier-restoring cica cream, fragrance-free physical zinc sunscreen, avoiding thermal/harsh triggers.",Redness
PAT-01486,15,Male,Oily,Dandruff,Greasy scalp scaling and mild scalp irritation,Medium,Yes,No,Hairline,Medium,Medium,Medium,Low,None,Low,Minimal (Cleanser only),Ketoconazole,"Anti-dandruff clarifying shampoo 2-3x weekly, scalp soothing tonic with panthenol, avoiding scalding water showers.",Dandruff
PAT-01487,32,Male,Normal,No major concern,Healthy skin barrier with minimal seasonal dryness,Low,No,No,Full Face,Medium,Low,Low,Low,None,High,Basic (Cleanser + Moisturizer),Hyaluronic Acid,"Gentle daily cleanser, lightweight antioxidant hydrating gel, daily SPF 50 sunscreen maintenance.",No major concern
PAT-01488,39,Male,Normal,Hyperpigmentation,Post-inflammatory dark marks across forehead,Medium,No,Preservatives,Cheeks and Nose,Medium,Low,Low,High,None,Medium,Basic (Cleanser + Moisturizer),Alpha Arbutin,"Antioxidant brightening serum, daily broad-spectrum SPF 50+ reapplication, gentle exfoliating tonic, soothing moisturizer.",Hyperpigmentation
PAT-01489,34,Female,Sensitive,Redness,Rosacea-like cheek flushing and burning feeling,High,No,Essential Oils,T-Zone,Medium,Low,Medium,Medium,None,High,Elaborate (Cleanser + Toner + Serum + Moisturizer + Sunscreen),Azelaic Acid,"Calming micellar water, barrier-restoring cica cream, fragrance-free physical zinc sunscreen, avoiding thermal/harsh triggers.",Redness
PAT-01490,30,Male,Oily,Acne,Clogged pores with recurring breakouts,Low,Yes,No,Cheeks,Low,Low,Low,Low,Mild,High,Minimal (Cleanser only),Niacinamide,"Gentle foaming cleanser, BHA exfoliation 2-3x/week, oil-free moisturizer, broad-spectrum non-comedogenic SPF 50.",Acne
PAT-01491,21,Male,Oily,Acne,Inflamed red pimples and occasional pustules,Medium,Yes,No,Full Face,Medium,Low,High,Medium,Severe,High,Moderate (Cleanser + Moisturizer + Sunscreen),Niacinamide,"Gentle foaming cleanser, BHA exfoliation 2-3x/week, oil-free moisturizer, broad-spectrum non-comedogenic SPF 50.",Acne
PAT-01492,20,Female,Sensitive,Dryness,Ashy skin tone and lack of suppleness,High,No,Sulfates,Around Mouth,Low,Medium,High,Low,None,Medium,Moderate (Cleanser + Moisturizer + Sunscreen),Ceramides,"Hydrating cream cleanser, multi-molecular HA serum, ceramide-rich barrier cream, hydrating mineral sunscreen.",Dryness
PAT-01493,31,Female,Combination,No major concern,"No noticeable irritation, balanced oil and moisture",Medium,Yes,No,None,Low,Low,Low,Low,None,Low,Elaborate (Cleanser + Toner + Serum + Moisturizer + Sunscreen),Peptides,"Gentle daily cleanser, lightweight antioxidant hydrating gel, daily SPF 50 sunscreen maintenance.",No major concern
PAT-01494,21,Female,Dry,Redness,Rosacea-like cheek flushing and burning feeling,High,No,Fragrance,Nose and Cheeks,Low,Medium,High,Low,None,High,Moderate (Cleanser + Moisturizer + Sunscreen),Azelaic Acid,"Calming micellar water, barrier-restoring cica cream, fragrance-free physical zinc sunscreen, avoiding thermal/harsh triggers.",Redness
PAT-01495,17,Male,Combination,Acne,Clogged pores with recurring breakouts,Low,Yes,Fragrance,Cheeks,High,Low,High,Medium,Mild,Medium,Elaborate (Cleanser + Toner + Serum + Moisturizer + Sunscreen),Salicylic Acid,"Gentle foaming cleanser, BHA exfoliation 2-3x/week, oil-free moisturizer, broad-spectrum non-comedogenic SPF 50.",Acne
PAT-01496,24,Female,Sensitive,Dryness,Flaking and tight sensation after cleansing,High,Yes,No,Full Face,Low,High,Low,Low,None,Medium,Moderate (Cleanser + Moisturizer + Sunscreen),Hyaluronic Acid,"Hydrating cream cleanser, multi-molecular HA serum, ceramide-rich barrier cream, hydrating mineral sunscreen.",Dryness
PAT-01497,44,Female,Dry,Redness,"Irritation, blotchiness, and sudden redness flare-ups",High,Yes,Essential Oils,Nose and Cheeks,High,Medium,High,Low,None,High,Basic (Cleanser + Moisturizer),Azelaic Acid,"Calming micellar water, barrier-restoring cica cream, fragrance-free physical zinc sunscreen, avoiding thermal/harsh triggers.",Redness
PAT-01498,15,Female,Normal,No major concern,Smooth texture with no persistent discomfort,Low,No,No,Full Face,Low,Low,Low,Low,None,High,Basic (Cleanser + Moisturizer),Vitamin C,"Gentle daily cleanser, lightweight antioxidant hydrating gel, daily SPF 50 sunscreen maintenance.",No major concern
PAT-01499,25,Male,Oily,Acne,Inflamed red pimples and occasional pustules,Medium,Yes,No,T-Zone,High,Low,Medium,High,Moderate,Low,Minimal (Cleanser only),Zinc PCA,"Gentle foaming cleanser, BHA exfoliation 2-3x/week, oil-free moisturizer, broad-spectrum non-comedogenic SPF 50.",Acne
PAT-01500,36,Female,Oily,Hyperpigmentation,Dull complexion with patchy sun discoloration,Medium,Yes,No,Forehead,High,Low,Medium,High,None,Low,Elaborate (Cleanser + Toner + Serum + Moisturizer + Sunscreen),Niacinamide,"Antioxidant brightening serum, daily broad-spectrum SPF 50+ reapplication, gentle exfoliating tonic, soothing moisturizer.",Hyperpigmentation
PAT-01501,36,Female,Dry,Dandruff,Dry flaking along hairline and upper forehead,Low,Yes,No,Scalp,Low,Medium,Medium,Low,None,Medium,Basic (Cleanser + Moisturizer),Ketoconazole,"Anti-dandruff clarifying shampoo 2-3x weekly, scalp soothing tonic with panthenol, avoiding scalding water showers.",Dandruff
PAT-01502,36,Male,Normal,Redness,Rosacea-like cheek flushing and burning feeling,Medium,Yes,Essential Oils,Full Face,High,Medium,Medium,Low,None,Low,Basic (Cleanser + Moisturizer),Madecassoside,"Calming micellar water, barrier-restoring cica cream, fragrance-free physical zinc sunscreen, avoiding thermal/harsh triggers.",Redness
PAT-01503,26,Female,Dry,Redness,"Irritation, blotchiness, and sudden redness flare-ups",High,No,Fragrance,Nose and Cheeks,Low,High,High,Low,None,High,Moderate (Cleanser + Moisturizer + Sunscreen),Allantoin,"Calming micellar water, barrier-restoring cica cream, fragrance-free physical zinc sunscreen, avoiding thermal/harsh triggers.",Redness
PAT-01504,37,Male,Sensitive,Redness,Persistent facial flushing and visible capillaries,High,No,Yes,T-Zone,Low,Medium,High,Low,Mild,Medium,Elaborate (Cleanser + Toner + Serum + Moisturizer + Sunscreen),Allantoin,"Calming micellar water, barrier-restoring cica cream, fragrance-free physical zinc sunscreen, avoiding thermal/harsh triggers.",Redness
PAT-01505,15,Male,Combination,Acne,Tender red bumps along jawline and cheeks,High,Yes,Fragrance,Forehead,Medium,High,High,Low,Moderate,High,Basic (Cleanser + Moisturizer),Salicylic Acid,"Gentle foaming cleanser, BHA exfoliation 2-3x/week, oil-free moisturizer, broad-spectrum non-comedogenic SPF 50.",Acne
PAT-01506,24,Male,Combination,Dryness,Ashy skin tone and lack of suppleness,Low,No,None,Around Mouth,Low,High,Low,Low,None,Low,Moderate (Cleanser + Moisturizer + Sunscreen),Hyaluronic Acid,"Hydrating cream cleanser, multi-molecular HA serum, ceramide-rich barrier cream, hydrating mineral sunscreen.",Dryness
PAT-01507,40,Female,Oily,Hyperpigmentation,Dull complexion with patchy sun discoloration,High,Yes,No,Forehead,Low,Low,Low,High,None,Low,Elaborate (Cleanser + Toner + Serum + Moisturizer + Sunscreen),Vitamin C,"Antioxidant brightening serum, daily broad-spectrum SPF 50+ reapplication, gentle exfoliating tonic, soothing moisturizer.",Hyperpigmentation
PAT-01508,30,Female,Normal,No major concern,Balanced skin with occasional minor shine,Low,No,No,None,Low,Low,Low,Low,None,Low,Elaborate (Cleanser + Toner + Serum + Moisturizer + Sunscreen),Hyaluronic Acid,"Gentle daily cleanser, lightweight antioxidant hydrating gel, daily SPF 50 sunscreen maintenance.",No major concern
PAT-01509,20,Male,Oily,Dandruff,Greasy scalp scaling and mild scalp irritation,Low,Yes,No,Scalp and Upper Forehead,High,Medium,Low,Low,None,High,Minimal (Cleanser only),Salicylic Acid,"Anti-dandruff clarifying shampoo 2-3x weekly, scalp soothing tonic with panthenol, avoiding scalding water showers.",Dandruff
PAT-01510,24,Female,Sensitive,Redness,Persistent facial flushing and visible capillaries,High,Yes,Alcohol,T-Zone,Medium,High,High,Low,None,Medium,Basic (Cleanser + Moisturizer),Allantoin,"Calming micellar water, barrier-restoring cica cream, fragrance-free physical zinc sunscreen, avoiding thermal/harsh triggers.",Redness
PAT-01511,26,Female,Oily,Dandruff,Dry flaking along hairline and upper forehead,Medium,Yes,None,Scalp,Medium,Medium,High,Low,None,High,Moderate (Cleanser + Moisturizer + Sunscreen),Ketoconazole,"Anti-dandruff clarifying shampoo 2-3x weekly, scalp soothing tonic with panthenol, avoiding scalding water showers.",Dandruff
PAT-01512,47,Male,Normal,Hyperpigmentation,Dull complexion with patchy sun discoloration,Medium,No,No,Forehead,High,Medium,Medium,Medium,Mild,High,Basic (Cleanser + Moisturizer),Tranexamic Acid,"Antioxidant brightening serum, daily broad-spectrum SPF 50+ reapplication, gentle exfoliating tonic, soothing moisturizer.",Hyperpigmentation
PAT-01513,19,Female,Sensitive,Dryness,Rough texture and visible fine dry patches,Low,No,No,Cheeks,Low,High,High,Low,None,Low,Minimal (Cleanser only),Ceramides,"Hydrating cream cleanser, multi-molecular HA serum, ceramide-rich barrier cream, hydrating mineral sunscreen.",Dryness
PAT-01514,20,Female,Oily,Acne,Whiteheads and blackheads on T-zone,Low,Yes,No,Full Face,Low,Low,Medium,High,Moderate,High,Elaborate (Cleanser + Toner + Serum + Moisturizer + Sunscreen),Zinc PCA,"Gentle foaming cleanser, BHA exfoliation 2-3x/week, oil-free moisturizer, broad-spectrum non-comedogenic SPF 50.",Acne
PAT-01515,29,Male,Dry,Dandruff,"Scalp tightness, flaking, and itching after sweat",Low,No,None,Hairline,High,Low,Low,Low,None,Medium,Minimal (Cleanser only),Selenium Sulfide,"Anti-dandruff clarifying shampoo 2-3x weekly, scalp soothing tonic with panthenol, avoiding scalding water showers.",Dandruff
PAT-01516,27,Female,Sensitive,Acne,Clogged pores with recurring breakouts,High,No,Lanolin,Jawline,High,Medium,High,Medium,Severe,High,Moderate (Cleanser + Moisturizer + Sunscreen),Azelaic Acid,"Gentle foaming cleanser, BHA exfoliation 2-3x/week, oil-free moisturizer, broad-spectrum non-comedogenic SPF 50.",Acne
PAT-01517,22,Male,Oily,Acne,Clogged pores with recurring breakouts,High,Yes,Preservatives,Jawline,High,Low,Medium,Medium,Mild,Medium,Minimal (Cleanser only),Zinc PCA,"Gentle foaming cleanser, BHA exfoliation 2-3x/week, oil-free moisturizer, broad-spectrum non-comedogenic SPF 50.",Acne
PAT-01518,17,Male,Oily,Acne,Tender red bumps along jawline and cheeks,High,Yes,No,Jawline,High,Low,High,Low,Severe,Low,Elaborate (Cleanser + Toner + Serum + Moisturizer + Sunscreen),Salicylic Acid,"Gentle foaming cleanser, BHA exfoliation 2-3x/week, oil-free moisturizer, broad-spectrum non-comedogenic SPF 50.",Acne
PAT-01519,23,Female,Normal,No major concern,Smooth texture with no persistent discomfort,Low,No,No,None,Medium,Medium,Low,Low,None,Low,Elaborate (Cleanser + Toner + Serum + Moisturizer + Sunscreen),Vitamin C,"Gentle daily cleanser, lightweight antioxidant hydrating gel, daily SPF 50 sunscreen maintenance.",No major concern
PAT-01520,26,Female,Normal,No major concern,Smooth texture with no persistent discomfort,Low,No,No,None,Low,Low,Low,Low,None,Medium,Minimal (Cleanser only),Vitamin C,"Gentle daily cleanser, lightweight antioxidant hydrating gel, daily SPF 50 sunscreen maintenance.",No major concern
PAT-01521,33,Male,Oily,Hyperpigmentation,Sun spots and localized brown patches on cheeks,Medium,No,No,Full Face,Medium,Low,Medium,Medium,None,High,Elaborate (Cleanser + Toner + Serum + Moisturizer + Sunscreen),Alpha Arbutin,"Antioxidant brightening serum, daily broad-spectrum SPF 50+ reapplication, gentle exfoliating tonic, soothing moisturizer.",Hyperpigmentation
PAT-01522,23,Female,Sensitive,Hyperpigmentation,Dark spots and uneven skin tone from previous acne,Medium,No,No,Cheeks and Nose,Medium,Medium,Low,Medium,None,High,Minimal (Cleanser only),Niacinamide,"Antioxidant brightening serum, daily broad-spectrum SPF 50+ reapplication, gentle exfoliating tonic, soothing moisturizer.",Hyperpigmentation
PAT-01523,19,Male,Combination,Acne,Tender red bumps along jawline and cheeks,Medium,Yes,No,Forehead,High,Medium,Medium,Medium,Mild,High,Elaborate (Cleanser + Toner + Serum + Moisturizer + Sunscreen),Zinc PCA,"Gentle foaming cleanser, BHA exfoliation 2-3x/week, oil-free moisturizer, broad-spectrum non-comedogenic SPF 50.",Acne
PAT-01524,16,Male,Normal,No major concern,"No noticeable irritation, balanced oil and moisture",Low,No,No,T-Zone,Low,Medium,Low,Low,None,Medium,Basic (Cleanser + Moisturizer),Ceramides,"Gentle daily cleanser, lightweight antioxidant hydrating gel, daily SPF 50 sunscreen maintenance.",No major concern
PAT-01525,26,Male,Combination,Acne,Inflamed red pimples and occasional pustules,High,Yes,Essential Oils,Jawline,Medium,Low,Low,Medium,Moderate,Medium,Moderate (Cleanser + Moisturizer + Sunscreen),Tea Tree Extract,"Gentle foaming cleanser, BHA exfoliation 2-3x/week, oil-free moisturizer, broad-spectrum non-comedogenic SPF 50.",Acne
PAT-01526,50,Female,Sensitive,Redness,Persistent facial flushing and visible capillaries,High,No,Essential Oils,Full Face,Low,Medium,High,Low,None,High,Moderate (Cleanser + Moisturizer + Sunscreen),Centella Asiatica,"Calming micellar water, barrier-restoring cica cream, fragrance-free physical zinc sunscreen, avoiding thermal/harsh triggers.",Redness
PAT-01527,21,Female,Combination,Redness,Sensitivity to wind and skin barrier discomfort,High,Yes,Fragrance,T-Zone,Low,Low,Medium,Low,None,High,Basic (Cleanser + Moisturizer),Allantoin,"Calming micellar water, barrier-restoring cica cream, fragrance-free physical zinc sunscreen, avoiding thermal/harsh triggers.",Redness
PAT-01528,42,Male,Normal,No major concern,Balanced skin with occasional minor shine,Low,No,No,Full Face,Low,Medium,Low,Low,None,Medium,Moderate (Cleanser + Moisturizer + Sunscreen),Peptides,"Gentle daily cleanser, lightweight antioxidant hydrating gel, daily SPF 50 sunscreen maintenance.",No major concern
PAT-01529,19,Female,Oily,Acne,Tender red bumps along jawline and cheeks,High,Yes,No,T-Zone,High,Low,High,Medium,Moderate,High,Moderate (Cleanser + Moisturizer + Sunscreen),Salicylic Acid,"Gentle foaming cleanser, BHA exfoliation 2-3x/week, oil-free moisturizer, broad-spectrum non-comedogenic SPF 50.",Acne
PAT-01530,18,Female,Combination,Acne,Inflamed red pimples and occasional pustules,Medium,Yes,No,Jawline,High,Low,Medium,Low,Mild,Medium,Basic (Cleanser + Moisturizer),Salicylic Acid,"Gentle foaming cleanser, BHA exfoliation 2-3x/week, oil-free moisturizer, broad-spectrum non-comedogenic SPF 50.",Acne
PAT-01531,35,Male,Normal,No major concern,Balanced skin with occasional minor shine,Low,No,No,T-Zone,Low,Low,Low,Low,None,High,Elaborate (Cleanser + Toner + Serum + Moisturizer + Sunscreen),Vitamin C,"Gentle daily cleanser, lightweight antioxidant hydrating gel, daily SPF 50 sunscreen maintenance.",No major concern
PAT-01532,30,Male,Normal,No major concern,"No noticeable irritation, balanced oil and moisture",Low,No,No,None,Low,Medium,Low,Low,None,Low,Moderate (Cleanser + Moisturizer + Sunscreen),Vitamin C,"Gentle daily cleanser, lightweight antioxidant hydrating gel, daily SPF 50 sunscreen maintenance.",No major concern
PAT-01533,38,Female,Dry,Dryness,Ashy skin tone and lack of suppleness,Medium,No,No,Forehead,Low,High,Low,Low,None,High,Moderate (Cleanser + Moisturizer + Sunscreen),Centella Asiatica,"Hydrating cream cleanser, multi-molecular HA serum, ceramide-rich barrier cream, hydrating mineral sunscreen.",Dryness
PAT-01534,20,Female,Sensitive,Hyperpigmentation,Dark spots and uneven skin tone from previous acne,Medium,Yes,No,Full Face,Low,Medium,Medium,Medium,None,High,Minimal (Cleanser only),Vitamin C,"Antioxidant brightening serum, daily broad-spectrum SPF 50+ reapplication, gentle exfoliating tonic, soothing moisturizer.",Hyperpigmentation
PAT-01535,21,Female,Oily,Acne,Inflamed red pimples and occasional pustules,Low,Yes,No,Full Face,High,Low,High,High,Mild,Medium,Minimal (Cleanser only),Tea Tree Extract,"Gentle foaming cleanser, BHA exfoliation 2-3x/week, oil-free moisturizer, broad-spectrum non-comedogenic SPF 50.",Acne
PAT-01536,21,Male,Normal,Hyperpigmentation,Post-inflammatory dark marks across forehead,Low,No,None,Cheeks and Nose,High,Low,Medium,Medium,Mild,High,Basic (Cleanser + Moisturizer),Niacinamide,"Antioxidant brightening serum, daily broad-spectrum SPF 50+ reapplication, gentle exfoliating tonic, soothing moisturizer.",Hyperpigmentation
PAT-01537,24,Female,Oily,Acne,Inflamed red pimples and occasional pustules,Medium,Yes,No,T-Zone,Medium,Medium,Medium,Medium,Mild,High,Moderate (Cleanser + Moisturizer + Sunscreen),Salicylic Acid,"Gentle foaming cleanser, BHA exfoliation 2-3x/week, oil-free moisturizer, broad-spectrum non-comedogenic SPF 50.",Acne
PAT-01538,20,Female,Dry,Dryness,Scaling and irritation with seasonal change,Low,No,No,Around Mouth,Low,High,Low,Low,None,Medium,Minimal (Cleanser only),Hyaluronic Acid,"Hydrating cream cleanser, multi-molecular HA serum, ceramide-rich barrier cream, hydrating mineral sunscreen.",Dryness
PAT-01539,28,Female,Oily,Acne,Clogged pores with recurring breakouts,Low,Yes,None,Full Face,Medium,Low,Low,Medium,Severe,Medium,Minimal (Cleanser only),Salicylic Acid,"Gentle foaming cleanser, BHA exfoliation 2-3x/week, oil-free moisturizer, broad-spectrum non-comedogenic SPF 50.",Acne
PAT-01540,34,Male,Sensitive,Redness,Stinging sensation and reactive redness to heat,High,No,Alcohol,Cheeks,Low,Medium,Medium,Medium,Mild,High,Basic (Cleanser + Moisturizer),Allantoin,"Calming micellar water, barrier-restoring cica cream, fragrance-free physical zinc sunscreen, avoiding thermal/harsh triggers.",Redness
PAT-01541,31,Female,Combination,Hyperpigmentation,Post-inflammatory dark marks across forehead,High,Yes,None,Full Face,High,Medium,Low,High,Mild,High,Moderate (Cleanser + Moisturizer + Sunscreen),Vitamin C,"Antioxidant brightening serum, daily broad-spectrum SPF 50+ reapplication, gentle exfoliating tonic, soothing moisturizer.",Hyperpigmentation
PAT-01542,21,Male,Oily,Acne,Occasional cystic breakouts and oily shine,Low,Yes,No,Full Face,High,Low,High,Medium,Mild,Medium,Moderate (Cleanser + Moisturizer + Sunscreen),Salicylic Acid,"Gentle foaming cleanser, BHA exfoliation 2-3x/week, oil-free moisturizer, broad-spectrum non-comedogenic SPF 50.",Acne
PAT-01543,31,Male,Oily,Dandruff,Itchy scalp with visible white/yellow flakes,Medium,No,No,Scalp,High,Medium,Medium,Low,None,Low,Moderate (Cleanser + Moisturizer + Sunscreen),Tea Tree Oil,"Anti-dandruff clarifying shampoo 2-3x weekly, scalp soothing tonic with panthenol, avoiding scalding water showers.",Dandruff
PAT-01544,41,Female,Combination,Dryness,Scaling and irritation with seasonal change,Low,Yes,Fragrance,Forehead,Low,High,Low,Low,None,Medium,Moderate (Cleanser + Moisturizer + Sunscreen),Centella Asiatica,"Hydrating cream cleanser, multi-molecular HA serum, ceramide-rich barrier cream, hydrating mineral sunscreen.",Dryness
PAT-01545,43,Male,Sensitive,Hyperpigmentation,Dark spots and uneven skin tone from previous acne,Low,Yes,No,Forehead,Medium,Low,Low,Medium,None,High,Basic (Cleanser + Moisturizer),Niacinamide,"Antioxidant brightening serum, daily broad-spectrum SPF 50+ reapplication, gentle exfoliating tonic, soothing moisturizer.",Hyperpigmentation
PAT-01546,17,Male,Dry,No major concern,Smooth texture with no persistent discomfort,Low,Yes,No,None,Medium,Low,Low,Low,None,Low,Minimal (Cleanser only),Niacinamide,"Gentle daily cleanser, lightweight antioxidant hydrating gel, daily SPF 50 sunscreen maintenance.",No major concern
PAT-01547,21,Female,Combination,Acne,Tender red bumps along jawline and cheeks,Low,Yes,None,T-Zone,Medium,High,Medium,Low,Moderate,High,Minimal (Cleanser only),Salicylic Acid,"Gentle foaming cleanser, BHA exfoliation 2-3x/week, oil-free moisturizer, broad-spectrum non-comedogenic SPF 50.",Acne
PAT-01548,41,Male,Sensitive,Redness,Persistent facial flushing and visible capillaries,High,No,Alcohol,T-Zone,Medium,Medium,High,Low,Mild,Low,Moderate (Cleanser + Moisturizer + Sunscreen),Allantoin,"Calming micellar water, barrier-restoring cica cream, fragrance-free physical zinc sunscreen, avoiding thermal/harsh triggers.",Redness
PAT-01549,34,Female,Normal,Acne,Inflamed red pimples and occasional pustules,High,No,No,Jawline,Low,Low,High,Medium,Mild,High,Moderate (Cleanser + Moisturizer + Sunscreen),Salicylic Acid,"Gentle foaming cleanser, BHA exfoliation 2-3x/week, oil-free moisturizer, broad-spectrum non-comedogenic SPF 50.",Acne
PAT-01550,45,Male,Combination,Dryness,"Persistent tightness and dull, parched skin",Medium,No,No,Cheeks,Low,Medium,Low,Low,None,High,Minimal (Cleanser only),Squalane,"Hydrating cream cleanser, multi-molecular HA serum, ceramide-rich barrier cream, hydrating mineral sunscreen.",Dryness
PAT-01551,26,Male,Combination,Acne,Inflamed red pimples and occasional pustules,Medium,No,No,Cheeks,High,Low,Medium,High,Moderate,Medium,Basic (Cleanser + Moisturizer),Niacinamide,"Gentle foaming cleanser, BHA exfoliation 2-3x/week, oil-free moisturizer, broad-spectrum non-comedogenic SPF 50.",Acne
PAT-01552,52,Female,Normal,Dryness,Rough texture and visible fine dry patches,High,No,Fragrance,Full Face,Low,High,Low,Medium,None,Medium,Basic (Cleanser + Moisturizer),Glycerin,"Hydrating cream cleanser, multi-molecular HA serum, ceramide-rich barrier cream, hydrating mineral sunscreen.",Dryness
PAT-01553,33,Male,Dry,No major concern,Healthy skin barrier with minimal seasonal dryness,Low,No,No,None,Low,Medium,Low,Low,None,Medium,Minimal (Cleanser only),Vitamin C,"Gentle daily cleanser, lightweight antioxidant hydrating gel, daily SPF 50 sunscreen maintenance.",No major concern
PAT-01554,33,Male,Normal,No major concern,Balanced skin with occasional minor shine,Low,No,No,T-Zone,Low,Medium,Low,Low,None,Medium,Elaborate (Cleanser + Toner + Serum + Moisturizer + Sunscreen),Peptides,"Gentle daily cleanser, lightweight antioxidant hydrating gel, daily SPF 50 sunscreen maintenance.",No major concern
PAT-01555,27,Male,Oily,Hyperpigmentation,Sun spots and localized brown patches on cheeks,High,Yes,Preservatives,Cheeks,Low,Medium,Low,Medium,None,High,Minimal (Cleanser only),Vitamin C,"Antioxidant brightening serum, daily broad-spectrum SPF 50+ reapplication, gentle exfoliating tonic, soothing moisturizer.",Hyperpigmentation
PAT-01556,17,Male,Normal,No major concern,Healthy skin barrier with minimal seasonal dryness,Low,No,No,Full Face,Low,Medium,Low,Low,None,Medium,Moderate (Cleanser + Moisturizer + Sunscreen),Ceramides,"Gentle daily cleanser, lightweight antioxidant hydrating gel, daily SPF 50 sunscreen maintenance.",No major concern
PAT-01557,32,Male,Sensitive,Redness,Persistent facial flushing and visible capillaries,High,No,Yes,Full Face,Medium,High,High,Low,None,Medium,Minimal (Cleanser only),Azelaic Acid,"Calming micellar water, barrier-restoring cica cream, fragrance-free physical zinc sunscreen, avoiding thermal/harsh triggers.",Redness
PAT-01558,37,Male,Normal,Redness,Persistent facial flushing and visible capillaries,High,No,Fragrance,Nose and Cheeks,Low,High,Medium,Medium,Mild,Medium,Basic (Cleanser + Moisturizer),Centella Asiatica,"Calming micellar water, barrier-restoring cica cream, fragrance-free physical zinc sunscreen, avoiding thermal/harsh triggers.",Redness
PAT-01559,25,Male,Combination,Acne,Clogged pores with recurring breakouts,Medium,Yes,None,T-Zone,High,Medium,Medium,Low,Moderate,Medium,Minimal (Cleanser only),Zinc PCA,"Gentle foaming cleanser, BHA exfoliation 2-3x/week, oil-free moisturizer, broad-spectrum non-comedogenic SPF 50.",Acne
PAT-01560,39,Male,Sensitive,Redness,Rosacea-like cheek flushing and burning feeling,High,No,Fragrance,Full Face,Medium,High,High,Medium,None,Low,Moderate (Cleanser + Moisturizer + Sunscreen),Panthenol,"Calming micellar water, barrier-restoring cica cream, fragrance-free physical zinc sunscreen, avoiding thermal/harsh triggers.",Redness
PAT-01561,18,Male,Oily,Hyperpigmentation,Dull complexion with patchy sun discoloration,High,No,No,Forehead,High,Medium,Low,Medium,Mild,High,Minimal (Cleanser only),Alpha Arbutin,"Antioxidant brightening serum, daily broad-spectrum SPF 50+ reapplication, gentle exfoliating tonic, soothing moisturizer.",Hyperpigmentation
PAT-01562,34,Male,Sensitive,Redness,Sensitivity to wind and skin barrier discomfort,High,Yes,Yes,Cheeks,Low,Medium,High,Low,None,High,Basic (Cleanser + Moisturizer),Centella Asiatica,"Calming micellar water, barrier-restoring cica cream, fragrance-free physical zinc sunscreen, avoiding thermal/harsh triggers.",Redness
PAT-01563,39,Male,Oily,Hyperpigmentation,Post-inflammatory dark marks across forehead,Low,No,No,Forehead,High,Medium,Low,Medium,None,High,Minimal (Cleanser only),Alpha Arbutin,"Antioxidant brightening serum, daily broad-spectrum SPF 50+ reapplication, gentle exfoliating tonic, soothing moisturizer.",Hyperpigmentation
PAT-01564,15,Male,Oily,Acne,Inflamed red pimples and occasional pustules,Medium,Yes,None,Full Face,High,Low,Medium,Medium,Moderate,Medium,Elaborate (Cleanser + Toner + Serum + Moisturizer + Sunscreen),Salicylic Acid,"Gentle foaming cleanser, BHA exfoliation 2-3x/week, oil-free moisturizer, broad-spectrum non-comedogenic SPF 50.",Acne
PAT-01565,32,Female,Sensitive,Redness,Sensitivity to wind and skin barrier discomfort,High,No,Fragrance,Nose and Cheeks,Low,Low,High,Low,None,Medium,Elaborate (Cleanser + Toner + Serum + Moisturizer + Sunscreen),Allantoin,"Calming micellar water, barrier-restoring cica cream, fragrance-free physical zinc sunscreen, avoiding thermal/harsh triggers.",Redness
PAT-01566,44,Male,Oily,Hyperpigmentation,Sun spots and localized brown patches on cheeks,Medium,Yes,No,Full Face,Medium,Low,Low,High,Mild,Medium,Elaborate (Cleanser + Toner + Serum + Moisturizer + Sunscreen),Niacinamide,"Antioxidant brightening serum, daily broad-spectrum SPF 50+ reapplication, gentle exfoliating tonic, soothing moisturizer.",Hyperpigmentation
PAT-01567,35,Female,Normal,No major concern,Smooth texture with no persistent discomfort,Low,No,No,None,Medium,Low,Low,Low,None,Low,Basic (Cleanser + Moisturizer),Niacinamide,"Gentle daily cleanser, lightweight antioxidant hydrating gel, daily SPF 50 sunscreen maintenance.",No major concern
PAT-01568,21,Female,Oily,Acne,Whiteheads and blackheads on T-zone,Low,Yes,Essential Oils,Forehead,High,Low,High,High,Mild,Medium,Minimal (Cleanser only),Azelaic Acid,"Gentle foaming cleanser, BHA exfoliation 2-3x/week, oil-free moisturizer, broad-spectrum non-comedogenic SPF 50.",Acne
PAT-01569,15,Female,Sensitive,Acne,Tender red bumps along jawline and cheeks,High,Yes,Essential Oils,Forehead,High,Low,Low,High,Mild,High,Moderate (Cleanser + Moisturizer + Sunscreen),Salicylic Acid,"Gentle foaming cleanser, BHA exfoliation 2-3x/week, oil-free moisturizer, broad-spectrum non-comedogenic SPF 50.",Acne
PAT-01570,34,Male,Normal,Hyperpigmentation,Dark spots and uneven skin tone from previous acne,Low,Yes,No,Full Face,Low,Medium,Medium,High,None,High,Elaborate (Cleanser + Toner + Serum + Moisturizer + Sunscreen),Kojic Acid,"Antioxidant brightening serum, daily broad-spectrum SPF 50+ reapplication, gentle exfoliating tonic, soothing moisturizer.",Hyperpigmentation
PAT-01571,45,Male,Dry,Hyperpigmentation,Melasma-like discoloration on cheeks and upper lip,Low,Yes,No,Full Face,Low,Medium,Low,High,Mild,Medium,Elaborate (Cleanser + Toner + Serum + Moisturizer + Sunscreen),Niacinamide,"Antioxidant brightening serum, daily broad-spectrum SPF 50+ reapplication, gentle exfoliating tonic, soothing moisturizer.",Hyperpigmentation
PAT-01572,51,Female,Combination,Dryness,Scaling and irritation with seasonal change,High,No,No,Full Face,Low,Medium,Low,Low,None,Medium,Elaborate (Cleanser + Toner + Serum + Moisturizer + Sunscreen),Glycerin,"Hydrating cream cleanser, multi-molecular HA serum, ceramide-rich barrier cream, hydrating mineral sunscreen.",Dryness
PAT-01573,26,Female,Dry,Dryness,Scaling and irritation with seasonal change,Low,No,No,Full Face,Low,Medium,Medium,Low,None,Low,Minimal (Cleanser only),Squalane,"Hydrating cream cleanser, multi-molecular HA serum, ceramide-rich barrier cream, hydrating mineral sunscreen.",Dryness
PAT-01574,35,Female,Sensitive,Hyperpigmentation,Post-inflammatory dark marks across forehead,Medium,No,No,Forehead,High,Low,Low,High,None,High,Minimal (Cleanser only),Vitamin C,"Antioxidant brightening serum, daily broad-spectrum SPF 50+ reapplication, gentle exfoliating tonic, soothing moisturizer.",Hyperpigmentation
PAT-01575,42,Female,Normal,No major concern,Balanced skin with occasional minor shine,Low,No,None,T-Zone,Medium,Low,Low,Low,None,Medium,Elaborate (Cleanser + Toner + Serum + Moisturizer + Sunscreen),Hyaluronic Acid,"Gentle daily cleanser, lightweight antioxidant hydrating gel, daily SPF 50 sunscreen maintenance.",No major concern
PAT-01576,25,Male,Combination,Hyperpigmentation,Dark spots and uneven skin tone from previous acne,Low,Yes,No,Forehead,High,Medium,Low,High,Mild,Medium,Elaborate (Cleanser + Toner + Serum + Moisturizer + Sunscreen),Kojic Acid,"Antioxidant brightening serum, daily broad-spectrum SPF 50+ reapplication, gentle exfoliating tonic, soothing moisturizer.",Hyperpigmentation
PAT-01577,42,Female,Combination,Hyperpigmentation,Dull complexion with patchy sun discoloration,Low,Yes,No,Cheeks,High,Medium,Low,High,None,High,Basic (Cleanser + Moisturizer),Vitamin C,"Antioxidant brightening serum, daily broad-spectrum SPF 50+ reapplication, gentle exfoliating tonic, soothing moisturizer.",Hyperpigmentation
PAT-01578,42,Male,Normal,Hyperpigmentation,Post-inflammatory dark marks across forehead,High,Yes,Essential Oils,Forehead,Medium,Medium,Low,High,None,High,Elaborate (Cleanser + Toner + Serum + Moisturizer + Sunscreen),Alpha Arbutin,"Antioxidant brightening serum, daily broad-spectrum SPF 50+ reapplication, gentle exfoliating tonic, soothing moisturizer.",Hyperpigmentation
PAT-01579,36,Male,Sensitive,Redness,Stinging sensation and reactive redness to heat,High,Yes,Yes,T-Zone,Medium,Medium,Medium,Low,None,Medium,Elaborate (Cleanser + Toner + Serum + Moisturizer + Sunscreen),Allantoin,"Calming micellar water, barrier-restoring cica cream, fragrance-free physical zinc sunscreen, avoiding thermal/harsh triggers.",Redness
PAT-01580,19,Female,Dry,Redness,Sensitivity to wind and skin barrier discomfort,High,No,None,Full Face,Medium,Medium,High,Low,None,Medium,Elaborate (Cleanser + Toner + Serum + Moisturizer + Sunscreen),Centella Asiatica,"Calming micellar water, barrier-restoring cica cream, fragrance-free physical zinc sunscreen, avoiding thermal/harsh triggers.",Redness
PAT-01581,23,Female,Oily,Acne,Tender red bumps along jawline and cheeks,Medium,No,No,Full Face,Medium,Low,Medium,Low,Moderate,High,Elaborate (Cleanser + Toner + Serum + Moisturizer + Sunscreen),Salicylic Acid,"Gentle foaming cleanser, BHA exfoliation 2-3x/week, oil-free moisturizer, broad-spectrum non-comedogenic SPF 50.",Acne
PAT-01582,43,Female,Normal,Hyperpigmentation,Dull complexion with patchy sun discoloration,Medium,No,None,Full Face,High,Medium,Low,High,None,Medium,Basic (Cleanser + Moisturizer),Niacinamide,"Antioxidant brightening serum, daily broad-spectrum SPF 50+ reapplication, gentle exfoliating tonic, soothing moisturizer.",Hyperpigmentation
PAT-01583,33,Female,Dry,Hyperpigmentation,Melasma-like discoloration on cheeks and upper lip,High,No,Preservatives,Cheeks and Nose,High,Low,Low,High,None,High,Basic (Cleanser + Moisturizer),Kojic Acid,"Antioxidant brightening serum, daily broad-spectrum SPF 50+ reapplication, gentle exfoliating tonic, soothing moisturizer.",Hyperpigmentation
PAT-01584,26,Male,Oily,Dandruff,Itchy scalp with visible white/yellow flakes,Low,Yes,No,Scalp,High,High,Low,Low,None,High,Minimal (Cleanser only),Ketoconazole,"Anti-dandruff clarifying shampoo 2-3x weekly, scalp soothing tonic with panthenol, avoiding scalding water showers.",Dandruff
PAT-01585,30,Male,Oily,Acne,Tender red bumps along jawline and cheeks,Medium,Yes,No,T-Zone,High,Low,Medium,Low,Moderate,Low,Basic (Cleanser + Moisturizer),Niacinamide,"Gentle foaming cleanser, BHA exfoliation 2-3x/week, oil-free moisturizer, broad-spectrum non-comedogenic SPF 50.",Acne
PAT-01586,30,Female,Dry,Dryness,Ashy skin tone and lack of suppleness,Medium,No,No,Around Mouth,Low,High,Low,Low,None,Low,Basic (Cleanser + Moisturizer),Hyaluronic Acid,"Hydrating cream cleanser, multi-molecular HA serum, ceramide-rich barrier cream, hydrating mineral sunscreen.",Dryness
PAT-01587,15,Female,Combination,Dandruff,Persistent scalp dandruff and mild redness at hair root,Medium,No,Sulfates,Scalp and Upper Forehead,High,Medium,Medium,Low,None,Low,Minimal (Cleanser only),Ketoconazole,"Anti-dandruff clarifying shampoo 2-3x weekly, scalp soothing tonic with panthenol, avoiding scalding water showers.",Dandruff
PAT-01588,37,Male,Oily,Hyperpigmentation,Dull complexion with patchy sun discoloration,Medium,Yes,No,Cheeks and Nose,High,Medium,Medium,High,None,High,Elaborate (Cleanser + Toner + Serum + Moisturizer + Sunscreen),Alpha Arbutin,"Antioxidant brightening serum, daily broad-spectrum SPF 50+ reapplication, gentle exfoliating tonic, soothing moisturizer.",Hyperpigmentation
PAT-01589,37,Male,Dry,Hyperpigmentation,Post-inflammatory dark marks across forehead,Medium,No,No,Cheeks and Nose,Low,Low,Low,High,Mild,High,Elaborate (Cleanser + Toner + Serum + Moisturizer + Sunscreen),Vitamin C,"Antioxidant brightening serum, daily broad-spectrum SPF 50+ reapplication, gentle exfoliating tonic, soothing moisturizer.",Hyperpigmentation
PAT-01590,40,Female,Normal,Hyperpigmentation,Dull complexion with patchy sun discoloration,Low,No,Preservatives,Full Face,Low,Low,Low,High,None,High,Minimal (Cleanser only),Niacinamide,"Antioxidant brightening serum, daily broad-spectrum SPF 50+ reapplication, gentle exfoliating tonic, soothing moisturizer.",Hyperpigmentation
PAT-01591,40,Male,Dry,Dryness,Flaking and tight sensation after cleansing,High,No,No,Forehead,Low,High,Low,Low,None,Medium,Elaborate (Cleanser + Toner + Serum + Moisturizer + Sunscreen),Ceramides,"Hydrating cream cleanser, multi-molecular HA serum, ceramide-rich barrier cream, hydrating mineral sunscreen.",Dryness
PAT-01592,60,Female,Dry,Dryness,Scaling and irritation with seasonal change,Low,No,No,Forehead,Low,High,Low,Low,None,High,Elaborate (Cleanser + Toner + Serum + Moisturizer + Sunscreen),Glycerin,"Hydrating cream cleanser, multi-molecular HA serum, ceramide-rich barrier cream, hydrating mineral sunscreen.",Dryness
PAT-01593,21,Male,Sensitive,Acne,Whiteheads and blackheads on T-zone,Low,Yes,No,Cheeks,High,Medium,High,Low,Moderate,High,Moderate (Cleanser + Moisturizer + Sunscreen),Salicylic Acid,"Gentle foaming cleanser, BHA exfoliation 2-3x/week, oil-free moisturizer, broad-spectrum non-comedogenic SPF 50.",Acne
PAT-01594,37,Male,Oily,No major concern,Healthy skin barrier with minimal seasonal dryness,Low,No,No,T-Zone,Medium,Medium,Low,Low,None,Low,Basic (Cleanser + Moisturizer),Peptides,"Gentle daily cleanser, lightweight antioxidant hydrating gel, daily SPF 50 sunscreen maintenance.",No major concern
PAT-01595,40,Female,Oily,Hyperpigmentation,Melasma-like discoloration on cheeks and upper lip,Medium,No,No,Cheeks and Nose,Medium,Medium,Medium,Medium,None,High,Minimal (Cleanser only),Kojic Acid,"Antioxidant brightening serum, daily broad-spectrum SPF 50+ reapplication, gentle exfoliating tonic, soothing moisturizer.",Hyperpigmentation
PAT-01596,36,Female,Dry,Dryness,Ashy skin tone and lack of suppleness,High,No,No,Forehead,Medium,Medium,Medium,Medium,None,High,Elaborate (Cleanser + Toner + Serum + Moisturizer + Sunscreen),Glycerin,"Hydrating cream cleanser, multi-molecular HA serum, ceramide-rich barrier cream, hydrating mineral sunscreen.",Dryness
PAT-01597,15,Male,Oily,Acne,Occasional cystic breakouts and oily shine,Medium,Yes,Fragrance,T-Zone,High,Medium,Low,Medium,Moderate,Low,Elaborate (Cleanser + Toner + Serum + Moisturizer + Sunscreen),Salicylic Acid,"Gentle foaming cleanser, BHA exfoliation 2-3x/week, oil-free moisturizer, broad-spectrum non-comedogenic SPF 50.",Acne
PAT-01598,23,Female,Combination,No major concern,Healthy skin barrier with minimal seasonal dryness,Low,No,No,None,Medium,Low,Low,Low,None,Medium,Elaborate (Cleanser + Toner + Serum + Moisturizer + Sunscreen),Hyaluronic Acid,"Gentle daily cleanser, lightweight antioxidant hydrating gel, daily SPF 50 sunscreen maintenance.",No major concern
PAT-01599,18,Female,Dry,Dryness,"Persistent tightness and dull, parched skin",Medium,No,No,Around Mouth,Low,Medium,Medium,Medium,None,Low,Minimal (Cleanser only),Ceramides,"Hydrating cream cleanser, multi-molecular HA serum, ceramide-rich barrier cream, hydrating mineral sunscreen.",Dryness
PAT-01600,29,Male,Sensitive,Hyperpigmentation,Dull complexion with patchy sun discoloration,Medium,Yes,None,Cheeks,Medium,Low,Medium,High,None,Medium,Basic (Cleanser + Moisturizer),Vitamin C,"Antioxidant brightening serum, daily broad-spectrum SPF 50+ reapplication, gentle exfoliating tonic, soothing moisturizer.",Hyperpigmentation
PAT-01601,29,Female,Sensitive,Redness,Rosacea-like cheek flushing and burning feeling,High,No,Fragrance,Cheeks,Low,Medium,High,Medium,Mild,High,Moderate (Cleanser + Moisturizer + Sunscreen),Azelaic Acid,"Calming micellar water, barrier-restoring cica cream, fragrance-free physical zinc sunscreen, avoiding thermal/harsh triggers.",Redness
PAT-01602,25,Female,Combination,Acne,Whiteheads and blackheads on T-zone,Medium,Yes,Fragrance,Jawline,High,Low,Low,High,Mild,Medium,Moderate (Cleanser + Moisturizer + Sunscreen),Niacinamide,"Gentle foaming cleanser, BHA exfoliation 2-3x/week, oil-free moisturizer, broad-spectrum non-comedogenic SPF 50.",Acne
PAT-01603,33,Female,Normal,Redness,Persistent facial flushing and visible capillaries,High,Yes,None,Nose and Cheeks,Low,High,High,Medium,None,Medium,Basic (Cleanser + Moisturizer),Allantoin,"Calming micellar water, barrier-restoring cica cream, fragrance-free physical zinc sunscreen, avoiding thermal/harsh triggers.",Redness
PAT-01604,21,Male,Oily,Dandruff,Dry flaking along hairline and upper forehead,Medium,No,No,Scalp and Upper Forehead,Low,Low,Low,Low,None,Low,Minimal (Cleanser only),Zinc Pyrithione,"Anti-dandruff clarifying shampoo 2-3x weekly, scalp soothing tonic with panthenol, avoiding scalding water showers.",Dandruff
PAT-01605,15,Male,Combination,Acne,Whiteheads and blackheads on T-zone,High,Yes,No,Forehead,High,High,High,High,Mild,High,Basic (Cleanser + Moisturizer),Niacinamide,"Gentle foaming cleanser, BHA exfoliation 2-3x/week, oil-free moisturizer, broad-spectrum non-comedogenic SPF 50.",Acne
PAT-01606,16,Male,Combination,Acne,Whiteheads and blackheads on T-zone,High,Yes,No,Jawline,Medium,Low,High,Medium,Mild,Low,Elaborate (Cleanser + Toner + Serum + Moisturizer + Sunscreen),Niacinamide,"Gentle foaming cleanser, BHA exfoliation 2-3x/week, oil-free moisturizer, broad-spectrum non-comedogenic SPF 50.",Acne
PAT-01607,34,Female,Normal,No major concern,Even complexion with no active breakouts or irritation,Low,No,No,Full Face,Medium,Low,Low,Low,None,High,Elaborate (Cleanser + Toner + Serum + Moisturizer + Sunscreen),Niacinamide,"Gentle daily cleanser, lightweight antioxidant hydrating gel, daily SPF 50 sunscreen maintenance.",No major concern
PAT-01608,42,Male,Combination,Dryness,"Persistent tightness and dull, parched skin",Medium,No,No,Forehead,Medium,High,Medium,Low,None,Medium,Elaborate (Cleanser + Toner + Serum + Moisturizer + Sunscreen),Centella Asiatica,"Hydrating cream cleanser, multi-molecular HA serum, ceramide-rich barrier cream, hydrating mineral sunscreen.",Dryness
PAT-01609,28,Female,Normal,No major concern,"No noticeable irritation, balanced oil and moisture",Low,No,No,Full Face,Low,Low,Low,Low,None,Medium,Elaborate (Cleanser + Toner + Serum + Moisturizer + Sunscreen),Vitamin C,"Gentle daily cleanser, lightweight antioxidant hydrating gel, daily SPF 50 sunscreen maintenance.",No major concern
PAT-01610,26,Male,Normal,No major concern,Smooth texture with no persistent discomfort,Low,No,No,T-Zone,Low,Low,Low,Low,None,Low,Elaborate (Cleanser + Toner + Serum + Moisturizer + Sunscreen),Niacinamide,"Gentle daily cleanser, lightweight antioxidant hydrating gel, daily SPF 50 sunscreen maintenance.",No major concern
PAT-01611,15,Female,Normal,No major concern,Smooth texture with no persistent discomfort,Low,No,No,None,Low,Low,Low,Low,None,Low,Moderate (Cleanser + Moisturizer + Sunscreen),Hyaluronic Acid,"Gentle daily cleanser, lightweight antioxidant hydrating gel, daily SPF 50 sunscreen maintenance.",No major concern
PAT-01612,25,Female,Oily,Acne,Tender red bumps along jawline and cheeks,High,Yes,Fragrance,Cheeks,High,Low,High,Medium,Mild,Low,Elaborate (Cleanser + Toner + Serum + Moisturizer + Sunscreen),Salicylic Acid,"Gentle foaming cleanser, BHA exfoliation 2-3x/week, oil-free moisturizer, broad-spectrum non-comedogenic SPF 50.",Acne
PAT-01613,27,Male,Oily,Acne,Occasional cystic breakouts and oily shine,Low,No,No,Cheeks,High,Low,Low,Low,Moderate,High,Moderate (Cleanser + Moisturizer + Sunscreen),Niacinamide,"Gentle foaming cleanser, BHA exfoliation 2-3x/week, oil-free moisturizer, broad-spectrum non-comedogenic SPF 50.",Acne
PAT-01614,43,Female,Normal,Redness,Stinging sensation and reactive redness to heat,High,No,Lanolin,Cheeks,Medium,Medium,High,Medium,None,Low,Minimal (Cleanser only),Azelaic Acid,"Calming micellar water, barrier-restoring cica cream, fragrance-free physical zinc sunscreen, avoiding thermal/harsh triggers.",Redness
PAT-01615,24,Female,Dry,Dryness,"Persistent tightness and dull, parched skin",Medium,No,No,Cheeks,Low,Medium,Medium,Low,None,Medium,Elaborate (Cleanser + Toner + Serum + Moisturizer + Sunscreen),Glycerin,"Hydrating cream cleanser, multi-molecular HA serum, ceramide-rich barrier cream, hydrating mineral sunscreen.",Dryness
PAT-01616,59,Female,Sensitive,Dryness,Rough texture and visible fine dry patches,High,No,Fragrance,Around Mouth,Low,High,Low,Low,None,Medium,Minimal (Cleanser only),Ceramides,"Hydrating cream cleanser, multi-molecular HA serum, ceramide-rich barrier cream, hydrating mineral sunscreen.",Dryness
PAT-01617,41,Female,Sensitive,Redness,Sensitivity to wind and skin barrier discomfort,High,No,Essential Oils,Full Face,Medium,Low,High,Medium,None,Medium,Elaborate (Cleanser + Toner + Serum + Moisturizer + Sunscreen),Centella Asiatica,"Calming micellar water, barrier-restoring cica cream, fragrance-free physical zinc sunscreen, avoiding thermal/harsh triggers.",Redness
PAT-01618,42,Female,Sensitive,Redness,Stinging sensation and reactive redness to heat,Medium,Yes,Alcohol,T-Zone,Medium,Low,Medium,Low,None,High,Elaborate (Cleanser + Toner + Serum + Moisturizer + Sunscreen),Azelaic Acid,"Calming micellar water, barrier-restoring cica cream, fragrance-free physical zinc sunscreen, avoiding thermal/harsh triggers.",Redness
PAT-01619,28,Female,Dry,Dryness,Scaling and irritation with seasonal change,High,Yes,None,Full Face,Low,High,Low,Low,None,Low,Minimal (Cleanser only),Hyaluronic Acid,"Hydrating cream cleanser, multi-molecular HA serum, ceramide-rich barrier cream, hydrating mineral sunscreen.",Dryness
PAT-01620,31,Male,Sensitive,Redness,Sensitivity to wind and skin barrier discomfort,High,Yes,Essential Oils,T-Zone,Low,Medium,High,Low,None,Medium,Basic (Cleanser + Moisturizer),Panthenol,"Calming micellar water, barrier-restoring cica cream, fragrance-free physical zinc sunscreen, avoiding thermal/harsh triggers.",Redness
PAT-01621,32,Female,Combination,Acne,Clogged pores with recurring breakouts,Medium,No,No,Full Face,High,Medium,Medium,Low,Mild,High,Elaborate (Cleanser + Toner + Serum + Moisturizer + Sunscreen),Salicylic Acid,"Gentle foaming cleanser, BHA exfoliation 2-3x/week, oil-free moisturizer, broad-spectrum non-comedogenic SPF 50.",Acne
PAT-01622,22,Male,Oily,Acne,Occasional cystic breakouts and oily shine,Medium,Yes,No,Cheeks,High,Medium,High,Medium,Mild,Medium,Moderate (Cleanser + Moisturizer + Sunscreen),Niacinamide,"Gentle foaming cleanser, BHA exfoliation 2-3x/week, oil-free moisturizer, broad-spectrum non-comedogenic SPF 50.",Acne
PAT-01623,37,Female,Normal,Dandruff,Greasy scalp scaling and mild scalp irritation,Medium,No,No,Scalp,High,Medium,High,Low,None,Medium,Basic (Cleanser + Moisturizer),Zinc Pyrithione,"Anti-dandruff clarifying shampoo 2-3x weekly, scalp soothing tonic with panthenol, avoiding scalding water showers.",Dandruff
PAT-01624,22,Female,Sensitive,Acne,Tender red bumps along jawline and cheeks,Medium,No,None,Jawline,High,Low,Medium,Low,Moderate,Medium,Moderate (Cleanser + Moisturizer + Sunscreen),Salicylic Acid,"Gentle foaming cleanser, BHA exfoliation 2-3x/week, oil-free moisturizer, broad-spectrum non-comedogenic SPF 50.",Acne
PAT-01625,47,Male,Oily,Hyperpigmentation,Sun spots and localized brown patches on cheeks,Medium,Yes,No,Cheeks and Nose,Low,Medium,Low,High,None,High,Moderate (Cleanser + Moisturizer + Sunscreen),Tranexamic Acid,"Antioxidant brightening serum, daily broad-spectrum SPF 50+ reapplication, gentle exfoliating tonic, soothing moisturizer.",Hyperpigmentation
PAT-01626,52,Female,Sensitive,Dryness,"Persistent tightness and dull, parched skin",High,No,No,Full Face,Low,High,Low,Low,None,High,Elaborate (Cleanser + Toner + Serum + Moisturizer + Sunscreen),Ceramides,"Hydrating cream cleanser, multi-molecular HA serum, ceramide-rich barrier cream, hydrating mineral sunscreen.",Dryness
PAT-01627,39,Male,Normal,Dandruff,Itchy scalp with visible white/yellow flakes,Medium,Yes,No,Scalp,Medium,High,Low,Low,None,Medium,Basic (Cleanser + Moisturizer),Zinc Pyrithione,"Anti-dandruff clarifying shampoo 2-3x weekly, scalp soothing tonic with panthenol, avoiding scalding water showers.",Dandruff
PAT-01628,30,Male,Sensitive,Hyperpigmentation,Sun spots and localized brown patches on cheeks,Medium,Yes,None,Full Face,Low,Low,Low,High,Mild,Medium,Elaborate (Cleanser + Toner + Serum + Moisturizer + Sunscreen),Vitamin C,"Antioxidant brightening serum, daily broad-spectrum SPF 50+ reapplication, gentle exfoliating tonic, soothing moisturizer.",Hyperpigmentation
PAT-01629,44,Female,Dry,Dryness,Ashy skin tone and lack of suppleness,High,No,Sulfates,Forehead,Low,Medium,Low,Medium,None,Low,Elaborate (Cleanser + Toner + Serum + Moisturizer + Sunscreen),Ceramides,"Hydrating cream cleanser, multi-molecular HA serum, ceramide-rich barrier cream, hydrating mineral sunscreen.",Dryness
PAT-01630,46,Male,Sensitive,Redness,Stinging sensation and reactive redness to heat,Medium,No,Essential Oils,Nose and Cheeks,Medium,Low,High,Medium,None,Medium,Moderate (Cleanser + Moisturizer + Sunscreen),Azelaic Acid,"Calming micellar water, barrier-restoring cica cream, fragrance-free physical zinc sunscreen, avoiding thermal/harsh triggers.",Redness
PAT-01631,16,Male,Dry,Dryness,Ashy skin tone and lack of suppleness,High,No,Preservatives,Full Face,Low,High,Low,Low,None,High,Minimal (Cleanser only),Hyaluronic Acid,"Hydrating cream cleanser, multi-molecular HA serum, ceramide-rich barrier cream, hydrating mineral sunscreen.",Dryness
PAT-01632,20,Female,Sensitive,Acne,Whiteheads and blackheads on T-zone,Medium,Yes,No,T-Zone,Medium,Medium,Medium,Medium,Moderate,High,Minimal (Cleanser only),Zinc PCA,"Gentle foaming cleanser, BHA exfoliation 2-3x/week, oil-free moisturizer, broad-spectrum non-comedogenic SPF 50.",Acne
PAT-01633,31,Female,Combination,Hyperpigmentation,Dull complexion with patchy sun discoloration,Medium,Yes,None,Full Face,Medium,Medium,Low,High,None,Medium,Minimal (Cleanser only),Niacinamide,"Antioxidant brightening serum, daily broad-spectrum SPF 50+ reapplication, gentle exfoliating tonic, soothing moisturizer.",Hyperpigmentation
PAT-01634,45,Female,Dry,Dryness,Flaking and tight sensation after cleansing,High,No,No,Forehead,Low,High,High,Low,None,Low,Basic (Cleanser + Moisturizer),Glycerin,"Hydrating cream cleanser, multi-molecular HA serum, ceramide-rich barrier cream, hydrating mineral sunscreen.",Dryness
PAT-01635,32,Male,Sensitive,Redness,Persistent facial flushing and visible capillaries,Medium,No,Fragrance,Cheeks,Low,High,High,Low,None,High,Moderate (Cleanser + Moisturizer + Sunscreen),Allantoin,"Calming micellar water, barrier-restoring cica cream, fragrance-free physical zinc sunscreen, avoiding thermal/harsh triggers.",Redness
PAT-01636,60,Female,Sensitive,Dryness,Flaking and tight sensation after cleansing,Medium,No,No,Full Face,Low,Medium,High,Low,None,Medium,Minimal (Cleanser only),Hyaluronic Acid,"Hydrating cream cleanser, multi-molecular HA serum, ceramide-rich barrier cream, hydrating mineral sunscreen.",Dryness
PAT-01637,15,Female,Normal,No major concern,Even complexion with no active breakouts or irritation,Medium,No,No,None,Low,Low,Low,Low,None,Medium,Elaborate (Cleanser + Toner + Serum + Moisturizer + Sunscreen),Ceramides,"Gentle daily cleanser, lightweight antioxidant hydrating gel, daily SPF 50 sunscreen maintenance.",No major concern
PAT-01638,40,Male,Normal,No major concern,Healthy skin barrier with minimal seasonal dryness,Medium,No,No,Full Face,Medium,Low,Low,Low,None,Low,Basic (Cleanser + Moisturizer),Ceramides,"Gentle daily cleanser, lightweight antioxidant hydrating gel, daily SPF 50 sunscreen maintenance.",No major concern
PAT-01639,22,Male,Oily,Acne,Inflamed red pimples and occasional pustules,Low,Yes,Fragrance,Cheeks,High,Low,High,Medium,Severe,Medium,Moderate (Cleanser + Moisturizer + Sunscreen),Zinc PCA,"Gentle foaming cleanser, BHA exfoliation 2-3x/week, oil-free moisturizer, broad-spectrum non-comedogenic SPF 50.",Acne
PAT-01640,34,Female,Combination,Hyperpigmentation,Melasma-like discoloration on cheeks and upper lip,Low,Yes,No,Full Face,Medium,Medium,Low,Medium,None,High,Minimal (Cleanser only),Vitamin C,"Antioxidant brightening serum, daily broad-spectrum SPF 50+ reapplication, gentle exfoliating tonic, soothing moisturizer.",Hyperpigmentation
PAT-01641,26,Female,Dry,Dryness,Ashy skin tone and lack of suppleness,High,No,Fragrance,Around Mouth,Low,Medium,Medium,Low,None,Medium,Minimal (Cleanser only),Centella Asiatica,"Hydrating cream cleanser, multi-molecular HA serum, ceramide-rich barrier cream, hydrating mineral sunscreen.",Dryness
PAT-01642,32,Female,Normal,Hyperpigmentation,Dull complexion with patchy sun discoloration,Medium,Yes,No,Cheeks and Nose,High,Low,Low,High,Mild,Low,Elaborate (Cleanser + Toner + Serum + Moisturizer + Sunscreen),Tranexamic Acid,"Antioxidant brightening serum, daily broad-spectrum SPF 50+ reapplication, gentle exfoliating tonic, soothing moisturizer.",Hyperpigmentation
PAT-01643,53,Male,Dry,Dryness,Rough texture and visible fine dry patches,High,Yes,No,Around Mouth,Low,High,Low,Low,None,High,Elaborate (Cleanser + Toner + Serum + Moisturizer + Sunscreen),Ceramides,"Hydrating cream cleanser, multi-molecular HA serum, ceramide-rich barrier cream, hydrating mineral sunscreen.",Dryness
PAT-01644,30,Female,Dry,Hyperpigmentation,Post-inflammatory dark marks across forehead,Medium,No,No,Cheeks,Low,Low,Low,High,None,High,Minimal (Cleanser only),Niacinamide,"Antioxidant brightening serum, daily broad-spectrum SPF 50+ reapplication, gentle exfoliating tonic, soothing moisturizer.",Hyperpigmentation
PAT-01645,19,Male,Oily,Acne,Inflamed red pimples and occasional pustules,Medium,No,Essential Oils,Forehead,Low,Low,High,Medium,Moderate,Medium,Elaborate (Cleanser + Toner + Serum + Moisturizer + Sunscreen),Niacinamide,"Gentle foaming cleanser, BHA exfoliation 2-3x/week, oil-free moisturizer, broad-spectrum non-comedogenic SPF 50.",Acne
PAT-01646,41,Female,Dry,Dryness,"Persistent tightness and dull, parched skin",High,No,No,Cheeks,Low,Medium,Low,Low,None,High,Basic (Cleanser + Moisturizer),Ceramides,"Hydrating cream cleanser, multi-molecular HA serum, ceramide-rich barrier cream, hydrating mineral sunscreen.",Dryness
PAT-01647,18,Female,Oily,Acne,Tender red bumps along jawline and cheeks,Low,Yes,Fragrance,T-Zone,High,Low,Medium,Low,Moderate,Medium,Elaborate (Cleanser + Toner + Serum + Moisturizer + Sunscreen),Tea Tree Extract,"Gentle foaming cleanser, BHA exfoliation 2-3x/week, oil-free moisturizer, broad-spectrum non-comedogenic SPF 50.",Acne
PAT-01648,31,Female,Dry,Hyperpigmentation,Post-inflammatory dark marks across forehead,Low,Yes,None,Cheeks,Low,Low,Medium,High,None,High,Basic (Cleanser + Moisturizer),Niacinamide,"Antioxidant brightening serum, daily broad-spectrum SPF 50+ reapplication, gentle exfoliating tonic, soothing moisturizer.",Hyperpigmentation
PAT-01649,25,Female,Combination,No major concern,Smooth texture with no persistent discomfort,Low,No,No,Full Face,Low,Low,Low,Low,None,Medium,Elaborate (Cleanser + Toner + Serum + Moisturizer + Sunscreen),Vitamin C,"Gentle daily cleanser, lightweight antioxidant hydrating gel, daily SPF 50 sunscreen maintenance.",No major concern
PAT-01650,31,Female,Sensitive,Redness,"Irritation, blotchiness, and sudden redness flare-ups",High,No,Fragrance,Cheeks,Medium,Low,High,Low,None,Medium,Moderate (Cleanser + Moisturizer + Sunscreen),Madecassoside,"Calming micellar water, barrier-restoring cica cream, fragrance-free physical zinc sunscreen, avoiding thermal/harsh triggers.",Redness
PAT-01651,15,Male,Combination,No major concern,Healthy skin barrier with minimal seasonal dryness,Low,Yes,No,T-Zone,Low,Medium,Low,Low,None,High,Elaborate (Cleanser + Toner + Serum + Moisturizer + Sunscreen),Ceramides,"Gentle daily cleanser, lightweight antioxidant hydrating gel, daily SPF 50 sunscreen maintenance.",No major concern
PAT-01652,33,Female,Combination,Hyperpigmentation,Melasma-like discoloration on cheeks and upper lip,Medium,Yes,No,Cheeks,Medium,Medium,Low,High,None,Medium,Basic (Cleanser + Moisturizer),Niacinamide,"Antioxidant brightening serum, daily broad-spectrum SPF 50+ reapplication, gentle exfoliating tonic, soothing moisturizer.",Hyperpigmentation
PAT-01653,30,Female,Combination,Acne,Occasional cystic breakouts and oily shine,Low,No,None,T-Zone,High,Low,Medium,Medium,Mild,High,Moderate (Cleanser + Moisturizer + Sunscreen),Niacinamide,"Gentle foaming cleanser, BHA exfoliation 2-3x/week, oil-free moisturizer, broad-spectrum non-comedogenic SPF 50.",Acne
PAT-01654,37,Female,Sensitive,Redness,Sensitivity to wind and skin barrier discomfort,High,No,Fragrance,Full Face,Medium,High,High,Low,None,Medium,Elaborate (Cleanser + Toner + Serum + Moisturizer + Sunscreen),Azelaic Acid,"Calming micellar water, barrier-restoring cica cream, fragrance-free physical zinc sunscreen, avoiding thermal/harsh triggers.",Redness
PAT-01655,28,Male,Dry,Dryness,Rough texture and visible fine dry patches,High,Yes,No,Forehead,Low,High,Medium,Medium,None,High,Basic (Cleanser + Moisturizer),Hyaluronic Acid,"Hydrating cream cleanser, multi-molecular HA serum, ceramide-rich barrier cream, hydrating mineral sunscreen.",Dryness
PAT-01656,44,Male,Dry,Dryness,"Persistent tightness and dull, parched skin",High,Yes,No,Around Mouth,Low,Medium,Medium,Low,None,High,Minimal (Cleanser only),Ceramides,"Hydrating cream cleanser, multi-molecular HA serum, ceramide-rich barrier cream, hydrating mineral sunscreen.",Dryness
PAT-01657,30,Male,Normal,Redness,Stinging sensation and reactive redness to heat,Medium,Yes,Essential Oils,Nose and Cheeks,High,High,High,Medium,None,Medium,Basic (Cleanser + Moisturizer),Panthenol,"Calming micellar water, barrier-restoring cica cream, fragrance-free physical zinc sunscreen, avoiding thermal/harsh triggers.",Redness
PAT-01658,16,Female,Sensitive,Redness,Rosacea-like cheek flushing and burning feeling,High,Yes,Alcohol,T-Zone,Low,Medium,High,Medium,None,High,Elaborate (Cleanser + Toner + Serum + Moisturizer + Sunscreen),Azelaic Acid,"Calming micellar water, barrier-restoring cica cream, fragrance-free physical zinc sunscreen, avoiding thermal/harsh triggers.",Redness
PAT-01659,44,Male,Normal,No major concern,Even complexion with no active breakouts or irritation,Low,Yes,None,Full Face,Medium,Medium,Low,Low,None,High,Moderate (Cleanser + Moisturizer + Sunscreen),Vitamin C,"Gentle daily cleanser, lightweight antioxidant hydrating gel, daily SPF 50 sunscreen maintenance.",No major concern
PAT-01660,34,Female,Combination,Dandruff,Greasy scalp scaling and mild scalp irritation,Medium,No,None,Scalp,High,Low,Low,Low,None,Medium,Elaborate (Cleanser + Toner + Serum + Moisturizer + Sunscreen),Ketoconazole,"Anti-dandruff clarifying shampoo 2-3x weekly, scalp soothing tonic with panthenol, avoiding scalding water showers.",Dandruff
PAT-01661,22,Female,Combination,Acne,Inflamed red pimples and occasional pustules,Low,Yes,No,Jawline,Medium,Low,High,Low,Mild,High,Elaborate (Cleanser + Toner + Serum + Moisturizer + Sunscreen),Zinc PCA,"Gentle foaming cleanser, BHA exfoliation 2-3x/week, oil-free moisturizer, broad-spectrum non-comedogenic SPF 50.",Acne
PAT-01662,21,Male,Oily,Acne,Whiteheads and blackheads on T-zone,Low,Yes,Fragrance,T-Zone,High,Low,Medium,High,Moderate,Low,Basic (Cleanser + Moisturizer),Niacinamide,"Gentle foaming cleanser, BHA exfoliation 2-3x/week, oil-free moisturizer, broad-spectrum non-comedogenic SPF 50.",Acne
PAT-01663,24,Male,Sensitive,Redness,"Irritation, blotchiness, and sudden redness flare-ups",High,No,Yes,Nose and Cheeks,Low,Medium,High,Low,None,Medium,Moderate (Cleanser + Moisturizer + Sunscreen),Azelaic Acid,"Calming micellar water, barrier-restoring cica cream, fragrance-free physical zinc sunscreen, avoiding thermal/harsh triggers.",Redness
PAT-01664,31,Male,Oily,Hyperpigmentation,Dark spots and uneven skin tone from previous acne,Low,Yes,No,Cheeks and Nose,Medium,Medium,Low,High,Mild,Medium,Elaborate (Cleanser + Toner + Serum + Moisturizer + Sunscreen),Kojic Acid,"Antioxidant brightening serum, daily broad-spectrum SPF 50+ reapplication, gentle exfoliating tonic, soothing moisturizer.",Hyperpigmentation
PAT-01665,16,Female,Dry,Redness,Stinging sensation and reactive redness to heat,Medium,No,Yes,Cheeks,Low,Medium,Medium,Medium,Mild,High,Moderate (Cleanser + Moisturizer + Sunscreen),Azelaic Acid,"Calming micellar water, barrier-restoring cica cream, fragrance-free physical zinc sunscreen, avoiding thermal/harsh triggers.",Redness
PAT-01666,25,Male,Sensitive,Hyperpigmentation,Dull complexion with patchy sun discoloration,Medium,Yes,No,Cheeks,High,Low,Medium,High,None,Medium,Minimal (Cleanser only),Alpha Arbutin,"Antioxidant brightening serum, daily broad-spectrum SPF 50+ reapplication, gentle exfoliating tonic, soothing moisturizer.",Hyperpigmentation
PAT-01667,30,Female,Oily,Dandruff,"Scalp tightness, flaking, and itching after sweat",Medium,Yes,Sulfates,Scalp and Upper Forehead,High,Low,Medium,Low,None,High,Elaborate (Cleanser + Toner + Serum + Moisturizer + Sunscreen),Ketoconazole,"Anti-dandruff clarifying shampoo 2-3x weekly, scalp soothing tonic with panthenol, avoiding scalding water showers.",Dandruff
PAT-01668,32,Male,Oily,Hyperpigmentation,Sun spots and localized brown patches on cheeks,Low,Yes,No,Forehead,Medium,Low,Low,Medium,None,Medium,Basic (Cleanser + Moisturizer),Kojic Acid,"Antioxidant brightening serum, daily broad-spectrum SPF 50+ reapplication, gentle exfoliating tonic, soothing moisturizer.",Hyperpigmentation
PAT-01669,27,Female,Sensitive,Redness,Rosacea-like cheek flushing and burning feeling,Medium,No,Fragrance,T-Zone,Medium,High,High,Low,Mild,Low,Elaborate (Cleanser + Toner + Serum + Moisturizer + Sunscreen),Azelaic Acid,"Calming micellar water, barrier-restoring cica cream, fragrance-free physical zinc sunscreen, avoiding thermal/harsh triggers.",Redness
PAT-01670,23,Male,Dry,Dryness,Rough texture and visible fine dry patches,High,No,No,Full Face,Low,Medium,Medium,Low,None,Low,Moderate (Cleanser + Moisturizer + Sunscreen),Hyaluronic Acid,"Hydrating cream cleanser, multi-molecular HA serum, ceramide-rich barrier cream, hydrating mineral sunscreen.",Dryness
PAT-01671,18,Male,Combination,Acne,Tender red bumps along jawline and cheeks,High,Yes,No,Cheeks,Medium,Medium,Low,Low,Mild,High,Minimal (Cleanser only),Niacinamide,"Gentle foaming cleanser, BHA exfoliation 2-3x/week, oil-free moisturizer, broad-spectrum non-comedogenic SPF 50.",Acne
PAT-01672,24,Female,Combination,Acne,Clogged pores with recurring breakouts,High,Yes,Essential Oils,Cheeks,High,Medium,High,Low,Moderate,High,Elaborate (Cleanser + Toner + Serum + Moisturizer + Sunscreen),Azelaic Acid,"Gentle foaming cleanser, BHA exfoliation 2-3x/week, oil-free moisturizer, broad-spectrum non-comedogenic SPF 50.",Acne
PAT-01673,48,Male,Dry,Dryness,"Persistent tightness and dull, parched skin",Low,No,No,Forehead,Low,High,High,Low,None,Medium,Minimal (Cleanser only),Squalane,"Hydrating cream cleanser, multi-molecular HA serum, ceramide-rich barrier cream, hydrating mineral sunscreen.",Dryness
PAT-01674,50,Male,Oily,Hyperpigmentation,Melasma-like discoloration on cheeks and upper lip,Low,Yes,No,Forehead,High,Low,Low,High,None,Low,Moderate (Cleanser + Moisturizer + Sunscreen),Vitamin C,"Antioxidant brightening serum, daily broad-spectrum SPF 50+ reapplication, gentle exfoliating tonic, soothing moisturizer.",Hyperpigmentation
PAT-01675,52,Female,Normal,No major concern,Smooth texture with no persistent discomfort,Medium,No,No,None,Medium,Medium,Low,Low,None,Medium,Elaborate (Cleanser + Toner + Serum + Moisturizer + Sunscreen),Ceramides,"Gentle daily cleanser, lightweight antioxidant hydrating gel, daily SPF 50 sunscreen maintenance.",No major concern
PAT-01676,34,Female,Sensitive,Redness,Sensitivity to wind and skin barrier discomfort,High,No,Essential Oils,Full Face,Medium,High,High,Medium,None,Low,Minimal (Cleanser only),Madecassoside,"Calming micellar water, barrier-restoring cica cream, fragrance-free physical zinc sunscreen, avoiding thermal/harsh triggers.",Redness
PAT-01677,23,Male,Normal,No major concern,"No noticeable irritation, balanced oil and moisture",Low,No,No,Full Face,Low,Medium,Low,Low,None,High,Minimal (Cleanser only),Niacinamide,"Gentle daily cleanser, lightweight antioxidant hydrating gel, daily SPF 50 sunscreen maintenance.",No major concern
PAT-01678,40,Female,Oily,Hyperpigmentation,Melasma-like discoloration on cheeks and upper lip,High,No,No,Full Face,Medium,Low,Medium,High,None,Medium,Minimal (Cleanser only),Tranexamic Acid,"Antioxidant brightening serum, daily broad-spectrum SPF 50+ reapplication, gentle exfoliating tonic, soothing moisturizer.",Hyperpigmentation
PAT-01679,50,Male,Combination,No major concern,Even complexion with no active breakouts or irritation,Low,No,No,None,Low,Medium,Low,Low,None,Low,Elaborate (Cleanser + Toner + Serum + Moisturizer + Sunscreen),Ceramides,"Gentle daily cleanser, lightweight antioxidant hydrating gel, daily SPF 50 sunscreen maintenance.",No major concern
PAT-01680,39,Female,Dry,Dryness,"Persistent tightness and dull, parched skin",High,No,No,Full Face,Medium,High,High,Low,None,High,Minimal (Cleanser only),Ceramides,"Hydrating cream cleanser, multi-molecular HA serum, ceramide-rich barrier cream, hydrating mineral sunscreen.",Dryness
PAT-01681,18,Male,Normal,Dandruff,Dry flaking along hairline and upper forehead,Medium,No,Sulfates,Scalp,High,Medium,Medium,Low,None,High,Elaborate (Cleanser + Toner + Serum + Moisturizer + Sunscreen),Zinc Pyrithione,"Anti-dandruff clarifying shampoo 2-3x weekly, scalp soothing tonic with panthenol, avoiding scalding water showers.",Dandruff
PAT-01682,39,Female,Normal,Hyperpigmentation,Sun spots and localized brown patches on cheeks,High,No,None,Cheeks,High,Low,Low,High,Mild,Medium,Moderate (Cleanser + Moisturizer + Sunscreen),Vitamin C,"Antioxidant brightening serum, daily broad-spectrum SPF 50+ reapplication, gentle exfoliating tonic, soothing moisturizer.",Hyperpigmentation
PAT-01683,49,Female,Normal,Hyperpigmentation,Sun spots and localized brown patches on cheeks,Medium,Yes,None,Full Face,High,Low,Low,Medium,Mild,High,Minimal (Cleanser only),Vitamin C,"Antioxidant brightening serum, daily broad-spectrum SPF 50+ reapplication, gentle exfoliating tonic, soothing moisturizer.",Hyperpigmentation
PAT-01684,27,Female,Oily,Acne,Whiteheads and blackheads on T-zone,Medium,Yes,No,Cheeks,Medium,Low,Medium,Low,Mild,Medium,Elaborate (Cleanser + Toner + Serum + Moisturizer + Sunscreen),Niacinamide,"Gentle foaming cleanser, BHA exfoliation 2-3x/week, oil-free moisturizer, broad-spectrum non-comedogenic SPF 50.",Acne
PAT-01685,33,Female,Combination,Dandruff,Dry flaking along hairline and upper forehead,Low,No,None,Hairline,High,Medium,Low,Low,None,High,Moderate (Cleanser + Moisturizer + Sunscreen),Selenium Sulfide,"Anti-dandruff clarifying shampoo 2-3x weekly, scalp soothing tonic with panthenol, avoiding scalding water showers.",Dandruff
PAT-01686,32,Female,Combination,Dandruff,Persistent scalp dandruff and mild redness at hair root,Low,Yes,No,Hairline,Low,Medium,Low,Low,None,High,Moderate (Cleanser + Moisturizer + Sunscreen),Zinc Pyrithione,"Anti-dandruff clarifying shampoo 2-3x weekly, scalp soothing tonic with panthenol, avoiding scalding water showers.",Dandruff
PAT-01687,36,Female,Normal,No major concern,Smooth texture with no persistent discomfort,Low,No,No,T-Zone,Low,Medium,Low,Low,None,Medium,Elaborate (Cleanser + Toner + Serum + Moisturizer + Sunscreen),Hyaluronic Acid,"Gentle daily cleanser, lightweight antioxidant hydrating gel, daily SPF 50 sunscreen maintenance.",No major concern
PAT-01688,29,Male,Normal,No major concern,"No noticeable irritation, balanced oil and moisture",Low,No,None,None,Low,Low,Low,Low,None,High,Elaborate (Cleanser + Toner + Serum + Moisturizer + Sunscreen),Peptides,"Gentle daily cleanser, lightweight antioxidant hydrating gel, daily SPF 50 sunscreen maintenance.",No major concern
PAT-01689,23,Male,Oily,Acne,Inflamed red pimples and occasional pustules,High,Yes,Fragrance,Cheeks,High,Low,Medium,Medium,Mild,High,Minimal (Cleanser only),Salicylic Acid,"Gentle foaming cleanser, BHA exfoliation 2-3x/week, oil-free moisturizer, broad-spectrum non-comedogenic SPF 50.",Acne
PAT-01690,28,Female,Oily,Dandruff,Dry flaking along hairline and upper forehead,Medium,No,Sulfates,Scalp,High,High,Low,Low,None,Medium,Elaborate (Cleanser + Toner + Serum + Moisturizer + Sunscreen),Ketoconazole,"Anti-dandruff clarifying shampoo 2-3x weekly, scalp soothing tonic with panthenol, avoiding scalding water showers.",Dandruff
PAT-01691,33,Female,Normal,No major concern,Balanced skin with occasional minor shine,Medium,No,No,T-Zone,Low,Low,Low,Low,None,Medium,Minimal (Cleanser only),Hyaluronic Acid,"Gentle daily cleanser, lightweight antioxidant hydrating gel, daily SPF 50 sunscreen maintenance.",No major concern
PAT-01692,18,Female,Normal,No major concern,Even complexion with no active breakouts or irritation,Low,No,No,None,Medium,Medium,Low,Low,None,Low,Elaborate (Cleanser + Toner + Serum + Moisturizer + Sunscreen),Vitamin C,"Gentle daily cleanser, lightweight antioxidant hydrating gel, daily SPF 50 sunscreen maintenance.",No major concern
PAT-01693,24,Female,Sensitive,Dryness,Scaling and irritation with seasonal change,Medium,No,No,Cheeks,Low,High,Low,Medium,None,Low,Basic (Cleanser + Moisturizer),Glycerin,"Hydrating cream cleanser, multi-molecular HA serum, ceramide-rich barrier cream, hydrating mineral sunscreen.",Dryness
PAT-01694,45,Male,Sensitive,Hyperpigmentation,Post-inflammatory dark marks across forehead,High,No,Essential Oils,Forehead,Medium,Medium,Medium,High,None,High,Basic (Cleanser + Moisturizer),Alpha Arbutin,"Antioxidant brightening serum, daily broad-spectrum SPF 50+ reapplication, gentle exfoliating tonic, soothing moisturizer.",Hyperpigmentation
PAT-01695,48,Female,Sensitive,Hyperpigmentation,Dull complexion with patchy sun discoloration,Medium,No,No,Forehead,Medium,Low,Low,High,None,High,Minimal (Cleanser only),Niacinamide,"Antioxidant brightening serum, daily broad-spectrum SPF 50+ reapplication, gentle exfoliating tonic, soothing moisturizer.",Hyperpigmentation
PAT-01696,60,Male,Dry,Dryness,Flaking and tight sensation after cleansing,High,No,No,Full Face,Low,High,Low,Low,None,Low,Elaborate (Cleanser + Toner + Serum + Moisturizer + Sunscreen),Glycerin,"Hydrating cream cleanser, multi-molecular HA serum, ceramide-rich barrier cream, hydrating mineral sunscreen.",Dryness
PAT-01697,27,Male,Combination,Acne,Clogged pores with recurring breakouts,Medium,No,No,T-Zone,High,High,Low,Medium,Moderate,High,Moderate (Cleanser + Moisturizer + Sunscreen),Salicylic Acid,"Gentle foaming cleanser, BHA exfoliation 2-3x/week, oil-free moisturizer, broad-spectrum non-comedogenic SPF 50.",Acne
PAT-01698,22,Male,Oily,Acne,Tender red bumps along jawline and cheeks,High,Yes,Fragrance,Forehead,High,Low,High,Medium,Mild,Medium,Minimal (Cleanser only),Niacinamide,"Gentle foaming cleanser, BHA exfoliation 2-3x/week, oil-free moisturizer, broad-spectrum non-comedogenic SPF 50.",Acne
PAT-01699,24,Female,Combination,Acne,Inflamed red pimples and occasional pustules,Low,Yes,None,T-Zone,High,Low,Medium,Low,Mild,Medium,Minimal (Cleanser only),Zinc PCA,"Gentle foaming cleanser, BHA exfoliation 2-3x/week, oil-free moisturizer, broad-spectrum non-comedogenic SPF 50.",Acne
PAT-01700,27,Female,Dry,Dryness,Scaling and irritation with seasonal change,Medium,No,No,Forehead,Low,Medium,Medium,Low,None,Medium,Moderate (Cleanser + Moisturizer + Sunscreen),Hyaluronic Acid,"Hydrating cream cleanser, multi-molecular HA serum, ceramide-rich barrier cream, hydrating mineral sunscreen.",Dryness
PAT-01701,53,Male,Dry,Redness,Rosacea-like cheek flushing and burning feeling,High,Yes,Alcohol,Cheeks,Low,Medium,High,Low,None,High,Elaborate (Cleanser + Toner + Serum + Moisturizer + Sunscreen),Allantoin,"Calming micellar water, barrier-restoring cica cream, fragrance-free physical zinc sunscreen, avoiding thermal/harsh triggers.",Redness
PAT-01702,23,Female,Sensitive,Redness,Sensitivity to wind and skin barrier discomfort,High,Yes,Fragrance,Nose and Cheeks,Medium,Low,High,Low,None,High,Basic (Cleanser + Moisturizer),Azelaic Acid,"Calming micellar water, barrier-restoring cica cream, fragrance-free physical zinc sunscreen, avoiding thermal/harsh triggers.",Redness
PAT-01703,25,Male,Sensitive,Redness,Rosacea-like cheek flushing and burning feeling,High,No,Fragrance,Full Face,High,High,Medium,Low,None,Medium,Minimal (Cleanser only),Madecassoside,"Calming micellar water, barrier-restoring cica cream, fragrance-free physical zinc sunscreen, avoiding thermal/harsh triggers.",Redness
PAT-01704,36,Male,Sensitive,Redness,Sensitivity to wind and skin barrier discomfort,High,No,Essential Oils,T-Zone,Low,High,High,Low,None,Medium,Minimal (Cleanser only),Azelaic Acid,"Calming micellar water, barrier-restoring cica cream, fragrance-free physical zinc sunscreen, avoiding thermal/harsh triggers.",Redness
PAT-01705,24,Female,Oily,Acne,Clogged pores with recurring breakouts,Medium,Yes,No,Cheeks,Medium,Low,Low,Medium,Moderate,Medium,Basic (Cleanser + Moisturizer),Salicylic Acid,"Gentle foaming cleanser, BHA exfoliation 2-3x/week, oil-free moisturizer, broad-spectrum non-comedogenic SPF 50.",Acne
PAT-01706,32,Female,Dry,Hyperpigmentation,Dark spots and uneven skin tone from previous acne,Medium,Yes,No,Cheeks,High,Medium,Low,High,None,High,Basic (Cleanser + Moisturizer),Niacinamide,"Antioxidant brightening serum, daily broad-spectrum SPF 50+ reapplication, gentle exfoliating tonic, soothing moisturizer.",Hyperpigmentation
PAT-01707,19,Male,Combination,Dandruff,Dry flaking along hairline and upper forehead,High,Yes,Lanolin,Scalp and Upper Forehead,High,High,High,Low,None,Low,Basic (Cleanser + Moisturizer),Zinc Pyrithione,"Anti-dandruff clarifying shampoo 2-3x weekly, scalp soothing tonic with panthenol, avoiding scalding water showers.",Dandruff
PAT-01708,31,Male,Normal,No major concern,Even complexion with no active breakouts or irritation,Low,No,No,T-Zone,Low,Low,Low,Low,None,Medium,Elaborate (Cleanser + Toner + Serum + Moisturizer + Sunscreen),Peptides,"Gentle daily cleanser, lightweight antioxidant hydrating gel, daily SPF 50 sunscreen maintenance.",No major concern
PAT-01709,38,Female,Sensitive,Redness,Sensitivity to wind and skin barrier discomfort,High,No,Yes,Nose and Cheeks,Low,Medium,High,Low,Mild,Low,Moderate (Cleanser + Moisturizer + Sunscreen),Centella Asiatica,"Calming micellar water, barrier-restoring cica cream, fragrance-free physical zinc sunscreen, avoiding thermal/harsh triggers.",Redness
PAT-01710,18,Male,Oily,Acne,Occasional cystic breakouts and oily shine,High,Yes,No,Cheeks,High,Low,Medium,Low,Mild,High,Elaborate (Cleanser + Toner + Serum + Moisturizer + Sunscreen),Azelaic Acid,"Gentle foaming cleanser, BHA exfoliation 2-3x/week, oil-free moisturizer, broad-spectrum non-comedogenic SPF 50.",Acne
PAT-01711,26,Female,Sensitive,Acne,Tender red bumps along jawline and cheeks,Medium,Yes,No,Jawline,Medium,High,High,Medium,Mild,High,Moderate (Cleanser + Moisturizer + Sunscreen),Niacinamide,"Gentle foaming cleanser, BHA exfoliation 2-3x/week, oil-free moisturizer, broad-spectrum non-comedogenic SPF 50.",Acne
PAT-01712,29,Female,Sensitive,Redness,Persistent facial flushing and visible capillaries,High,No,Fragrance,T-Zone,Low,Medium,High,Low,Mild,Medium,Moderate (Cleanser + Moisturizer + Sunscreen),Madecassoside,"Calming micellar water, barrier-restoring cica cream, fragrance-free physical zinc sunscreen, avoiding thermal/harsh triggers.",Redness
PAT-01713,22,Male,Sensitive,Redness,"Irritation, blotchiness, and sudden redness flare-ups",Medium,No,Essential Oils,T-Zone,Low,High,High,Low,None,Medium,Minimal (Cleanser only),Azelaic Acid,"Calming micellar water, barrier-restoring cica cream, fragrance-free physical zinc sunscreen, avoiding thermal/harsh triggers.",Redness
PAT-01714,31,Male,Dry,Hyperpigmentation,Dull complexion with patchy sun discoloration,Medium,No,No,Full Face,Low,Low,Low,Medium,Mild,High,Elaborate (Cleanser + Toner + Serum + Moisturizer + Sunscreen),Tranexamic Acid,"Antioxidant brightening serum, daily broad-spectrum SPF 50+ reapplication, gentle exfoliating tonic, soothing moisturizer.",Hyperpigmentation
PAT-01715,44,Male,Combination,No major concern,Smooth texture with no persistent discomfort,Low,No,No,T-Zone,Low,Low,Low,Low,None,Low,Minimal (Cleanser only),Niacinamide,"Gentle daily cleanser, lightweight antioxidant hydrating gel, daily SPF 50 sunscreen maintenance.",No major concern
PAT-01716,44,Female,Combination,No major concern,Healthy skin barrier with minimal seasonal dryness,Low,Yes,None,T-Zone,Low,Medium,Low,Low,None,Medium,Minimal (Cleanser only),Hyaluronic Acid,"Gentle daily cleanser, lightweight antioxidant hydrating gel, daily SPF 50 sunscreen maintenance.",No major concern
PAT-01717,23,Female,Combination,Acne,Clogged pores with recurring breakouts,Medium,Yes,No,Cheeks,High,Low,High,Medium,Moderate,Medium,Basic (Cleanser + Moisturizer),Niacinamide,"Gentle foaming cleanser, BHA exfoliation 2-3x/week, oil-free moisturizer, broad-spectrum non-comedogenic SPF 50.",Acne
PAT-01718,46,Female,Normal,Dandruff,Persistent scalp dandruff and mild redness at hair root,High,No,No,Hairline,Medium,Low,Low,Low,None,Medium,Moderate (Cleanser + Moisturizer + Sunscreen),Zinc Pyrithione,"Anti-dandruff clarifying shampoo 2-3x weekly, scalp soothing tonic with panthenol, avoiding scalding water showers.",Dandruff
PAT-01719,24,Male,Combination,Redness,Sensitivity to wind and skin barrier discomfort,High,No,Essential Oils,Cheeks,Low,Medium,High,Low,None,High,Minimal (Cleanser only),Centella Asiatica,"Calming micellar water, barrier-restoring cica cream, fragrance-free physical zinc sunscreen, avoiding thermal/harsh triggers.",Redness
PAT-01720,32,Male,Dry,Hyperpigmentation,Dull complexion with patchy sun discoloration,Low,Yes,No,Cheeks and Nose,High,Low,Medium,High,Mild,High,Elaborate (Cleanser + Toner + Serum + Moisturizer + Sunscreen),Niacinamide,"Antioxidant brightening serum, daily broad-spectrum SPF 50+ reapplication, gentle exfoliating tonic, soothing moisturizer.",Hyperpigmentation
PAT-01721,31,Male,Oily,Acne,Occasional cystic breakouts and oily shine,High,Yes,No,Forehead,High,Low,Medium,High,Moderate,Low,Moderate (Cleanser + Moisturizer + Sunscreen),Salicylic Acid,"Gentle foaming cleanser, BHA exfoliation 2-3x/week, oil-free moisturizer, broad-spectrum non-comedogenic SPF 50.",Acne
PAT-01722,55,Female,Sensitive,Redness,Sensitivity to wind and skin barrier discomfort,Medium,Yes,Essential Oils,Cheeks,Medium,Medium,High,Low,Mild,Low,Minimal (Cleanser only),Allantoin,"Calming micellar water, barrier-restoring cica cream, fragrance-free physical zinc sunscreen, avoiding thermal/harsh triggers.",Redness
PAT-01723,36,Male,Normal,No major concern,Healthy skin barrier with minimal seasonal dryness,Low,No,No,Full Face,Low,Low,Low,Low,None,High,Basic (Cleanser + Moisturizer),Hyaluronic Acid,"Gentle daily cleanser, lightweight antioxidant hydrating gel, daily SPF 50 sunscreen maintenance.",No major concern
PAT-01724,31,Female,Normal,Hyperpigmentation,Dark spots and uneven skin tone from previous acne,Low,Yes,No,Cheeks,Medium,Medium,Low,High,None,High,Elaborate (Cleanser + Toner + Serum + Moisturizer + Sunscreen),Kojic Acid,"Antioxidant brightening serum, daily broad-spectrum SPF 50+ reapplication, gentle exfoliating tonic, soothing moisturizer.",Hyperpigmentation
PAT-01725,15,Female,Normal,No major concern,Even complexion with no active breakouts or irritation,Low,No,No,None,Low,Low,Low,Low,None,Medium,Elaborate (Cleanser + Toner + Serum + Moisturizer + Sunscreen),Hyaluronic Acid,"Gentle daily cleanser, lightweight antioxidant hydrating gel, daily SPF 50 sunscreen maintenance.",No major concern
PAT-01726,29,Female,Sensitive,Redness,Rosacea-like cheek flushing and burning feeling,High,No,None,Full Face,Low,Low,High,Medium,None,Medium,Basic (Cleanser + Moisturizer),Panthenol,"Calming micellar water, barrier-restoring cica cream, fragrance-free physical zinc sunscreen, avoiding thermal/harsh triggers.",Redness
PAT-01727,47,Male,Dry,Redness,Stinging sensation and reactive redness to heat,High,No,Yes,Cheeks,Medium,Medium,Medium,Low,None,High,Moderate (Cleanser + Moisturizer + Sunscreen),Azelaic Acid,"Calming micellar water, barrier-restoring cica cream, fragrance-free physical zinc sunscreen, avoiding thermal/harsh triggers.",Redness
PAT-01728,28,Male,Oily,Acne,Tender red bumps along jawline and cheeks,Medium,No,No,Full Face,High,Low,Medium,Low,Mild,Medium,Minimal (Cleanser only),Salicylic Acid,"Gentle foaming cleanser, BHA exfoliation 2-3x/week, oil-free moisturizer, broad-spectrum non-comedogenic SPF 50.",Acne
PAT-01729,25,Male,Sensitive,Acne,Tender red bumps along jawline and cheeks,Medium,Yes,Fragrance,T-Zone,High,Low,High,Medium,Severe,High,Minimal (Cleanser only),Niacinamide,"Gentle foaming cleanser, BHA exfoliation 2-3x/week, oil-free moisturizer, broad-spectrum non-comedogenic SPF 50.",Acne
PAT-01730,41,Male,Combination,Dryness,Scaling and irritation with seasonal change,Medium,Yes,No,Forehead,Low,Medium,Low,Medium,None,Low,Elaborate (Cleanser + Toner + Serum + Moisturizer + Sunscreen),Squalane,"Hydrating cream cleanser, multi-molecular HA serum, ceramide-rich barrier cream, hydrating mineral sunscreen.",Dryness
PAT-01731,19,Female,Sensitive,Redness,Rosacea-like cheek flushing and burning feeling,Medium,No,Essential Oils,Full Face,Medium,Medium,High,Low,None,Low,Elaborate (Cleanser + Toner + Serum + Moisturizer + Sunscreen),Centella Asiatica,"Calming micellar water, barrier-restoring cica cream, fragrance-free physical zinc sunscreen, avoiding thermal/harsh triggers.",Redness
PAT-01732,43,Female,Normal,No major concern,Balanced skin with occasional minor shine,Low,No,No,Full Face,Medium,Medium,Low,Low,None,Low,Basic (Cleanser + Moisturizer),Peptides,"Gentle daily cleanser, lightweight antioxidant hydrating gel, daily SPF 50 sunscreen maintenance.",No major concern
PAT-01733,33,Male,Combination,Dryness,Rough texture and visible fine dry patches,Medium,Yes,No,Cheeks,Low,High,Medium,Medium,None,Medium,Minimal (Cleanser only),Squalane,"Hydrating cream cleanser, multi-molecular HA serum, ceramide-rich barrier cream, hydrating mineral sunscreen.",Dryness
PAT-01734,21,Male,Sensitive,Acne,Whiteheads and blackheads on T-zone,High,Yes,Fragrance,Cheeks,High,Low,High,Low,Moderate,Medium,Elaborate (Cleanser + Toner + Serum + Moisturizer + Sunscreen),Niacinamide,"Gentle foaming cleanser, BHA exfoliation 2-3x/week, oil-free moisturizer, broad-spectrum non-comedogenic SPF 50.",Acne
PAT-01735,33,Male,Combination,Dryness,Rough texture and visible fine dry patches,Medium,No,No,Forehead,Low,High,Low,Low,None,Medium,Basic (Cleanser + Moisturizer),Hyaluronic Acid,"Hydrating cream cleanser, multi-molecular HA serum, ceramide-rich barrier cream, hydrating mineral sunscreen.",Dryness
PAT-01736,26,Male,Dry,Hyperpigmentation,Post-inflammatory dark marks across forehead,Low,Yes,No,Cheeks and Nose,Medium,Medium,Low,High,None,High,Basic (Cleanser + Moisturizer),Vitamin C,"Antioxidant brightening serum, daily broad-spectrum SPF 50+ reapplication, gentle exfoliating tonic, soothing moisturizer.",Hyperpigmentation
PAT-01737,17,Female,Combination,No major concern,Healthy skin barrier with minimal seasonal dryness,Low,No,No,Full Face,Medium,Low,Low,Low,None,Low,Minimal (Cleanser only),Vitamin C,"Gentle daily cleanser, lightweight antioxidant hydrating gel, daily SPF 50 sunscreen maintenance.",No major concern
PAT-01738,25,Male,Combination,Acne,Inflamed red pimples and occasional pustules,Medium,Yes,Essential Oils,Jawline,Medium,High,Low,Medium,Severe,Low,Elaborate (Cleanser + Toner + Serum + Moisturizer + Sunscreen),Zinc PCA,"Gentle foaming cleanser, BHA exfoliation 2-3x/week, oil-free moisturizer, broad-spectrum non-comedogenic SPF 50.",Acne
PAT-01739,29,Female,Oily,Acne,Whiteheads and blackheads on T-zone,Medium,Yes,None,Jawline,High,Medium,High,Low,Mild,Medium,Basic (Cleanser + Moisturizer),Salicylic Acid,"Gentle foaming cleanser, BHA exfoliation 2-3x/week, oil-free moisturizer, broad-spectrum non-comedogenic SPF 50.",Acne
PAT-01740,33,Male,Combination,Hyperpigmentation,Post-inflammatory dark marks across forehead,Low,No,No,Cheeks and Nose,High,Low,Medium,Medium,None,Low,Minimal (Cleanser only),Tranexamic Acid,"Antioxidant brightening serum, daily broad-spectrum SPF 50+ reapplication, gentle exfoliating tonic, soothing moisturizer.",Hyperpigmentation
PAT-01741,26,Female,Sensitive,Redness,Persistent facial flushing and visible capillaries,High,No,Fragrance,Cheeks,High,Medium,Medium,Low,None,High,Elaborate (Cleanser + Toner + Serum + Moisturizer + Sunscreen),Centella Asiatica,"Calming micellar water, barrier-restoring cica cream, fragrance-free physical zinc sunscreen, avoiding thermal/harsh triggers.",Redness
PAT-01742,31,Female,Oily,No major concern,Healthy skin barrier with minimal seasonal dryness,Low,Yes,No,None,Low,Low,Low,Low,None,Medium,Moderate (Cleanser + Moisturizer + Sunscreen),Hyaluronic Acid,"Gentle daily cleanser, lightweight antioxidant hydrating gel, daily SPF 50 sunscreen maintenance.",No major concern
PAT-01743,26,Male,Oily,Dandruff,"Scalp tightness, flaking, and itching after sweat",High,Yes,No,Scalp and Upper Forehead,High,Medium,Medium,Low,None,Medium,Elaborate (Cleanser + Toner + Serum + Moisturizer + Sunscreen),Tea Tree Oil,"Anti-dandruff clarifying shampoo 2-3x weekly, scalp soothing tonic with panthenol, avoiding scalding water showers.",Dandruff
PAT-01744,20,Male,Combination,No major concern,Balanced skin with occasional minor shine,Low,No,No,None,Medium,Low,Low,Low,None,Medium,Minimal (Cleanser only),Niacinamide,"Gentle daily cleanser, lightweight antioxidant hydrating gel, daily SPF 50 sunscreen maintenance.",No major concern
PAT-01745,28,Female,Combination,No major concern,"No noticeable irritation, balanced oil and moisture",Low,No,No,T-Zone,Medium,Low,Low,Low,None,Low,Minimal (Cleanser only),Niacinamide,"Gentle daily cleanser, lightweight antioxidant hydrating gel, daily SPF 50 sunscreen maintenance.",No major concern
PAT-01746,18,Female,Normal,Acne,Tender red bumps along jawline and cheeks,Medium,Yes,None,Jawline,Medium,Low,Medium,Low,Severe,High,Minimal (Cleanser only),Tea Tree Extract,"Gentle foaming cleanser, BHA exfoliation 2-3x/week, oil-free moisturizer, broad-spectrum non-comedogenic SPF 50.",Acne
PAT-01747,53,Female,Sensitive,Dryness,Ashy skin tone and lack of suppleness,Low,No,No,Around Mouth,Medium,Medium,Low,Medium,None,Low,Elaborate (Cleanser + Toner + Serum + Moisturizer + Sunscreen),Glycerin,"Hydrating cream cleanser, multi-molecular HA serum, ceramide-rich barrier cream, hydrating mineral sunscreen.",Dryness
PAT-01748,19,Female,Oily,Acne,Whiteheads and blackheads on T-zone,Medium,Yes,No,Cheeks,High,Low,Medium,Medium,Mild,High,Moderate (Cleanser + Moisturizer + Sunscreen),Niacinamide,"Gentle foaming cleanser, BHA exfoliation 2-3x/week, oil-free moisturizer, broad-spectrum non-comedogenic SPF 50.",Acne
PAT-01749,28,Male,Oily,No major concern,Healthy skin barrier with minimal seasonal dryness,Medium,No,None,T-Zone,Low,Low,Low,Low,None,Low,Elaborate (Cleanser + Toner + Serum + Moisturizer + Sunscreen),Vitamin C,"Gentle daily cleanser, lightweight antioxidant hydrating gel, daily SPF 50 sunscreen maintenance.",No major concern
PAT-01750,23,Male,Oily,Acne,Occasional cystic breakouts and oily shine,Low,Yes,No,Cheeks,High,Low,Low,Low,Mild,Medium,Moderate (Cleanser + Moisturizer + Sunscreen),Salicylic Acid,"Gentle foaming cleanser, BHA exfoliation 2-3x/week, oil-free moisturizer, broad-spectrum non-comedogenic SPF 50.",Acne
PAT-01751,30,Female,Oily,Acne,Inflamed red pimples and occasional pustules,Medium,Yes,Fragrance,Forehead,Medium,Low,Medium,High,Mild,High,Elaborate (Cleanser + Toner + Serum + Moisturizer + Sunscreen),Salicylic Acid,"Gentle foaming cleanser, BHA exfoliation 2-3x/week, oil-free moisturizer, broad-spectrum non-comedogenic SPF 50.",Acne
PAT-01752,37,Female,Sensitive,Hyperpigmentation,Post-inflammatory dark marks across forehead,High,No,No,Cheeks and Nose,High,Low,Medium,High,None,High,Basic (Cleanser + Moisturizer),Alpha Arbutin,"Antioxidant brightening serum, daily broad-spectrum SPF 50+ reapplication, gentle exfoliating tonic, soothing moisturizer.",Hyperpigmentation
PAT-01753,15,Male,Normal,No major concern,Even complexion with no active breakouts or irritation,Low,Yes,None,None,Medium,Medium,Low,Low,None,Medium,Minimal (Cleanser only),Vitamin C,"Gentle daily cleanser, lightweight antioxidant hydrating gel, daily SPF 50 sunscreen maintenance.",No major concern
PAT-01754,34,Female,Normal,Hyperpigmentation,Sun spots and localized brown patches on cheeks,Medium,No,No,Forehead,Medium,Medium,Medium,High,None,Low,Basic (Cleanser + Moisturizer),Niacinamide,"Antioxidant brightening serum, daily broad-spectrum SPF 50+ reapplication, gentle exfoliating tonic, soothing moisturizer.",Hyperpigmentation
PAT-01755,21,Male,Dry,Dryness,Ashy skin tone and lack of suppleness,Low,No,No,Forehead,Low,High,Low,Low,None,Low,Minimal (Cleanser only),Hyaluronic Acid,"Hydrating cream cleanser, multi-molecular HA serum, ceramide-rich barrier cream, hydrating mineral sunscreen.",Dryness
PAT-01756,60,Female,Dry,Dryness,Scaling and irritation with seasonal change,High,No,No,Around Mouth,Low,Medium,High,Low,None,Medium,Basic (Cleanser + Moisturizer),Ceramides,"Hydrating cream cleanser, multi-molecular HA serum, ceramide-rich barrier cream, hydrating mineral sunscreen.",Dryness
PAT-01757,17,Male,Combination,Acne,Occasional cystic breakouts and oily shine,Medium,Yes,No,T-Zone,High,Low,Medium,High,Moderate,Low,Minimal (Cleanser only),Niacinamide,"Gentle foaming cleanser, BHA exfoliation 2-3x/week, oil-free moisturizer, broad-spectrum non-comedogenic SPF 50.",Acne
PAT-01758,23,Female,Dry,Dryness,"Persistent tightness and dull, parched skin",High,No,Sulfates,Around Mouth,Low,High,Medium,Medium,None,Medium,Basic (Cleanser + Moisturizer),Glycerin,"Hydrating cream cleanser, multi-molecular HA serum, ceramide-rich barrier cream, hydrating mineral sunscreen.",Dryness
PAT-01759,19,Male,Oily,Acne,Occasional cystic breakouts and oily shine,Medium,Yes,Fragrance,T-Zone,Medium,Low,High,Medium,Mild,High,Minimal (Cleanser only),Niacinamide,"Gentle foaming cleanser, BHA exfoliation 2-3x/week, oil-free moisturizer, broad-spectrum non-comedogenic SPF 50.",Acne
PAT-01760,34,Female,Sensitive,Hyperpigmentation,Melasma-like discoloration on cheeks and upper lip,Medium,No,No,Cheeks,Medium,Low,Low,High,None,High,Basic (Cleanser + Moisturizer),Vitamin C,"Antioxidant brightening serum, daily broad-spectrum SPF 50+ reapplication, gentle exfoliating tonic, soothing moisturizer.",Hyperpigmentation
PAT-01761,36,Male,Normal,Hyperpigmentation,Melasma-like discoloration on cheeks and upper lip,High,Yes,No,Full Face,High,Medium,Low,High,None,Medium,Moderate (Cleanser + Moisturizer + Sunscreen),Niacinamide,"Antioxidant brightening serum, daily broad-spectrum SPF 50+ reapplication, gentle exfoliating tonic, soothing moisturizer.",Hyperpigmentation
PAT-01762,23,Female,Normal,No major concern,Balanced skin with occasional minor shine,Medium,No,None,None,Medium,Low,Low,Low,None,Medium,Moderate (Cleanser + Moisturizer + Sunscreen),Hyaluronic Acid,"Gentle daily cleanser, lightweight antioxidant hydrating gel, daily SPF 50 sunscreen maintenance.",No major concern
PAT-01763,15,Male,Sensitive,Acne,Occasional cystic breakouts and oily shine,Medium,Yes,No,Full Face,High,Low,Medium,Medium,Moderate,Medium,Minimal (Cleanser only),Zinc PCA,"Gentle foaming cleanser, BHA exfoliation 2-3x/week, oil-free moisturizer, broad-spectrum non-comedogenic SPF 50.",Acne
PAT-01764,24,Male,Combination,Acne,Tender red bumps along jawline and cheeks,Medium,Yes,None,Jawline,Medium,Low,Medium,High,Moderate,Medium,Minimal (Cleanser only),Zinc PCA,"Gentle foaming cleanser, BHA exfoliation 2-3x/week, oil-free moisturizer, broad-spectrum non-comedogenic SPF 50.",Acne
PAT-01765,16,Male,Sensitive,Dryness,Ashy skin tone and lack of suppleness,Low,No,Fragrance,Cheeks,Low,High,Medium,Low,None,Medium,Minimal (Cleanser only),Squalane,"Hydrating cream cleanser, multi-molecular HA serum, ceramide-rich barrier cream, hydrating mineral sunscreen.",Dryness
PAT-01766,22,Male,Combination,Acne,Inflamed red pimples and occasional pustules,High,Yes,Fragrance,Forehead,High,Medium,High,Medium,Moderate,High,Basic (Cleanser + Moisturizer),Tea Tree Extract,"Gentle foaming cleanser, BHA exfoliation 2-3x/week, oil-free moisturizer, broad-spectrum non-comedogenic SPF 50.",Acne
PAT-01767,35,Female,Combination,Hyperpigmentation,Dull complexion with patchy sun discoloration,High,No,No,Cheeks and Nose,Low,Low,Low,High,None,Medium,Minimal (Cleanser only),Kojic Acid,"Antioxidant brightening serum, daily broad-spectrum SPF 50+ reapplication, gentle exfoliating tonic, soothing moisturizer.",Hyperpigmentation
PAT-01768,42,Male,Normal,Hyperpigmentation,Post-inflammatory dark marks across forehead,High,No,No,Forehead,High,Medium,Medium,High,Mild,High,Minimal (Cleanser only),Vitamin C,"Antioxidant brightening serum, daily broad-spectrum SPF 50+ reapplication, gentle exfoliating tonic, soothing moisturizer.",Hyperpigmentation
PAT-01769,26,Male,Normal,No major concern,Healthy skin barrier with minimal seasonal dryness,Low,No,No,T-Zone,Medium,Medium,Low,Low,None,Low,Minimal (Cleanser only),Niacinamide,"Gentle daily cleanser, lightweight antioxidant hydrating gel, daily SPF 50 sunscreen maintenance.",No major concern
PAT-01770,28,Male,Dry,Redness,"Irritation, blotchiness, and sudden redness flare-ups",High,No,Essential Oils,Full Face,Low,Medium,High,Medium,None,Medium,Moderate (Cleanser + Moisturizer + Sunscreen),Allantoin,"Calming micellar water, barrier-restoring cica cream, fragrance-free physical zinc sunscreen, avoiding thermal/harsh triggers.",Redness
PAT-01771,30,Male,Combination,Acne,Whiteheads and blackheads on T-zone,Medium,Yes,None,Forehead,High,Medium,Low,Medium,Moderate,Medium,Moderate (Cleanser + Moisturizer + Sunscreen),Salicylic Acid,"Gentle foaming cleanser, BHA exfoliation 2-3x/week, oil-free moisturizer, broad-spectrum non-comedogenic SPF 50.",Acne
PAT-01772,32,Female,Normal,Hyperpigmentation,Post-inflammatory dark marks across forehead,Medium,No,No,Forehead,High,Low,Low,Medium,None,High,Basic (Cleanser + Moisturizer),Alpha Arbutin,"Antioxidant brightening serum, daily broad-spectrum SPF 50+ reapplication, gentle exfoliating tonic, soothing moisturizer.",Hyperpigmentation
PAT-01773,35,Female,Normal,Hyperpigmentation,Sun spots and localized brown patches on cheeks,High,No,No,Cheeks and Nose,High,Low,Low,High,Mild,Medium,Elaborate (Cleanser + Toner + Serum + Moisturizer + Sunscreen),Niacinamide,"Antioxidant brightening serum, daily broad-spectrum SPF 50+ reapplication, gentle exfoliating tonic, soothing moisturizer.",Hyperpigmentation
PAT-01774,30,Female,Sensitive,Dryness,Scaling and irritation with seasonal change,Medium,No,No,Around Mouth,Medium,High,Medium,Low,None,Medium,Minimal (Cleanser only),Centella Asiatica,"Hydrating cream cleanser, multi-molecular HA serum, ceramide-rich barrier cream, hydrating mineral sunscreen.",Dryness
PAT-01775,27,Female,Sensitive,Hyperpigmentation,Sun spots and localized brown patches on cheeks,Medium,Yes,No,Cheeks,Medium,Low,Medium,High,None,Medium,Minimal (Cleanser only),Tranexamic Acid,"Antioxidant brightening serum, daily broad-spectrum SPF 50+ reapplication, gentle exfoliating tonic, soothing moisturizer.",Hyperpigmentation
PAT-01776,19,Male,Normal,No major concern,Even complexion with no active breakouts or irritation,Low,Yes,No,T-Zone,Low,Medium,Low,Low,None,Low,Elaborate (Cleanser + Toner + Serum + Moisturizer + Sunscreen),Niacinamide,"Gentle daily cleanser, lightweight antioxidant hydrating gel, daily SPF 50 sunscreen maintenance.",No major concern
PAT-01777,29,Male,Dry,Hyperpigmentation,Melasma-like discoloration on cheeks and upper lip,Medium,Yes,No,Cheeks,Medium,Medium,Low,Medium,None,High,Elaborate (Cleanser + Toner + Serum + Moisturizer + Sunscreen),Alpha Arbutin,"Antioxidant brightening serum, daily broad-spectrum SPF 50+ reapplication, gentle exfoliating tonic, soothing moisturizer.",Hyperpigmentation
PAT-01778,35,Male,Oily,Dandruff,Greasy scalp scaling and mild scalp irritation,Medium,Yes,No,Scalp and Upper Forehead,Medium,High,Medium,Low,None,Medium,Minimal (Cleanser only),Zinc Pyrithione,"Anti-dandruff clarifying shampoo 2-3x weekly, scalp soothing tonic with panthenol, avoiding scalding water showers.",Dandruff
PAT-01779,30,Female,Oily,Dandruff,"Scalp tightness, flaking, and itching after sweat",Medium,No,No,Hairline,Medium,Medium,Low,Low,None,High,Moderate (Cleanser + Moisturizer + Sunscreen),Ketoconazole,"Anti-dandruff clarifying shampoo 2-3x weekly, scalp soothing tonic with panthenol, avoiding scalding water showers.",Dandruff
PAT-01780,21,Female,Normal,Dandruff,Itchy scalp with visible white/yellow flakes,High,Yes,No,Hairline,Low,Low,Medium,Low,None,Medium,Basic (Cleanser + Moisturizer),Selenium Sulfide,"Anti-dandruff clarifying shampoo 2-3x weekly, scalp soothing tonic with panthenol, avoiding scalding water showers.",Dandruff
PAT-01781,25,Female,Oily,Dandruff,Greasy scalp scaling and mild scalp irritation,High,No,No,Scalp and Upper Forehead,Medium,Medium,Low,Low,None,Medium,Elaborate (Cleanser + Toner + Serum + Moisturizer + Sunscreen),Zinc Pyrithione,"Anti-dandruff clarifying shampoo 2-3x weekly, scalp soothing tonic with panthenol, avoiding scalding water showers.",Dandruff
PAT-01782,39,Female,Dry,Dryness,Scaling and irritation with seasonal change,Medium,No,None,Full Face,Low,High,Low,Medium,None,High,Moderate (Cleanser + Moisturizer + Sunscreen),Hyaluronic Acid,"Hydrating cream cleanser, multi-molecular HA serum, ceramide-rich barrier cream, hydrating mineral sunscreen.",Dryness
PAT-01783,54,Male,Dry,Dryness,Scaling and irritation with seasonal change,High,No,Preservatives,Full Face,Low,Medium,Low,Medium,None,Medium,Moderate (Cleanser + Moisturizer + Sunscreen),Ceramides,"Hydrating cream cleanser, multi-molecular HA serum, ceramide-rich barrier cream, hydrating mineral sunscreen.",Dryness
PAT-01784,37,Male,Sensitive,Redness,Persistent facial flushing and visible capillaries,High,No,Essential Oils,Full Face,Low,Low,High,Low,None,High,Moderate (Cleanser + Moisturizer + Sunscreen),Centella Asiatica,"Calming micellar water, barrier-restoring cica cream, fragrance-free physical zinc sunscreen, avoiding thermal/harsh triggers.",Redness
PAT-01785,40,Male,Combination,Hyperpigmentation,Dark spots and uneven skin tone from previous acne,Low,No,No,Cheeks,Low,Low,Low,High,Mild,High,Moderate (Cleanser + Moisturizer + Sunscreen),Alpha Arbutin,"Antioxidant brightening serum, daily broad-spectrum SPF 50+ reapplication, gentle exfoliating tonic, soothing moisturizer.",Hyperpigmentation
PAT-01786,46,Male,Sensitive,Hyperpigmentation,Post-inflammatory dark marks across forehead,Medium,Yes,No,Cheeks and Nose,Medium,Low,Low,High,None,High,Minimal (Cleanser only),Niacinamide,"Antioxidant brightening serum, daily broad-spectrum SPF 50+ reapplication, gentle exfoliating tonic, soothing moisturizer.",Hyperpigmentation
PAT-01787,31,Male,Dry,Dryness,"Persistent tightness and dull, parched skin",Medium,No,No,Around Mouth,Low,High,Low,Medium,None,High,Moderate (Cleanser + Moisturizer + Sunscreen),Centella Asiatica,"Hydrating cream cleanser, multi-molecular HA serum, ceramide-rich barrier cream, hydrating mineral sunscreen.",Dryness
PAT-01788,23,Male,Combination,Acne,Whiteheads and blackheads on T-zone,Medium,No,No,T-Zone,Medium,Low,High,Low,Moderate,Low,Elaborate (Cleanser + Toner + Serum + Moisturizer + Sunscreen),Salicylic Acid,"Gentle foaming cleanser, BHA exfoliation 2-3x/week, oil-free moisturizer, broad-spectrum non-comedogenic SPF 50.",Acne
PAT-01789,31,Female,Oily,Hyperpigmentation,Dull complexion with patchy sun discoloration,Low,No,No,Cheeks,High,Medium,Medium,Medium,None,Medium,Elaborate (Cleanser + Toner + Serum + Moisturizer + Sunscreen),Vitamin C,"Antioxidant brightening serum, daily broad-spectrum SPF 50+ reapplication, gentle exfoliating tonic, soothing moisturizer.",Hyperpigmentation
PAT-01790,19,Female,Combination,No major concern,Smooth texture with no persistent discomfort,Low,No,No,None,Medium,Medium,Low,Low,None,Low,Basic (Cleanser + Moisturizer),Ceramides,"Gentle daily cleanser, lightweight antioxidant hydrating gel, daily SPF 50 sunscreen maintenance.",No major concern
PAT-01791,30,Female,Oily,Acne,Clogged pores with recurring breakouts,Low,Yes,No,Forehead,High,Medium,High,Medium,Mild,Medium,Basic (Cleanser + Moisturizer),Zinc PCA,"Gentle foaming cleanser, BHA exfoliation 2-3x/week, oil-free moisturizer, broad-spectrum non-comedogenic SPF 50.",Acne
PAT-01792,43,Female,Normal,Hyperpigmentation,Dull complexion with patchy sun discoloration,Medium,Yes,No,Forehead,Low,Low,Low,Medium,Mild,High,Minimal (Cleanser only),Vitamin C,"Antioxidant brightening serum, daily broad-spectrum SPF 50+ reapplication, gentle exfoliating tonic, soothing moisturizer.",Hyperpigmentation
PAT-01793,20,Female,Combination,No major concern,"No noticeable irritation, balanced oil and moisture",Low,Yes,No,None,Medium,Medium,Low,Low,None,High,Basic (Cleanser + Moisturizer),Vitamin C,"Gentle daily cleanser, lightweight antioxidant hydrating gel, daily SPF 50 sunscreen maintenance.",No major concern
PAT-01794,45,Female,Normal,No major concern,Healthy skin barrier with minimal seasonal dryness,Low,Yes,No,Full Face,Low,Low,Low,Low,None,Low,Basic (Cleanser + Moisturizer),Peptides,"Gentle daily cleanser, lightweight antioxidant hydrating gel, daily SPF 50 sunscreen maintenance.",No major concern
PAT-01795,37,Female,Sensitive,Redness,"Irritation, blotchiness, and sudden redness flare-ups",High,No,Alcohol,Cheeks,Low,Medium,Medium,Low,Mild,High,Minimal (Cleanser only),Azelaic Acid,"Calming micellar water, barrier-restoring cica cream, fragrance-free physical zinc sunscreen, avoiding thermal/harsh triggers.",Redness
PAT-01796,27,Male,Sensitive,Redness,"Irritation, blotchiness, and sudden redness flare-ups",High,Yes,Fragrance,Nose and Cheeks,Medium,Medium,High,Low,None,Low,Elaborate (Cleanser + Toner + Serum + Moisturizer + Sunscreen),Centella Asiatica,"Calming micellar water, barrier-restoring cica cream, fragrance-free physical zinc sunscreen, avoiding thermal/harsh triggers.",Redness
PAT-01797,50,Male,Sensitive,Redness,Rosacea-like cheek flushing and burning feeling,High,No,None,T-Zone,Medium,Medium,High,Medium,Mild,Low,Elaborate (Cleanser + Toner + Serum + Moisturizer + Sunscreen),Panthenol,"Calming micellar water, barrier-restoring cica cream, fragrance-free physical zinc sunscreen, avoiding thermal/harsh triggers.",Redness
PAT-01798,32,Female,Sensitive,Acne,Tender red bumps along jawline and cheeks,High,Yes,No,Jawline,High,Low,Medium,Low,Mild,Medium,Elaborate (Cleanser + Toner + Serum + Moisturizer + Sunscreen),Salicylic Acid,"Gentle foaming cleanser, BHA exfoliation 2-3x/week, oil-free moisturizer, broad-spectrum non-comedogenic SPF 50.",Acne
PAT-01799,22,Female,Oily,Dandruff,Greasy scalp scaling and mild scalp irritation,Medium,Yes,No,Scalp,Medium,High,High,Low,None,Low,Basic (Cleanser + Moisturizer),Salicylic Acid,"Anti-dandruff clarifying shampoo 2-3x weekly, scalp soothing tonic with panthenol, avoiding scalding water showers.",Dandruff
PAT-01800,36,Female,Normal,Hyperpigmentation,Melasma-like discoloration on cheeks and upper lip,Low,No,No,Forehead,Medium,Medium,Low,Medium,Mild,Medium,Minimal (Cleanser only),Vitamin C,"Antioxidant brightening serum, daily broad-spectrum SPF 50+ reapplication, gentle exfoliating tonic, soothing moisturizer.",Hyperpigmentation
PAT-01801,15,Male,Oily,Acne,Whiteheads and blackheads on T-zone,High,Yes,No,Cheeks,Medium,Low,Low,Low,Mild,High,Moderate (Cleanser + Moisturizer + Sunscreen),Niacinamide,"Gentle foaming cleanser, BHA exfoliation 2-3x/week, oil-free moisturizer, broad-spectrum non-comedogenic SPF 50.",Acne
PAT-01802,15,Male,Oily,Acne,Occasional cystic breakouts and oily shine,Medium,No,No,Jawline,Low,Low,Medium,Low,Moderate,Medium,Minimal (Cleanser only),Salicylic Acid,"Gentle foaming cleanser, BHA exfoliation 2-3x/week, oil-free moisturizer, broad-spectrum non-comedogenic SPF 50.",Acne
PAT-01803,26,Male,Oily,Acne,Clogged pores with recurring breakouts,Medium,Yes,No,Full Face,Medium,Low,Low,Low,Severe,High,Moderate (Cleanser + Moisturizer + Sunscreen),Niacinamide,"Gentle foaming cleanser, BHA exfoliation 2-3x/week, oil-free moisturizer, broad-spectrum non-comedogenic SPF 50.",Acne
PAT-01804,54,Male,Combination,Hyperpigmentation,Dark spots and uneven skin tone from previous acne,High,No,No,Full Face,Medium,Low,Low,High,None,High,Moderate (Cleanser + Moisturizer + Sunscreen),Alpha Arbutin,"Antioxidant brightening serum, daily broad-spectrum SPF 50+ reapplication, gentle exfoliating tonic, soothing moisturizer.",Hyperpigmentation
PAT-01805,41,Female,Normal,Hyperpigmentation,Post-inflammatory dark marks across forehead,Medium,Yes,No,Full Face,Low,Low,Low,High,Mild,Medium,Elaborate (Cleanser + Toner + Serum + Moisturizer + Sunscreen),Vitamin C,"Antioxidant brightening serum, daily broad-spectrum SPF 50+ reapplication, gentle exfoliating tonic, soothing moisturizer.",Hyperpigmentation
PAT-01806,33,Male,Dry,Dryness,Rough texture and visible fine dry patches,Low,No,No,Full Face,Low,Medium,Medium,Medium,None,Medium,Elaborate (Cleanser + Toner + Serum + Moisturizer + Sunscreen),Squalane,"Hydrating cream cleanser, multi-molecular HA serum, ceramide-rich barrier cream, hydrating mineral sunscreen.",Dryness
PAT-01807,29,Male,Oily,Dandruff,Dry flaking along hairline and upper forehead,Low,Yes,No,Hairline,Medium,High,Medium,Low,None,High,Basic (Cleanser + Moisturizer),Salicylic Acid,"Anti-dandruff clarifying shampoo 2-3x weekly, scalp soothing tonic with panthenol, avoiding scalding water showers.",Dandruff
PAT-01808,26,Male,Oily,Dandruff,"Scalp tightness, flaking, and itching after sweat",Medium,No,No,Scalp,High,High,Low,Low,None,Low,Minimal (Cleanser only),Zinc Pyrithione,"Anti-dandruff clarifying shampoo 2-3x weekly, scalp soothing tonic with panthenol, avoiding scalding water showers.",Dandruff
PAT-01809,37,Female,Dry,Redness,Persistent facial flushing and visible capillaries,High,Yes,Alcohol,Cheeks,Low,Low,High,Low,None,Low,Elaborate (Cleanser + Toner + Serum + Moisturizer + Sunscreen),Madecassoside,"Calming micellar water, barrier-restoring cica cream, fragrance-free physical zinc sunscreen, avoiding thermal/harsh triggers.",Redness
PAT-01810,30,Female,Normal,No major concern,"No noticeable irritation, balanced oil and moisture",Low,No,No,T-Zone,Medium,Low,Low,Low,None,Medium,Elaborate (Cleanser + Toner + Serum + Moisturizer + Sunscreen),Vitamin C,"Gentle daily cleanser, lightweight antioxidant hydrating gel, daily SPF 50 sunscreen maintenance.",No major concern
PAT-01811,21,Female,Oily,Dandruff,"Scalp tightness, flaking, and itching after sweat",Medium,Yes,Sulfates,Hairline,High,Low,Low,Low,None,Low,Basic (Cleanser + Moisturizer),Zinc Pyrithione,"Anti-dandruff clarifying shampoo 2-3x weekly, scalp soothing tonic with panthenol, avoiding scalding water showers.",Dandruff
PAT-01812,18,Male,Combination,Dandruff,Persistent scalp dandruff and mild redness at hair root,Medium,No,No,Scalp and Upper Forehead,Medium,Medium,Medium,Low,None,Low,Elaborate (Cleanser + Toner + Serum + Moisturizer + Sunscreen),Salicylic Acid,"Anti-dandruff clarifying shampoo 2-3x weekly, scalp soothing tonic with panthenol, avoiding scalding water showers.",Dandruff
PAT-01813,29,Female,Normal,Dandruff,"Scalp tightness, flaking, and itching after sweat",Low,Yes,Sulfates,Scalp,High,High,High,Low,None,Medium,Moderate (Cleanser + Moisturizer + Sunscreen),Tea Tree Oil,"Anti-dandruff clarifying shampoo 2-3x weekly, scalp soothing tonic with panthenol, avoiding scalding water showers.",Dandruff
PAT-01814,16,Male,Oily,Acne,Occasional cystic breakouts and oily shine,High,Yes,Essential Oils,Full Face,Medium,Low,High,Low,Mild,Medium,Elaborate (Cleanser + Toner + Serum + Moisturizer + Sunscreen),Zinc PCA,"Gentle foaming cleanser, BHA exfoliation 2-3x/week, oil-free moisturizer, broad-spectrum non-comedogenic SPF 50.",Acne
PAT-01815,39,Female,Combination,Hyperpigmentation,Sun spots and localized brown patches on cheeks,Medium,Yes,No,Cheeks and Nose,Low,Low,Medium,High,None,Medium,Moderate (Cleanser + Moisturizer + Sunscreen),Vitamin C,"Antioxidant brightening serum, daily broad-spectrum SPF 50+ reapplication, gentle exfoliating tonic, soothing moisturizer.",Hyperpigmentation
PAT-01816,26,Male,Oily,Acne,Tender red bumps along jawline and cheeks,Medium,Yes,None,Forehead,High,Low,Medium,Low,Mild,High,Minimal (Cleanser only),Niacinamide,"Gentle foaming cleanser, BHA exfoliation 2-3x/week, oil-free moisturizer, broad-spectrum non-comedogenic SPF 50.",Acne
PAT-01817,48,Male,Combination,Hyperpigmentation,Dark spots and uneven skin tone from previous acne,Medium,Yes,No,Full Face,Medium,Low,Low,Medium,None,Low,Minimal (Cleanser only),Alpha Arbutin,"Antioxidant brightening serum, daily broad-spectrum SPF 50+ reapplication, gentle exfoliating tonic, soothing moisturizer.",Hyperpigmentation
PAT-01818,25,Male,Combination,Acne,Inflamed red pimples and occasional pustules,Low,No,Fragrance,Full Face,Medium,Low,High,High,Mild,High,Minimal (Cleanser only),Niacinamide,"Gentle foaming cleanser, BHA exfoliation 2-3x/week, oil-free moisturizer, broad-spectrum non-comedogenic SPF 50.",Acne
PAT-01819,15,Male,Normal,No major concern,Healthy skin barrier with minimal seasonal dryness,Low,Yes,No,None,Low,Low,Low,Low,None,High,Minimal (Cleanser only),Hyaluronic Acid,"Gentle daily cleanser, lightweight antioxidant hydrating gel, daily SPF 50 sunscreen maintenance.",No major concern
PAT-01820,36,Male,Sensitive,Redness,Sensitivity to wind and skin barrier discomfort,High,Yes,Fragrance,Nose and Cheeks,Low,Medium,High,Low,None,High,Minimal (Cleanser only),Centella Asiatica,"Calming micellar water, barrier-restoring cica cream, fragrance-free physical zinc sunscreen, avoiding thermal/harsh triggers.",Redness
PAT-01821,27,Female,Normal,No major concern,Smooth texture with no persistent discomfort,Low,No,No,Full Face,Low,Low,Low,Low,None,Medium,Elaborate (Cleanser + Toner + Serum + Moisturizer + Sunscreen),Hyaluronic Acid,"Gentle daily cleanser, lightweight antioxidant hydrating gel, daily SPF 50 sunscreen maintenance.",No major concern
PAT-01822,25,Male,Combination,Acne,Occasional cystic breakouts and oily shine,Low,No,No,Full Face,Medium,Low,Medium,Medium,Moderate,Low,Moderate (Cleanser + Moisturizer + Sunscreen),Zinc PCA,"Gentle foaming cleanser, BHA exfoliation 2-3x/week, oil-free moisturizer, broad-spectrum non-comedogenic SPF 50.",Acne
PAT-01823,19,Female,Oily,Acne,Occasional cystic breakouts and oily shine,Medium,No,No,T-Zone,Medium,Low,High,Low,Moderate,Low,Elaborate (Cleanser + Toner + Serum + Moisturizer + Sunscreen),Salicylic Acid,"Gentle foaming cleanser, BHA exfoliation 2-3x/week, oil-free moisturizer, broad-spectrum non-comedogenic SPF 50.",Acne
PAT-01824,25,Male,Normal,Dryness,Scaling and irritation with seasonal change,High,No,Essential Oils,Cheeks,Low,High,Low,Low,None,Medium,Moderate (Cleanser + Moisturizer + Sunscreen),Glycerin,"Hydrating cream cleanser, multi-molecular HA serum, ceramide-rich barrier cream, hydrating mineral sunscreen.",Dryness
PAT-01825,32,Female,Normal,No major concern,Even complexion with no active breakouts or irritation,Low,Yes,No,Full Face,Low,Low,Low,Low,None,Medium,Minimal (Cleanser only),Peptides,"Gentle daily cleanser, lightweight antioxidant hydrating gel, daily SPF 50 sunscreen maintenance.",No major concern
PAT-01826,25,Male,Combination,No major concern,"No noticeable irritation, balanced oil and moisture",Medium,No,None,Full Face,Low,Medium,Low,Low,None,Low,Moderate (Cleanser + Moisturizer + Sunscreen),Ceramides,"Gentle daily cleanser, lightweight antioxidant hydrating gel, daily SPF 50 sunscreen maintenance.",No major concern
PAT-01827,27,Male,Normal,Acne,Inflamed red pimples and occasional pustules,High,Yes,Fragrance,Forehead,High,Low,Medium,Low,Moderate,Low,Elaborate (Cleanser + Toner + Serum + Moisturizer + Sunscreen),Azelaic Acid,"Gentle foaming cleanser, BHA exfoliation 2-3x/week, oil-free moisturizer, broad-spectrum non-comedogenic SPF 50.",Acne
PAT-01828,27,Male,Oily,Acne,Whiteheads and blackheads on T-zone,Low,Yes,No,Full Face,High,Low,High,Medium,Mild,High,Moderate (Cleanser + Moisturizer + Sunscreen),Zinc PCA,"Gentle foaming cleanser, BHA exfoliation 2-3x/week, oil-free moisturizer, broad-spectrum non-comedogenic SPF 50.",Acne
PAT-01829,35,Male,Dry,Dryness,"Persistent tightness and dull, parched skin",High,No,Fragrance,Forehead,Low,Medium,Low,Low,None,Low,Minimal (Cleanser only),Hyaluronic Acid,"Hydrating cream cleanser, multi-molecular HA serum, ceramide-rich barrier cream, hydrating mineral sunscreen.",Dryness
PAT-01830,23,Female,Combination,No major concern,Smooth texture with no persistent discomfort,Low,No,No,T-Zone,Low,Low,Low,Low,None,High,Moderate (Cleanser + Moisturizer + Sunscreen),Hyaluronic Acid,"Gentle daily cleanser, lightweight antioxidant hydrating gel, daily SPF 50 sunscreen maintenance.",No major concern
PAT-01831,51,Female,Combination,Dryness,Flaking and tight sensation after cleansing,High,No,Fragrance,Full Face,Low,Medium,High,Low,None,Medium,Basic (Cleanser + Moisturizer),Glycerin,"Hydrating cream cleanser, multi-molecular HA serum, ceramide-rich barrier cream, hydrating mineral sunscreen.",Dryness
PAT-01832,21,Male,Oily,No major concern,Healthy skin barrier with minimal seasonal dryness,Medium,Yes,No,None,Low,Low,Low,Low,None,Medium,Elaborate (Cleanser + Toner + Serum + Moisturizer + Sunscreen),Niacinamide,"Gentle daily cleanser, lightweight antioxidant hydrating gel, daily SPF 50 sunscreen maintenance.",No major concern
PAT-01833,41,Male,Oily,Hyperpigmentation,Melasma-like discoloration on cheeks and upper lip,High,No,Preservatives,Cheeks and Nose,Medium,Medium,Medium,High,None,High,Minimal (Cleanser only),Vitamin C,"Antioxidant brightening serum, daily broad-spectrum SPF 50+ reapplication, gentle exfoliating tonic, soothing moisturizer.",Hyperpigmentation
PAT-01834,35,Female,Dry,Dryness,Flaking and tight sensation after cleansing,High,Yes,Fragrance,Forehead,Medium,Medium,Medium,Low,None,Low,Basic (Cleanser + Moisturizer),Squalane,"Hydrating cream cleanser, multi-molecular HA serum, ceramide-rich barrier cream, hydrating mineral sunscreen.",Dryness
PAT-01835,26,Male,Combination,No major concern,Even complexion with no active breakouts or irritation,Low,No,No,None,Low,Low,Low,Low,None,High,Minimal (Cleanser only),Niacinamide,"Gentle daily cleanser, lightweight antioxidant hydrating gel, daily SPF 50 sunscreen maintenance.",No major concern
PAT-01836,33,Male,Combination,Hyperpigmentation,Dull complexion with patchy sun discoloration,Low,No,No,Forehead,Medium,Low,Low,High,None,High,Moderate (Cleanser + Moisturizer + Sunscreen),Vitamin C,"Antioxidant brightening serum, daily broad-spectrum SPF 50+ reapplication, gentle exfoliating tonic, soothing moisturizer.",Hyperpigmentation
PAT-01837,42,Female,Normal,Hyperpigmentation,Melasma-like discoloration on cheeks and upper lip,Low,No,No,Cheeks,Low,Low,Medium,Medium,None,High,Basic (Cleanser + Moisturizer),Niacinamide,"Antioxidant brightening serum, daily broad-spectrum SPF 50+ reapplication, gentle exfoliating tonic, soothing moisturizer.",Hyperpigmentation
PAT-01838,31,Male,Combination,Acne,Clogged pores with recurring breakouts,Low,Yes,No,Full Face,High,High,Low,Medium,Moderate,Low,Basic (Cleanser + Moisturizer),Salicylic Acid,"Gentle foaming cleanser, BHA exfoliation 2-3x/week, oil-free moisturizer, broad-spectrum non-comedogenic SPF 50.",Acne
PAT-01839,23,Male,Combination,Dandruff,Persistent scalp dandruff and mild redness at hair root,Low,No,No,Hairline,Medium,Medium,Medium,Low,None,Low,Elaborate (Cleanser + Toner + Serum + Moisturizer + Sunscreen),Zinc Pyrithione,"Anti-dandruff clarifying shampoo 2-3x weekly, scalp soothing tonic with panthenol, avoiding scalding water showers.",Dandruff
PAT-01840,16,Male,Combination,Acne,Whiteheads and blackheads on T-zone,Medium,Yes,No,Jawline,High,Low,High,Medium,Moderate,Low,Moderate (Cleanser + Moisturizer + Sunscreen),Salicylic Acid,"Gentle foaming cleanser, BHA exfoliation 2-3x/week, oil-free moisturizer, broad-spectrum non-comedogenic SPF 50.",Acne
PAT-01841,49,Male,Normal,Hyperpigmentation,Dark spots and uneven skin tone from previous acne,Medium,No,No,Cheeks,High,Medium,Medium,High,None,High,Elaborate (Cleanser + Toner + Serum + Moisturizer + Sunscreen),Tranexamic Acid,"Antioxidant brightening serum, daily broad-spectrum SPF 50+ reapplication, gentle exfoliating tonic, soothing moisturizer.",Hyperpigmentation
PAT-01842,38,Female,Combination,No major concern,"No noticeable irritation, balanced oil and moisture",Low,No,No,T-Zone,Medium,Medium,Low,Low,None,Low,Elaborate (Cleanser + Toner + Serum + Moisturizer + Sunscreen),Vitamin C,"Gentle daily cleanser, lightweight antioxidant hydrating gel, daily SPF 50 sunscreen maintenance.",No major concern
PAT-01843,28,Female,Sensitive,Dryness,Rough texture and visible fine dry patches,Medium,No,No,Around Mouth,Low,High,High,Medium,None,Low,Minimal (Cleanser only),Squalane,"Hydrating cream cleanser, multi-molecular HA serum, ceramide-rich barrier cream, hydrating mineral sunscreen.",Dryness
PAT-01844,47,Male,Combination,Dryness,Ashy skin tone and lack of suppleness,High,No,No,Cheeks,Low,Medium,Medium,Low,None,Medium,Moderate (Cleanser + Moisturizer + Sunscreen),Centella Asiatica,"Hydrating cream cleanser, multi-molecular HA serum, ceramide-rich barrier cream, hydrating mineral sunscreen.",Dryness
PAT-01845,45,Male,Oily,No major concern,Healthy skin barrier with minimal seasonal dryness,Medium,No,No,None,Low,Low,Low,Low,None,Low,Minimal (Cleanser only),Niacinamide,"Gentle daily cleanser, lightweight antioxidant hydrating gel, daily SPF 50 sunscreen maintenance.",No major concern
PAT-01846,26,Male,Sensitive,Redness,Sensitivity to wind and skin barrier discomfort,High,No,Yes,Full Face,High,High,Medium,Low,None,Medium,Elaborate (Cleanser + Toner + Serum + Moisturizer + Sunscreen),Azelaic Acid,"Calming micellar water, barrier-restoring cica cream, fragrance-free physical zinc sunscreen, avoiding thermal/harsh triggers.",Redness
PAT-01847,17,Male,Dry,Dryness,Ashy skin tone and lack of suppleness,Medium,Yes,No,Around Mouth,Low,High,Medium,Low,None,Medium,Moderate (Cleanser + Moisturizer + Sunscreen),Ceramides,"Hydrating cream cleanser, multi-molecular HA serum, ceramide-rich barrier cream, hydrating mineral sunscreen.",Dryness
PAT-01848,46,Female,Dry,Dryness,Scaling and irritation with seasonal change,High,No,No,Around Mouth,Low,High,Low,Medium,None,Medium,Basic (Cleanser + Moisturizer),Glycerin,"Hydrating cream cleanser, multi-molecular HA serum, ceramide-rich barrier cream, hydrating mineral sunscreen.",Dryness
PAT-01849,17,Female,Oily,Acne,Clogged pores with recurring breakouts,Medium,Yes,No,Cheeks,High,Low,Low,High,Mild,High,Elaborate (Cleanser + Toner + Serum + Moisturizer + Sunscreen),Zinc PCA,"Gentle foaming cleanser, BHA exfoliation 2-3x/week, oil-free moisturizer, broad-spectrum non-comedogenic SPF 50.",Acne
PAT-01850,37,Female,Dry,Redness,Persistent facial flushing and visible capillaries,Medium,No,Fragrance,Nose and Cheeks,Medium,Medium,High,Low,Mild,Medium,Minimal (Cleanser only),Allantoin,"Calming micellar water, barrier-restoring cica cream, fragrance-free physical zinc sunscreen, avoiding thermal/harsh triggers.",Redness
PAT-01851,21,Female,Oily,Acne,Whiteheads and blackheads on T-zone,High,No,Fragrance,T-Zone,High,Low,Medium,Low,Moderate,High,Basic (Cleanser + Moisturizer),Salicylic Acid,"Gentle foaming cleanser, BHA exfoliation 2-3x/week, oil-free moisturizer, broad-spectrum non-comedogenic SPF 50.",Acne
PAT-01852,28,Female,Combination,Dryness,Ashy skin tone and lack of suppleness,Medium,Yes,None,Forehead,Low,High,Medium,Low,None,Low,Elaborate (Cleanser + Toner + Serum + Moisturizer + Sunscreen),Glycerin,"Hydrating cream cleanser, multi-molecular HA serum, ceramide-rich barrier cream, hydrating mineral sunscreen.",Dryness
PAT-01853,39,Male,Normal,Hyperpigmentation,Dark spots and uneven skin tone from previous acne,Low,Yes,No,Cheeks,Medium,Medium,Medium,High,None,High,Elaborate (Cleanser + Toner + Serum + Moisturizer + Sunscreen),Vitamin C,"Antioxidant brightening serum, daily broad-spectrum SPF 50+ reapplication, gentle exfoliating tonic, soothing moisturizer.",Hyperpigmentation
PAT-01854,24,Male,Dry,Dryness,"Persistent tightness and dull, parched skin",Medium,No,Fragrance,Forehead,Low,High,Low,Medium,None,High,Moderate (Cleanser + Moisturizer + Sunscreen),Hyaluronic Acid,"Hydrating cream cleanser, multi-molecular HA serum, ceramide-rich barrier cream, hydrating mineral sunscreen.",Dryness
PAT-01855,33,Female,Sensitive,Redness,Stinging sensation and reactive redness to heat,High,No,Essential Oils,Cheeks,High,High,High,Low,None,Medium,Minimal (Cleanser only),Azelaic Acid,"Calming micellar water, barrier-restoring cica cream, fragrance-free physical zinc sunscreen, avoiding thermal/harsh triggers.",Redness
PAT-01856,41,Female,Combination,No major concern,Even complexion with no active breakouts or irritation,Low,No,No,Full Face,Low,Low,Low,Low,None,Medium,Elaborate (Cleanser + Toner + Serum + Moisturizer + Sunscreen),Hyaluronic Acid,"Gentle daily cleanser, lightweight antioxidant hydrating gel, daily SPF 50 sunscreen maintenance.",No major concern
PAT-01857,19,Male,Sensitive,Acne,Inflamed red pimples and occasional pustules,Low,Yes,No,T-Zone,High,Medium,Medium,Medium,Moderate,High,Moderate (Cleanser + Moisturizer + Sunscreen),Zinc PCA,"Gentle foaming cleanser, BHA exfoliation 2-3x/week, oil-free moisturizer, broad-spectrum non-comedogenic SPF 50.",Acne
PAT-01858,34,Female,Normal,Hyperpigmentation,Sun spots and localized brown patches on cheeks,Medium,No,No,Cheeks,High,Low,Low,High,Mild,High,Moderate (Cleanser + Moisturizer + Sunscreen),Niacinamide,"Antioxidant brightening serum, daily broad-spectrum SPF 50+ reapplication, gentle exfoliating tonic, soothing moisturizer.",Hyperpigmentation
PAT-01859,27,Male,Oily,Acne,Inflamed red pimples and occasional pustules,Low,Yes,Fragrance,Jawline,High,Low,High,Low,Moderate,Medium,Moderate (Cleanser + Moisturizer + Sunscreen),Salicylic Acid,"Gentle foaming cleanser, BHA exfoliation 2-3x/week, oil-free moisturizer, broad-spectrum non-comedogenic SPF 50.",Acne
PAT-01860,31,Male,Dry,Redness,Rosacea-like cheek flushing and burning feeling,High,Yes,Essential Oils,T-Zone,Low,Medium,Medium,Medium,Mild,Medium,Basic (Cleanser + Moisturizer),Azelaic Acid,"Calming micellar water, barrier-restoring cica cream, fragrance-free physical zinc sunscreen, avoiding thermal/harsh triggers.",Redness
PAT-01861,42,Male,Dry,Redness,Stinging sensation and reactive redness to heat,High,No,Fragrance,T-Zone,Low,Medium,High,Low,None,Low,Minimal (Cleanser only),Panthenol,"Calming micellar water, barrier-restoring cica cream, fragrance-free physical zinc sunscreen, avoiding thermal/harsh triggers.",Redness
PAT-01862,54,Female,Dry,Dryness,Ashy skin tone and lack of suppleness,Medium,Yes,No,Forehead,Low,Medium,Low,Medium,None,Low,Basic (Cleanser + Moisturizer),Ceramides,"Hydrating cream cleanser, multi-molecular HA serum, ceramide-rich barrier cream, hydrating mineral sunscreen.",Dryness
PAT-01863,19,Male,Oily,Hyperpigmentation,Dull complexion with patchy sun discoloration,High,No,None,Forehead,Medium,Low,Low,High,Mild,High,Minimal (Cleanser only),Alpha Arbutin,"Antioxidant brightening serum, daily broad-spectrum SPF 50+ reapplication, gentle exfoliating tonic, soothing moisturizer.",Hyperpigmentation
PAT-01864,42,Male,Dry,Dryness,Flaking and tight sensation after cleansing,Low,No,Sulfates,Full Face,Low,Medium,High,Low,None,High,Moderate (Cleanser + Moisturizer + Sunscreen),Hyaluronic Acid,"Hydrating cream cleanser, multi-molecular HA serum, ceramide-rich barrier cream, hydrating mineral sunscreen.",Dryness
PAT-01865,23,Male,Dry,Redness,Sensitivity to wind and skin barrier discomfort,High,Yes,Essential Oils,Full Face,Medium,Medium,High,Low,None,Medium,Basic (Cleanser + Moisturizer),Centella Asiatica,"Calming micellar water, barrier-restoring cica cream, fragrance-free physical zinc sunscreen, avoiding thermal/harsh triggers.",Redness
PAT-01866,27,Male,Oily,Acne,Occasional cystic breakouts and oily shine,Medium,Yes,No,Full Face,High,Low,High,Low,Mild,Medium,Moderate (Cleanser + Moisturizer + Sunscreen),Salicylic Acid,"Gentle foaming cleanser, BHA exfoliation 2-3x/week, oil-free moisturizer, broad-spectrum non-comedogenic SPF 50.",Acne
PAT-01867,29,Female,Combination,Acne,Whiteheads and blackheads on T-zone,Low,Yes,No,Jawline,Medium,Low,High,Medium,Mild,Low,Minimal (Cleanser only),Niacinamide,"Gentle foaming cleanser, BHA exfoliation 2-3x/week, oil-free moisturizer, broad-spectrum non-comedogenic SPF 50.",Acne
PAT-01868,22,Female,Sensitive,Redness,"Irritation, blotchiness, and sudden redness flare-ups",High,No,Essential Oils,T-Zone,Medium,Medium,High,Low,None,High,Moderate (Cleanser + Moisturizer + Sunscreen),Azelaic Acid,"Calming micellar water, barrier-restoring cica cream, fragrance-free physical zinc sunscreen, avoiding thermal/harsh triggers.",Redness
PAT-01869,36,Male,Dry,Dryness,Ashy skin tone and lack of suppleness,Low,No,No,Forehead,Low,High,Medium,Low,None,Medium,Elaborate (Cleanser + Toner + Serum + Moisturizer + Sunscreen),Ceramides,"Hydrating cream cleanser, multi-molecular HA serum, ceramide-rich barrier cream, hydrating mineral sunscreen.",Dryness
PAT-01870,25,Female,Oily,Dandruff,Persistent scalp dandruff and mild redness at hair root,Medium,Yes,No,Scalp,Medium,High,Low,Low,None,Low,Basic (Cleanser + Moisturizer),Selenium Sulfide,"Anti-dandruff clarifying shampoo 2-3x weekly, scalp soothing tonic with panthenol, avoiding scalding water showers.",Dandruff
PAT-01871,41,Male,Sensitive,Redness,Rosacea-like cheek flushing and burning feeling,Medium,No,None,T-Zone,Low,Medium,Medium,Low,None,Medium,Elaborate (Cleanser + Toner + Serum + Moisturizer + Sunscreen),Allantoin,"Calming micellar water, barrier-restoring cica cream, fragrance-free physical zinc sunscreen, avoiding thermal/harsh triggers.",Redness
PAT-01872,28,Female,Normal,No major concern,Balanced skin with occasional minor shine,Low,No,No,T-Zone,Low,Low,Low,Low,None,Low,Basic (Cleanser + Moisturizer),Vitamin C,"Gentle daily cleanser, lightweight antioxidant hydrating gel, daily SPF 50 sunscreen maintenance.",No major concern
PAT-01873,21,Female,Combination,No major concern,Balanced skin with occasional minor shine,Low,No,No,None,Low,Medium,Low,Low,None,Medium,Minimal (Cleanser only),Niacinamide,"Gentle daily cleanser, lightweight antioxidant hydrating gel, daily SPF 50 sunscreen maintenance.",No major concern
PAT-01874,23,Male,Oily,Acne,Tender red bumps along jawline and cheeks,High,Yes,None,T-Zone,High,Low,Medium,High,Mild,Low,Basic (Cleanser + Moisturizer),Salicylic Acid,"Gentle foaming cleanser, BHA exfoliation 2-3x/week, oil-free moisturizer, broad-spectrum non-comedogenic SPF 50.",Acne
PAT-01875,56,Male,Combination,Hyperpigmentation,Sun spots and localized brown patches on cheeks,Low,Yes,No,Full Face,Medium,Low,Medium,High,None,Low,Moderate (Cleanser + Moisturizer + Sunscreen),Vitamin C,"Antioxidant brightening serum, daily broad-spectrum SPF 50+ reapplication, gentle exfoliating tonic, soothing moisturizer.",Hyperpigmentation
PAT-01876,31,Male,Normal,Hyperpigmentation,Dark spots and uneven skin tone from previous acne,Low,No,No,Cheeks,Medium,Low,Medium,High,None,High,Elaborate (Cleanser + Toner + Serum + Moisturizer + Sunscreen),Vitamin C,"Antioxidant brightening serum, daily broad-spectrum SPF 50+ reapplication, gentle exfoliating tonic, soothing moisturizer.",Hyperpigmentation
PAT-01877,20,Female,Dry,Redness,Persistent facial flushing and visible capillaries,High,No,Yes,Full Face,Medium,High,High,Low,None,High,Moderate (Cleanser + Moisturizer + Sunscreen),Azelaic Acid,"Calming micellar water, barrier-restoring cica cream, fragrance-free physical zinc sunscreen, avoiding thermal/harsh triggers.",Redness
PAT-01878,26,Male,Dry,No major concern,Balanced skin with occasional minor shine,Low,Yes,No,T-Zone,Low,Low,Low,Low,None,Medium,Basic (Cleanser + Moisturizer),Ceramides,"Gentle daily cleanser, lightweight antioxidant hydrating gel, daily SPF 50 sunscreen maintenance.",No major concern
PAT-01879,22,Female,Oily,Dandruff,Itchy scalp with visible white/yellow flakes,Medium,No,No,Hairline,High,High,Low,Low,None,Medium,Basic (Cleanser + Moisturizer),Zinc Pyrithione,"Anti-dandruff clarifying shampoo 2-3x weekly, scalp soothing tonic with panthenol, avoiding scalding water showers.",Dandruff
PAT-01880,33,Male,Normal,No major concern,"No noticeable irritation, balanced oil and moisture",Low,Yes,None,None,Medium,Low,Low,Low,None,Low,Elaborate (Cleanser + Toner + Serum + Moisturizer + Sunscreen),Ceramides,"Gentle daily cleanser, lightweight antioxidant hydrating gel, daily SPF 50 sunscreen maintenance.",No major concern
PAT-01881,15,Male,Oily,Dandruff,"Scalp tightness, flaking, and itching after sweat",Medium,Yes,No,Scalp and Upper Forehead,Low,Medium,Medium,Low,None,Medium,Minimal (Cleanser only),Ketoconazole,"Anti-dandruff clarifying shampoo 2-3x weekly, scalp soothing tonic with panthenol, avoiding scalding water showers.",Dandruff
PAT-01882,24,Male,Combination,Acne,Whiteheads and blackheads on T-zone,Medium,Yes,Fragrance,T-Zone,High,Medium,Low,High,Mild,Medium,Elaborate (Cleanser + Toner + Serum + Moisturizer + Sunscreen),Azelaic Acid,"Gentle foaming cleanser, BHA exfoliation 2-3x/week, oil-free moisturizer, broad-spectrum non-comedogenic SPF 50.",Acne
PAT-01883,41,Female,Combination,Hyperpigmentation,Dark spots and uneven skin tone from previous acne,Medium,No,None,Forehead,Medium,Low,Low,High,None,High,Minimal (Cleanser only),Alpha Arbutin,"Antioxidant brightening serum, daily broad-spectrum SPF 50+ reapplication, gentle exfoliating tonic, soothing moisturizer.",Hyperpigmentation
PAT-01884,26,Female,Dry,Hyperpigmentation,Dark spots and uneven skin tone from previous acne,Medium,Yes,No,Full Face,Low,Low,Low,High,None,Low,Elaborate (Cleanser + Toner + Serum + Moisturizer + Sunscreen),Kojic Acid,"Antioxidant brightening serum, daily broad-spectrum SPF 50+ reapplication, gentle exfoliating tonic, soothing moisturizer.",Hyperpigmentation
PAT-01885,41,Male,Sensitive,Hyperpigmentation,Dark spots and uneven skin tone from previous acne,Medium,Yes,No,Cheeks,Medium,Low,Medium,Medium,Mild,High,Minimal (Cleanser only),Alpha Arbutin,"Antioxidant brightening serum, daily broad-spectrum SPF 50+ reapplication, gentle exfoliating tonic, soothing moisturizer.",Hyperpigmentation
PAT-01886,25,Female,Oily,Acne,Tender red bumps along jawline and cheeks,High,Yes,Fragrance,Jawline,High,Low,High,Low,Mild,Medium,Minimal (Cleanser only),Niacinamide,"Gentle foaming cleanser, BHA exfoliation 2-3x/week, oil-free moisturizer, broad-spectrum non-comedogenic SPF 50.",Acne
PAT-01887,30,Female,Combination,No major concern,Smooth texture with no persistent discomfort,Low,No,No,None,Low,Low,Low,Low,None,High,Minimal (Cleanser only),Hyaluronic Acid,"Gentle daily cleanser, lightweight antioxidant hydrating gel, daily SPF 50 sunscreen maintenance.",No major concern
PAT-01888,30,Female,Combination,No major concern,Healthy skin barrier with minimal seasonal dryness,Low,No,No,T-Zone,Low,Medium,Low,Low,None,High,Elaborate (Cleanser + Toner + Serum + Moisturizer + Sunscreen),Hyaluronic Acid,"Gentle daily cleanser, lightweight antioxidant hydrating gel, daily SPF 50 sunscreen maintenance.",No major concern
PAT-01889,20,Male,Oily,Acne,Clogged pores with recurring breakouts,Medium,Yes,Essential Oils,T-Zone,High,Low,High,High,Moderate,Medium,Elaborate (Cleanser + Toner + Serum + Moisturizer + Sunscreen),Tea Tree Extract,"Gentle foaming cleanser, BHA exfoliation 2-3x/week, oil-free moisturizer, broad-spectrum non-comedogenic SPF 50.",Acne
PAT-01890,30,Female,Dry,Dryness,Ashy skin tone and lack of suppleness,Medium,No,No,Full Face,Low,High,High,Low,None,Low,Minimal (Cleanser only),Ceramides,"Hydrating cream cleanser, multi-molecular HA serum, ceramide-rich barrier cream, hydrating mineral sunscreen.",Dryness
PAT-01891,47,Male,Sensitive,Dryness,Ashy skin tone and lack of suppleness,High,Yes,Fragrance,Full Face,Medium,High,Medium,Low,None,High,Basic (Cleanser + Moisturizer),Ceramides,"Hydrating cream cleanser, multi-molecular HA serum, ceramide-rich barrier cream, hydrating mineral sunscreen.",Dryness
PAT-01892,38,Female,Normal,Dandruff,Dry flaking along hairline and upper forehead,Low,Yes,No,Hairline,High,Low,Medium,Low,None,Low,Elaborate (Cleanser + Toner + Serum + Moisturizer + Sunscreen),Ketoconazole,"Anti-dandruff clarifying shampoo 2-3x weekly, scalp soothing tonic with panthenol, avoiding scalding water showers.",Dandruff
PAT-01893,22,Female,Oily,Acne,Inflamed red pimples and occasional pustules,Low,Yes,No,Cheeks,High,Low,Low,Medium,Severe,Low,Basic (Cleanser + Moisturizer),Salicylic Acid,"Gentle foaming cleanser, BHA exfoliation 2-3x/week, oil-free moisturizer, broad-spectrum non-comedogenic SPF 50.",Acne
PAT-01894,15,Male,Oily,Acne,Whiteheads and blackheads on T-zone,Medium,Yes,No,Cheeks,High,Low,Low,Low,Severe,Medium,Moderate (Cleanser + Moisturizer + Sunscreen),Salicylic Acid,"Gentle foaming cleanser, BHA exfoliation 2-3x/week, oil-free moisturizer, broad-spectrum non-comedogenic SPF 50.",Acne
PAT-01895,27,Female,Combination,Acne,Occasional cystic breakouts and oily shine,Medium,No,Essential Oils,Forehead,High,Low,Low,High,Mild,Low,Moderate (Cleanser + Moisturizer + Sunscreen),Salicylic Acid,"Gentle foaming cleanser, BHA exfoliation 2-3x/week, oil-free moisturizer, broad-spectrum non-comedogenic SPF 50.",Acne
PAT-01896,42,Male,Dry,Dryness,Rough texture and visible fine dry patches,Medium,No,No,Forehead,Low,High,Low,Medium,None,High,Moderate (Cleanser + Moisturizer + Sunscreen),Ceramides,"Hydrating cream cleanser, multi-molecular HA serum, ceramide-rich barrier cream, hydrating mineral sunscreen.",Dryness
PAT-01897,41,Female,Dry,No major concern,Even complexion with no active breakouts or irritation,Low,No,No,T-Zone,Low,Low,Low,Low,None,High,Minimal (Cleanser only),Niacinamide,"Gentle daily cleanser, lightweight antioxidant hydrating gel, daily SPF 50 sunscreen maintenance.",No major concern
PAT-01898,16,Male,Dry,No major concern,Balanced skin with occasional minor shine,Low,No,No,Full Face,Low,Low,Low,Low,None,High,Minimal (Cleanser only),Peptides,"Gentle daily cleanser, lightweight antioxidant hydrating gel, daily SPF 50 sunscreen maintenance.",No major concern
PAT-01899,26,Female,Oily,Hyperpigmentation,Sun spots and localized brown patches on cheeks,High,No,Essential Oils,Cheeks,High,Medium,Low,High,None,Medium,Moderate (Cleanser + Moisturizer + Sunscreen),Vitamin C,"Antioxidant brightening serum, daily broad-spectrum SPF 50+ reapplication, gentle exfoliating tonic, soothing moisturizer.",Hyperpigmentation
PAT-01900,24,Male,Oily,Acne,Tender red bumps along jawline and cheeks,Medium,Yes,No,Jawline,High,Medium,Medium,Medium,Severe,High,Moderate (Cleanser + Moisturizer + Sunscreen),Zinc PCA,"Gentle foaming cleanser, BHA exfoliation 2-3x/week, oil-free moisturizer, broad-spectrum non-comedogenic SPF 50.",Acne
PAT-01901,25,Female,Oily,Hyperpigmentation,Melasma-like discoloration on cheeks and upper lip,High,Yes,No,Full Face,High,Medium,Medium,Medium,None,High,Basic (Cleanser + Moisturizer),Vitamin C,"Antioxidant brightening serum, daily broad-spectrum SPF 50+ reapplication, gentle exfoliating tonic, soothing moisturizer.",Hyperpigmentation
PAT-01902,35,Male,Dry,Redness,"Irritation, blotchiness, and sudden redness flare-ups",Medium,No,Alcohol,Cheeks,Medium,Medium,High,Low,Mild,Medium,Elaborate (Cleanser + Toner + Serum + Moisturizer + Sunscreen),Madecassoside,"Calming micellar water, barrier-restoring cica cream, fragrance-free physical zinc sunscreen, avoiding thermal/harsh triggers.",Redness
PAT-01903,26,Male,Combination,Hyperpigmentation,Dark spots and uneven skin tone from previous acne,Medium,Yes,No,Forehead,Low,Medium,Medium,High,None,High,Basic (Cleanser + Moisturizer),Tranexamic Acid,"Antioxidant brightening serum, daily broad-spectrum SPF 50+ reapplication, gentle exfoliating tonic, soothing moisturizer.",Hyperpigmentation
PAT-01904,20,Female,Oily,Acne,Occasional cystic breakouts and oily shine,Medium,Yes,Fragrance,Cheeks,High,Low,High,Medium,Mild,Medium,Basic (Cleanser + Moisturizer),Zinc PCA,"Gentle foaming cleanser, BHA exfoliation 2-3x/week, oil-free moisturizer, broad-spectrum non-comedogenic SPF 50.",Acne
PAT-01905,39,Female,Normal,No major concern,Even complexion with no active breakouts or irritation,Low,No,No,None,Low,Medium,Low,Low,None,Medium,Elaborate (Cleanser + Toner + Serum + Moisturizer + Sunscreen),Ceramides,"Gentle daily cleanser, lightweight antioxidant hydrating gel, daily SPF 50 sunscreen maintenance.",No major concern
PAT-01906,37,Male,Oily,Hyperpigmentation,Melasma-like discoloration on cheeks and upper lip,Low,Yes,None,Forehead,Medium,Medium,Medium,High,None,High,Minimal (Cleanser only),Vitamin C,"Antioxidant brightening serum, daily broad-spectrum SPF 50+ reapplication, gentle exfoliating tonic, soothing moisturizer.",Hyperpigmentation
PAT-01907,19,Female,Combination,Acne,Whiteheads and blackheads on T-zone,Medium,Yes,No,T-Zone,Low,Low,Medium,Medium,Moderate,Low,Moderate (Cleanser + Moisturizer + Sunscreen),Salicylic Acid,"Gentle foaming cleanser, BHA exfoliation 2-3x/week, oil-free moisturizer, broad-spectrum non-comedogenic SPF 50.",Acne
PAT-01908,28,Male,Normal,No major concern,"No noticeable irritation, balanced oil and moisture",Medium,No,None,Full Face,Medium,Low,Low,Low,None,High,Basic (Cleanser + Moisturizer),Hyaluronic Acid,"Gentle daily cleanser, lightweight antioxidant hydrating gel, daily SPF 50 sunscreen maintenance.",No major concern
PAT-01909,23,Female,Oily,Acne,Tender red bumps along jawline and cheeks,Medium,Yes,None,Cheeks,Medium,Low,Medium,Low,Moderate,Medium,Moderate (Cleanser + Moisturizer + Sunscreen),Salicylic Acid,"Gentle foaming cleanser, BHA exfoliation 2-3x/week, oil-free moisturizer, broad-spectrum non-comedogenic SPF 50.",Acne
PAT-01910,28,Male,Normal,No major concern,Balanced skin with occasional minor shine,Low,No,No,Full Face,Low,Low,Low,Low,None,High,Basic (Cleanser + Moisturizer),Niacinamide,"Gentle daily cleanser, lightweight antioxidant hydrating gel, daily SPF 50 sunscreen maintenance.",No major concern
PAT-01911,46,Female,Sensitive,Dryness,Rough texture and visible fine dry patches,Low,No,No,Full Face,Low,High,Low,Low,None,Low,Moderate (Cleanser + Moisturizer + Sunscreen),Hyaluronic Acid,"Hydrating cream cleanser, multi-molecular HA serum, ceramide-rich barrier cream, hydrating mineral sunscreen.",Dryness
PAT-01912,26,Male,Oily,Acne,Inflamed red pimples and occasional pustules,High,No,Essential Oils,Cheeks,Medium,Low,Low,Medium,Mild,Medium,Minimal (Cleanser only),Salicylic Acid,"Gentle foaming cleanser, BHA exfoliation 2-3x/week, oil-free moisturizer, broad-spectrum non-comedogenic SPF 50.",Acne
PAT-01913,21,Male,Oily,Acne,Clogged pores with recurring breakouts,Low,No,No,T-Zone,High,Low,Low,Low,Severe,Medium,Minimal (Cleanser only),Salicylic Acid,"Gentle foaming cleanser, BHA exfoliation 2-3x/week, oil-free moisturizer, broad-spectrum non-comedogenic SPF 50.",Acne
PAT-01914,36,Male,Dry,Dryness,Scaling and irritation with seasonal change,Medium,No,No,Cheeks,Low,High,Medium,Low,None,Medium,Moderate (Cleanser + Moisturizer + Sunscreen),Hyaluronic Acid,"Hydrating cream cleanser, multi-molecular HA serum, ceramide-rich barrier cream, hydrating mineral sunscreen.",Dryness
PAT-01915,18,Male,Normal,Dandruff,Dry flaking along hairline and upper forehead,Low,No,No,Hairline,High,Medium,Low,Low,None,Medium,Basic (Cleanser + Moisturizer),Salicylic Acid,"Anti-dandruff clarifying shampoo 2-3x weekly, scalp soothing tonic with panthenol, avoiding scalding water showers.",Dandruff
PAT-01916,26,Female,Combination,Acne,Clogged pores with recurring breakouts,Medium,Yes,Fragrance,Cheeks,High,Low,Medium,Low,Moderate,Medium,Elaborate (Cleanser + Toner + Serum + Moisturizer + Sunscreen),Zinc PCA,"Gentle foaming cleanser, BHA exfoliation 2-3x/week, oil-free moisturizer, broad-spectrum non-comedogenic SPF 50.",Acne
PAT-01917,29,Male,Combination,Hyperpigmentation,Dark spots and uneven skin tone from previous acne,Low,Yes,No,Forehead,Low,Low,Medium,High,None,Medium,Basic (Cleanser + Moisturizer),Tranexamic Acid,"Antioxidant brightening serum, daily broad-spectrum SPF 50+ reapplication, gentle exfoliating tonic, soothing moisturizer.",Hyperpigmentation
PAT-01918,28,Male,Sensitive,Dryness,Rough texture and visible fine dry patches,Low,No,No,Forehead,Low,Medium,Medium,Medium,None,High,Moderate (Cleanser + Moisturizer + Sunscreen),Ceramides,"Hydrating cream cleanser, multi-molecular HA serum, ceramide-rich barrier cream, hydrating mineral sunscreen.",Dryness
PAT-01919,19,Female,Oily,Acne,Occasional cystic breakouts and oily shine,Medium,Yes,No,Jawline,Medium,Low,Low,Low,Moderate,Low,Basic (Cleanser + Moisturizer),Salicylic Acid,"Gentle foaming cleanser, BHA exfoliation 2-3x/week, oil-free moisturizer, broad-spectrum non-comedogenic SPF 50.",Acne
PAT-01920,37,Male,Dry,Dryness,Ashy skin tone and lack of suppleness,High,No,No,Full Face,Low,High,Medium,Medium,None,Low,Moderate (Cleanser + Moisturizer + Sunscreen),Centella Asiatica,"Hydrating cream cleanser, multi-molecular HA serum, ceramide-rich barrier cream, hydrating mineral sunscreen.",Dryness
PAT-01921,34,Male,Oily,Dandruff,Dry flaking along hairline and upper forehead,Low,No,No,Scalp,High,Medium,Low,Low,None,Medium,Minimal (Cleanser only),Tea Tree Oil,"Anti-dandruff clarifying shampoo 2-3x weekly, scalp soothing tonic with panthenol, avoiding scalding water showers.",Dandruff
PAT-01922,39,Female,Oily,Dandruff,Greasy scalp scaling and mild scalp irritation,Low,No,No,Scalp and Upper Forehead,Medium,High,Medium,Low,None,Low,Elaborate (Cleanser + Toner + Serum + Moisturizer + Sunscreen),Salicylic Acid,"Anti-dandruff clarifying shampoo 2-3x weekly, scalp soothing tonic with panthenol, avoiding scalding water showers.",Dandruff
PAT-01923,34,Male,Dry,Dryness,Flaking and tight sensation after cleansing,High,No,Sulfates,Forehead,Low,High,Low,Low,None,Low,Minimal (Cleanser only),Ceramides,"Hydrating cream cleanser, multi-molecular HA serum, ceramide-rich barrier cream, hydrating mineral sunscreen.",Dryness
PAT-01924,40,Male,Sensitive,Redness,Sensitivity to wind and skin barrier discomfort,Medium,No,None,T-Zone,Low,Medium,High,Low,None,High,Moderate (Cleanser + Moisturizer + Sunscreen),Azelaic Acid,"Calming micellar water, barrier-restoring cica cream, fragrance-free physical zinc sunscreen, avoiding thermal/harsh triggers.",Redness
PAT-01925,28,Female,Sensitive,Redness,Sensitivity to wind and skin barrier discomfort,High,No,Alcohol,T-Zone,Low,High,High,Low,None,Low,Basic (Cleanser + Moisturizer),Azelaic Acid,"Calming micellar water, barrier-restoring cica cream, fragrance-free physical zinc sunscreen, avoiding thermal/harsh triggers.",Redness
PAT-01926,28,Female,Dry,Dryness,"Persistent tightness and dull, parched skin",Medium,No,Sulfates,Forehead,Low,High,Low,Medium,None,Low,Elaborate (Cleanser + Toner + Serum + Moisturizer + Sunscreen),Hyaluronic Acid,"Hydrating cream cleanser, multi-molecular HA serum, ceramide-rich barrier cream, hydrating mineral sunscreen.",Dryness
PAT-01927,18,Female,Combination,Hyperpigmentation,Post-inflammatory dark marks across forehead,Medium,No,No,Cheeks and Nose,Medium,Low,Medium,High,Mild,Medium,Minimal (Cleanser only),Kojic Acid,"Antioxidant brightening serum, daily broad-spectrum SPF 50+ reapplication, gentle exfoliating tonic, soothing moisturizer.",Hyperpigmentation
PAT-01928,22,Male,Combination,No major concern,Smooth texture with no persistent discomfort,Low,No,No,Full Face,Low,Low,Low,Low,None,Low,Elaborate (Cleanser + Toner + Serum + Moisturizer + Sunscreen),Vitamin C,"Gentle daily cleanser, lightweight antioxidant hydrating gel, daily SPF 50 sunscreen maintenance.",No major concern
PAT-01929,20,Male,Oily,Hyperpigmentation,Melasma-like discoloration on cheeks and upper lip,Low,No,No,Forehead,Medium,Low,Medium,High,Mild,High,Moderate (Cleanser + Moisturizer + Sunscreen),Vitamin C,"Antioxidant brightening serum, daily broad-spectrum SPF 50+ reapplication, gentle exfoliating tonic, soothing moisturizer.",Hyperpigmentation
PAT-01930,38,Female,Sensitive,Redness,"Irritation, blotchiness, and sudden redness flare-ups",Medium,No,None,Nose and Cheeks,Medium,High,High,Low,None,High,Moderate (Cleanser + Moisturizer + Sunscreen),Centella Asiatica,"Calming micellar water, barrier-restoring cica cream, fragrance-free physical zinc sunscreen, avoiding thermal/harsh triggers.",Redness
PAT-01931,46,Female,Dry,Dryness,Ashy skin tone and lack of suppleness,Medium,No,No,Cheeks,Low,Medium,Low,Medium,None,Medium,Basic (Cleanser + Moisturizer),Ceramides,"Hydrating cream cleanser, multi-molecular HA serum, ceramide-rich barrier cream, hydrating mineral sunscreen.",Dryness
PAT-01932,15,Male,Combination,Acne,Clogged pores with recurring breakouts,Medium,Yes,No,Jawline,Medium,High,Medium,Medium,Moderate,Medium,Moderate (Cleanser + Moisturizer + Sunscreen),Salicylic Acid,"Gentle foaming cleanser, BHA exfoliation 2-3x/week, oil-free moisturizer, broad-spectrum non-comedogenic SPF 50.",Acne
PAT-01933,43,Male,Combination,Hyperpigmentation,Dull complexion with patchy sun discoloration,Low,No,No,Cheeks,Medium,Low,Low,Medium,None,High,Elaborate (Cleanser + Toner + Serum + Moisturizer + Sunscreen),Alpha Arbutin,"Antioxidant brightening serum, daily broad-spectrum SPF 50+ reapplication, gentle exfoliating tonic, soothing moisturizer.",Hyperpigmentation
PAT-01934,31,Female,Normal,No major concern,Healthy skin barrier with minimal seasonal dryness,Low,Yes,None,T-Zone,Low,Low,Low,Low,None,Medium,Elaborate (Cleanser + Toner + Serum + Moisturizer + Sunscreen),Hyaluronic Acid,"Gentle daily cleanser, lightweight antioxidant hydrating gel, daily SPF 50 sunscreen maintenance.",No major concern
PAT-01935,38,Female,Sensitive,Redness,"Irritation, blotchiness, and sudden redness flare-ups",High,Yes,Essential Oils,Full Face,Low,Medium,High,Low,None,Medium,Elaborate (Cleanser + Toner + Serum + Moisturizer + Sunscreen),Centella Asiatica,"Calming micellar water, barrier-restoring cica cream, fragrance-free physical zinc sunscreen, avoiding thermal/harsh triggers.",Redness
PAT-01936,37,Female,Dry,Dryness,"Persistent tightness and dull, parched skin",Medium,No,None,Forehead,Low,High,Medium,Low,None,Medium,Minimal (Cleanser only),Glycerin,"Hydrating cream cleanser, multi-molecular HA serum, ceramide-rich barrier cream, hydrating mineral sunscreen.",Dryness
PAT-01937,27,Male,Dry,Redness,Rosacea-like cheek flushing and burning feeling,High,No,None,Cheeks,Medium,Low,High,Low,None,High,Moderate (Cleanser + Moisturizer + Sunscreen),Centella Asiatica,"Calming micellar water, barrier-restoring cica cream, fragrance-free physical zinc sunscreen, avoiding thermal/harsh triggers.",Redness
PAT-01938,24,Male,Oily,Acne,Clogged pores with recurring breakouts,Medium,Yes,Fragrance,Full Face,High,Low,Medium,High,Mild,Medium,Minimal (Cleanser only),Zinc PCA,"Gentle foaming cleanser, BHA exfoliation 2-3x/week, oil-free moisturizer, broad-spectrum non-comedogenic SPF 50.",Acne
PAT-01939,27,Female,Dry,Dryness,Rough texture and visible fine dry patches,Medium,No,Fragrance,Cheeks,Low,High,High,Low,None,Low,Minimal (Cleanser only),Ceramides,"Hydrating cream cleanser, multi-molecular HA serum, ceramide-rich barrier cream, hydrating mineral sunscreen.",Dryness
PAT-01940,39,Male,Sensitive,Redness,Rosacea-like cheek flushing and burning feeling,High,No,Alcohol,Cheeks,Medium,High,High,Low,None,Medium,Basic (Cleanser + Moisturizer),Azelaic Acid,"Calming micellar water, barrier-restoring cica cream, fragrance-free physical zinc sunscreen, avoiding thermal/harsh triggers.",Redness
PAT-01941,19,Female,Normal,No major concern,Smooth texture with no persistent discomfort,Low,Yes,No,None,Low,Low,Low,Low,None,Medium,Moderate (Cleanser + Moisturizer + Sunscreen),Vitamin C,"Gentle daily cleanser, lightweight antioxidant hydrating gel, daily SPF 50 sunscreen maintenance.",No major concern
PAT-01942,19,Female,Combination,Acne,Clogged pores with recurring breakouts,Medium,Yes,No,Forehead,Low,Low,Low,Low,Moderate,Medium,Basic (Cleanser + Moisturizer),Salicylic Acid,"Gentle foaming cleanser, BHA exfoliation 2-3x/week, oil-free moisturizer, broad-spectrum non-comedogenic SPF 50.",Acne
PAT-01943,47,Male,Normal,Hyperpigmentation,Dull complexion with patchy sun discoloration,Medium,No,No,Full Face,Medium,Low,Low,High,None,High,Minimal (Cleanser only),Vitamin C,"Antioxidant brightening serum, daily broad-spectrum SPF 50+ reapplication, gentle exfoliating tonic, soothing moisturizer.",Hyperpigmentation
PAT-01944,38,Female,Combination,Hyperpigmentation,Post-inflammatory dark marks across forehead,Low,Yes,None,Full Face,Medium,Low,Low,Medium,None,Low,Elaborate (Cleanser + Toner + Serum + Moisturizer + Sunscreen),Kojic Acid,"Antioxidant brightening serum, daily broad-spectrum SPF 50+ reapplication, gentle exfoliating tonic, soothing moisturizer.",Hyperpigmentation
PAT-01945,27,Female,Oily,Dandruff,Itchy scalp with visible white/yellow flakes,High,Yes,None,Hairline,Medium,High,Medium,Low,None,Medium,Basic (Cleanser + Moisturizer),Ketoconazole,"Anti-dandruff clarifying shampoo 2-3x weekly, scalp soothing tonic with panthenol, avoiding scalding water showers.",Dandruff
PAT-01946,27,Female,Combination,Redness,Stinging sensation and reactive redness to heat,High,Yes,Yes,Nose and Cheeks,Medium,Medium,High,Low,None,Medium,Basic (Cleanser + Moisturizer),Madecassoside,"Calming micellar water, barrier-restoring cica cream, fragrance-free physical zinc sunscreen, avoiding thermal/harsh triggers.",Redness
PAT-01947,27,Female,Combination,Acne,Inflamed red pimples and occasional pustules,Medium,Yes,No,Full Face,High,High,Medium,Medium,Moderate,Medium,Elaborate (Cleanser + Toner + Serum + Moisturizer + Sunscreen),Azelaic Acid,"Gentle foaming cleanser, BHA exfoliation 2-3x/week, oil-free moisturizer, broad-spectrum non-comedogenic SPF 50.",Acne
PAT-01948,31,Female,Oily,Dandruff,Dry flaking along hairline and upper forehead,High,Yes,Fragrance,Scalp,Medium,Medium,Medium,Low,None,Medium,Elaborate (Cleanser + Toner + Serum + Moisturizer + Sunscreen),Ketoconazole,"Anti-dandruff clarifying shampoo 2-3x weekly, scalp soothing tonic with panthenol, avoiding scalding water showers.",Dandruff
PAT-01949,37,Female,Combination,Hyperpigmentation,Dull complexion with patchy sun discoloration,High,Yes,Lanolin,Cheeks,Medium,Medium,Medium,Medium,Mild,High,Moderate (Cleanser + Moisturizer + Sunscreen),Tranexamic Acid,"Antioxidant brightening serum, daily broad-spectrum SPF 50+ reapplication, gentle exfoliating tonic, soothing moisturizer.",Hyperpigmentation
PAT-01950,40,Male,Combination,Hyperpigmentation,Dull complexion with patchy sun discoloration,Medium,No,No,Forehead,Medium,Low,Low,High,None,High,Moderate (Cleanser + Moisturizer + Sunscreen),Kojic Acid,"Antioxidant brightening serum, daily broad-spectrum SPF 50+ reapplication, gentle exfoliating tonic, soothing moisturizer.",Hyperpigmentation
PAT-01951,29,Male,Combination,Dandruff,"Scalp tightness, flaking, and itching after sweat",Medium,No,No,Scalp and Upper Forehead,High,Medium,Medium,Low,None,Low,Moderate (Cleanser + Moisturizer + Sunscreen),Salicylic Acid,"Anti-dandruff clarifying shampoo 2-3x weekly, scalp soothing tonic with panthenol, avoiding scalding water showers.",Dandruff
PAT-01952,36,Female,Sensitive,Dryness,Scaling and irritation with seasonal change,High,Yes,Lanolin,Around Mouth,Medium,Medium,Medium,Low,None,Low,Moderate (Cleanser + Moisturizer + Sunscreen),Centella Asiatica,"Hydrating cream cleanser, multi-molecular HA serum, ceramide-rich barrier cream, hydrating mineral sunscreen.",Dryness
PAT-01953,15,Male,Oily,Acne,Occasional cystic breakouts and oily shine,Medium,No,No,T-Zone,Low,Low,Medium,Low,Moderate,Medium,Basic (Cleanser + Moisturizer),Niacinamide,"Gentle foaming cleanser, BHA exfoliation 2-3x/week, oil-free moisturizer, broad-spectrum non-comedogenic SPF 50.",Acne
PAT-01954,26,Male,Oily,Acne,Clogged pores with recurring breakouts,Medium,Yes,No,Full Face,High,Low,Medium,Medium,Moderate,Medium,Elaborate (Cleanser + Toner + Serum + Moisturizer + Sunscreen),Niacinamide,"Gentle foaming cleanser, BHA exfoliation 2-3x/week, oil-free moisturizer, broad-spectrum non-comedogenic SPF 50.",Acne
PAT-01955,46,Female,Dry,Dryness,Rough texture and visible fine dry patches,Medium,No,No,Forehead,Low,High,Low,Medium,None,Medium,Minimal (Cleanser only),Ceramides,"Hydrating cream cleanser, multi-molecular HA serum, ceramide-rich barrier cream, hydrating mineral sunscreen.",Dryness
PAT-01956,16,Female,Dry,Redness,Stinging sensation and reactive redness to heat,Medium,No,Yes,T-Zone,Low,High,High,Low,None,High,Minimal (Cleanser only),Azelaic Acid,"Calming micellar water, barrier-restoring cica cream, fragrance-free physical zinc sunscreen, avoiding thermal/harsh triggers.",Redness
PAT-01957,16,Female,Sensitive,Redness,Sensitivity to wind and skin barrier discomfort,High,No,Alcohol,T-Zone,Low,Medium,High,Low,None,Medium,Moderate (Cleanser + Moisturizer + Sunscreen),Azelaic Acid,"Calming micellar water, barrier-restoring cica cream, fragrance-free physical zinc sunscreen, avoiding thermal/harsh triggers.",Redness
PAT-01958,22,Male,Dry,Dandruff,Greasy scalp scaling and mild scalp irritation,Low,No,No,Scalp,High,Medium,Low,Low,None,Low,Basic (Cleanser + Moisturizer),Salicylic Acid,"Anti-dandruff clarifying shampoo 2-3x weekly, scalp soothing tonic with panthenol, avoiding scalding water showers.",Dandruff
PAT-01959,19,Male,Sensitive,Redness,Sensitivity to wind and skin barrier discomfort,High,No,Yes,T-Zone,Low,High,High,Low,None,Low,Minimal (Cleanser only),Centella Asiatica,"Calming micellar water, barrier-restoring cica cream, fragrance-free physical zinc sunscreen, avoiding thermal/harsh triggers.",Redness
PAT-01960,40,Male,Sensitive,Redness,Stinging sensation and reactive redness to heat,High,No,Yes,Cheeks,Low,Medium,Medium,Medium,None,High,Elaborate (Cleanser + Toner + Serum + Moisturizer + Sunscreen),Azelaic Acid,"Calming micellar water, barrier-restoring cica cream, fragrance-free physical zinc sunscreen, avoiding thermal/harsh triggers.",Redness
PAT-01961,33,Female,Oily,Dandruff,Greasy scalp scaling and mild scalp irritation,Low,No,No,Scalp,Medium,Medium,Medium,Low,None,High,Moderate (Cleanser + Moisturizer + Sunscreen),Ketoconazole,"Anti-dandruff clarifying shampoo 2-3x weekly, scalp soothing tonic with panthenol, avoiding scalding water showers.",Dandruff
PAT-01962,25,Male,Combination,Acne,Clogged pores with recurring breakouts,High,Yes,No,Full Face,High,Low,High,Low,Severe,High,Minimal (Cleanser only),Niacinamide,"Gentle foaming cleanser, BHA exfoliation 2-3x/week, oil-free moisturizer, broad-spectrum non-comedogenic SPF 50.",Acne
PAT-01963,32,Male,Normal,Dandruff,Dry flaking along hairline and upper forehead,High,Yes,Sulfates,Hairline,Medium,High,Low,Low,None,Medium,Elaborate (Cleanser + Toner + Serum + Moisturizer + Sunscreen),Zinc Pyrithione,"Anti-dandruff clarifying shampoo 2-3x weekly, scalp soothing tonic with panthenol, avoiding scalding water showers.",Dandruff
PAT-01964,29,Male,Oily,Acne,Whiteheads and blackheads on T-zone,Low,No,Fragrance,Cheeks,High,Low,High,High,Severe,Low,Elaborate (Cleanser + Toner + Serum + Moisturizer + Sunscreen),Azelaic Acid,"Gentle foaming cleanser, BHA exfoliation 2-3x/week, oil-free moisturizer, broad-spectrum non-comedogenic SPF 50.",Acne
PAT-01965,47,Female,Dry,Dryness,Flaking and tight sensation after cleansing,High,No,Fragrance,Forehead,Low,High,Medium,Medium,None,Low,Basic (Cleanser + Moisturizer),Centella Asiatica,"Hydrating cream cleanser, multi-molecular HA serum, ceramide-rich barrier cream, hydrating mineral sunscreen.",Dryness
PAT-01966,19,Male,Combination,Dandruff,Greasy scalp scaling and mild scalp irritation,Low,Yes,No,Hairline,High,Low,Medium,Low,None,Medium,Elaborate (Cleanser + Toner + Serum + Moisturizer + Sunscreen),Salicylic Acid,"Anti-dandruff clarifying shampoo 2-3x weekly, scalp soothing tonic with panthenol, avoiding scalding water showers.",Dandruff
PAT-01967,35,Female,Combination,Hyperpigmentation,Sun spots and localized brown patches on cheeks,Low,Yes,No,Full Face,Medium,Low,Low,High,None,High,Basic (Cleanser + Moisturizer),Vitamin C,"Antioxidant brightening serum, daily broad-spectrum SPF 50+ reapplication, gentle exfoliating tonic, soothing moisturizer.",Hyperpigmentation
PAT-01968,15,Female,Oily,Dandruff,Dry flaking along hairline and upper forehead,Medium,No,No,Scalp,Medium,Medium,Low,Low,None,Medium,Minimal (Cleanser only),Ketoconazole,"Anti-dandruff clarifying shampoo 2-3x weekly, scalp soothing tonic with panthenol, avoiding scalding water showers.",Dandruff
PAT-01969,16,Male,Oily,Acne,Tender red bumps along jawline and cheeks,Medium,Yes,No,T-Zone,High,Low,Medium,Medium,Moderate,Medium,Elaborate (Cleanser + Toner + Serum + Moisturizer + Sunscreen),Niacinamide,"Gentle foaming cleanser, BHA exfoliation 2-3x/week, oil-free moisturizer, broad-spectrum non-comedogenic SPF 50.",Acne
PAT-01970,49,Male,Sensitive,Redness,Sensitivity to wind and skin barrier discomfort,Medium,Yes,Fragrance,Full Face,High,Medium,High,Medium,None,Medium,Elaborate (Cleanser + Toner + Serum + Moisturizer + Sunscreen),Madecassoside,"Calming micellar water, barrier-restoring cica cream, fragrance-free physical zinc sunscreen, avoiding thermal/harsh triggers.",Redness
PAT-01971,19,Female,Sensitive,Acne,Tender red bumps along jawline and cheeks,High,Yes,Essential Oils,Full Face,High,High,High,Low,Mild,Medium,Minimal (Cleanser only),Salicylic Acid,"Gentle foaming cleanser, BHA exfoliation 2-3x/week, oil-free moisturizer, broad-spectrum non-comedogenic SPF 50.",Acne
PAT-01972,15,Male,Oily,Dandruff,Dry flaking along hairline and upper forehead,High,Yes,Lanolin,Scalp and Upper Forehead,High,Low,Medium,Low,None,High,Moderate (Cleanser + Moisturizer + Sunscreen),Selenium Sulfide,"Anti-dandruff clarifying shampoo 2-3x weekly, scalp soothing tonic with panthenol, avoiding scalding water showers.",Dandruff
PAT-01973,24,Female,Oily,Acne,Occasional cystic breakouts and oily shine,Medium,Yes,No,Cheeks,High,Low,Medium,High,Moderate,Low,Elaborate (Cleanser + Toner + Serum + Moisturizer + Sunscreen),Zinc PCA,"Gentle foaming cleanser, BHA exfoliation 2-3x/week, oil-free moisturizer, broad-spectrum non-comedogenic SPF 50.",Acne
PAT-01974,50,Male,Sensitive,Dryness,Rough texture and visible fine dry patches,Low,Yes,Fragrance,Forehead,Low,High,Low,Medium,None,Medium,Elaborate (Cleanser + Toner + Serum + Moisturizer + Sunscreen),Squalane,"Hydrating cream cleanser, multi-molecular HA serum, ceramide-rich barrier cream, hydrating mineral sunscreen.",Dryness
PAT-01975,29,Female,Normal,Hyperpigmentation,Sun spots and localized brown patches on cheeks,Low,No,No,Cheeks,Low,Low,Medium,High,Mild,High,Elaborate (Cleanser + Toner + Serum + Moisturizer + Sunscreen),Niacinamide,"Antioxidant brightening serum, daily broad-spectrum SPF 50+ reapplication, gentle exfoliating tonic, soothing moisturizer.",Hyperpigmentation
PAT-01976,15,Male,Normal,No major concern,Smooth texture with no persistent discomfort,Low,Yes,No,Full Face,Low,Low,Low,Low,None,Low,Moderate (Cleanser + Moisturizer + Sunscreen),Hyaluronic Acid,"Gentle daily cleanser, lightweight antioxidant hydrating gel, daily SPF 50 sunscreen maintenance.",No major concern
PAT-01977,37,Female,Dry,Dryness,Flaking and tight sensation after cleansing,Low,No,Fragrance,Full Face,Medium,High,Low,Medium,None,High,Elaborate (Cleanser + Toner + Serum + Moisturizer + Sunscreen),Hyaluronic Acid,"Hydrating cream cleanser, multi-molecular HA serum, ceramide-rich barrier cream, hydrating mineral sunscreen.",Dryness
PAT-01978,29,Female,Oily,Acne,Occasional cystic breakouts and oily shine,Medium,Yes,No,T-Zone,Medium,Low,High,Low,Mild,High,Moderate (Cleanser + Moisturizer + Sunscreen),Salicylic Acid,"Gentle foaming cleanser, BHA exfoliation 2-3x/week, oil-free moisturizer, broad-spectrum non-comedogenic SPF 50.",Acne
PAT-01979,34,Male,Sensitive,Dryness,Flaking and tight sensation after cleansing,Medium,No,No,Around Mouth,Low,High,Medium,Medium,None,Medium,Elaborate (Cleanser + Toner + Serum + Moisturizer + Sunscreen),Hyaluronic Acid,"Hydrating cream cleanser, multi-molecular HA serum, ceramide-rich barrier cream, hydrating mineral sunscreen.",Dryness
PAT-01980,36,Female,Sensitive,Redness,Stinging sensation and reactive redness to heat,High,No,Fragrance,Full Face,Medium,Medium,High,Medium,Mild,High,Basic (Cleanser + Moisturizer),Azelaic Acid,"Calming micellar water, barrier-restoring cica cream, fragrance-free physical zinc sunscreen, avoiding thermal/harsh triggers.",Redness
PAT-01981,40,Male,Normal,Hyperpigmentation,Melasma-like discoloration on cheeks and upper lip,Low,Yes,No,Cheeks,High,Low,Low,High,None,High,Minimal (Cleanser only),Vitamin C,"Antioxidant brightening serum, daily broad-spectrum SPF 50+ reapplication, gentle exfoliating tonic, soothing moisturizer.",Hyperpigmentation
PAT-01982,27,Female,Oily,Dandruff,Greasy scalp scaling and mild scalp irritation,High,No,Lanolin,Hairline,High,Medium,High,Low,None,Medium,Minimal (Cleanser only),Ketoconazole,"Anti-dandruff clarifying shampoo 2-3x weekly, scalp soothing tonic with panthenol, avoiding scalding water showers.",Dandruff
PAT-01983,21,Male,Normal,No major concern,Even complexion with no active breakouts or irritation,Low,No,No,Full Face,Medium,Medium,Low,Low,None,Low,Basic (Cleanser + Moisturizer),Hyaluronic Acid,"Gentle daily cleanser, lightweight antioxidant hydrating gel, daily SPF 50 sunscreen maintenance.",No major concern
PAT-01984,35,Female,Dry,Dryness,Scaling and irritation with seasonal change,Medium,No,Fragrance,Forehead,Low,High,Low,Low,None,Low,Elaborate (Cleanser + Toner + Serum + Moisturizer + Sunscreen),Hyaluronic Acid,"Hydrating cream cleanser, multi-molecular HA serum, ceramide-rich barrier cream, hydrating mineral sunscreen.",Dryness
PAT-01985,18,Male,Normal,Redness,Persistent facial flushing and visible capillaries,High,No,Fragrance,Nose and Cheeks,Medium,Low,High,Medium,None,Medium,Elaborate (Cleanser + Toner + Serum + Moisturizer + Sunscreen),Azelaic Acid,"Calming micellar water, barrier-restoring cica cream, fragrance-free physical zinc sunscreen, avoiding thermal/harsh triggers.",Redness
PAT-01986,34,Male,Sensitive,Redness,"Irritation, blotchiness, and sudden redness flare-ups",Medium,No,Essential Oils,Full Face,Medium,High,High,Low,None,High,Basic (Cleanser + Moisturizer),Allantoin,"Calming micellar water, barrier-restoring cica cream, fragrance-free physical zinc sunscreen, avoiding thermal/harsh triggers.",Redness
PAT-01987,26,Male,Sensitive,Redness,Persistent facial flushing and visible capillaries,High,No,Yes,Cheeks,Medium,Low,High,Low,None,Medium,Basic (Cleanser + Moisturizer),Allantoin,"Calming micellar water, barrier-restoring cica cream, fragrance-free physical zinc sunscreen, avoiding thermal/harsh triggers.",Redness
PAT-01988,26,Female,Combination,Acne,Whiteheads and blackheads on T-zone,Medium,Yes,No,Full Face,Medium,High,Low,Medium,Moderate,Medium,Elaborate (Cleanser + Toner + Serum + Moisturizer + Sunscreen),Zinc PCA,"Gentle foaming cleanser, BHA exfoliation 2-3x/week, oil-free moisturizer, broad-spectrum non-comedogenic SPF 50.",Acne
PAT-01989,45,Male,Sensitive,Redness,Persistent facial flushing and visible capillaries,High,No,Fragrance,Cheeks,Low,Medium,High,Medium,None,Medium,Moderate (Cleanser + Moisturizer + Sunscreen),Azelaic Acid,"Calming micellar water, barrier-restoring cica cream, fragrance-free physical zinc sunscreen, avoiding thermal/harsh triggers.",Redness
PAT-01990,44,Male,Dry,Dryness,Scaling and irritation with seasonal change,Medium,Yes,No,Around Mouth,Low,Medium,High,Low,None,Medium,Basic (Cleanser + Moisturizer),Hyaluronic Acid,"Hydrating cream cleanser, multi-molecular HA serum, ceramide-rich barrier cream, hydrating mineral sunscreen.",Dryness
PAT-01991,34,Male,Oily,Hyperpigmentation,Dull complexion with patchy sun discoloration,High,No,No,Forehead,Medium,Low,Medium,High,None,High,Elaborate (Cleanser + Toner + Serum + Moisturizer + Sunscreen),Niacinamide,"Antioxidant brightening serum, daily broad-spectrum SPF 50+ reapplication, gentle exfoliating tonic, soothing moisturizer.",Hyperpigmentation
PAT-01992,20,Male,Normal,Redness,Sensitivity to wind and skin barrier discomfort,High,No,Essential Oils,Cheeks,Low,High,High,Low,None,Medium,Elaborate (Cleanser + Toner + Serum + Moisturizer + Sunscreen),Madecassoside,"Calming micellar water, barrier-restoring cica cream, fragrance-free physical zinc sunscreen, avoiding thermal/harsh triggers.",Redness
PAT-01993,16,Female,Oily,Acne,Tender red bumps along jawline and cheeks,Medium,No,No,T-Zone,Medium,Low,Low,Low,Mild,High,Minimal (Cleanser only),Salicylic Acid,"Gentle foaming cleanser, BHA exfoliation 2-3x/week, oil-free moisturizer, broad-spectrum non-comedogenic SPF 50.",Acne
PAT-01994,18,Male,Combination,Acne,Tender red bumps along jawline and cheeks,Medium,Yes,No,Cheeks,High,Low,High,Medium,Mild,Medium,Basic (Cleanser + Moisturizer),Niacinamide,"Gentle foaming cleanser, BHA exfoliation 2-3x/week, oil-free moisturizer, broad-spectrum non-comedogenic SPF 50.",Acne
PAT-01995,27,Female,Combination,Hyperpigmentation,Sun spots and localized brown patches on cheeks,Low,Yes,No,Forehead,High,Medium,Low,Medium,Mild,Medium,Minimal (Cleanser only),Tranexamic Acid,"Antioxidant brightening serum, daily broad-spectrum SPF 50+ reapplication, gentle exfoliating tonic, soothing moisturizer.",Hyperpigmentation
PAT-01996,46,Male,Sensitive,Hyperpigmentation,Melasma-like discoloration on cheeks and upper lip,Medium,No,No,Cheeks,Low,Low,Low,High,Mild,High,Minimal (Cleanser only),Alpha Arbutin,"Antioxidant brightening serum, daily broad-spectrum SPF 50+ reapplication, gentle exfoliating tonic, soothing moisturizer.",Hyperpigmentation
PAT-01997,48,Female,Combination,Dryness,Flaking and tight sensation after cleansing,High,No,No,Full Face,Low,High,Low,Low,None,Low,Minimal (Cleanser only),Glycerin,"Hydrating cream cleanser, multi-molecular HA serum, ceramide-rich barrier cream, hydrating mineral sunscreen.",Dryness
PAT-01998,34,Male,Dry,Dryness,Rough texture and visible fine dry patches,Medium,Yes,No,Cheeks,Low,High,High,Medium,None,Medium,Elaborate (Cleanser + Toner + Serum + Moisturizer + Sunscreen),Hyaluronic Acid,"Hydrating cream cleanser, multi-molecular HA serum, ceramide-rich barrier cream, hydrating mineral sunscreen.",Dryness
PAT-01999,36,Male,Combination,Redness,Rosacea-like cheek flushing and burning feeling,High,No,Yes,Full Face,Medium,Medium,High,Medium,None,Medium,Basic (Cleanser + Moisturizer),Centella Asiatica,"Calming micellar water, barrier-restoring cica cream, fragrance-free physical zinc sunscreen, avoiding thermal/harsh triggers.",Redness
PAT-02000,43,Male,Dry,No major concern,"No noticeable irritation, balanced oil and moisture",Low,No,No,T-Zone,Low,Medium,Low,Low,None,Low,Elaborate (Cleanser + Toner + Serum + Moisturizer + Sunscreen),Niacinamide,"Gentle daily cleanser, lightweight antioxidant hydrating gel, daily SPF 50 sunscreen maintenance.",No major concern
PAT-02001,32,Male,Sensitive,Redness,Stinging sensation and reactive redness to heat,High,No,Fragrance,Nose and Cheeks,Medium,Low,High,Medium,None,Low,Minimal (Cleanser only),Centella Asiatica,"Calming micellar water, barrier-restoring cica cream, fragrance-free physical zinc sunscreen, avoiding thermal/harsh triggers.",Redness
PAT-02002,26,Female,Dry,Dryness,"Persistent tightness and dull, parched skin",Medium,Yes,No,Full Face,Low,High,Medium,Low,None,Low,Minimal (Cleanser only),Hyaluronic Acid,"Hydrating cream cleanser, multi-molecular HA serum, ceramide-rich barrier cream, hydrating mineral sunscreen.",Dryness
PAT-02003,24,Female,Oily,Dandruff,Dry flaking along hairline and upper forehead,High,No,Sulfates,Scalp,Medium,Medium,Medium,Low,None,Medium,Elaborate (Cleanser + Toner + Serum + Moisturizer + Sunscreen),Ketoconazole,"Anti-dandruff clarifying shampoo 2-3x weekly, scalp soothing tonic with panthenol, avoiding scalding water showers.",Dandruff
PAT-02004,30,Male,Oily,Hyperpigmentation,Melasma-like discoloration on cheeks and upper lip,Low,Yes,None,Forehead,High,Low,Low,Medium,Mild,Low,Minimal (Cleanser only),Vitamin C,"Antioxidant brightening serum, daily broad-spectrum SPF 50+ reapplication, gentle exfoliating tonic, soothing moisturizer.",Hyperpigmentation
PAT-02005,40,Female,Combination,Hyperpigmentation,Dull complexion with patchy sun discoloration,Low,Yes,No,Full Face,High,Medium,Medium,High,None,Low,Minimal (Cleanser only),Alpha Arbutin,"Antioxidant brightening serum, daily broad-spectrum SPF 50+ reapplication, gentle exfoliating tonic, soothing moisturizer.",Hyperpigmentation
PAT-02006,16,Male,Normal,Acne,Inflamed red pimples and occasional pustules,Low,Yes,No,Jawline,High,Low,Medium,Medium,Moderate,Medium,Moderate (Cleanser + Moisturizer + Sunscreen),Salicylic Acid,"Gentle foaming cleanser, BHA exfoliation 2-3x/week, oil-free moisturizer, broad-spectrum non-comedogenic SPF 50.",Acne
PAT-02007,44,Female,Combination,Dryness,Flaking and tight sensation after cleansing,Medium,No,No,Full Face,Low,High,High,Low,None,High,Moderate (Cleanser + Moisturizer + Sunscreen),Hyaluronic Acid,"Hydrating cream cleanser, multi-molecular HA serum, ceramide-rich barrier cream, hydrating mineral sunscreen.",Dryness
PAT-02008,37,Male,Normal,No major concern,"No noticeable irritation, balanced oil and moisture",Medium,No,None,T-Zone,Low,Low,Low,Low,None,Medium,Elaborate (Cleanser + Toner + Serum + Moisturizer + Sunscreen),Niacinamide,"Gentle daily cleanser, lightweight antioxidant hydrating gel, daily SPF 50 sunscreen maintenance.",No major concern
PAT-02009,32,Male,Dry,Redness,Rosacea-like cheek flushing and burning feeling,High,No,Essential Oils,Nose and Cheeks,High,Medium,High,Low,None,Medium,Moderate (Cleanser + Moisturizer + Sunscreen),Centella Asiatica,"Calming micellar water, barrier-restoring cica cream, fragrance-free physical zinc sunscreen, avoiding thermal/harsh triggers.",Redness
PAT-02010,41,Female,Dry,Dryness,Flaking and tight sensation after cleansing,High,No,Sulfates,Around Mouth,Low,High,Medium,Low,None,Medium,Minimal (Cleanser only),Ceramides,"Hydrating cream cleanser, multi-molecular HA serum, ceramide-rich barrier cream, hydrating mineral sunscreen.",Dryness
PAT-02011,38,Female,Dry,Dryness,Ashy skin tone and lack of suppleness,High,No,Essential Oils,Cheeks,Low,Medium,Medium,Low,None,High,Basic (Cleanser + Moisturizer),Hyaluronic Acid,"Hydrating cream cleanser, multi-molecular HA serum, ceramide-rich barrier cream, hydrating mineral sunscreen.",Dryness
PAT-02012,33,Male,Oily,Acne,Occasional cystic breakouts and oily shine,Medium,No,No,T-Zone,Low,Low,Medium,Medium,Severe,High,Moderate (Cleanser + Moisturizer + Sunscreen),Salicylic Acid,"Gentle foaming cleanser, BHA exfoliation 2-3x/week, oil-free moisturizer, broad-spectrum non-comedogenic SPF 50.",Acne
PAT-02013,19,Male,Oily,Acne,Inflamed red pimples and occasional pustules,High,Yes,No,Full Face,High,Low,High,High,Moderate,Low,Minimal (Cleanser only),Zinc PCA,"Gentle foaming cleanser, BHA exfoliation 2-3x/week, oil-free moisturizer, broad-spectrum non-comedogenic SPF 50.",Acne
PAT-02014,17,Male,Oily,Acne,Inflamed red pimples and occasional pustules,Medium,Yes,No,Forehead,High,Low,Low,Low,Mild,High,Elaborate (Cleanser + Toner + Serum + Moisturizer + Sunscreen),Niacinamide,"Gentle foaming cleanser, BHA exfoliation 2-3x/week, oil-free moisturizer, broad-spectrum non-comedogenic SPF 50.",Acne
PAT-02015,16,Female,Sensitive,Redness,Stinging sensation and reactive redness to heat,High,Yes,Lanolin,Cheeks,Medium,High,High,Low,None,Medium,Basic (Cleanser + Moisturizer),Azelaic Acid,"Calming micellar water, barrier-restoring cica cream, fragrance-free physical zinc sunscreen, avoiding thermal/harsh triggers.",Redness
PAT-02016,41,Female,Dry,Dryness,"Persistent tightness and dull, parched skin",High,No,No,Full Face,Low,Medium,Low,Medium,None,Low,Moderate (Cleanser + Moisturizer + Sunscreen),Ceramides,"Hydrating cream cleanser, multi-molecular HA serum, ceramide-rich barrier cream, hydrating mineral sunscreen.",Dryness
PAT-02017,22,Female,Combination,Acne,Whiteheads and blackheads on T-zone,Low,Yes,No,Full Face,High,Medium,Low,Medium,Mild,Medium,Elaborate (Cleanser + Toner + Serum + Moisturizer + Sunscreen),Azelaic Acid,"Gentle foaming cleanser, BHA exfoliation 2-3x/week, oil-free moisturizer, broad-spectrum non-comedogenic SPF 50.",Acne
PAT-02018,19,Female,Combination,Acne,Whiteheads and blackheads on T-zone,Medium,No,No,Cheeks,High,Low,Low,High,Moderate,High,Moderate (Cleanser + Moisturizer + Sunscreen),Niacinamide,"Gentle foaming cleanser, BHA exfoliation 2-3x/week, oil-free moisturizer, broad-spectrum non-comedogenic SPF 50.",Acne
PAT-02019,26,Female,Combination,Dandruff,Greasy scalp scaling and mild scalp irritation,Low,No,None,Scalp,High,Medium,Medium,Low,None,Medium,Minimal (Cleanser only),Ketoconazole,"Anti-dandruff clarifying shampoo 2-3x weekly, scalp soothing tonic with panthenol, avoiding scalding water showers.",Dandruff
PAT-02020,40,Male,Combination,No major concern,Smooth texture with no persistent discomfort,Medium,No,None,None,Medium,Low,Low,Low,None,Medium,Elaborate (Cleanser + Toner + Serum + Moisturizer + Sunscreen),Ceramides,"Gentle daily cleanser, lightweight antioxidant hydrating gel, daily SPF 50 sunscreen maintenance.",No major concern
PAT-02021,26,Female,Oily,Acne,Inflamed red pimples and occasional pustules,Medium,Yes,No,Jawline,High,Low,High,Low,Mild,High,Minimal (Cleanser only),Salicylic Acid,"Gentle foaming cleanser, BHA exfoliation 2-3x/week, oil-free moisturizer, broad-spectrum non-comedogenic SPF 50.",Acne
PAT-02022,39,Male,Sensitive,Dryness,Scaling and irritation with seasonal change,Low,Yes,No,Cheeks,Medium,Medium,Medium,Low,None,Low,Basic (Cleanser + Moisturizer),Ceramides,"Hydrating cream cleanser, multi-molecular HA serum, ceramide-rich barrier cream, hydrating mineral sunscreen.",Dryness
PAT-02023,48,Male,Normal,No major concern,Smooth texture with no persistent discomfort,Low,No,None,Full Face,Low,Medium,Low,Low,None,Low,Basic (Cleanser + Moisturizer),Vitamin C,"Gentle daily cleanser, lightweight antioxidant hydrating gel, daily SPF 50 sunscreen maintenance.",No major concern
PAT-02024,40,Male,Dry,Hyperpigmentation,Sun spots and localized brown patches on cheeks,Low,Yes,No,Forehead,Low,Low,Low,High,None,Medium,Basic (Cleanser + Moisturizer),Kojic Acid,"Antioxidant brightening serum, daily broad-spectrum SPF 50+ reapplication, gentle exfoliating tonic, soothing moisturizer.",Hyperpigmentation
PAT-02025,35,Male,Combination,Hyperpigmentation,Melasma-like discoloration on cheeks and upper lip,High,No,No,Full Face,High,Low,Low,High,Mild,Medium,Basic (Cleanser + Moisturizer),Vitamin C,"Antioxidant brightening serum, daily broad-spectrum SPF 50+ reapplication, gentle exfoliating tonic, soothing moisturizer.",Hyperpigmentation
PAT-02026,32,Male,Normal,No major concern,Smooth texture with no persistent discomfort,Low,No,No,T-Zone,Low,Low,Low,Low,None,High,Basic (Cleanser + Moisturizer),Ceramides,"Gentle daily cleanser, lightweight antioxidant hydrating gel, daily SPF 50 sunscreen maintenance.",No major concern
PAT-02027,42,Male,Dry,Dandruff,Dry flaking along hairline and upper forehead,Medium,Yes,No,Hairline,High,High,Medium,Low,None,Low,Elaborate (Cleanser + Toner + Serum + Moisturizer + Sunscreen),Ketoconazole,"Anti-dandruff clarifying shampoo 2-3x weekly, scalp soothing tonic with panthenol, avoiding scalding water showers.",Dandruff
PAT-02028,31,Male,Sensitive,Hyperpigmentation,Dark spots and uneven skin tone from previous acne,High,Yes,Lanolin,Full Face,High,Low,Low,High,Mild,Medium,Elaborate (Cleanser + Toner + Serum + Moisturizer + Sunscreen),Alpha Arbutin,"Antioxidant brightening serum, daily broad-spectrum SPF 50+ reapplication, gentle exfoliating tonic, soothing moisturizer.",Hyperpigmentation
PAT-02029,19,Female,Oily,Hyperpigmentation,Sun spots and localized brown patches on cheeks,Low,Yes,No,Cheeks and Nose,High,Medium,Low,High,None,Medium,Elaborate (Cleanser + Toner + Serum + Moisturizer + Sunscreen),Vitamin C,"Antioxidant brightening serum, daily broad-spectrum SPF 50+ reapplication, gentle exfoliating tonic, soothing moisturizer.",Hyperpigmentation
PAT-02030,25,Female,Combination,Acne,Tender red bumps along jawline and cheeks,High,Yes,No,Cheeks,Medium,Medium,Medium,High,Moderate,Low,Elaborate (Cleanser + Toner + Serum + Moisturizer + Sunscreen),Niacinamide,"Gentle foaming cleanser, BHA exfoliation 2-3x/week, oil-free moisturizer, broad-spectrum non-comedogenic SPF 50.",Acne
PAT-02031,26,Male,Dry,Dandruff,"Scalp tightness, flaking, and itching after sweat",Medium,No,No,Hairline,Low,High,Medium,Low,None,Low,Minimal (Cleanser only),Zinc Pyrithione,"Anti-dandruff clarifying shampoo 2-3x weekly, scalp soothing tonic with panthenol, avoiding scalding water showers.",Dandruff
PAT-02032,56,Female,Sensitive,Dryness,Ashy skin tone and lack of suppleness,Low,No,No,Full Face,Low,High,Low,Low,None,Low,Basic (Cleanser + Moisturizer),Hyaluronic Acid,"Hydrating cream cleanser, multi-molecular HA serum, ceramide-rich barrier cream, hydrating mineral sunscreen.",Dryness
PAT-02033,26,Female,Combination,Dandruff,"Scalp tightness, flaking, and itching after sweat",Medium,Yes,No,Hairline,Medium,Medium,Medium,Low,None,Low,Moderate (Cleanser + Moisturizer + Sunscreen),Zinc Pyrithione,"Anti-dandruff clarifying shampoo 2-3x weekly, scalp soothing tonic with panthenol, avoiding scalding water showers.",Dandruff
PAT-02034,40,Female,Dry,Dryness,Flaking and tight sensation after cleansing,High,No,Lanolin,Around Mouth,Low,High,Medium,Low,None,Medium,Basic (Cleanser + Moisturizer),Ceramides,"Hydrating cream cleanser, multi-molecular HA serum, ceramide-rich barrier cream, hydrating mineral sunscreen.",Dryness
PAT-02035,37,Female,Sensitive,Redness,Stinging sensation and reactive redness to heat,High,No,Essential Oils,Nose and Cheeks,Medium,Medium,High,Low,None,Medium,Basic (Cleanser + Moisturizer),Allantoin,"Calming micellar water, barrier-restoring cica cream, fragrance-free physical zinc sunscreen, avoiding thermal/harsh triggers.",Redness
PAT-02036,26,Male,Oily,Dandruff,Itchy scalp with visible white/yellow flakes,Medium,No,No,Scalp and Upper Forehead,Medium,High,Low,Low,None,Medium,Moderate (Cleanser + Moisturizer + Sunscreen),Tea Tree Oil,"Anti-dandruff clarifying shampoo 2-3x weekly, scalp soothing tonic with panthenol, avoiding scalding water showers.",Dandruff
PAT-02037,29,Female,Combination,Acne,Tender red bumps along jawline and cheeks,Medium,No,No,Jawline,Medium,Low,High,High,Moderate,High,Elaborate (Cleanser + Toner + Serum + Moisturizer + Sunscreen),Zinc PCA,"Gentle foaming cleanser, BHA exfoliation 2-3x/week, oil-free moisturizer, broad-spectrum non-comedogenic SPF 50.",Acne
PAT-02038,16,Female,Combination,Acne,Occasional cystic breakouts and oily shine,High,Yes,Preservatives,T-Zone,High,Low,Medium,Medium,Mild,Medium,Elaborate (Cleanser + Toner + Serum + Moisturizer + Sunscreen),Niacinamide,"Gentle foaming cleanser, BHA exfoliation 2-3x/week, oil-free moisturizer, broad-spectrum non-comedogenic SPF 50.",Acne
PAT-02039,51,Male,Combination,Hyperpigmentation,Dark spots and uneven skin tone from previous acne,Low,Yes,No,Cheeks and Nose,Medium,Medium,Low,Medium,None,High,Basic (Cleanser + Moisturizer),Niacinamide,"Antioxidant brightening serum, daily broad-spectrum SPF 50+ reapplication, gentle exfoliating tonic, soothing moisturizer.",Hyperpigmentation
PAT-02040,38,Male,Sensitive,Redness,"Irritation, blotchiness, and sudden redness flare-ups",Medium,No,Yes,Full Face,Low,High,High,Low,None,Medium,Moderate (Cleanser + Moisturizer + Sunscreen),Centella Asiatica,"Calming micellar water, barrier-restoring cica cream, fragrance-free physical zinc sunscreen, avoiding thermal/harsh triggers.",Redness
PAT-02041,46,Female,Sensitive,Dryness,"Persistent tightness and dull, parched skin",High,No,No,Cheeks,Low,High,Low,Low,None,Medium,Elaborate (Cleanser + Toner + Serum + Moisturizer + Sunscreen),Glycerin,"Hydrating cream cleanser, multi-molecular HA serum, ceramide-rich barrier cream, hydrating mineral sunscreen.",Dryness
PAT-02042,41,Female,Sensitive,Dryness,Rough texture and visible fine dry patches,High,No,None,Forehead,Low,High,High,Low,None,Medium,Minimal (Cleanser only),Ceramides,"Hydrating cream cleanser, multi-molecular HA serum, ceramide-rich barrier cream, hydrating mineral sunscreen.",Dryness
PAT-02043,37,Female,Normal,Hyperpigmentation,Dark spots and uneven skin tone from previous acne,Low,Yes,None,Forehead,Medium,Low,Low,High,None,High,Moderate (Cleanser + Moisturizer + Sunscreen),Niacinamide,"Antioxidant brightening serum, daily broad-spectrum SPF 50+ reapplication, gentle exfoliating tonic, soothing moisturizer.",Hyperpigmentation
PAT-02044,31,Female,Normal,No major concern,Smooth texture with no persistent discomfort,Low,No,None,T-Zone,Low,Low,Low,Low,None,Medium,Basic (Cleanser + Moisturizer),Niacinamide,"Gentle daily cleanser, lightweight antioxidant hydrating gel, daily SPF 50 sunscreen maintenance.",No major concern
PAT-02045,29,Male,Combination,No major concern,Balanced skin with occasional minor shine,Low,No,No,Full Face,Low,Low,Low,Low,None,High,Minimal (Cleanser only),Niacinamide,"Gentle daily cleanser, lightweight antioxidant hydrating gel, daily SPF 50 sunscreen maintenance.",No major concern
PAT-02046,42,Female,Sensitive,Redness,"Irritation, blotchiness, and sudden redness flare-ups",High,Yes,Essential Oils,Cheeks,Medium,Medium,High,Medium,None,Low,Basic (Cleanser + Moisturizer),Madecassoside,"Calming micellar water, barrier-restoring cica cream, fragrance-free physical zinc sunscreen, avoiding thermal/harsh triggers.",Redness
PAT-02047,41,Female,Normal,No major concern,Smooth texture with no persistent discomfort,Low,No,No,T-Zone,Medium,Low,Low,Low,None,Low,Moderate (Cleanser + Moisturizer + Sunscreen),Hyaluronic Acid,"Gentle daily cleanser, lightweight antioxidant hydrating gel, daily SPF 50 sunscreen maintenance.",No major concern
PAT-02048,19,Female,Dry,Dryness,Ashy skin tone and lack of suppleness,High,No,No,Forehead,Low,Medium,Low,Medium,None,Medium,Moderate (Cleanser + Moisturizer + Sunscreen),Hyaluronic Acid,"Hydrating cream cleanser, multi-molecular HA serum, ceramide-rich barrier cream, hydrating mineral sunscreen.",Dryness
PAT-02049,36,Female,Normal,No major concern,Balanced skin with occasional minor shine,Low,No,No,Full Face,Medium,Medium,Low,Low,None,Low,Moderate (Cleanser + Moisturizer + Sunscreen),Peptides,"Gentle daily cleanser, lightweight antioxidant hydrating gel, daily SPF 50 sunscreen maintenance.",No major concern
PAT-02050,44,Male,Sensitive,Redness,Rosacea-like cheek flushing and burning feeling,High,No,Yes,Nose and Cheeks,Medium,Medium,High,Medium,None,Medium,Elaborate (Cleanser + Toner + Serum + Moisturizer + Sunscreen),Azelaic Acid,"Calming micellar water, barrier-restoring cica cream, fragrance-free physical zinc sunscreen, avoiding thermal/harsh triggers.",Redness
PAT-02051,21,Female,Oily,No major concern,Balanced skin with occasional minor shine,Low,Yes,No,Full Face,Low,Low,Low,Low,None,Low,Elaborate (Cleanser + Toner + Serum + Moisturizer + Sunscreen),Hyaluronic Acid,"Gentle daily cleanser, lightweight antioxidant hydrating gel, daily SPF 50 sunscreen maintenance.",No major concern
PAT-02052,16,Male,Sensitive,Redness,Persistent facial flushing and visible capillaries,Medium,No,Essential Oils,Cheeks,Low,High,High,Low,Mild,Medium,Elaborate (Cleanser + Toner + Serum + Moisturizer + Sunscreen),Centella Asiatica,"Calming micellar water, barrier-restoring cica cream, fragrance-free physical zinc sunscreen, avoiding thermal/harsh triggers.",Redness
PAT-02053,20,Female,Dry,Hyperpigmentation,Post-inflammatory dark marks across forehead,Medium,No,No,Cheeks and Nose,Low,Low,Low,High,Mild,High,Basic (Cleanser + Moisturizer),Vitamin C,"Antioxidant brightening serum, daily broad-spectrum SPF 50+ reapplication, gentle exfoliating tonic, soothing moisturizer.",Hyperpigmentation
PAT-02054,34,Male,Oily,Dandruff,Dry flaking along hairline and upper forehead,Medium,Yes,Sulfates,Scalp,High,Medium,High,Low,None,Low,Basic (Cleanser + Moisturizer),Ketoconazole,"Anti-dandruff clarifying shampoo 2-3x weekly, scalp soothing tonic with panthenol, avoiding scalding water showers.",Dandruff
PAT-02055,15,Male,Oily,Dandruff,"Scalp tightness, flaking, and itching after sweat",Medium,Yes,No,Scalp,High,Low,Low,Low,None,Low,Minimal (Cleanser only),Zinc Pyrithione,"Anti-dandruff clarifying shampoo 2-3x weekly, scalp soothing tonic with panthenol, avoiding scalding water showers.",Dandruff
PAT-02056,35,Female,Oily,Hyperpigmentation,Dull complexion with patchy sun discoloration,Low,Yes,No,Forehead,High,Medium,Low,High,None,Medium,Basic (Cleanser + Moisturizer),Niacinamide,"Antioxidant brightening serum, daily broad-spectrum SPF 50+ reapplication, gentle exfoliating tonic, soothing moisturizer.",Hyperpigmentation
PAT-02057,29,Male,Combination,Hyperpigmentation,Sun spots and localized brown patches on cheeks,High,No,Essential Oils,Full Face,Medium,Low,Medium,Medium,None,Medium,Elaborate (Cleanser + Toner + Serum + Moisturizer + Sunscreen),Alpha Arbutin,"Antioxidant brightening serum, daily broad-spectrum SPF 50+ reapplication, gentle exfoliating tonic, soothing moisturizer.",Hyperpigmentation
PAT-02058,32,Female,Sensitive,Dryness,Ashy skin tone and lack of suppleness,High,No,No,Cheeks,Low,High,Low,Low,None,Low,Basic (Cleanser + Moisturizer),Ceramides,"Hydrating cream cleanser, multi-molecular HA serum, ceramide-rich barrier cream, hydrating mineral sunscreen.",Dryness
PAT-02059,45,Male,Sensitive,Dryness,"Persistent tightness and dull, parched skin",Medium,No,No,Cheeks,Low,High,Low,Low,None,High,Elaborate (Cleanser + Toner + Serum + Moisturizer + Sunscreen),Hyaluronic Acid,"Hydrating cream cleanser, multi-molecular HA serum, ceramide-rich barrier cream, hydrating mineral sunscreen.",Dryness
PAT-02060,40,Male,Oily,Dandruff,Dry flaking along hairline and upper forehead,Low,Yes,None,Scalp,High,Medium,Low,Low,None,Medium,Moderate (Cleanser + Moisturizer + Sunscreen),Selenium Sulfide,"Anti-dandruff clarifying shampoo 2-3x weekly, scalp soothing tonic with panthenol, avoiding scalding water showers.",Dandruff
PAT-02061,29,Male,Dry,Dandruff,Persistent scalp dandruff and mild redness at hair root,Medium,No,Sulfates,Scalp,High,Medium,Low,Low,None,Low,Elaborate (Cleanser + Toner + Serum + Moisturizer + Sunscreen),Salicylic Acid,"Anti-dandruff clarifying shampoo 2-3x weekly, scalp soothing tonic with panthenol, avoiding scalding water showers.",Dandruff
PAT-02062,59,Female,Sensitive,Dryness,Flaking and tight sensation after cleansing,High,Yes,No,Cheeks,Low,Medium,Low,Low,None,Medium,Minimal (Cleanser only),Hyaluronic Acid,"Hydrating cream cleanser, multi-molecular HA serum, ceramide-rich barrier cream, hydrating mineral sunscreen.",Dryness
PAT-02063,26,Female,Dry,Dryness,Flaking and tight sensation after cleansing,High,No,Sulfates,Cheeks,Low,High,Low,Low,None,Low,Minimal (Cleanser only),Glycerin,"Hydrating cream cleanser, multi-molecular HA serum, ceramide-rich barrier cream, hydrating mineral sunscreen.",Dryness
PAT-02064,33,Male,Normal,Hyperpigmentation,Dull complexion with patchy sun discoloration,Medium,Yes,No,Cheeks,Medium,Low,Low,Medium,Mild,Low,Elaborate (Cleanser + Toner + Serum + Moisturizer + Sunscreen),Vitamin C,"Antioxidant brightening serum, daily broad-spectrum SPF 50+ reapplication, gentle exfoliating tonic, soothing moisturizer.",Hyperpigmentation
PAT-02065,21,Female,Oily,Acne,Tender red bumps along jawline and cheeks,Medium,Yes,None,Jawline,Medium,Low,Low,Medium,Moderate,High,Moderate (Cleanser + Moisturizer + Sunscreen),Salicylic Acid,"Gentle foaming cleanser, BHA exfoliation 2-3x/week, oil-free moisturizer, broad-spectrum non-comedogenic SPF 50.",Acne
PAT-02066,25,Female,Combination,No major concern,Even complexion with no active breakouts or irritation,Medium,Yes,No,T-Zone,Low,Low,Low,Low,None,Low,Moderate (Cleanser + Moisturizer + Sunscreen),Hyaluronic Acid,"Gentle daily cleanser, lightweight antioxidant hydrating gel, daily SPF 50 sunscreen maintenance.",No major concern
PAT-02067,19,Female,Combination,Dandruff,Greasy scalp scaling and mild scalp irritation,Medium,No,No,Hairline,High,High,Medium,Low,None,Low,Elaborate (Cleanser + Toner + Serum + Moisturizer + Sunscreen),Tea Tree Oil,"Anti-dandruff clarifying shampoo 2-3x weekly, scalp soothing tonic with panthenol, avoiding scalding water showers.",Dandruff
PAT-02068,25,Female,Oily,Acne,Occasional cystic breakouts and oily shine,Medium,No,No,T-Zone,High,Low,Medium,Low,Mild,High,Moderate (Cleanser + Moisturizer + Sunscreen),Salicylic Acid,"Gentle foaming cleanser, BHA exfoliation 2-3x/week, oil-free moisturizer, broad-spectrum non-comedogenic SPF 50.",Acne
PAT-02069,27,Female,Oily,Acne,Whiteheads and blackheads on T-zone,High,Yes,No,Jawline,High,Low,High,Medium,Moderate,High,Elaborate (Cleanser + Toner + Serum + Moisturizer + Sunscreen),Salicylic Acid,"Gentle foaming cleanser, BHA exfoliation 2-3x/week, oil-free moisturizer, broad-spectrum non-comedogenic SPF 50.",Acne
PAT-02070,23,Male,Combination,Dandruff,Itchy scalp with visible white/yellow flakes,Medium,No,No,Scalp and Upper Forehead,High,Medium,Low,Low,None,Medium,Minimal (Cleanser only),Zinc Pyrithione,"Anti-dandruff clarifying shampoo 2-3x weekly, scalp soothing tonic with panthenol, avoiding scalding water showers.",Dandruff
PAT-02071,20,Female,Sensitive,Acne,Inflamed red pimples and occasional pustules,Low,Yes,No,Forehead,Medium,Low,Medium,Low,Severe,High,Elaborate (Cleanser + Toner + Serum + Moisturizer + Sunscreen),Salicylic Acid,"Gentle foaming cleanser, BHA exfoliation 2-3x/week, oil-free moisturizer, broad-spectrum non-comedogenic SPF 50.",Acne
PAT-02072,25,Female,Dry,Dryness,Ashy skin tone and lack of suppleness,Medium,No,No,Forehead,Low,High,Medium,Low,None,Low,Basic (Cleanser + Moisturizer),Glycerin,"Hydrating cream cleanser, multi-molecular HA serum, ceramide-rich barrier cream, hydrating mineral sunscreen.",Dryness
PAT-02073,28,Male,Oily,Acne,Clogged pores with recurring breakouts,High,Yes,No,T-Zone,High,Low,Medium,Medium,Severe,Medium,Moderate (Cleanser + Moisturizer + Sunscreen),Tea Tree Extract,"Gentle foaming cleanser, BHA exfoliation 2-3x/week, oil-free moisturizer, broad-spectrum non-comedogenic SPF 50.",Acne
PAT-02074,37,Male,Sensitive,Hyperpigmentation,Post-inflammatory dark marks across forehead,Low,No,No,Cheeks and Nose,Low,Medium,Low,High,Mild,Medium,Basic (Cleanser + Moisturizer),Alpha Arbutin,"Antioxidant brightening serum, daily broad-spectrum SPF 50+ reapplication, gentle exfoliating tonic, soothing moisturizer.",Hyperpigmentation
PAT-02075,29,Female,Combination,Hyperpigmentation,Dull complexion with patchy sun discoloration,High,Yes,No,Cheeks,Medium,Medium,Low,High,Mild,High,Moderate (Cleanser + Moisturizer + Sunscreen),Tranexamic Acid,"Antioxidant brightening serum, daily broad-spectrum SPF 50+ reapplication, gentle exfoliating tonic, soothing moisturizer.",Hyperpigmentation
PAT-02076,50,Female,Sensitive,Dryness,Scaling and irritation with seasonal change,Medium,No,No,Cheeks,Low,Medium,Low,Medium,None,Low,Elaborate (Cleanser + Toner + Serum + Moisturizer + Sunscreen),Ceramides,"Hydrating cream cleanser, multi-molecular HA serum, ceramide-rich barrier cream, hydrating mineral sunscreen.",Dryness
PAT-02077,30,Female,Combination,Dandruff,Persistent scalp dandruff and mild redness at hair root,Medium,Yes,No,Scalp,High,High,Low,Low,None,Medium,Basic (Cleanser + Moisturizer),Tea Tree Oil,"Anti-dandruff clarifying shampoo 2-3x weekly, scalp soothing tonic with panthenol, avoiding scalding water showers.",Dandruff
PAT-02078,24,Male,Combination,Dandruff,Greasy scalp scaling and mild scalp irritation,Low,Yes,No,Hairline,High,Low,Low,Low,None,Low,Minimal (Cleanser only),Tea Tree Oil,"Anti-dandruff clarifying shampoo 2-3x weekly, scalp soothing tonic with panthenol, avoiding scalding water showers.",Dandruff
PAT-02079,28,Female,Sensitive,Redness,Sensitivity to wind and skin barrier discomfort,Medium,No,Alcohol,T-Zone,Low,High,High,Low,None,High,Basic (Cleanser + Moisturizer),Centella Asiatica,"Calming micellar water, barrier-restoring cica cream, fragrance-free physical zinc sunscreen, avoiding thermal/harsh triggers.",Redness
PAT-02080,40,Female,Sensitive,Redness,Persistent facial flushing and visible capillaries,High,Yes,Essential Oils,T-Zone,Low,Medium,High,Medium,None,Medium,Basic (Cleanser + Moisturizer),Centella Asiatica,"Calming micellar water, barrier-restoring cica cream, fragrance-free physical zinc sunscreen, avoiding thermal/harsh triggers.",Redness
PAT-02081,43,Male,Oily,Dandruff,Itchy scalp with visible white/yellow flakes,High,No,Fragrance,Hairline,High,High,Medium,Low,None,Low,Minimal (Cleanser only),Zinc Pyrithione,"Anti-dandruff clarifying shampoo 2-3x weekly, scalp soothing tonic with panthenol, avoiding scalding water showers.",Dandruff
PAT-02082,24,Male,Normal,No major concern,Even complexion with no active breakouts or irritation,Low,No,No,T-Zone,Medium,Low,Low,Low,None,Medium,Moderate (Cleanser + Moisturizer + Sunscreen),Niacinamide,"Gentle daily cleanser, lightweight antioxidant hydrating gel, daily SPF 50 sunscreen maintenance.",No major concern
PAT-02083,30,Male,Dry,Dryness,Scaling and irritation with seasonal change,High,No,None,Cheeks,Low,High,High,Medium,None,Medium,Basic (Cleanser + Moisturizer),Hyaluronic Acid,"Hydrating cream cleanser, multi-molecular HA serum, ceramide-rich barrier cream, hydrating mineral sunscreen.",Dryness
PAT-02084,22,Female,Oily,Dandruff,Itchy scalp with visible white/yellow flakes,Low,Yes,No,Scalp and Upper Forehead,Medium,High,Low,Low,None,Medium,Moderate (Cleanser + Moisturizer + Sunscreen),Salicylic Acid,"Anti-dandruff clarifying shampoo 2-3x weekly, scalp soothing tonic with panthenol, avoiding scalding water showers.",Dandruff
PAT-02085,28,Male,Dry,Dryness,Ashy skin tone and lack of suppleness,Low,No,No,Cheeks,Low,High,High,Low,None,High,Moderate (Cleanser + Moisturizer + Sunscreen),Hyaluronic Acid,"Hydrating cream cleanser, multi-molecular HA serum, ceramide-rich barrier cream, hydrating mineral sunscreen.",Dryness
PAT-02086,21,Female,Oily,Acne,Tender red bumps along jawline and cheeks,Medium,Yes,No,Full Face,High,Low,High,Medium,Moderate,Medium,Elaborate (Cleanser + Toner + Serum + Moisturizer + Sunscreen),Niacinamide,"Gentle foaming cleanser, BHA exfoliation 2-3x/week, oil-free moisturizer, broad-spectrum non-comedogenic SPF 50.",Acne
PAT-02087,25,Male,Normal,Acne,Clogged pores with recurring breakouts,High,Yes,Fragrance,T-Zone,Low,Low,Medium,High,Mild,Medium,Minimal (Cleanser only),Niacinamide,"Gentle foaming cleanser, BHA exfoliation 2-3x/week, oil-free moisturizer, broad-spectrum non-comedogenic SPF 50.",Acne
PAT-02088,17,Male,Oily,Acne,Clogged pores with recurring breakouts,Medium,Yes,None,Full Face,High,Low,Medium,Medium,Moderate,High,Basic (Cleanser + Moisturizer),Salicylic Acid,"Gentle foaming cleanser, BHA exfoliation 2-3x/week, oil-free moisturizer, broad-spectrum non-comedogenic SPF 50.",Acne
PAT-02089,17,Male,Sensitive,Redness,Sensitivity to wind and skin barrier discomfort,High,Yes,Yes,Full Face,Medium,Low,High,Medium,None,High,Basic (Cleanser + Moisturizer),Allantoin,"Calming micellar water, barrier-restoring cica cream, fragrance-free physical zinc sunscreen, avoiding thermal/harsh triggers.",Redness
PAT-02090,35,Female,Combination,Hyperpigmentation,Melasma-like discoloration on cheeks and upper lip,Low,Yes,No,Cheeks,Medium,Low,Medium,High,Mild,Medium,Moderate (Cleanser + Moisturizer + Sunscreen),Alpha Arbutin,"Antioxidant brightening serum, daily broad-spectrum SPF 50+ reapplication, gentle exfoliating tonic, soothing moisturizer.",Hyperpigmentation
PAT-02091,38,Male,Dry,Dryness,Ashy skin tone and lack of suppleness,Low,No,Sulfates,Full Face,Low,High,Medium,Medium,None,Medium,Elaborate (Cleanser + Toner + Serum + Moisturizer + Sunscreen),Centella Asiatica,"Hydrating cream cleanser, multi-molecular HA serum, ceramide-rich barrier cream, hydrating mineral sunscreen.",Dryness
PAT-02092,25,Female,Dry,Dandruff,Dry flaking along hairline and upper forehead,Medium,No,No,Hairline,Low,Low,Medium,Low,None,Medium,Basic (Cleanser + Moisturizer),Zinc Pyrithione,"Anti-dandruff clarifying shampoo 2-3x weekly, scalp soothing tonic with panthenol, avoiding scalding water showers.",Dandruff
PAT-02093,18,Male,Oily,No major concern,Balanced skin with occasional minor shine,Low,No,None,T-Zone,Medium,Medium,Low,Low,None,Medium,Minimal (Cleanser only),Hyaluronic Acid,"Gentle daily cleanser, lightweight antioxidant hydrating gel, daily SPF 50 sunscreen maintenance.",No major concern
PAT-02094,15,Female,Oily,Acne,Clogged pores with recurring breakouts,Medium,Yes,Fragrance,Cheeks,High,Low,Medium,Low,Mild,Low,Moderate (Cleanser + Moisturizer + Sunscreen),Salicylic Acid,"Gentle foaming cleanser, BHA exfoliation 2-3x/week, oil-free moisturizer, broad-spectrum non-comedogenic SPF 50.",Acne
PAT-02095,23,Male,Oily,Hyperpigmentation,Melasma-like discoloration on cheeks and upper lip,High,Yes,No,Forehead,High,Low,Low,High,None,High,Moderate (Cleanser + Moisturizer + Sunscreen),Vitamin C,"Antioxidant brightening serum, daily broad-spectrum SPF 50+ reapplication, gentle exfoliating tonic, soothing moisturizer.",Hyperpigmentation
PAT-02096,41,Male,Oily,Hyperpigmentation,Dark spots and uneven skin tone from previous acne,High,No,None,Full Face,High,Low,Low,Medium,None,High,Moderate (Cleanser + Moisturizer + Sunscreen),Vitamin C,"Antioxidant brightening serum, daily broad-spectrum SPF 50+ reapplication, gentle exfoliating tonic, soothing moisturizer.",Hyperpigmentation
PAT-02097,28,Male,Dry,Dryness,Rough texture and visible fine dry patches,High,No,Lanolin,Forehead,Low,High,Low,Low,None,Low,Moderate (Cleanser + Moisturizer + Sunscreen),Ceramides,"Hydrating cream cleanser, multi-molecular HA serum, ceramide-rich barrier cream, hydrating mineral sunscreen.",Dryness
PAT-02098,29,Female,Combination,Hyperpigmentation,Dark spots and uneven skin tone from previous acne,Low,Yes,No,Full Face,Medium,Medium,Low,High,None,Medium,Basic (Cleanser + Moisturizer),Kojic Acid,"Antioxidant brightening serum, daily broad-spectrum SPF 50+ reapplication, gentle exfoliating tonic, soothing moisturizer.",Hyperpigmentation
PAT-02099,34,Male,Oily,No major concern,Smooth texture with no persistent discomfort,Low,Yes,No,None,Low,Medium,Low,Low,None,Low,Minimal (Cleanser only),Vitamin C,"Gentle daily cleanser, lightweight antioxidant hydrating gel, daily SPF 50 sunscreen maintenance.",No major concern
PAT-02100,16,Male,Combination,Acne,Tender red bumps along jawline and cheeks,High,Yes,No,Forehead,High,Medium,High,Low,Mild,Low,Basic (Cleanser + Moisturizer),Zinc PCA,"Gentle foaming cleanser, BHA exfoliation 2-3x/week, oil-free moisturizer, broad-spectrum non-comedogenic SPF 50.",Acne
PAT-02101,28,Male,Combination,Acne,Clogged pores with recurring breakouts,High,Yes,No,Jawline,High,Medium,Medium,Low,Mild,Low,Elaborate (Cleanser + Toner + Serum + Moisturizer + Sunscreen),Niacinamide,"Gentle foaming cleanser, BHA exfoliation 2-3x/week, oil-free moisturizer, broad-spectrum non-comedogenic SPF 50.",Acne
PAT-02102,29,Female,Dry,Dryness,Scaling and irritation with seasonal change,Medium,No,No,Forehead,Low,Medium,Medium,Medium,None,Medium,Minimal (Cleanser only),Glycerin,"Hydrating cream cleanser, multi-molecular HA serum, ceramide-rich barrier cream, hydrating mineral sunscreen.",Dryness
PAT-02103,15,Female,Oily,Acne,Clogged pores with recurring breakouts,Medium,Yes,No,Cheeks,High,Low,Medium,Low,Mild,High,Elaborate (Cleanser + Toner + Serum + Moisturizer + Sunscreen),Zinc PCA,"Gentle foaming cleanser, BHA exfoliation 2-3x/week, oil-free moisturizer, broad-spectrum non-comedogenic SPF 50.",Acne
PAT-02104,34,Male,Dry,Dryness,"Persistent tightness and dull, parched skin",High,No,Fragrance,Forehead,Low,High,Medium,Medium,None,Low,Basic (Cleanser + Moisturizer),Ceramides,"Hydrating cream cleanser, multi-molecular HA serum, ceramide-rich barrier cream, hydrating mineral sunscreen.",Dryness
PAT-02105,25,Male,Oily,Acne,Tender red bumps along jawline and cheeks,Low,Yes,No,Jawline,High,Low,Low,Low,Mild,Medium,Moderate (Cleanser + Moisturizer + Sunscreen),Salicylic Acid,"Gentle foaming cleanser, BHA exfoliation 2-3x/week, oil-free moisturizer, broad-spectrum non-comedogenic SPF 50.",Acne
PAT-02106,24,Male,Combination,Acne,Inflamed red pimples and occasional pustules,Low,No,No,Cheeks,High,Low,High,Medium,Mild,Medium,Basic (Cleanser + Moisturizer),Azelaic Acid,"Gentle foaming cleanser, BHA exfoliation 2-3x/week, oil-free moisturizer, broad-spectrum non-comedogenic SPF 50.",Acne
PAT-02107,16,Male,Dry,Dryness,"Persistent tightness and dull, parched skin",Medium,No,Fragrance,Cheeks,Low,Medium,Medium,Low,None,Medium,Basic (Cleanser + Moisturizer),Glycerin,"Hydrating cream cleanser, multi-molecular HA serum, ceramide-rich barrier cream, hydrating mineral sunscreen.",Dryness
PAT-02108,22,Female,Sensitive,Redness,"Irritation, blotchiness, and sudden redness flare-ups",High,No,Alcohol,Nose and Cheeks,Low,High,High,Medium,None,High,Minimal (Cleanser only),Allantoin,"Calming micellar water, barrier-restoring cica cream, fragrance-free physical zinc sunscreen, avoiding thermal/harsh triggers.",Redness
PAT-02109,22,Male,Oily,No major concern,Even complexion with no active breakouts or irritation,Low,No,None,T-Zone,Low,Low,Low,Low,None,Medium,Basic (Cleanser + Moisturizer),Peptides,"Gentle daily cleanser, lightweight antioxidant hydrating gel, daily SPF 50 sunscreen maintenance.",No major concern
PAT-02110,38,Male,Normal,Hyperpigmentation,Dark spots and uneven skin tone from previous acne,Medium,No,None,Full Face,Medium,Medium,Medium,High,None,High,Elaborate (Cleanser + Toner + Serum + Moisturizer + Sunscreen),Niacinamide,"Antioxidant brightening serum, daily broad-spectrum SPF 50+ reapplication, gentle exfoliating tonic, soothing moisturizer.",Hyperpigmentation
PAT-02111,21,Male,Dry,Dryness,Scaling and irritation with seasonal change,High,No,No,Full Face,Low,Medium,Low,Low,None,High,Minimal (Cleanser only),Glycerin,"Hydrating cream cleanser, multi-molecular HA serum, ceramide-rich barrier cream, hydrating mineral sunscreen.",Dryness
PAT-02112,18,Male,Sensitive,Redness,Stinging sensation and reactive redness to heat,Medium,No,Yes,T-Zone,High,Low,Medium,Low,Mild,Medium,Elaborate (Cleanser + Toner + Serum + Moisturizer + Sunscreen),Panthenol,"Calming micellar water, barrier-restoring cica cream, fragrance-free physical zinc sunscreen, avoiding thermal/harsh triggers.",Redness
PAT-02113,32,Female,Sensitive,Dryness,Ashy skin tone and lack of suppleness,Medium,No,Sulfates,Full Face,Low,High,Medium,Low,None,Medium,Elaborate (Cleanser + Toner + Serum + Moisturizer + Sunscreen),Centella Asiatica,"Hydrating cream cleanser, multi-molecular HA serum, ceramide-rich barrier cream, hydrating mineral sunscreen.",Dryness
PAT-02114,33,Male,Sensitive,Redness,"Irritation, blotchiness, and sudden redness flare-ups",High,Yes,Fragrance,T-Zone,Medium,Medium,High,Medium,None,High,Moderate (Cleanser + Moisturizer + Sunscreen),Azelaic Acid,"Calming micellar water, barrier-restoring cica cream, fragrance-free physical zinc sunscreen, avoiding thermal/harsh triggers.",Redness
PAT-02115,41,Female,Dry,Dryness,Flaking and tight sensation after cleansing,High,No,Fragrance,Cheeks,Low,High,Medium,Low,None,Medium,Minimal (Cleanser only),Centella Asiatica,"Hydrating cream cleanser, multi-molecular HA serum, ceramide-rich barrier cream, hydrating mineral sunscreen.",Dryness
PAT-02116,15,Female,Oily,Dandruff,Persistent scalp dandruff and mild redness at hair root,High,No,No,Scalp,High,Medium,High,Low,None,Medium,Minimal (Cleanser only),Ketoconazole,"Anti-dandruff clarifying shampoo 2-3x weekly, scalp soothing tonic with panthenol, avoiding scalding water showers.",Dandruff
PAT-02117,26,Female,Oily,Acne,Clogged pores with recurring breakouts,Medium,Yes,No,T-Zone,High,Low,Medium,Medium,Moderate,Medium,Basic (Cleanser + Moisturizer),Tea Tree Extract,"Gentle foaming cleanser, BHA exfoliation 2-3x/week, oil-free moisturizer, broad-spectrum non-comedogenic SPF 50.",Acne
PAT-02118,26,Female,Oily,Acne,Tender red bumps along jawline and cheeks,Low,Yes,No,Jawline,Low,Low,High,Low,Moderate,Low,Moderate (Cleanser + Moisturizer + Sunscreen),Salicylic Acid,"Gentle foaming cleanser, BHA exfoliation 2-3x/week, oil-free moisturizer, broad-spectrum non-comedogenic SPF 50.",Acne
PAT-02119,36,Male,Dry,Dandruff,Itchy scalp with visible white/yellow flakes,Medium,No,No,Hairline,High,Low,Low,Low,None,Medium,Minimal (Cleanser only),Salicylic Acid,"Anti-dandruff clarifying shampoo 2-3x weekly, scalp soothing tonic with panthenol, avoiding scalding water showers.",Dandruff
PAT-02120,16,Male,Oily,Acne,Tender red bumps along jawline and cheeks,Medium,Yes,No,T-Zone,High,Low,High,High,Mild,High,Elaborate (Cleanser + Toner + Serum + Moisturizer + Sunscreen),Tea Tree Extract,"Gentle foaming cleanser, BHA exfoliation 2-3x/week, oil-free moisturizer, broad-spectrum non-comedogenic SPF 50.",Acne
PAT-02121,29,Female,Dry,Dryness,Flaking and tight sensation after cleansing,Medium,Yes,None,Cheeks,Low,High,Medium,Low,None,Medium,Basic (Cleanser + Moisturizer),Centella Asiatica,"Hydrating cream cleanser, multi-molecular HA serum, ceramide-rich barrier cream, hydrating mineral sunscreen.",Dryness
PAT-02122,18,Male,Oily,Acne,Inflamed red pimples and occasional pustules,Low,Yes,No,Full Face,High,Low,High,Low,Mild,Low,Basic (Cleanser + Moisturizer),Zinc PCA,"Gentle foaming cleanser, BHA exfoliation 2-3x/week, oil-free moisturizer, broad-spectrum non-comedogenic SPF 50.",Acne
PAT-02123,27,Male,Oily,Acne,Occasional cystic breakouts and oily shine,Medium,Yes,No,Jawline,High,Low,High,High,Severe,Medium,Moderate (Cleanser + Moisturizer + Sunscreen),Salicylic Acid,"Gentle foaming cleanser, BHA exfoliation 2-3x/week, oil-free moisturizer, broad-spectrum non-comedogenic SPF 50.",Acne
PAT-02124,22,Male,Combination,Dandruff,Itchy scalp with visible white/yellow flakes,Medium,No,No,Scalp,High,Medium,High,Low,None,Medium,Basic (Cleanser + Moisturizer),Selenium Sulfide,"Anti-dandruff clarifying shampoo 2-3x weekly, scalp soothing tonic with panthenol, avoiding scalding water showers.",Dandruff
PAT-02125,41,Male,Combination,Dandruff,Itchy scalp with visible white/yellow flakes,Medium,No,No,Scalp and Upper Forehead,Medium,High,Medium,Low,None,Medium,Moderate (Cleanser + Moisturizer + Sunscreen),Ketoconazole,"Anti-dandruff clarifying shampoo 2-3x weekly, scalp soothing tonic with panthenol, avoiding scalding water showers.",Dandruff
PAT-02126,28,Male,Oily,Hyperpigmentation,Dull complexion with patchy sun discoloration,High,No,Fragrance,Full Face,High,Medium,Low,High,Mild,High,Moderate (Cleanser + Moisturizer + Sunscreen),Alpha Arbutin,"Antioxidant brightening serum, daily broad-spectrum SPF 50+ reapplication, gentle exfoliating tonic, soothing moisturizer.",Hyperpigmentation
PAT-02127,23,Male,Oily,Acne,Whiteheads and blackheads on T-zone,High,Yes,No,Cheeks,High,Low,High,Medium,Mild,Low,Moderate (Cleanser + Moisturizer + Sunscreen),Salicylic Acid,"Gentle foaming cleanser, BHA exfoliation 2-3x/week, oil-free moisturizer, broad-spectrum non-comedogenic SPF 50.",Acne
PAT-02128,33,Male,Oily,Hyperpigmentation,Dull complexion with patchy sun discoloration,Low,Yes,No,Full Face,Low,Medium,Medium,High,None,Medium,Elaborate (Cleanser + Toner + Serum + Moisturizer + Sunscreen),Kojic Acid,"Antioxidant brightening serum, daily broad-spectrum SPF 50+ reapplication, gentle exfoliating tonic, soothing moisturizer.",Hyperpigmentation
PAT-02129,29,Male,Normal,Acne,Clogged pores with recurring breakouts,High,Yes,No,Full Face,High,Medium,Medium,Low,Severe,Medium,Moderate (Cleanser + Moisturizer + Sunscreen),Zinc PCA,"Gentle foaming cleanser, BHA exfoliation 2-3x/week, oil-free moisturizer, broad-spectrum non-comedogenic SPF 50.",Acne
PAT-02130,21,Male,Sensitive,Redness,Persistent facial flushing and visible capillaries,High,No,Alcohol,Cheeks,Medium,Medium,Medium,Low,None,Medium,Basic (Cleanser + Moisturizer),Centella Asiatica,"Calming micellar water, barrier-restoring cica cream, fragrance-free physical zinc sunscreen, avoiding thermal/harsh triggers.",Redness
PAT-02131,21,Male,Oily,No major concern,Smooth texture with no persistent discomfort,Low,No,None,Full Face,Medium,Low,Low,Low,None,Medium,Moderate (Cleanser + Moisturizer + Sunscreen),Ceramides,"Gentle daily cleanser, lightweight antioxidant hydrating gel, daily SPF 50 sunscreen maintenance.",No major concern
PAT-02132,18,Male,Normal,Hyperpigmentation,Dull complexion with patchy sun discoloration,High,No,No,Forehead,Medium,Low,Low,Medium,None,High,Moderate (Cleanser + Moisturizer + Sunscreen),Niacinamide,"Antioxidant brightening serum, daily broad-spectrum SPF 50+ reapplication, gentle exfoliating tonic, soothing moisturizer.",Hyperpigmentation
PAT-02133,27,Female,Oily,Hyperpigmentation,Dark spots and uneven skin tone from previous acne,High,No,Lanolin,Full Face,Medium,Medium,Medium,High,Mild,High,Moderate (Cleanser + Moisturizer + Sunscreen),Alpha Arbutin,"Antioxidant brightening serum, daily broad-spectrum SPF 50+ reapplication, gentle exfoliating tonic, soothing moisturizer.",Hyperpigmentation
PAT-02134,25,Female,Oily,Dandruff,Greasy scalp scaling and mild scalp irritation,Low,No,No,Hairline,Medium,Medium,Medium,Low,None,Medium,Elaborate (Cleanser + Toner + Serum + Moisturizer + Sunscreen),Salicylic Acid,"Anti-dandruff clarifying shampoo 2-3x weekly, scalp soothing tonic with panthenol, avoiding scalding water showers.",Dandruff
PAT-02135,27,Male,Normal,Acne,Tender red bumps along jawline and cheeks,High,Yes,No,Cheeks,Medium,Low,Medium,Low,Moderate,Low,Basic (Cleanser + Moisturizer),Azelaic Acid,"Gentle foaming cleanser, BHA exfoliation 2-3x/week, oil-free moisturizer, broad-spectrum non-comedogenic SPF 50.",Acne
PAT-02136,29,Male,Oily,Acne,Clogged pores with recurring breakouts,Low,Yes,Fragrance,Cheeks,Medium,Low,Medium,Low,Severe,Medium,Moderate (Cleanser + Moisturizer + Sunscreen),Salicylic Acid,"Gentle foaming cleanser, BHA exfoliation 2-3x/week, oil-free moisturizer, broad-spectrum non-comedogenic SPF 50.",Acne
PAT-02137,36,Male,Sensitive,Redness,Stinging sensation and reactive redness to heat,High,No,None,Full Face,Medium,High,High,Medium,None,Medium,Elaborate (Cleanser + Toner + Serum + Moisturizer + Sunscreen),Centella Asiatica,"Calming micellar water, barrier-restoring cica cream, fragrance-free physical zinc sunscreen, avoiding thermal/harsh triggers.",Redness
PAT-02138,34,Female,Sensitive,Redness,Persistent facial flushing and visible capillaries,Medium,Yes,Fragrance,Nose and Cheeks,Medium,Medium,High,Low,Mild,High,Minimal (Cleanser only),Panthenol,"Calming micellar water, barrier-restoring cica cream, fragrance-free physical zinc sunscreen, avoiding thermal/harsh triggers.",Redness
PAT-02139,27,Female,Combination,Dandruff,Itchy scalp with visible white/yellow flakes,Medium,Yes,Sulfates,Scalp and Upper Forehead,High,Low,Low,Low,None,High,Minimal (Cleanser only),Zinc Pyrithione,"Anti-dandruff clarifying shampoo 2-3x weekly, scalp soothing tonic with panthenol, avoiding scalding water showers.",Dandruff
PAT-02140,15,Female,Combination,Dandruff,Itchy scalp with visible white/yellow flakes,Low,No,No,Hairline,High,Low,Low,Low,None,Low,Minimal (Cleanser only),Tea Tree Oil,"Anti-dandruff clarifying shampoo 2-3x weekly, scalp soothing tonic with panthenol, avoiding scalding water showers.",Dandruff
PAT-02141,35,Female,Combination,No major concern,Even complexion with no active breakouts or irritation,Low,No,No,T-Zone,Low,Medium,Low,Low,None,Low,Basic (Cleanser + Moisturizer),Ceramides,"Gentle daily cleanser, lightweight antioxidant hydrating gel, daily SPF 50 sunscreen maintenance.",No major concern
PAT-02142,25,Male,Sensitive,Hyperpigmentation,Post-inflammatory dark marks across forehead,Medium,No,No,Cheeks,High,Low,Low,High,Mild,High,Minimal (Cleanser only),Alpha Arbutin,"Antioxidant brightening serum, daily broad-spectrum SPF 50+ reapplication, gentle exfoliating tonic, soothing moisturizer.",Hyperpigmentation
PAT-02143,34,Female,Normal,Hyperpigmentation,Sun spots and localized brown patches on cheeks,Low,No,No,Cheeks and Nose,Low,Low,Medium,High,None,High,Minimal (Cleanser only),Tranexamic Acid,"Antioxidant brightening serum, daily broad-spectrum SPF 50+ reapplication, gentle exfoliating tonic, soothing moisturizer.",Hyperpigmentation
PAT-02144,22,Male,Sensitive,Redness,Stinging sensation and reactive redness to heat,High,No,Fragrance,Full Face,Medium,High,Medium,Medium,None,Medium,Elaborate (Cleanser + Toner + Serum + Moisturizer + Sunscreen),Azelaic Acid,"Calming micellar water, barrier-restoring cica cream, fragrance-free physical zinc sunscreen, avoiding thermal/harsh triggers.",Redness
PAT-02145,59,Male,Sensitive,Hyperpigmentation,Dull complexion with patchy sun discoloration,High,Yes,No,Full Face,Low,Medium,Low,High,None,High,Moderate (Cleanser + Moisturizer + Sunscreen),Vitamin C,"Antioxidant brightening serum, daily broad-spectrum SPF 50+ reapplication, gentle exfoliating tonic, soothing moisturizer.",Hyperpigmentation
PAT-02146,28,Male,Combination,No major concern,Balanced skin with occasional minor shine,Low,No,No,Full Face,Medium,Low,Low,Low,None,High,Moderate (Cleanser + Moisturizer + Sunscreen),Hyaluronic Acid,"Gentle daily cleanser, lightweight antioxidant hydrating gel, daily SPF 50 sunscreen maintenance.",No major concern
PAT-02147,24,Female,Oily,Hyperpigmentation,Melasma-like discoloration on cheeks and upper lip,High,No,Lanolin,Forehead,Medium,Low,Low,Medium,Mild,Low,Moderate (Cleanser + Moisturizer + Sunscreen),Vitamin C,"Antioxidant brightening serum, daily broad-spectrum SPF 50+ reapplication, gentle exfoliating tonic, soothing moisturizer.",Hyperpigmentation
PAT-02148,51,Male,Sensitive,Redness,Sensitivity to wind and skin barrier discomfort,High,No,Fragrance,Nose and Cheeks,Medium,Medium,High,Low,None,Low,Basic (Cleanser + Moisturizer),Azelaic Acid,"Calming micellar water, barrier-restoring cica cream, fragrance-free physical zinc sunscreen, avoiding thermal/harsh triggers.",Redness
PAT-02149,37,Male,Combination,Hyperpigmentation,Melasma-like discoloration on cheeks and upper lip,Medium,Yes,No,Full Face,Medium,Low,Low,High,None,High,Minimal (Cleanser only),Vitamin C,"Antioxidant brightening serum, daily broad-spectrum SPF 50+ reapplication, gentle exfoliating tonic, soothing moisturizer.",Hyperpigmentation
PAT-02150,46,Female,Sensitive,Redness,Stinging sensation and reactive redness to heat,High,No,Essential Oils,T-Zone,Low,Medium,High,Low,Mild,High,Elaborate (Cleanser + Toner + Serum + Moisturizer + Sunscreen),Azelaic Acid,"Calming micellar water, barrier-restoring cica cream, fragrance-free physical zinc sunscreen, avoiding thermal/harsh triggers.",Redness
PAT-02151,20,Male,Oily,Acne,Tender red bumps along jawline and cheeks,Medium,Yes,None,Forehead,Medium,Low,Medium,High,Moderate,High,Elaborate (Cleanser + Toner + Serum + Moisturizer + Sunscreen),Zinc PCA,"Gentle foaming cleanser, BHA exfoliation 2-3x/week, oil-free moisturizer, broad-spectrum non-comedogenic SPF 50.",Acne
PAT-02152,38,Female,Sensitive,Hyperpigmentation,Post-inflammatory dark marks across forehead,Medium,Yes,No,Cheeks and Nose,Low,Medium,Low,Medium,None,High,Basic (Cleanser + Moisturizer),Niacinamide,"Antioxidant brightening serum, daily broad-spectrum SPF 50+ reapplication, gentle exfoliating tonic, soothing moisturizer.",Hyperpigmentation
PAT-02153,31,Female,Dry,Redness,Persistent facial flushing and visible capillaries,High,Yes,Essential Oils,Full Face,High,Medium,High,Low,None,Medium,Elaborate (Cleanser + Toner + Serum + Moisturizer + Sunscreen),Centella Asiatica,"Calming micellar water, barrier-restoring cica cream, fragrance-free physical zinc sunscreen, avoiding thermal/harsh triggers.",Redness
PAT-02154,28,Female,Sensitive,Redness,Persistent facial flushing and visible capillaries,High,Yes,Yes,Cheeks,Low,High,High,Medium,Mild,Medium,Minimal (Cleanser only),Centella Asiatica,"Calming micellar water, barrier-restoring cica cream, fragrance-free physical zinc sunscreen, avoiding thermal/harsh triggers.",Redness
PAT-02155,27,Male,Combination,Acne,Whiteheads and blackheads on T-zone,Medium,Yes,None,Cheeks,Medium,Low,High,Medium,Severe,Medium,Minimal (Cleanser only),Niacinamide,"Gentle foaming cleanser, BHA exfoliation 2-3x/week, oil-free moisturizer, broad-spectrum non-comedogenic SPF 50.",Acne
PAT-02156,18,Male,Oily,Hyperpigmentation,Post-inflammatory dark marks across forehead,Medium,Yes,No,Cheeks and Nose,Medium,Low,Medium,High,None,Medium,Minimal (Cleanser only),Niacinamide,"Antioxidant brightening serum, daily broad-spectrum SPF 50+ reapplication, gentle exfoliating tonic, soothing moisturizer.",Hyperpigmentation
PAT-02157,17,Female,Oily,Acne,Occasional cystic breakouts and oily shine,Medium,Yes,None,Cheeks,High,Medium,High,High,Mild,Low,Elaborate (Cleanser + Toner + Serum + Moisturizer + Sunscreen),Azelaic Acid,"Gentle foaming cleanser, BHA exfoliation 2-3x/week, oil-free moisturizer, broad-spectrum non-comedogenic SPF 50.",Acne
PAT-02158,24,Female,Oily,Acne,Occasional cystic breakouts and oily shine,Low,Yes,No,Full Face,High,Medium,Medium,High,Mild,High,Minimal (Cleanser only),Salicylic Acid,"Gentle foaming cleanser, BHA exfoliation 2-3x/week, oil-free moisturizer, broad-spectrum non-comedogenic SPF 50.",Acne
PAT-02159,26,Female,Dry,Dryness,Flaking and tight sensation after cleansing,Low,No,Sulfates,Full Face,Low,High,Low,Medium,None,Low,Minimal (Cleanser only),Squalane,"Hydrating cream cleanser, multi-molecular HA serum, ceramide-rich barrier cream, hydrating mineral sunscreen.",Dryness
PAT-02160,38,Female,Normal,No major concern,"No noticeable irritation, balanced oil and moisture",Low,Yes,No,None,Low,Low,Low,Low,None,Medium,Moderate (Cleanser + Moisturizer + Sunscreen),Peptides,"Gentle daily cleanser, lightweight antioxidant hydrating gel, daily SPF 50 sunscreen maintenance.",No major concern
PAT-02161,21,Male,Oily,Acne,Occasional cystic breakouts and oily shine,Medium,Yes,No,Full Face,Medium,Low,Medium,Medium,Moderate,Medium,Minimal (Cleanser only),Niacinamide,"Gentle foaming cleanser, BHA exfoliation 2-3x/week, oil-free moisturizer, broad-spectrum non-comedogenic SPF 50.",Acne
PAT-02162,32,Female,Combination,Dandruff,Greasy scalp scaling and mild scalp irritation,Medium,No,Sulfates,Scalp and Upper Forehead,Medium,High,Low,Low,None,Low,Basic (Cleanser + Moisturizer),Tea Tree Oil,"Anti-dandruff clarifying shampoo 2-3x weekly, scalp soothing tonic with panthenol, avoiding scalding water showers.",Dandruff
PAT-02163,42,Male,Sensitive,Dryness,Flaking and tight sensation after cleansing,Medium,No,No,Around Mouth,Low,High,Medium,Low,None,Low,Basic (Cleanser + Moisturizer),Ceramides,"Hydrating cream cleanser, multi-molecular HA serum, ceramide-rich barrier cream, hydrating mineral sunscreen.",Dryness
PAT-02164,16,Female,Combination,Acne,Whiteheads and blackheads on T-zone,Medium,Yes,No,Jawline,High,Low,Medium,High,Mild,High,Elaborate (Cleanser + Toner + Serum + Moisturizer + Sunscreen),Salicylic Acid,"Gentle foaming cleanser, BHA exfoliation 2-3x/week, oil-free moisturizer, broad-spectrum non-comedogenic SPF 50.",Acne
PAT-02165,16,Female,Combination,Acne,Inflamed red pimples and occasional pustules,Low,Yes,No,Forehead,High,Low,Medium,Low,Severe,Low,Minimal (Cleanser only),Zinc PCA,"Gentle foaming cleanser, BHA exfoliation 2-3x/week, oil-free moisturizer, broad-spectrum non-comedogenic SPF 50.",Acne
PAT-02166,22,Female,Combination,No major concern,Smooth texture with no persistent discomfort,Low,No,No,None,Low,Low,Low,Low,None,High,Minimal (Cleanser only),Peptides,"Gentle daily cleanser, lightweight antioxidant hydrating gel, daily SPF 50 sunscreen maintenance.",No major concern
PAT-02167,21,Female,Oily,Dandruff,Dry flaking along hairline and upper forehead,Low,No,No,Hairline,High,Medium,Medium,Low,None,High,Moderate (Cleanser + Moisturizer + Sunscreen),Zinc Pyrithione,"Anti-dandruff clarifying shampoo 2-3x weekly, scalp soothing tonic with panthenol, avoiding scalding water showers.",Dandruff
PAT-02168,25,Female,Combination,Hyperpigmentation,Sun spots and localized brown patches on cheeks,Low,No,No,Cheeks,Low,Low,Medium,High,None,High,Elaborate (Cleanser + Toner + Serum + Moisturizer + Sunscreen),Niacinamide,"Antioxidant brightening serum, daily broad-spectrum SPF 50+ reapplication, gentle exfoliating tonic, soothing moisturizer.",Hyperpigmentation
PAT-02169,24,Male,Oily,Acne,Clogged pores with recurring breakouts,Low,Yes,No,Full Face,Medium,Low,Medium,Low,Moderate,High,Minimal (Cleanser only),Niacinamide,"Gentle foaming cleanser, BHA exfoliation 2-3x/week, oil-free moisturizer, broad-spectrum non-comedogenic SPF 50.",Acne
PAT-02170,23,Female,Combination,Hyperpigmentation,Melasma-like discoloration on cheeks and upper lip,High,Yes,No,Cheeks,Medium,Low,Low,Medium,Mild,High,Moderate (Cleanser + Moisturizer + Sunscreen),Alpha Arbutin,"Antioxidant brightening serum, daily broad-spectrum SPF 50+ reapplication, gentle exfoliating tonic, soothing moisturizer.",Hyperpigmentation
PAT-02171,30,Male,Combination,Dandruff,Persistent scalp dandruff and mild redness at hair root,Low,Yes,Sulfates,Hairline,Low,Medium,High,Low,None,Medium,Moderate (Cleanser + Moisturizer + Sunscreen),Zinc Pyrithione,"Anti-dandruff clarifying shampoo 2-3x weekly, scalp soothing tonic with panthenol, avoiding scalding water showers.",Dandruff
PAT-02172,16,Female,Combination,Acne,Clogged pores with recurring breakouts,Low,Yes,No,T-Zone,High,Low,Low,Medium,Mild,Low,Minimal (Cleanser only),Zinc PCA,"Gentle foaming cleanser, BHA exfoliation 2-3x/week, oil-free moisturizer, broad-spectrum non-comedogenic SPF 50.",Acne
PAT-02173,35,Female,Combination,Dryness,Rough texture and visible fine dry patches,Medium,No,Sulfates,Forehead,Low,Medium,Low,Low,None,Low,Moderate (Cleanser + Moisturizer + Sunscreen),Centella Asiatica,"Hydrating cream cleanser, multi-molecular HA serum, ceramide-rich barrier cream, hydrating mineral sunscreen.",Dryness
PAT-02174,16,Male,Combination,Redness,Persistent facial flushing and visible capillaries,High,No,Essential Oils,T-Zone,Medium,High,Medium,Low,None,Low,Elaborate (Cleanser + Toner + Serum + Moisturizer + Sunscreen),Centella Asiatica,"Calming micellar water, barrier-restoring cica cream, fragrance-free physical zinc sunscreen, avoiding thermal/harsh triggers.",Redness
PAT-02175,44,Male,Normal,No major concern,Balanced skin with occasional minor shine,Low,No,None,None,Medium,Low,Low,Low,None,High,Basic (Cleanser + Moisturizer),Vitamin C,"Gentle daily cleanser, lightweight antioxidant hydrating gel, daily SPF 50 sunscreen maintenance.",No major concern
PAT-02176,23,Female,Normal,No major concern,Balanced skin with occasional minor shine,Low,No,No,T-Zone,Low,Low,Low,Low,None,Low,Minimal (Cleanser only),Niacinamide,"Gentle daily cleanser, lightweight antioxidant hydrating gel, daily SPF 50 sunscreen maintenance.",No major concern
PAT-02177,19,Male,Normal,No major concern,Even complexion with no active breakouts or irritation,Low,No,No,Full Face,Low,Low,Low,Low,None,Medium,Elaborate (Cleanser + Toner + Serum + Moisturizer + Sunscreen),Ceramides,"Gentle daily cleanser, lightweight antioxidant hydrating gel, daily SPF 50 sunscreen maintenance.",No major concern
PAT-02178,27,Female,Combination,Hyperpigmentation,Post-inflammatory dark marks across forehead,Low,Yes,No,Full Face,Medium,Low,Low,High,None,High,Moderate (Cleanser + Moisturizer + Sunscreen),Niacinamide,"Antioxidant brightening serum, daily broad-spectrum SPF 50+ reapplication, gentle exfoliating tonic, soothing moisturizer.",Hyperpigmentation
PAT-02179,16,Female,Dry,Dryness,Rough texture and visible fine dry patches,High,No,Fragrance,Around Mouth,Low,Medium,Medium,Low,None,Medium,Minimal (Cleanser only),Hyaluronic Acid,"Hydrating cream cleanser, multi-molecular HA serum, ceramide-rich barrier cream, hydrating mineral sunscreen.",Dryness
PAT-02180,43,Female,Dry,Dryness,Scaling and irritation with seasonal change,Medium,No,No,Full Face,Medium,Medium,Low,Low,None,Low,Basic (Cleanser + Moisturizer),Hyaluronic Acid,"Hydrating cream cleanser, multi-molecular HA serum, ceramide-rich barrier cream, hydrating mineral sunscreen.",Dryness
PAT-02181,23,Female,Normal,Dandruff,Itchy scalp with visible white/yellow flakes,High,Yes,None,Hairline,Medium,Medium,Medium,Low,None,Medium,Basic (Cleanser + Moisturizer),Zinc Pyrithione,"Anti-dandruff clarifying shampoo 2-3x weekly, scalp soothing tonic with panthenol, avoiding scalding water showers.",Dandruff
PAT-02182,21,Male,Combination,Dandruff,Greasy scalp scaling and mild scalp irritation,Medium,No,No,Hairline,Medium,High,Medium,Low,None,Low,Minimal (Cleanser only),Salicylic Acid,"Anti-dandruff clarifying shampoo 2-3x weekly, scalp soothing tonic with panthenol, avoiding scalding water showers.",Dandruff
PAT-02183,33,Male,Normal,Dandruff,Itchy scalp with visible white/yellow flakes,High,Yes,Preservatives,Scalp,High,Low,High,Low,None,High,Basic (Cleanser + Moisturizer),Tea Tree Oil,"Anti-dandruff clarifying shampoo 2-3x weekly, scalp soothing tonic with panthenol, avoiding scalding water showers.",Dandruff
PAT-02184,39,Female,Dry,Dryness,"Persistent tightness and dull, parched skin",Medium,No,No,Cheeks,Low,High,Medium,Medium,None,Medium,Elaborate (Cleanser + Toner + Serum + Moisturizer + Sunscreen),Glycerin,"Hydrating cream cleanser, multi-molecular HA serum, ceramide-rich barrier cream, hydrating mineral sunscreen.",Dryness
PAT-02185,28,Female,Combination,Hyperpigmentation,Sun spots and localized brown patches on cheeks,High,No,No,Full Face,High,Low,Low,High,None,High,Elaborate (Cleanser + Toner + Serum + Moisturizer + Sunscreen),Alpha Arbutin,"Antioxidant brightening serum, daily broad-spectrum SPF 50+ reapplication, gentle exfoliating tonic, soothing moisturizer.",Hyperpigmentation
PAT-02186,40,Female,Normal,Redness,Stinging sensation and reactive redness to heat,High,Yes,Alcohol,Cheeks,Medium,Medium,High,Low,None,High,Minimal (Cleanser only),Azelaic Acid,"Calming micellar water, barrier-restoring cica cream, fragrance-free physical zinc sunscreen, avoiding thermal/harsh triggers.",Redness
PAT-02187,45,Male,Normal,No major concern,Smooth texture with no persistent discomfort,Low,Yes,None,Full Face,Medium,Low,Low,Low,None,Medium,Moderate (Cleanser + Moisturizer + Sunscreen),Niacinamide,"Gentle daily cleanser, lightweight antioxidant hydrating gel, daily SPF 50 sunscreen maintenance.",No major concern
PAT-02188,23,Male,Oily,Hyperpigmentation,Sun spots and localized brown patches on cheeks,Low,No,None,Cheeks,High,Medium,Low,High,Mild,Low,Moderate (Cleanser + Moisturizer + Sunscreen),Alpha Arbutin,"Antioxidant brightening serum, daily broad-spectrum SPF 50+ reapplication, gentle exfoliating tonic, soothing moisturizer.",Hyperpigmentation
PAT-02189,15,Female,Sensitive,Acne,Occasional cystic breakouts and oily shine,Medium,No,No,T-Zone,High,Medium,Medium,Medium,Mild,High,Elaborate (Cleanser + Toner + Serum + Moisturizer + Sunscreen),Salicylic Acid,"Gentle foaming cleanser, BHA exfoliation 2-3x/week, oil-free moisturizer, broad-spectrum non-comedogenic SPF 50.",Acne
PAT-02190,37,Female,Normal,Hyperpigmentation,Post-inflammatory dark marks across forehead,Medium,Yes,No,Full Face,High,Low,Low,Medium,None,High,Elaborate (Cleanser + Toner + Serum + Moisturizer + Sunscreen),Niacinamide,"Antioxidant brightening serum, daily broad-spectrum SPF 50+ reapplication, gentle exfoliating tonic, soothing moisturizer.",Hyperpigmentation
PAT-02191,22,Male,Combination,Acne,Tender red bumps along jawline and cheeks,Low,Yes,No,Cheeks,High,Low,Low,Low,Moderate,High,Basic (Cleanser + Moisturizer),Salicylic Acid,"Gentle foaming cleanser, BHA exfoliation 2-3x/week, oil-free moisturizer, broad-spectrum non-comedogenic SPF 50.",Acne
PAT-02192,20,Male,Oily,Acne,Inflamed red pimples and occasional pustules,Medium,Yes,Fragrance,Forehead,Low,Low,Medium,Low,Mild,Medium,Minimal (Cleanser only),Salicylic Acid,"Gentle foaming cleanser, BHA exfoliation 2-3x/week, oil-free moisturizer, broad-spectrum non-comedogenic SPF 50.",Acne
PAT-02193,28,Female,Normal,No major concern,Smooth texture with no persistent discomfort,Low,Yes,No,None,Medium,Low,Low,Low,None,Medium,Elaborate (Cleanser + Toner + Serum + Moisturizer + Sunscreen),Ceramides,"Gentle daily cleanser, lightweight antioxidant hydrating gel, daily SPF 50 sunscreen maintenance.",No major concern
PAT-02194,15,Male,Oily,Acne,Whiteheads and blackheads on T-zone,High,Yes,No,Full Face,High,Low,Medium,High,Mild,Medium,Basic (Cleanser + Moisturizer),Niacinamide,"Gentle foaming cleanser, BHA exfoliation 2-3x/week, oil-free moisturizer, broad-spectrum non-comedogenic SPF 50.",Acne
PAT-02195,26,Male,Sensitive,Dryness,Ashy skin tone and lack of suppleness,High,No,No,Full Face,Low,Medium,Low,Low,None,Low,Basic (Cleanser + Moisturizer),Glycerin,"Hydrating cream cleanser, multi-molecular HA serum, ceramide-rich barrier cream, hydrating mineral sunscreen.",Dryness
PAT-02196,26,Male,Normal,No major concern,Smooth texture with no persistent discomfort,Low,No,No,T-Zone,Low,Medium,Low,Low,None,Low,Minimal (Cleanser only),Peptides,"Gentle daily cleanser, lightweight antioxidant hydrating gel, daily SPF 50 sunscreen maintenance.",No major concern
PAT-02197,38,Female,Dry,Dryness,Rough texture and visible fine dry patches,Low,No,No,Full Face,Medium,High,Medium,Medium,None,High,Elaborate (Cleanser + Toner + Serum + Moisturizer + Sunscreen),Glycerin,"Hydrating cream cleanser, multi-molecular HA serum, ceramide-rich barrier cream, hydrating mineral sunscreen.",Dryness
PAT-02198,54,Male,Sensitive,Dryness,Ashy skin tone and lack of suppleness,High,No,Sulfates,Full Face,Low,High,Medium,Medium,None,Medium,Minimal (Cleanser only),Centella Asiatica,"Hydrating cream cleanser, multi-molecular HA serum, ceramide-rich barrier cream, hydrating mineral sunscreen.",Dryness
PAT-02199,31,Male,Normal,No major concern,Healthy skin barrier with minimal seasonal dryness,Low,No,No,T-Zone,Medium,Low,Low,Low,None,Medium,Moderate (Cleanser + Moisturizer + Sunscreen),Hyaluronic Acid,"Gentle daily cleanser, lightweight antioxidant hydrating gel, daily SPF 50 sunscreen maintenance.",No major concern
PAT-02200,40,Male,Dry,Hyperpigmentation,Sun spots and localized brown patches on cheeks,Low,No,No,Full Face,High,Medium,Medium,High,None,Medium,Elaborate (Cleanser + Toner + Serum + Moisturizer + Sunscreen),Vitamin C,"Antioxidant brightening serum, daily broad-spectrum SPF 50+ reapplication, gentle exfoliating tonic, soothing moisturizer.",Hyperpigmentation
