medicine_id,skin_condition,treatment_category,active_ingredient,medicine_form,common_use,suitable_skin_type,severity_level,common_symptoms,common_side_effects,contraindications,allergy_warning,pregnancy_warning,age_restriction,frequency_guidance,usage_precautions,alternative_ingredient,treatment_notes
MED-1001,Acne,Anti-acne treatment,Benzoyl peroxide,Gel,"Targeted management of acne blemishes, comedones, and excess sebum production via gel application",Combination,Severe,"Clogged pores, blackheads, whiteheads, mild inflammation","Dryness, peeling, erythema, localized burning sensation, fabric bleaching","Hypersensitivity to benzoyl peroxide, severely compromised skin barrier",True contact allergy occurs in ~1-2% of users. Patch test prior to first full application,Topical OTC use (<5%) is generally considered acceptable in pregnancy by ACOG; consult physician,Age >= 12 years,"Start with once every alternate day, titrate to once daily in evening","Bleaches hair, towels, and clothing; do not apply to mucous membranes; use non-comedogenic moisturizer","Azelaic acid, Salicylic acid, Zinc PCA",General OTC skincare active. Suitable for conservative home routine under patch testing and appropriate safety screening.
MED-1002,Acne,Anti-acne treatment,Azelaic acid,Cream,"Targeted management of acne blemishes, comedones, and excess sebum production via cream application",Dry,Mild,"Comedones, papules, pustules, excess sebum","Transient itching, mild burning or stinging in first 1-2 weeks",Hypersensitivity to azelaic acid or propylene glycol,Rare contact dermatitis; stop use if angioedema or hives occur,Generally recognized as safe in pregnancy (Category B equivalent); widely used for gestational acne/melasma,Age >= 12 years,"Once daily, increasing to twice daily morning and evening as tolerated",Apply after gentle cleansing on dry skin; tingling usually subsides after 15 minutes,"Niacinamide, Centella Asiatica, Mandelic acid",General OTC skincare active. Suitable for conservative home routine under patch testing and appropriate safety screening.
MED-1003,Acne,Anti-acne treatment,Sulfur,Cleanser,"Targeted management of acne blemishes, comedones, and excess sebum production via cleanser application",Oily,Mild,"Comedones, papules, pustules, excess sebum","Mild dryness, distinct odor, mild transient irritation","Sulfa drug sensitivity (rare cross-reactivity, exercise caution), open fissures",Test on small patch before full face use,Generally considered safe topically in pregnancy,Age >= 10 years,Wash-off mask 2-3 times weekly or spot treatment,Rinse thoroughly; can tarnish silver jewelry,"Salicylic acid, Azelaic acid",General OTC skincare active. Suitable for conservative home routine under patch testing and appropriate safety screening.
MED-1004,Acne,Anti-acne treatment,Azelaic acid,Cream,"Targeted management of acne blemishes, comedones, and excess sebum production via cream application",Dry,Mild,"Clogged pores, blackheads, whiteheads, mild inflammation","Transient itching, mild burning or stinging in first 1-2 weeks",Hypersensitivity to azelaic acid or propylene glycol,Rare contact dermatitis; stop use if angioedema or hives occur,Generally recognized as safe in pregnancy (Category B equivalent); widely used for gestational acne/melasma,Age >= 12 years,"Once daily, increasing to twice daily morning and evening as tolerated",Apply after gentle cleansing on dry skin; tingling usually subsides after 15 minutes,"Niacinamide, Centella Asiatica, Mandelic acid",General OTC skincare active. Suitable for conservative home routine under patch testing and appropriate safety screening.
MED-1005,Acne,Anti-acne treatment,Clindamycin (topical),Lotion,"Targeted management of acne blemishes, comedones, and excess sebum production via lotion application",Combination,Moderate,"Hormonal jawline flares, tender bumps, follicular congestion","Mild dryness, localized burning, rare pseudo-membranous colitis flare","History of regional enteritis, ulcerative colitis, or antibiotic-associated colitis",Known allergy to lincosamides or clindamycin,Prescription required; Category B; use only under medical guidance,Prescription only; age >= 12 years,Strictly as directed by dermatologist; should be combined with Benzoyl Peroxide to prevent resistance,Do not use as monotherapy long-term to prevent bacterial resistance; medical supervision mandatory,"Benzoyl peroxide, Azelaic acid",PRESCRIPTION ONLY. Supervised dermatological evaluation required prior to initiation. DermaAI must refer user to licensed physician.
MED-1006,Acne,Barrier-support treatment,Niacinamide,Serum,"Targeted management of acne blemishes, comedones, and excess sebum production via serum application",Combination,Mild,"Inflammatory cysts, nodules, persistent erythema","Rare flushing (nicotinic acid flush), mild stinging at >5-10% concentrations",Hypersensitivity to vitamin B3 / niacinamide,Low allergenic potential; patch test if using high concentrations (>10%),Safe for use during pregnancy and breastfeeding,Age >= 6 months (in pediatric formulations) / All ages for OTC,Once to twice daily,"Well-tolerated with most actives; if flushing occurs, lower concentration to 2-5%","Panthenol, Ceramides, Centella Asiatica",General OTC skincare active. Suitable for conservative home routine under patch testing and appropriate safety screening.
MED-1007,Acne,Barrier-support treatment,Niacinamide,Serum,"Targeted management of acne blemishes, comedones, and excess sebum production via serum application",Oily,Mild,"Comedones, papules, pustules, excess sebum","Rare flushing (nicotinic acid flush), mild stinging at >5-10% concentrations",Hypersensitivity to vitamin B3 / niacinamide,Low allergenic potential; patch test if using high concentrations (>10%),Safe for use during pregnancy and breastfeeding,Age >= 6 months (in pediatric formulations) / All ages for OTC,Once to twice daily,"Well-tolerated with most actives; if flushing occurs, lower concentration to 2-5%","Panthenol, Ceramides, Centella Asiatica",General OTC skincare active. Suitable for conservative home routine under patch testing and appropriate safety screening.
MED-1008,Acne,Anti-acne treatment,Benzoyl peroxide,Cleanser,"Targeted management of acne blemishes, comedones, and excess sebum production via cleanser application",Combination,Mild,"Inflammatory cysts, nodules, persistent erythema","Dryness, peeling, erythema, localized burning sensation, fabric bleaching","Hypersensitivity to benzoyl peroxide, severely compromised skin barrier",True contact allergy occurs in ~1-2% of users. Patch test prior to first full application,Topical OTC use (<5%) is generally considered acceptable in pregnancy by ACOG; consult physician,Age >= 12 years,"Start with once every alternate day, titrate to once daily in evening","Bleaches hair, towels, and clothing; do not apply to mucous membranes; use non-comedogenic moisturizer","Azelaic acid, Salicylic acid, Zinc PCA",General OTC skincare active. Suitable for conservative home routine under patch testing and appropriate safety screening.
MED-1009,Acne,Anti-acne treatment,Sulfur,Cleanser,"Targeted management of acne blemishes, comedones, and excess sebum production via cleanser application",Combination,Mild,"Occasional breakouts, oily T-zone, post-blemish marks","Mild dryness, distinct odor, mild transient irritation","Sulfa drug sensitivity (rare cross-reactivity, exercise caution), open fissures",Test on small patch before full face use,Generally considered safe topically in pregnancy,Age >= 10 years,Wash-off mask 2-3 times weekly or spot treatment,Rinse thoroughly; can tarnish silver jewelry,"Salicylic acid, Azelaic acid",General OTC skincare active. Suitable for conservative home routine under patch testing and appropriate safety screening.
MED-1010,Acne,Anti-acne treatment,Clindamycin (topical),Gel,"Targeted management of acne blemishes, comedones, and excess sebum production via gel application",Oily,Severe,"Hormonal jawline flares, tender bumps, follicular congestion","Mild dryness, localized burning, rare pseudo-membranous colitis flare","History of regional enteritis, ulcerative colitis, or antibiotic-associated colitis",Known allergy to lincosamides or clindamycin,Prescription required; Category B; use only under medical guidance,Prescription only; age >= 12 years,Strictly as directed by dermatologist; should be combined with Benzoyl Peroxide to prevent resistance,Do not use as monotherapy long-term to prevent bacterial resistance; medical supervision mandatory,"Benzoyl peroxide, Azelaic acid",PRESCRIPTION ONLY. Supervised dermatological evaluation required prior to initiation. DermaAI must refer user to licensed physician.
MED-1011,Acne,Barrier-support treatment,Niacinamide,Gel,"Targeted management of acne blemishes, comedones, and excess sebum production via gel application",Dry,Moderate,"Clogged pores, blackheads, whiteheads, mild inflammation","Rare flushing (nicotinic acid flush), mild stinging at >5-10% concentrations",Hypersensitivity to vitamin B3 / niacinamide,Low allergenic potential; patch test if using high concentrations (>10%),Safe for use during pregnancy and breastfeeding,Age >= 6 months (in pediatric formulations) / All ages for OTC,Once to twice daily,"Well-tolerated with most actives; if flushing occurs, lower concentration to 2-5%","Panthenol, Ceramides, Centella Asiatica",General OTC skincare active. Suitable for conservative home routine under patch testing and appropriate safety screening.
MED-1012,Acne,Anti-acne treatment,Benzoyl peroxide,Gel,"Targeted management of acne blemishes, comedones, and excess sebum production via gel application",Oily,Severe,"Inflammatory cysts, nodules, persistent erythema","Dryness, peeling, erythema, localized burning sensation, fabric bleaching","Hypersensitivity to benzoyl peroxide, severely compromised skin barrier",True contact allergy occurs in ~1-2% of users. Patch test prior to first full application,Topical OTC use (<5%) is generally considered acceptable in pregnancy by ACOG; consult physician,Age >= 12 years,"Start with once every alternate day, titrate to once daily in evening","Bleaches hair, towels, and clothing; do not apply to mucous membranes; use non-comedogenic moisturizer","Azelaic acid, Salicylic acid, Zinc PCA",General OTC skincare active. Suitable for conservative home routine under patch testing and appropriate safety screening.
MED-1013,Acne,Anti-acne treatment,Benzoyl peroxide,Gel,"Targeted management of acne blemishes, comedones, and excess sebum production via gel application",Combination,Mild,"Inflammatory cysts, nodules, persistent erythema","Dryness, peeling, erythema, localized burning sensation, fabric bleaching","Hypersensitivity to benzoyl peroxide, severely compromised skin barrier",True contact allergy occurs in ~1-2% of users. Patch test prior to first full application,Topical OTC use (<5%) is generally considered acceptable in pregnancy by ACOG; consult physician,Age >= 12 years,"Start with once every alternate day, titrate to once daily in evening","Bleaches hair, towels, and clothing; do not apply to mucous membranes; use non-comedogenic moisturizer","Azelaic acid, Salicylic acid, Zinc PCA",General OTC skincare active. Suitable for conservative home routine under patch testing and appropriate safety screening.
MED-1014,Acne,Anti-acne treatment,Tretinoin,Gel,"Targeted management of acne blemishes, comedones, and excess sebum production via gel application",Combination,Moderate,"Inflammatory cysts, nodules, persistent erythema","Marked dryness, erythema, severe peeling, intense burning, photosensitization","Pregnancy, breastfeeding, open wounds, concurrent photo-sensitizing drugs",High irritation potential. Discontinue if severe chemical burn symptoms or swelling occur,STRICTLY CONTRAINDICATED in pregnancy (Teratogenic potential). Must use reliable contraception,Prescription only (typically age >= 12-15 years under medical supervision),Strictly as directed by dermatologist (typically 1-2 nights/week to start),Mandatory broad-spectrum high SPF daily; avoid waxing or laser treatments; physician follow-up required,"Adapalene (OTC), Azelaic acid, Bakuchiol",PRESCRIPTION ONLY. Supervised dermatological evaluation required prior to initiation. DermaAI must refer user to licensed physician.
MED-1015,Acne,Anti-acne treatment,Azelaic acid,Suspension,"Targeted management of acne blemishes, comedones, and excess sebum production via suspension application",Sensitive,Moderate,"Hormonal jawline flares, tender bumps, follicular congestion","Transient itching, mild burning or stinging in first 1-2 weeks",Hypersensitivity to azelaic acid or propylene glycol,Rare contact dermatitis; stop use if angioedema or hives occur,Generally recognized as safe in pregnancy (Category B equivalent); widely used for gestational acne/melasma,Age >= 12 years,"Once daily, increasing to twice daily morning and evening as tolerated",Apply after gentle cleansing on dry skin; tingling usually subsides after 15 minutes,"Niacinamide, Centella Asiatica, Mandelic acid",General OTC skincare active. Suitable for conservative home routine under patch testing and appropriate safety screening.
MED-1016,Acne,Anti-acne treatment,Adapalene,Gel,"Targeted management of acne blemishes, comedones, and excess sebum production via gel application",Combination,Moderate,"Occasional breakouts, oily T-zone, post-blemish marks","Retinoid dermatitis, xerosis, erythema, photosensitivity, initial breakout purge","Known retinoid allergy, concurrent use with harsh abrasive scrubs or chemical peels","May cause severe burning, stinging, or eyelid edema in hypersensitive individuals",Contraindicated during pregnancy and planning pregnancy due to retinoid class risks,Age >= 12 years (FDA OTC approval standard),"Pea-sized amount 2-3 nights per week initially, slowly building to nightly as tolerated",Must use broad-spectrum SPF 30+ daily; apply to completely dry skin; use 'sandwich' buffering with moisturizer if sensitive,"Azelaic acid, Bakuchiol, Niacinamide",OTC/Specialist-tier active. Recommended for clinical dermatologist review if condition fails to improve within 2-4 weeks.
MED-1017,Acne,Barrier-support treatment,Niacinamide,Gel,"Targeted management of acne blemishes, comedones, and excess sebum production via gel application",Oily,Mild,"Comedones, papules, pustules, excess sebum","Rare flushing (nicotinic acid flush), mild stinging at >5-10% concentrations",Hypersensitivity to vitamin B3 / niacinamide,Low allergenic potential; patch test if using high concentrations (>10%),Safe for use during pregnancy and breastfeeding,Age >= 6 months (in pediatric formulations) / All ages for OTC,Once to twice daily,"Well-tolerated with most actives; if flushing occurs, lower concentration to 2-5%","Panthenol, Ceramides, Centella Asiatica",General OTC skincare active. Suitable for conservative home routine under patch testing and appropriate safety screening.
MED-1018,Acne,Anti-acne treatment,Azelaic acid,Cream,"Targeted management of acne blemishes, comedones, and excess sebum production via cream application",Normal,Moderate,"Inflammatory cysts, nodules, persistent erythema","Transient itching, mild burning or stinging in first 1-2 weeks",Hypersensitivity to azelaic acid or propylene glycol,Rare contact dermatitis; stop use if angioedema or hives occur,Generally recognized as safe in pregnancy (Category B equivalent); widely used for gestational acne/melasma,Age >= 12 years,"Once daily, increasing to twice daily morning and evening as tolerated",Apply after gentle cleansing on dry skin; tingling usually subsides after 15 minutes,"Niacinamide, Centella Asiatica, Mandelic acid",General OTC skincare active. Suitable for conservative home routine under patch testing and appropriate safety screening.
MED-1019,Acne,Anti-acne treatment,Benzoyl peroxide,Gel,"Targeted management of acne blemishes, comedones, and excess sebum production via gel application",Combination,Severe,"Clogged pores, blackheads, whiteheads, mild inflammation","Dryness, peeling, erythema, localized burning sensation, fabric bleaching","Hypersensitivity to benzoyl peroxide, severely compromised skin barrier",True contact allergy occurs in ~1-2% of users. Patch test prior to first full application,Topical OTC use (<5%) is generally considered acceptable in pregnancy by ACOG; consult physician,Age >= 12 years,"Start with once every alternate day, titrate to once daily in evening","Bleaches hair, towels, and clothing; do not apply to mucous membranes; use non-comedogenic moisturizer","Azelaic acid, Salicylic acid, Zinc PCA",General OTC skincare active. Suitable for conservative home routine under patch testing and appropriate safety screening.
MED-1020,Acne,Anti-acne treatment,Tretinoin,Gel,"Targeted management of acne blemishes, comedones, and excess sebum production via gel application",Oily,Severe,"Inflammatory cysts, nodules, persistent erythema","Marked dryness, erythema, severe peeling, intense burning, photosensitization","Pregnancy, breastfeeding, open wounds, concurrent photo-sensitizing drugs",High irritation potential. Discontinue if severe chemical burn symptoms or swelling occur,STRICTLY CONTRAINDICATED in pregnancy (Teratogenic potential). Must use reliable contraception,Prescription only (typically age >= 12-15 years under medical supervision),Strictly as directed by dermatologist (typically 1-2 nights/week to start),Mandatory broad-spectrum high SPF daily; avoid waxing or laser treatments; physician follow-up required,"Adapalene (OTC), Azelaic acid, Bakuchiol",PRESCRIPTION ONLY. Supervised dermatological evaluation required prior to initiation. DermaAI must refer user to licensed physician.
MED-1021,Acne,Anti-acne treatment,Adapalene,Gel,"Targeted management of acne blemishes, comedones, and excess sebum production via gel application",Normal,Severe,"Hormonal jawline flares, tender bumps, follicular congestion","Retinoid dermatitis, xerosis, erythema, photosensitivity, initial breakout purge","Known retinoid allergy, concurrent use with harsh abrasive scrubs or chemical peels","May cause severe burning, stinging, or eyelid edema in hypersensitive individuals",Contraindicated during pregnancy and planning pregnancy due to retinoid class risks,Age >= 12 years (FDA OTC approval standard),"Pea-sized amount 2-3 nights per week initially, slowly building to nightly as tolerated",Must use broad-spectrum SPF 30+ daily; apply to completely dry skin; use 'sandwich' buffering with moisturizer if sensitive,"Azelaic acid, Bakuchiol, Niacinamide",OTC/Specialist-tier active. Recommended for clinical dermatologist review if condition fails to improve within 2-4 weeks.
MED-1022,Acne,Anti-acne treatment,Tea tree oil (diluted/formulated),Cleanser,"Targeted management of acne blemishes, comedones, and excess sebum production via cleanser application",Oily,Mild,"Clogged pores, blackheads, whiteheads, mild inflammation","Allergic contact dermatitis, local redness, peeling","Undiluted application on skin, eczema, broken skin barrier",High potential for sensitization / contact allergy; never use 100% pure oil neat,Topical formulated use acceptable in moderation; avoid ingestion,Age >= 12 years (avoid in prepubertal boys due to endocrine disruption reports),Spot application once daily or as formulated wash,Must use dermatologically formulated/diluted product (<5%); stop immediately if itching escalates,"Salicylic acid, Benzoyl peroxide, Azelaic acid",General OTC skincare active. Suitable for conservative home routine under patch testing and appropriate safety screening.
MED-1023,Acne,Anti-acne treatment,Clindamycin (topical),Lotion,"Targeted management of acne blemishes, comedones, and excess sebum production via lotion application",Oily,Moderate,"Comedones, papules, pustules, excess sebum","Mild dryness, localized burning, rare pseudo-membranous colitis flare","History of regional enteritis, ulcerative colitis, or antibiotic-associated colitis",Known allergy to lincosamides or clindamycin,Prescription required; Category B; use only under medical guidance,Prescription only; age >= 12 years,Strictly as directed by dermatologist; should be combined with Benzoyl Peroxide to prevent resistance,Do not use as monotherapy long-term to prevent bacterial resistance; medical supervision mandatory,"Benzoyl peroxide, Azelaic acid",PRESCRIPTION ONLY. Supervised dermatological evaluation required prior to initiation. DermaAI must refer user to licensed physician.
MED-1024,Acne,Anti-acne treatment,Adapalene,Gel,"Targeted management of acne blemishes, comedones, and excess sebum production via gel application",Normal,Severe,"Comedones, papules, pustules, excess sebum","Retinoid dermatitis, xerosis, erythema, photosensitivity, initial breakout purge","Known retinoid allergy, concurrent use with harsh abrasive scrubs or chemical peels","May cause severe burning, stinging, or eyelid edema in hypersensitive individuals",Contraindicated during pregnancy and planning pregnancy due to retinoid class risks,Age >= 12 years (FDA OTC approval standard),"Pea-sized amount 2-3 nights per week initially, slowly building to nightly as tolerated",Must use broad-spectrum SPF 30+ daily; apply to completely dry skin; use 'sandwich' buffering with moisturizer if sensitive,"Azelaic acid, Bakuchiol, Niacinamide",OTC/Specialist-tier active. Recommended for clinical dermatologist review if condition fails to improve within 2-4 weeks.
MED-1025,Acne,Anti-acne treatment,Tea tree oil (diluted/formulated),Cleanser,"Targeted management of acne blemishes, comedones, and excess sebum production via cleanser application",Combination,Mild,"Hormonal jawline flares, tender bumps, follicular congestion","Allergic contact dermatitis, local redness, peeling","Undiluted application on skin, eczema, broken skin barrier",High potential for sensitization / contact allergy; never use 100% pure oil neat,Topical formulated use acceptable in moderation; avoid ingestion,Age >= 12 years (avoid in prepubertal boys due to endocrine disruption reports),Spot application once daily or as formulated wash,Must use dermatologically formulated/diluted product (<5%); stop immediately if itching escalates,"Salicylic acid, Benzoyl peroxide, Azelaic acid",General OTC skincare active. Suitable for conservative home routine under patch testing and appropriate safety screening.
MED-1026,Acne,Keratolytic/exfoliating treatment,Salicylic acid,Cleanser,"Targeted management of acne blemishes, comedones, and excess sebum production via cleanser application",Normal,Moderate,"Inflammatory cysts, nodules, persistent erythema","Mild dryness, peeling, tingling, transient purging","Aspirin (salicylate) allergy, broken or ulcerated skin, active eczema flares",Contains beta-hydroxy acid / salicylate derivative; discontinue if severe redness develops,High-dose/oral salicylic acid contraindicated. Low OTC concentrations (<2%) generally limited; consult obstetrician.,Age >= 12 years (consult pediatrician for younger children),"1-3 times weekly initially, titrating to daily as tolerated",Avoid eye area; pair with daily sunscreen as BHAs increase UV sensitivity; avoid combining with strong retinoids concurrently,"Azelaic acid, Lactic acid, Mandelic acid",General OTC skincare active. Suitable for conservative home routine under patch testing and appropriate safety screening.
MED-1027,Acne,Anti-acne treatment,Benzoyl peroxide,Cleanser,"Targeted management of acne blemishes, comedones, and excess sebum production via cleanser application",Oily,Moderate,"Occasional breakouts, oily T-zone, post-blemish marks","Dryness, peeling, erythema, localized burning sensation, fabric bleaching","Hypersensitivity to benzoyl peroxide, severely compromised skin barrier",True contact allergy occurs in ~1-2% of users. Patch test prior to first full application,Topical OTC use (<5%) is generally considered acceptable in pregnancy by ACOG; consult physician,Age >= 12 years,"Start with once every alternate day, titrate to once daily in evening","Bleaches hair, towels, and clothing; do not apply to mucous membranes; use non-comedogenic moisturizer","Azelaic acid, Salicylic acid, Zinc PCA",General OTC skincare active. Suitable for conservative home routine under patch testing and appropriate safety screening.
MED-1028,Acne,Keratolytic/exfoliating treatment,Salicylic acid,Serum,"Targeted management of acne blemishes, comedones, and excess sebum production via serum application",Normal,Mild,"Comedones, papules, pustules, excess sebum","Mild dryness, peeling, tingling, transient purging","Aspirin (salicylate) allergy, broken or ulcerated skin, active eczema flares",Contains beta-hydroxy acid / salicylate derivative; discontinue if severe redness develops,High-dose/oral salicylic acid contraindicated. Low OTC concentrations (<2%) generally limited; consult obstetrician.,Age >= 12 years (consult pediatrician for younger children),"1-3 times weekly initially, titrating to daily as tolerated",Avoid eye area; pair with daily sunscreen as BHAs increase UV sensitivity; avoid combining with strong retinoids concurrently,"Azelaic acid, Lactic acid, Mandelic acid",General OTC skincare active. Suitable for conservative home routine under patch testing and appropriate safety screening.
MED-1029,Acne,Barrier-support treatment,Niacinamide,Gel,"Targeted management of acne blemishes, comedones, and excess sebum production via gel application",Sensitive,Mild,"Inflammatory cysts, nodules, persistent erythema","Rare flushing (nicotinic acid flush), mild stinging at >5-10% concentrations",Hypersensitivity to vitamin B3 / niacinamide,Low allergenic potential; patch test if using high concentrations (>10%),Safe for use during pregnancy and breastfeeding,Age >= 6 months (in pediatric formulations) / All ages for OTC,Once to twice daily,"Well-tolerated with most actives; if flushing occurs, lower concentration to 2-5%","Panthenol, Ceramides, Centella Asiatica",General OTC skincare active. Suitable for conservative home routine under patch testing and appropriate safety screening.
MED-1030,Acne,Anti-acne treatment,Adapalene,Gel,"Targeted management of acne blemishes, comedones, and excess sebum production via gel application",Combination,Severe,"Comedones, papules, pustules, excess sebum","Retinoid dermatitis, xerosis, erythema, photosensitivity, initial breakout purge","Known retinoid allergy, concurrent use with harsh abrasive scrubs or chemical peels","May cause severe burning, stinging, or eyelid edema in hypersensitive individuals",Contraindicated during pregnancy and planning pregnancy due to retinoid class risks,Age >= 12 years (FDA OTC approval standard),"Pea-sized amount 2-3 nights per week initially, slowly building to nightly as tolerated",Must use broad-spectrum SPF 30+ daily; apply to completely dry skin; use 'sandwich' buffering with moisturizer if sensitive,"Azelaic acid, Bakuchiol, Niacinamide",OTC/Specialist-tier active. Recommended for clinical dermatologist review if condition fails to improve within 2-4 weeks.
MED-1031,Acne,Anti-acne treatment,Benzoyl peroxide,Cleanser,"Targeted management of acne blemishes, comedones, and excess sebum production via cleanser application",Oily,Moderate,"Comedones, papules, pustules, excess sebum","Dryness, peeling, erythema, localized burning sensation, fabric bleaching","Hypersensitivity to benzoyl peroxide, severely compromised skin barrier",True contact allergy occurs in ~1-2% of users. Patch test prior to first full application,Topical OTC use (<5%) is generally considered acceptable in pregnancy by ACOG; consult physician,Age >= 12 years,"Start with once every alternate day, titrate to once daily in evening","Bleaches hair, towels, and clothing; do not apply to mucous membranes; use non-comedogenic moisturizer","Azelaic acid, Salicylic acid, Zinc PCA",General OTC skincare active. Suitable for conservative home routine under patch testing and appropriate safety screening.
MED-1032,Acne,Anti-acne treatment,Azelaic acid,Suspension,"Targeted management of acne blemishes, comedones, and excess sebum production via suspension application",Sensitive,Mild,"Occasional breakouts, oily T-zone, post-blemish marks","Transient itching, mild burning or stinging in first 1-2 weeks",Hypersensitivity to azelaic acid or propylene glycol,Rare contact dermatitis; stop use if angioedema or hives occur,Generally recognized as safe in pregnancy (Category B equivalent); widely used for gestational acne/melasma,Age >= 12 years,"Once daily, increasing to twice daily morning and evening as tolerated",Apply after gentle cleansing on dry skin; tingling usually subsides after 15 minutes,"Niacinamide, Centella Asiatica, Mandelic acid",General OTC skincare active. Suitable for conservative home routine under patch testing and appropriate safety screening.
MED-1033,Acne,Anti-acne treatment,Benzoyl peroxide,Lotion,"Targeted management of acne blemishes, comedones, and excess sebum production via lotion application",Oily,Mild,"Occasional breakouts, oily T-zone, post-blemish marks","Dryness, peeling, erythema, localized burning sensation, fabric bleaching","Hypersensitivity to benzoyl peroxide, severely compromised skin barrier",True contact allergy occurs in ~1-2% of users. Patch test prior to first full application,Topical OTC use (<5%) is generally considered acceptable in pregnancy by ACOG; consult physician,Age >= 12 years,"Start with once every alternate day, titrate to once daily in evening","Bleaches hair, towels, and clothing; do not apply to mucous membranes; use non-comedogenic moisturizer","Azelaic acid, Salicylic acid, Zinc PCA",General OTC skincare active. Suitable for conservative home routine under patch testing and appropriate safety screening.
MED-1034,Acne,Anti-acne treatment,Clindamycin (topical),Gel,"Targeted management of acne blemishes, comedones, and excess sebum production via gel application",Combination,Severe,"Clogged pores, blackheads, whiteheads, mild inflammation","Mild dryness, localized burning, rare pseudo-membranous colitis flare","History of regional enteritis, ulcerative colitis, or antibiotic-associated colitis",Known allergy to lincosamides or clindamycin,Prescription required; Category B; use only under medical guidance,Prescription only; age >= 12 years,Strictly as directed by dermatologist; should be combined with Benzoyl Peroxide to prevent resistance,Do not use as monotherapy long-term to prevent bacterial resistance; medical supervision mandatory,"Benzoyl peroxide, Azelaic acid",PRESCRIPTION ONLY. Supervised dermatological evaluation required prior to initiation. DermaAI must refer user to licensed physician.
MED-1035,Acne,Anti-acne treatment,Clindamycin (topical),Gel,"Targeted management of acne blemishes, comedones, and excess sebum production via gel application",Combination,Severe,"Inflammatory cysts, nodules, persistent erythema","Mild dryness, localized burning, rare pseudo-membranous colitis flare","History of regional enteritis, ulcerative colitis, or antibiotic-associated colitis",Known allergy to lincosamides or clindamycin,Prescription required; Category B; use only under medical guidance,Prescription only; age >= 12 years,Strictly as directed by dermatologist; should be combined with Benzoyl Peroxide to prevent resistance,Do not use as monotherapy long-term to prevent bacterial resistance; medical supervision mandatory,"Benzoyl peroxide, Azelaic acid",PRESCRIPTION ONLY. Supervised dermatological evaluation required prior to initiation. DermaAI must refer user to licensed physician.
MED-1036,Acne,Anti-acne treatment,Tretinoin,Gel,"Targeted management of acne blemishes, comedones, and excess sebum production via gel application",Oily,Moderate,"Clogged pores, blackheads, whiteheads, mild inflammation","Marked dryness, erythema, severe peeling, intense burning, photosensitization","Pregnancy, breastfeeding, open wounds, concurrent photo-sensitizing drugs",High irritation potential. Discontinue if severe chemical burn symptoms or swelling occur,STRICTLY CONTRAINDICATED in pregnancy (Teratogenic potential). Must use reliable contraception,Prescription only (typically age >= 12-15 years under medical supervision),Strictly as directed by dermatologist (typically 1-2 nights/week to start),Mandatory broad-spectrum high SPF daily; avoid waxing or laser treatments; physician follow-up required,"Adapalene (OTC), Azelaic acid, Bakuchiol",PRESCRIPTION ONLY. Supervised dermatological evaluation required prior to initiation. DermaAI must refer user to licensed physician.
MED-1037,Acne,Anti-acne treatment,Benzoyl peroxide,Cleanser,"Targeted management of acne blemishes, comedones, and excess sebum production via cleanser application",Oily,Mild,"Hormonal jawline flares, tender bumps, follicular congestion","Dryness, peeling, erythema, localized burning sensation, fabric bleaching","Hypersensitivity to benzoyl peroxide, severely compromised skin barrier",True contact allergy occurs in ~1-2% of users. Patch test prior to first full application,Topical OTC use (<5%) is generally considered acceptable in pregnancy by ACOG; consult physician,Age >= 12 years,"Start with once every alternate day, titrate to once daily in evening","Bleaches hair, towels, and clothing; do not apply to mucous membranes; use non-comedogenic moisturizer","Azelaic acid, Salicylic acid, Zinc PCA",General OTC skincare active. Suitable for conservative home routine under patch testing and appropriate safety screening.
MED-1038,Acne,Anti-acne treatment,Azelaic acid,Cream,"Targeted management of acne blemishes, comedones, and excess sebum production via cream application",Sensitive,Mild,"Clogged pores, blackheads, whiteheads, mild inflammation","Transient itching, mild burning or stinging in first 1-2 weeks",Hypersensitivity to azelaic acid or propylene glycol,Rare contact dermatitis; stop use if angioedema or hives occur,Generally recognized as safe in pregnancy (Category B equivalent); widely used for gestational acne/melasma,Age >= 12 years,"Once daily, increasing to twice daily morning and evening as tolerated",Apply after gentle cleansing on dry skin; tingling usually subsides after 15 minutes,"Niacinamide, Centella Asiatica, Mandelic acid",General OTC skincare active. Suitable for conservative home routine under patch testing and appropriate safety screening.
MED-1039,Acne,Anti-acne treatment,Benzoyl peroxide,Gel,"Targeted management of acne blemishes, comedones, and excess sebum production via gel application",Oily,Moderate,"Hormonal jawline flares, tender bumps, follicular congestion","Dryness, peeling, erythema, localized burning sensation, fabric bleaching","Hypersensitivity to benzoyl peroxide, severely compromised skin barrier",True contact allergy occurs in ~1-2% of users. Patch test prior to first full application,Topical OTC use (<5%) is generally considered acceptable in pregnancy by ACOG; consult physician,Age >= 12 years,"Start with once every alternate day, titrate to once daily in evening","Bleaches hair, towels, and clothing; do not apply to mucous membranes; use non-comedogenic moisturizer","Azelaic acid, Salicylic acid, Zinc PCA",General OTC skincare active. Suitable for conservative home routine under patch testing and appropriate safety screening.
MED-1040,Acne,Anti-acne treatment,Azelaic acid,Gel,"Targeted management of acne blemishes, comedones, and excess sebum production via gel application",Combination,Moderate,"Hormonal jawline flares, tender bumps, follicular congestion","Transient itching, mild burning or stinging in first 1-2 weeks",Hypersensitivity to azelaic acid or propylene glycol,Rare contact dermatitis; stop use if angioedema or hives occur,Generally recognized as safe in pregnancy (Category B equivalent); widely used for gestational acne/melasma,Age >= 12 years,"Once daily, increasing to twice daily morning and evening as tolerated",Apply after gentle cleansing on dry skin; tingling usually subsides after 15 minutes,"Niacinamide, Centella Asiatica, Mandelic acid",General OTC skincare active. Suitable for conservative home routine under patch testing and appropriate safety screening.
MED-1041,Acne,Anti-acne treatment,Adapalene,Cream,"Targeted management of acne blemishes, comedones, and excess sebum production via cream application",Combination,Moderate,"Occasional breakouts, oily T-zone, post-blemish marks","Retinoid dermatitis, xerosis, erythema, photosensitivity, initial breakout purge","Known retinoid allergy, concurrent use with harsh abrasive scrubs or chemical peels","May cause severe burning, stinging, or eyelid edema in hypersensitive individuals",Contraindicated during pregnancy and planning pregnancy due to retinoid class risks,Age >= 12 years (FDA OTC approval standard),"Pea-sized amount 2-3 nights per week initially, slowly building to nightly as tolerated",Must use broad-spectrum SPF 30+ daily; apply to completely dry skin; use 'sandwich' buffering with moisturizer if sensitive,"Azelaic acid, Bakuchiol, Niacinamide",OTC/Specialist-tier active. Recommended for clinical dermatologist review if condition fails to improve within 2-4 weeks.
MED-1042,Acne,Anti-acne treatment,Azelaic acid,Cream,"Targeted management of acne blemishes, comedones, and excess sebum production via cream application",Normal,Mild,"Inflammatory cysts, nodules, persistent erythema","Transient itching, mild burning or stinging in first 1-2 weeks",Hypersensitivity to azelaic acid or propylene glycol,Rare contact dermatitis; stop use if angioedema or hives occur,Generally recognized as safe in pregnancy (Category B equivalent); widely used for gestational acne/melasma,Age >= 12 years,"Once daily, increasing to twice daily morning and evening as tolerated",Apply after gentle cleansing on dry skin; tingling usually subsides after 15 minutes,"Niacinamide, Centella Asiatica, Mandelic acid",General OTC skincare active. Suitable for conservative home routine under patch testing and appropriate safety screening.
MED-1043,Acne,Anti-acne treatment,Tea tree oil (diluted/formulated),Cleanser,"Targeted management of acne blemishes, comedones, and excess sebum production via cleanser application",Oily,Mild,"Comedones, papules, pustules, excess sebum","Allergic contact dermatitis, local redness, peeling","Undiluted application on skin, eczema, broken skin barrier",High potential for sensitization / contact allergy; never use 100% pure oil neat,Topical formulated use acceptable in moderation; avoid ingestion,Age >= 12 years (avoid in prepubertal boys due to endocrine disruption reports),Spot application once daily or as formulated wash,Must use dermatologically formulated/diluted product (<5%); stop immediately if itching escalates,"Salicylic acid, Benzoyl peroxide, Azelaic acid",General OTC skincare active. Suitable for conservative home routine under patch testing and appropriate safety screening.
MED-1044,Acne,Keratolytic/exfoliating treatment,Salicylic acid,Toner,"Targeted management of acne blemishes, comedones, and excess sebum production via toner application",Oily,Moderate,"Clogged pores, blackheads, whiteheads, mild inflammation","Mild dryness, peeling, tingling, transient purging","Aspirin (salicylate) allergy, broken or ulcerated skin, active eczema flares",Contains beta-hydroxy acid / salicylate derivative; discontinue if severe redness develops,High-dose/oral salicylic acid contraindicated. Low OTC concentrations (<2%) generally limited; consult obstetrician.,Age >= 12 years (consult pediatrician for younger children),"1-3 times weekly initially, titrating to daily as tolerated",Avoid eye area; pair with daily sunscreen as BHAs increase UV sensitivity; avoid combining with strong retinoids concurrently,"Azelaic acid, Lactic acid, Mandelic acid",General OTC skincare active. Suitable for conservative home routine under patch testing and appropriate safety screening.
MED-1045,Acne,Anti-acne treatment,Azelaic acid,Cream,"Targeted management of acne blemishes, comedones, and excess sebum production via cream application",Combination,Moderate,"Occasional breakouts, oily T-zone, post-blemish marks","Transient itching, mild burning or stinging in first 1-2 weeks",Hypersensitivity to azelaic acid or propylene glycol,Rare contact dermatitis; stop use if angioedema or hives occur,Generally recognized as safe in pregnancy (Category B equivalent); widely used for gestational acne/melasma,Age >= 12 years,"Once daily, increasing to twice daily morning and evening as tolerated",Apply after gentle cleansing on dry skin; tingling usually subsides after 15 minutes,"Niacinamide, Centella Asiatica, Mandelic acid",General OTC skincare active. Suitable for conservative home routine under patch testing and appropriate safety screening.
MED-1046,Acne,Anti-acne treatment,Adapalene,Cream,"Targeted management of acne blemishes, comedones, and excess sebum production via cream application",Oily,Severe,"Comedones, papules, pustules, excess sebum","Retinoid dermatitis, xerosis, erythema, photosensitivity, initial breakout purge","Known retinoid allergy, concurrent use with harsh abrasive scrubs or chemical peels","May cause severe burning, stinging, or eyelid edema in hypersensitive individuals",Contraindicated during pregnancy and planning pregnancy due to retinoid class risks,Age >= 12 years (FDA OTC approval standard),"Pea-sized amount 2-3 nights per week initially, slowly building to nightly as tolerated",Must use broad-spectrum SPF 30+ daily; apply to completely dry skin; use 'sandwich' buffering with moisturizer if sensitive,"Azelaic acid, Bakuchiol, Niacinamide",OTC/Specialist-tier active. Recommended for clinical dermatologist review if condition fails to improve within 2-4 weeks.
MED-1047,Acne,Anti-acne treatment,Tretinoin,Cream,"Targeted management of acne blemishes, comedones, and excess sebum production via cream application",Normal,Moderate,"Hormonal jawline flares, tender bumps, follicular congestion","Marked dryness, erythema, severe peeling, intense burning, photosensitization","Pregnancy, breastfeeding, open wounds, concurrent photo-sensitizing drugs",High irritation potential. Discontinue if severe chemical burn symptoms or swelling occur,STRICTLY CONTRAINDICATED in pregnancy (Teratogenic potential). Must use reliable contraception,Prescription only (typically age >= 12-15 years under medical supervision),Strictly as directed by dermatologist (typically 1-2 nights/week to start),Mandatory broad-spectrum high SPF daily; avoid waxing or laser treatments; physician follow-up required,"Adapalene (OTC), Azelaic acid, Bakuchiol",PRESCRIPTION ONLY. Supervised dermatological evaluation required prior to initiation. DermaAI must refer user to licensed physician.
MED-1048,Acne,Keratolytic/exfoliating treatment,Salicylic acid,Cleanser,"Targeted management of acne blemishes, comedones, and excess sebum production via cleanser application",Oily,Mild,"Occasional breakouts, oily T-zone, post-blemish marks","Mild dryness, peeling, tingling, transient purging","Aspirin (salicylate) allergy, broken or ulcerated skin, active eczema flares",Contains beta-hydroxy acid / salicylate derivative; discontinue if severe redness develops,High-dose/oral salicylic acid contraindicated. Low OTC concentrations (<2%) generally limited; consult obstetrician.,Age >= 12 years (consult pediatrician for younger children),"1-3 times weekly initially, titrating to daily as tolerated",Avoid eye area; pair with daily sunscreen as BHAs increase UV sensitivity; avoid combining with strong retinoids concurrently,"Azelaic acid, Lactic acid, Mandelic acid",General OTC skincare active. Suitable for conservative home routine under patch testing and appropriate safety screening.
MED-1049,Acne,Anti-acne treatment,Tretinoin,Gel,"Targeted management of acne blemishes, comedones, and excess sebum production via gel application",Combination,Moderate,"Comedones, papules, pustules, excess sebum","Marked dryness, erythema, severe peeling, intense burning, photosensitization","Pregnancy, breastfeeding, open wounds, concurrent photo-sensitizing drugs",High irritation potential. Discontinue if severe chemical burn symptoms or swelling occur,STRICTLY CONTRAINDICATED in pregnancy (Teratogenic potential). Must use reliable contraception,Prescription only (typically age >= 12-15 years under medical supervision),Strictly as directed by dermatologist (typically 1-2 nights/week to start),Mandatory broad-spectrum high SPF daily; avoid waxing or laser treatments; physician follow-up required,"Adapalene (OTC), Azelaic acid, Bakuchiol",PRESCRIPTION ONLY. Supervised dermatological evaluation required prior to initiation. DermaAI must refer user to licensed physician.
MED-1050,Acne,Anti-acne treatment,Adapalene,Cream,"Targeted management of acne blemishes, comedones, and excess sebum production via cream application",Combination,Moderate,"Inflammatory cysts, nodules, persistent erythema","Retinoid dermatitis, xerosis, erythema, photosensitivity, initial breakout purge","Known retinoid allergy, concurrent use with harsh abrasive scrubs or chemical peels","May cause severe burning, stinging, or eyelid edema in hypersensitive individuals",Contraindicated during pregnancy and planning pregnancy due to retinoid class risks,Age >= 12 years (FDA OTC approval standard),"Pea-sized amount 2-3 nights per week initially, slowly building to nightly as tolerated",Must use broad-spectrum SPF 30+ daily; apply to completely dry skin; use 'sandwich' buffering with moisturizer if sensitive,"Azelaic acid, Bakuchiol, Niacinamide",OTC/Specialist-tier active. Recommended for clinical dermatologist review if condition fails to improve within 2-4 weeks.
MED-1051,Acne,Anti-acne treatment,Tretinoin,Gel,"Targeted management of acne blemishes, comedones, and excess sebum production via gel application",Normal,Severe,"Hormonal jawline flares, tender bumps, follicular congestion","Marked dryness, erythema, severe peeling, intense burning, photosensitization","Pregnancy, breastfeeding, open wounds, concurrent photo-sensitizing drugs",High irritation potential. Discontinue if severe chemical burn symptoms or swelling occur,STRICTLY CONTRAINDICATED in pregnancy (Teratogenic potential). Must use reliable contraception,Prescription only (typically age >= 12-15 years under medical supervision),Strictly as directed by dermatologist (typically 1-2 nights/week to start),Mandatory broad-spectrum high SPF daily; avoid waxing or laser treatments; physician follow-up required,"Adapalene (OTC), Azelaic acid, Bakuchiol",PRESCRIPTION ONLY. Supervised dermatological evaluation required prior to initiation. DermaAI must refer user to licensed physician.
MED-1052,Acne,Anti-acne treatment,Tretinoin,Cream,"Targeted management of acne blemishes, comedones, and excess sebum production via cream application",Combination,Moderate,"Clogged pores, blackheads, whiteheads, mild inflammation","Marked dryness, erythema, severe peeling, intense burning, photosensitization","Pregnancy, breastfeeding, open wounds, concurrent photo-sensitizing drugs",High irritation potential. Discontinue if severe chemical burn symptoms or swelling occur,STRICTLY CONTRAINDICATED in pregnancy (Teratogenic potential). Must use reliable contraception,Prescription only (typically age >= 12-15 years under medical supervision),Strictly as directed by dermatologist (typically 1-2 nights/week to start),Mandatory broad-spectrum high SPF daily; avoid waxing or laser treatments; physician follow-up required,"Adapalene (OTC), Azelaic acid, Bakuchiol",PRESCRIPTION ONLY. Supervised dermatological evaluation required prior to initiation. DermaAI must refer user to licensed physician.
MED-1053,Acne,Keratolytic/exfoliating treatment,Salicylic acid,Cleanser,"Targeted management of acne blemishes, comedones, and excess sebum production via cleanser application",Oily,Moderate,"Comedones, papules, pustules, excess sebum","Mild dryness, peeling, tingling, transient purging","Aspirin (salicylate) allergy, broken or ulcerated skin, active eczema flares",Contains beta-hydroxy acid / salicylate derivative; discontinue if severe redness develops,High-dose/oral salicylic acid contraindicated. Low OTC concentrations (<2%) generally limited; consult obstetrician.,Age >= 12 years (consult pediatrician for younger children),"1-3 times weekly initially, titrating to daily as tolerated",Avoid eye area; pair with daily sunscreen as BHAs increase UV sensitivity; avoid combining with strong retinoids concurrently,"Azelaic acid, Lactic acid, Mandelic acid",General OTC skincare active. Suitable for conservative home routine under patch testing and appropriate safety screening.
MED-1054,Acne,Anti-acne treatment,Sulfur,Cleanser,"Targeted management of acne blemishes, comedones, and excess sebum production via cleanser application",Oily,Mild,"Hormonal jawline flares, tender bumps, follicular congestion","Mild dryness, distinct odor, mild transient irritation","Sulfa drug sensitivity (rare cross-reactivity, exercise caution), open fissures",Test on small patch before full face use,Generally considered safe topically in pregnancy,Age >= 10 years,Wash-off mask 2-3 times weekly or spot treatment,Rinse thoroughly; can tarnish silver jewelry,"Salicylic acid, Azelaic acid",General OTC skincare active. Suitable for conservative home routine under patch testing and appropriate safety screening.
MED-1055,Acne,Anti-acne treatment,Benzoyl peroxide,Gel,"Targeted management of acne blemishes, comedones, and excess sebum production via gel application",Oily,Mild,"Clogged pores, blackheads, whiteheads, mild inflammation","Dryness, peeling, erythema, localized burning sensation, fabric bleaching","Hypersensitivity to benzoyl peroxide, severely compromised skin barrier",True contact allergy occurs in ~1-2% of users. Patch test prior to first full application,Topical OTC use (<5%) is generally considered acceptable in pregnancy by ACOG; consult physician,Age >= 12 years,"Start with once every alternate day, titrate to once daily in evening","Bleaches hair, towels, and clothing; do not apply to mucous membranes; use non-comedogenic moisturizer","Azelaic acid, Salicylic acid, Zinc PCA",General OTC skincare active. Suitable for conservative home routine under patch testing and appropriate safety screening.
MED-1056,Dryness,Moisturizer,Shea butter,Balm,Replenishment of cutaneous moisture barrier and relief of xerosis and flaking via hydrating balm,Very Dry,Moderate,"Tightness, flaking, dullness, reduced skin elasticity",Potential comedogenicity on oily/acne-prone facial areas,Severe tree nut allergy (though refined shea rarely causes reaction),Tree nut derived; caution in severe nut allergies,Safe in pregnancy,All ages,Daily for dry skin zones,Rich occlusive; avoid on active comedonal acne,"Squalane, Ceramides, Petrolatum",General OTC skincare active. Suitable for conservative home routine under patch testing and appropriate safety screening.
MED-1057,Dryness,Moisturizer,Shea butter,Rich Cream,Replenishment of cutaneous moisture barrier and relief of xerosis and flaking via hydrating rich cream,Very Dry,Moderate,"Chapped skin, compromised moisture barrier, itchiness",Potential comedogenicity on oily/acne-prone facial areas,Severe tree nut allergy (though refined shea rarely causes reaction),Tree nut derived; caution in severe nut allergies,Safe in pregnancy,All ages,Daily for dry skin zones,Rich occlusive; avoid on active comedonal acne,"Squalane, Ceramides, Petrolatum",General OTC skincare active. Suitable for conservative home routine under patch testing and appropriate safety screening.
MED-1058,Dryness,Moisturizer,Glycerin,Lotion,Replenishment of cutaneous moisture barrier and relief of xerosis and flaking via hydrating lotion,All skin types,Mild,"Chapped skin, compromised moisture barrier, itchiness",,,Hypoallergenic,Safe in pregnancy,All ages,Daily,Potent humectant; standard baseline moisturizing agent,"Hyaluronic acid, Squalane",General OTC skincare active. Suitable for conservative home routine under patch testing and appropriate safety screening.
MED-1059,Dryness,Keratolytic/exfoliating treatment,Urea (low concentration 5%),Lotion,Replenishment of cutaneous moisture barrier and relief of xerosis and flaking via hydrating lotion,Dry,Moderate,"Dehydrated sensation, fine micro-lines, surface roughness",Mild transient stinging on open micro-cracks,"Broken/bleeding skin, severe acute eczema flare",Low allergy potential,Safe topically at low concentrations,Age >= 3 years,Once to twice daily,Humectant and gentle natural keratolytic; restores water-binding capacity,"Lactic acid, Ceramides",General OTC skincare active. Suitable for conservative home routine under patch testing and appropriate safety screening.
MED-1060,Dryness,Moisturizer,Hyaluronic acid,Serum,Replenishment of cutaneous moisture barrier and relief of xerosis and flaking via hydrating serum,Combination,Mild,"Superficial scaling, rough texture, transient stinging",Occasional transient tightness if applied in very dry climates without occlusive layer,Hypersensitivity to vehicle ingredients,Naturally occurring humectant; negligible allergy risk,Safe during pregnancy and lactation,All ages,1-2 times daily,Always seal with a moisturizing cream or lotion to prevent trans-epidermal water loss,"Glycerin, Panthenol, Beta-glucan",General OTC skincare active. Suitable for conservative home routine under patch testing and appropriate safety screening.
MED-1061,Dryness,Barrier-support treatment,Colloidal oatmeal,Cream,Replenishment of cutaneous moisture barrier and relief of xerosis and flaking via hydrating cream,Dry,Mild,"Chapped skin, compromised moisture barrier, itchiness",Rare contact urticaria in individuals with severe oat allergy,Known oat or gluten allergy (if uncertified),Oat protein allergy; test small patch if atopic history,Safe during pregnancy and lactation,All ages (widely approved for pediatric eczema),2-3 times daily or as needed,FDA-recognized skin protectant; anti-pruritic and barrier rebuilding,"Ceramides, Panthenol, Petrolatum",General OTC skincare active. Suitable for conservative home routine under patch testing and appropriate safety screening.
MED-1062,Dryness,Barrier-support treatment,Panthenol (Pro-Vitamin B5),Cream,Replenishment of cutaneous moisture barrier and relief of xerosis and flaking via hydrating cream,All skin types,Moderate,"Tightness, flaking, dullness, reduced skin elasticity",Negligible,Known hypersensitivity to panthenol,Very rare contact dermatitis,Safe in pregnancy and lactation,All ages,"As needed, 1-3 times daily","Excellent for soothing inflamed, raw, or healing skin","Centella Asiatica, Allantoin, Ceramides",General OTC skincare active. Suitable for conservative home routine under patch testing and appropriate safety screening.
MED-1063,Dryness,Keratolytic/exfoliating treatment,Urea (high concentration >10%),Ointment,Replenishment of cutaneous moisture barrier and relief of xerosis and flaking via hydrating ointment,Dry,Severe,"Chapped skin, compromised moisture barrier, itchiness","Stinging, burning, irritation on sensitive skin zones","Facial application, broken skin, acute inflammation",Can irritate thin or sensitive skin types,Consult physician for high concentration application,Age >= 12 years,"Once daily on rough thickened body areas (heels, elbows, keratosis pilaris)",Potent keratolytic; do NOT apply to face or delicate skin folds without dermatologist advice,"Salicylic acid, Lactic acid",OTC/Specialist-tier active. Recommended for clinical dermatologist review if condition fails to improve within 2-4 weeks.
MED-1064,Dryness,Moisturizer,Hyaluronic acid,Serum,Replenishment of cutaneous moisture barrier and relief of xerosis and flaking via hydrating serum,Combination,Mild,"Chapped skin, compromised moisture barrier, itchiness",Occasional transient tightness if applied in very dry climates without occlusive layer,Hypersensitivity to vehicle ingredients,Naturally occurring humectant; negligible allergy risk,Safe during pregnancy and lactation,All ages,1-2 times daily,Always seal with a moisturizing cream or lotion to prevent trans-epidermal water loss,"Glycerin, Panthenol, Beta-glucan",General OTC skincare active. Suitable for conservative home routine under patch testing and appropriate safety screening.
MED-1065,Dryness,Moisturizer,Glycerin,Cleanser,Replenishment of cutaneous moisture barrier and relief of xerosis and flaking via hydrating cleanser,All skin types,Mild,"Chapped skin, compromised moisture barrier, itchiness",,,Hypoallergenic,Safe in pregnancy,All ages,Daily,Potent humectant; standard baseline moisturizing agent,"Hyaluronic acid, Squalane",General OTC skincare active. Suitable for conservative home routine under patch testing and appropriate safety screening.
MED-1066,Dryness,Keratolytic/exfoliating treatment,Urea (high concentration >10%),Ointment,Replenishment of cutaneous moisture barrier and relief of xerosis and flaking via hydrating ointment,Dry,Severe,"Tightness, flaking, dullness, reduced skin elasticity","Stinging, burning, irritation on sensitive skin zones","Facial application, broken skin, acute inflammation",Can irritate thin or sensitive skin types,Consult physician for high concentration application,Age >= 12 years,"Once daily on rough thickened body areas (heels, elbows, keratosis pilaris)",Potent keratolytic; do NOT apply to face or delicate skin folds without dermatologist advice,"Salicylic acid, Lactic acid",OTC/Specialist-tier active. Recommended for clinical dermatologist review if condition fails to improve within 2-4 weeks.
MED-1067,Dryness,Moisturizer,Shea butter,Rich Cream,Replenishment of cutaneous moisture barrier and relief of xerosis and flaking via hydrating rich cream,Very Dry,Moderate,"Chapped skin, compromised moisture barrier, itchiness",Potential comedogenicity on oily/acne-prone facial areas,Severe tree nut allergy (though refined shea rarely causes reaction),Tree nut derived; caution in severe nut allergies,Safe in pregnancy,All ages,Daily for dry skin zones,Rich occlusive; avoid on active comedonal acne,"Squalane, Ceramides, Petrolatum",General OTC skincare active. Suitable for conservative home routine under patch testing and appropriate safety screening.
MED-1068,Dryness,Barrier-support treatment,Panthenol (Pro-Vitamin B5),Lotion,Replenishment of cutaneous moisture barrier and relief of xerosis and flaking via hydrating lotion,Sensitive,Moderate,"Dehydrated sensation, fine micro-lines, surface roughness",Negligible,Known hypersensitivity to panthenol,Very rare contact dermatitis,Safe in pregnancy and lactation,All ages,"As needed, 1-3 times daily","Excellent for soothing inflamed, raw, or healing skin","Centella Asiatica, Allantoin, Ceramides",General OTC skincare active. Suitable for conservative home routine under patch testing and appropriate safety screening.
MED-1069,Dryness,Keratolytic/exfoliating treatment,Urea (high concentration >10%),Ointment,Replenishment of cutaneous moisture barrier and relief of xerosis and flaking via hydrating ointment,Dry,Severe,"Tightness, flaking, dullness, reduced skin elasticity","Stinging, burning, irritation on sensitive skin zones","Facial application, broken skin, acute inflammation",Can irritate thin or sensitive skin types,Consult physician for high concentration application,Age >= 12 years,"Once daily on rough thickened body areas (heels, elbows, keratosis pilaris)",Potent keratolytic; do NOT apply to face or delicate skin folds without dermatologist advice,"Salicylic acid, Lactic acid",OTC/Specialist-tier active. Recommended for clinical dermatologist review if condition fails to improve within 2-4 weeks.
MED-1070,Dryness,Barrier-support treatment,Panthenol (Pro-Vitamin B5),Lotion,Replenishment of cutaneous moisture barrier and relief of xerosis and flaking via hydrating lotion,Dry,Mild,"Superficial scaling, rough texture, transient stinging",Negligible,Known hypersensitivity to panthenol,Very rare contact dermatitis,Safe in pregnancy and lactation,All ages,"As needed, 1-3 times daily","Excellent for soothing inflamed, raw, or healing skin","Centella Asiatica, Allantoin, Ceramides",General OTC skincare active. Suitable for conservative home routine under patch testing and appropriate safety screening.
MED-1071,Dryness,Moisturizer,Shea butter,Balm,Replenishment of cutaneous moisture barrier and relief of xerosis and flaking via hydrating balm,Dry,Moderate,"Chapped skin, compromised moisture barrier, itchiness",Potential comedogenicity on oily/acne-prone facial areas,Severe tree nut allergy (though refined shea rarely causes reaction),Tree nut derived; caution in severe nut allergies,Safe in pregnancy,All ages,Daily for dry skin zones,Rich occlusive; avoid on active comedonal acne,"Squalane, Ceramides, Petrolatum",General OTC skincare active. Suitable for conservative home routine under patch testing and appropriate safety screening.
MED-1072,Dryness,Barrier-support treatment,Ceramides,Lotion,Replenishment of cutaneous moisture barrier and relief of xerosis and flaking via hydrating lotion,Sensitive,Mild,"Tightness, flaking, dullness, reduced skin elasticity",Extremely rare; potential clogged pores only if combined in heavy comedogenic base,None known,Bio-identical skin lipid; very low risk,Safe in pregnancy and breastfeeding,All ages (infant safe in pediatric formulas),Twice daily or as needed for barrier maintenance,Essential for repairing lipid barrier; best applied on damp skin,"Squalane, Panthenol, Hyaluronic acid",General OTC skincare active. Suitable for conservative home routine under patch testing and appropriate safety screening.
MED-1073,Dryness,Barrier-support treatment,Colloidal oatmeal,Cleansing wash,Replenishment of cutaneous moisture barrier and relief of xerosis and flaking via hydrating cleansing wash,All skin types,Moderate,"Superficial scaling, rough texture, transient stinging",Rare contact urticaria in individuals with severe oat allergy,Known oat or gluten allergy (if uncertified),Oat protein allergy; test small patch if atopic history,Safe during pregnancy and lactation,All ages (widely approved for pediatric eczema),2-3 times daily or as needed,FDA-recognized skin protectant; anti-pruritic and barrier rebuilding,"Ceramides, Panthenol, Petrolatum",General OTC skincare active. Suitable for conservative home routine under patch testing and appropriate safety screening.
MED-1074,Dryness,Moisturizer,Glycerin,Cream,Replenishment of cutaneous moisture barrier and relief of xerosis and flaking via hydrating cream,Dry,Mild,"Tightness, flaking, dullness, reduced skin elasticity",,,Hypoallergenic,Safe in pregnancy,All ages,Daily,Potent humectant; standard baseline moisturizing agent,"Hyaluronic acid, Squalane",General OTC skincare active. Suitable for conservative home routine under patch testing and appropriate safety screening.
MED-1075,Dryness,Barrier-support treatment,Panthenol (Pro-Vitamin B5),Lotion,Replenishment of cutaneous moisture barrier and relief of xerosis and flaking via hydrating lotion,Dry,Moderate,"Superficial scaling, rough texture, transient stinging",Negligible,Known hypersensitivity to panthenol,Very rare contact dermatitis,Safe in pregnancy and lactation,All ages,"As needed, 1-3 times daily","Excellent for soothing inflamed, raw, or healing skin","Centella Asiatica, Allantoin, Ceramides",General OTC skincare active. Suitable for conservative home routine under patch testing and appropriate safety screening.
MED-1076,Dryness,Moisturizer,Squalane,Face Oil,Replenishment of cutaneous moisture barrier and relief of xerosis and flaking via hydrating face oil,Combination,Mild,"Tightness, flaking, dullness, reduced skin elasticity",Rare breakouts in highly acne-prone individuals,Hypersensitivity to plant squalane sources,"Non-reactive, skin-identical lipid",Safe in pregnancy,All ages,Daily evening or morning,"Lightweight, non-greasy emollient; great for locking in hydration","Jojoba oil, Ceramides, Rosehip oil",General OTC skincare active. Suitable for conservative home routine under patch testing and appropriate safety screening.
MED-1077,Dryness,Keratolytic/exfoliating treatment,Urea (low concentration 5%),Cream,Replenishment of cutaneous moisture barrier and relief of xerosis and flaking via hydrating cream,Rough,Moderate,"Chapped skin, compromised moisture barrier, itchiness",Mild transient stinging on open micro-cracks,"Broken/bleeding skin, severe acute eczema flare",Low allergy potential,Safe topically at low concentrations,Age >= 3 years,Once to twice daily,Humectant and gentle natural keratolytic; restores water-binding capacity,"Lactic acid, Ceramides",General OTC skincare active. Suitable for conservative home routine under patch testing and appropriate safety screening.
MED-1078,Dryness,Moisturizer,Squalane,Face Oil,Replenishment of cutaneous moisture barrier and relief of xerosis and flaking via hydrating face oil,Dry,Mild,"Superficial scaling, rough texture, transient stinging",Rare breakouts in highly acne-prone individuals,Hypersensitivity to plant squalane sources,"Non-reactive, skin-identical lipid",Safe in pregnancy,All ages,Daily evening or morning,"Lightweight, non-greasy emollient; great for locking in hydration","Jojoba oil, Ceramides, Rosehip oil",General OTC skincare active. Suitable for conservative home routine under patch testing and appropriate safety screening.
MED-1079,Dryness,Moisturizer,Shea butter,Rich Cream,Replenishment of cutaneous moisture barrier and relief of xerosis and flaking via hydrating rich cream,Very Dry,Moderate,"Chapped skin, compromised moisture barrier, itchiness",Potential comedogenicity on oily/acne-prone facial areas,Severe tree nut allergy (though refined shea rarely causes reaction),Tree nut derived; caution in severe nut allergies,Safe in pregnancy,All ages,Daily for dry skin zones,Rich occlusive; avoid on active comedonal acne,"Squalane, Ceramides, Petrolatum",General OTC skincare active. Suitable for conservative home routine under patch testing and appropriate safety screening.
MED-1080,Dryness,Barrier-support treatment,Colloidal oatmeal,Cleansing wash,Replenishment of cutaneous moisture barrier and relief of xerosis and flaking via hydrating cleansing wash,All skin types,Moderate,"Chapped skin, compromised moisture barrier, itchiness",Rare contact urticaria in individuals with severe oat allergy,Known oat or gluten allergy (if uncertified),Oat protein allergy; test small patch if atopic history,Safe during pregnancy and lactation,All ages (widely approved for pediatric eczema),2-3 times daily or as needed,FDA-recognized skin protectant; anti-pruritic and barrier rebuilding,"Ceramides, Panthenol, Petrolatum",General OTC skincare active. Suitable for conservative home routine under patch testing and appropriate safety screening.
MED-1081,Dryness,Barrier-support treatment,Ceramides,Cream,Replenishment of cutaneous moisture barrier and relief of xerosis and flaking via hydrating cream,Sensitive,Moderate,"Chapped skin, compromised moisture barrier, itchiness",Extremely rare; potential clogged pores only if combined in heavy comedogenic base,None known,Bio-identical skin lipid; very low risk,Safe in pregnancy and breastfeeding,All ages (infant safe in pediatric formulas),Twice daily or as needed for barrier maintenance,Essential for repairing lipid barrier; best applied on damp skin,"Squalane, Panthenol, Hyaluronic acid",General OTC skincare active. Suitable for conservative home routine under patch testing and appropriate safety screening.
MED-1082,Dryness,Barrier-support treatment,Ceramides,Cream,Replenishment of cutaneous moisture barrier and relief of xerosis and flaking via hydrating cream,Normal,Moderate,"Chapped skin, compromised moisture barrier, itchiness",Extremely rare; potential clogged pores only if combined in heavy comedogenic base,None known,Bio-identical skin lipid; very low risk,Safe in pregnancy and breastfeeding,All ages (infant safe in pediatric formulas),Twice daily or as needed for barrier maintenance,Essential for repairing lipid barrier; best applied on damp skin,"Squalane, Panthenol, Hyaluronic acid",General OTC skincare active. Suitable for conservative home routine under patch testing and appropriate safety screening.
MED-1083,Dryness,Moisturizer,Shea butter,Balm,Replenishment of cutaneous moisture barrier and relief of xerosis and flaking via hydrating balm,Very Dry,Moderate,"Chapped skin, compromised moisture barrier, itchiness",Potential comedogenicity on oily/acne-prone facial areas,Severe tree nut allergy (though refined shea rarely causes reaction),Tree nut derived; caution in severe nut allergies,Safe in pregnancy,All ages,Daily for dry skin zones,Rich occlusive; avoid on active comedonal acne,"Squalane, Ceramides, Petrolatum",General OTC skincare active. Suitable for conservative home routine under patch testing and appropriate safety screening.
MED-1084,Dryness,Barrier-support treatment,Ceramides,Emulsion,Replenishment of cutaneous moisture barrier and relief of xerosis and flaking via hydrating emulsion,Dry,Moderate,"Superficial scaling, rough texture, transient stinging",Extremely rare; potential clogged pores only if combined in heavy comedogenic base,None known,Bio-identical skin lipid; very low risk,Safe in pregnancy and breastfeeding,All ages (infant safe in pediatric formulas),Twice daily or as needed for barrier maintenance,Essential for repairing lipid barrier; best applied on damp skin,"Squalane, Panthenol, Hyaluronic acid",General OTC skincare active. Suitable for conservative home routine under patch testing and appropriate safety screening.
MED-1085,Dryness,Barrier-support treatment,Colloidal oatmeal,Lotion,Replenishment of cutaneous moisture barrier and relief of xerosis and flaking via hydrating lotion,All skin types,Mild,"Chapped skin, compromised moisture barrier, itchiness",Rare contact urticaria in individuals with severe oat allergy,Known oat or gluten allergy (if uncertified),Oat protein allergy; test small patch if atopic history,Safe during pregnancy and lactation,All ages (widely approved for pediatric eczema),2-3 times daily or as needed,FDA-recognized skin protectant; anti-pruritic and barrier rebuilding,"Ceramides, Panthenol, Petrolatum",General OTC skincare active. Suitable for conservative home routine under patch testing and appropriate safety screening.
MED-1086,Dryness,Barrier-support treatment,Colloidal oatmeal,Cleansing wash,Replenishment of cutaneous moisture barrier and relief of xerosis and flaking via hydrating cleansing wash,All skin types,Mild,"Chapped skin, compromised moisture barrier, itchiness",Rare contact urticaria in individuals with severe oat allergy,Known oat or gluten allergy (if uncertified),Oat protein allergy; test small patch if atopic history,Safe during pregnancy and lactation,All ages (widely approved for pediatric eczema),2-3 times daily or as needed,FDA-recognized skin protectant; anti-pruritic and barrier rebuilding,"Ceramides, Panthenol, Petrolatum",General OTC skincare active. Suitable for conservative home routine under patch testing and appropriate safety screening.
MED-1087,Dryness,Keratolytic/exfoliating treatment,Urea (high concentration >10%),Ointment,Replenishment of cutaneous moisture barrier and relief of xerosis and flaking via hydrating ointment,Rough,Severe,"Dehydrated sensation, fine micro-lines, surface roughness","Stinging, burning, irritation on sensitive skin zones","Facial application, broken skin, acute inflammation",Can irritate thin or sensitive skin types,Consult physician for high concentration application,Age >= 12 years,"Once daily on rough thickened body areas (heels, elbows, keratosis pilaris)",Potent keratolytic; do NOT apply to face or delicate skin folds without dermatologist advice,"Salicylic acid, Lactic acid",OTC/Specialist-tier active. Recommended for clinical dermatologist review if condition fails to improve within 2-4 weeks.
MED-1088,Dryness,Moisturizer,Squalane,Cream,Replenishment of cutaneous moisture barrier and relief of xerosis and flaking via hydrating cream,Sensitive,Mild,"Dehydrated sensation, fine micro-lines, surface roughness",Rare breakouts in highly acne-prone individuals,Hypersensitivity to plant squalane sources,"Non-reactive, skin-identical lipid",Safe in pregnancy,All ages,Daily evening or morning,"Lightweight, non-greasy emollient; great for locking in hydration","Jojoba oil, Ceramides, Rosehip oil",General OTC skincare active. Suitable for conservative home routine under patch testing and appropriate safety screening.
MED-1089,Dryness,Moisturizer,Shea butter,Balm,Replenishment of cutaneous moisture barrier and relief of xerosis and flaking via hydrating balm,Dry,Moderate,"Tightness, flaking, dullness, reduced skin elasticity",Potential comedogenicity on oily/acne-prone facial areas,Severe tree nut allergy (though refined shea rarely causes reaction),Tree nut derived; caution in severe nut allergies,Safe in pregnancy,All ages,Daily for dry skin zones,Rich occlusive; avoid on active comedonal acne,"Squalane, Ceramides, Petrolatum",General OTC skincare active. Suitable for conservative home routine under patch testing and appropriate safety screening.
MED-1090,Dryness,Moisturizer,Squalane,Serum,Replenishment of cutaneous moisture barrier and relief of xerosis and flaking via hydrating serum,Combination,Mild,"Chapped skin, compromised moisture barrier, itchiness",Rare breakouts in highly acne-prone individuals,Hypersensitivity to plant squalane sources,"Non-reactive, skin-identical lipid",Safe in pregnancy,All ages,Daily evening or morning,"Lightweight, non-greasy emollient; great for locking in hydration","Jojoba oil, Ceramides, Rosehip oil",General OTC skincare active. Suitable for conservative home routine under patch testing and appropriate safety screening.
MED-1091,Dryness,Keratolytic/exfoliating treatment,Urea (low concentration 5%),Lotion,Replenishment of cutaneous moisture barrier and relief of xerosis and flaking via hydrating lotion,Dry,Severe,"Dehydrated sensation, fine micro-lines, surface roughness",Mild transient stinging on open micro-cracks,"Broken/bleeding skin, severe acute eczema flare",Low allergy potential,Safe topically at low concentrations,Age >= 3 years,Once to twice daily,Humectant and gentle natural keratolytic; restores water-binding capacity,"Lactic acid, Ceramides",General OTC skincare active. Suitable for conservative home routine under patch testing and appropriate safety screening.
MED-1092,Dryness,Barrier-support treatment,Panthenol (Pro-Vitamin B5),Lotion,Replenishment of cutaneous moisture barrier and relief of xerosis and flaking via hydrating lotion,Dry,Mild,"Chapped skin, compromised moisture barrier, itchiness",Negligible,Known hypersensitivity to panthenol,Very rare contact dermatitis,Safe in pregnancy and lactation,All ages,"As needed, 1-3 times daily","Excellent for soothing inflamed, raw, or healing skin","Centella Asiatica, Allantoin, Ceramides",General OTC skincare active. Suitable for conservative home routine under patch testing and appropriate safety screening.
MED-1093,Dryness,Moisturizer,Hyaluronic acid,Serum,Replenishment of cutaneous moisture barrier and relief of xerosis and flaking via hydrating serum,Dry,Moderate,"Superficial scaling, rough texture, transient stinging",Occasional transient tightness if applied in very dry climates without occlusive layer,Hypersensitivity to vehicle ingredients,Naturally occurring humectant; negligible allergy risk,Safe during pregnancy and lactation,All ages,1-2 times daily,Always seal with a moisturizing cream or lotion to prevent trans-epidermal water loss,"Glycerin, Panthenol, Beta-glucan",General OTC skincare active. Suitable for conservative home routine under patch testing and appropriate safety screening.
MED-1094,Dryness,Barrier-support treatment,Panthenol (Pro-Vitamin B5),Balm,Replenishment of cutaneous moisture barrier and relief of xerosis and flaking via hydrating balm,Sensitive,Mild,"Dehydrated sensation, fine micro-lines, surface roughness",Negligible,Known hypersensitivity to panthenol,Very rare contact dermatitis,Safe in pregnancy and lactation,All ages,"As needed, 1-3 times daily","Excellent for soothing inflamed, raw, or healing skin","Centella Asiatica, Allantoin, Ceramides",General OTC skincare active. Suitable for conservative home routine under patch testing and appropriate safety screening.
MED-1095,Dryness,Moisturizer,Hyaluronic acid,Gel-cream,Replenishment of cutaneous moisture barrier and relief of xerosis and flaking via hydrating gel-cream,Dry,Moderate,"Dehydrated sensation, fine micro-lines, surface roughness",Occasional transient tightness if applied in very dry climates without occlusive layer,Hypersensitivity to vehicle ingredients,Naturally occurring humectant; negligible allergy risk,Safe during pregnancy and lactation,All ages,1-2 times daily,Always seal with a moisturizing cream or lotion to prevent trans-epidermal water loss,"Glycerin, Panthenol, Beta-glucan",General OTC skincare active. Suitable for conservative home routine under patch testing and appropriate safety screening.
MED-1096,Dryness,Keratolytic/exfoliating treatment,Urea (low concentration 5%),Lotion,Replenishment of cutaneous moisture barrier and relief of xerosis and flaking via hydrating lotion,Dry,Moderate,"Tightness, flaking, dullness, reduced skin elasticity",Mild transient stinging on open micro-cracks,"Broken/bleeding skin, severe acute eczema flare",Low allergy potential,Safe topically at low concentrations,Age >= 3 years,Once to twice daily,Humectant and gentle natural keratolytic; restores water-binding capacity,"Lactic acid, Ceramides",General OTC skincare active. Suitable for conservative home routine under patch testing and appropriate safety screening.
MED-1097,Dryness,Moisturizer,Hyaluronic acid,Gel-cream,Replenishment of cutaneous moisture barrier and relief of xerosis and flaking via hydrating gel-cream,Dry,Mild,"Dehydrated sensation, fine micro-lines, surface roughness",Occasional transient tightness if applied in very dry climates without occlusive layer,Hypersensitivity to vehicle ingredients,Naturally occurring humectant; negligible allergy risk,Safe during pregnancy and lactation,All ages,1-2 times daily,Always seal with a moisturizing cream or lotion to prevent trans-epidermal water loss,"Glycerin, Panthenol, Beta-glucan",General OTC skincare active. Suitable for conservative home routine under patch testing and appropriate safety screening.
MED-1098,Dryness,Barrier-support treatment,Ceramides,Emulsion,Replenishment of cutaneous moisture barrier and relief of xerosis and flaking via hydrating emulsion,Dry,Mild,"Dehydrated sensation, fine micro-lines, surface roughness",Extremely rare; potential clogged pores only if combined in heavy comedogenic base,None known,Bio-identical skin lipid; very low risk,Safe in pregnancy and breastfeeding,All ages (infant safe in pediatric formulas),Twice daily or as needed for barrier maintenance,Essential for repairing lipid barrier; best applied on damp skin,"Squalane, Panthenol, Hyaluronic acid",General OTC skincare active. Suitable for conservative home routine under patch testing and appropriate safety screening.
MED-1099,Dryness,Barrier-support treatment,Panthenol (Pro-Vitamin B5),Cream,Replenishment of cutaneous moisture barrier and relief of xerosis and flaking via hydrating cream,Dry,Moderate,"Dehydrated sensation, fine micro-lines, surface roughness",Negligible,Known hypersensitivity to panthenol,Very rare contact dermatitis,Safe in pregnancy and lactation,All ages,"As needed, 1-3 times daily","Excellent for soothing inflamed, raw, or healing skin","Centella Asiatica, Allantoin, Ceramides",General OTC skincare active. Suitable for conservative home routine under patch testing and appropriate safety screening.
MED-1100,Dryness,Keratolytic/exfoliating treatment,Urea (high concentration >10%),Ointment,Replenishment of cutaneous moisture barrier and relief of xerosis and flaking via hydrating ointment,Rough,Severe,"Dehydrated sensation, fine micro-lines, surface roughness","Stinging, burning, irritation on sensitive skin zones","Facial application, broken skin, acute inflammation",Can irritate thin or sensitive skin types,Consult physician for high concentration application,Age >= 12 years,"Once daily on rough thickened body areas (heels, elbows, keratosis pilaris)",Potent keratolytic; do NOT apply to face or delicate skin folds without dermatologist advice,"Salicylic acid, Lactic acid",OTC/Specialist-tier active. Recommended for clinical dermatologist review if condition fails to improve within 2-4 weeks.
MED-1101,Dryness,Moisturizer,Squalane,Face Oil,Replenishment of cutaneous moisture barrier and relief of xerosis and flaking via hydrating face oil,Combination,Moderate,"Superficial scaling, rough texture, transient stinging",Rare breakouts in highly acne-prone individuals,Hypersensitivity to plant squalane sources,"Non-reactive, skin-identical lipid",Safe in pregnancy,All ages,Daily evening or morning,"Lightweight, non-greasy emollient; great for locking in hydration","Jojoba oil, Ceramides, Rosehip oil",General OTC skincare active. Suitable for conservative home routine under patch testing and appropriate safety screening.
MED-1102,Dryness,Moisturizer,Squalane,Serum,Replenishment of cutaneous moisture barrier and relief of xerosis and flaking via hydrating serum,Normal,Mild,"Superficial scaling, rough texture, transient stinging",Rare breakouts in highly acne-prone individuals,Hypersensitivity to plant squalane sources,"Non-reactive, skin-identical lipid",Safe in pregnancy,All ages,Daily evening or morning,"Lightweight, non-greasy emollient; great for locking in hydration","Jojoba oil, Ceramides, Rosehip oil",General OTC skincare active. Suitable for conservative home routine under patch testing and appropriate safety screening.
MED-1103,Dryness,Moisturizer,Squalane,Serum,Replenishment of cutaneous moisture barrier and relief of xerosis and flaking via hydrating serum,Dry,Moderate,"Superficial scaling, rough texture, transient stinging",Rare breakouts in highly acne-prone individuals,Hypersensitivity to plant squalane sources,"Non-reactive, skin-identical lipid",Safe in pregnancy,All ages,Daily evening or morning,"Lightweight, non-greasy emollient; great for locking in hydration","Jojoba oil, Ceramides, Rosehip oil",General OTC skincare active. Suitable for conservative home routine under patch testing and appropriate safety screening.
MED-1104,Dryness,Barrier-support treatment,Panthenol (Pro-Vitamin B5),Balm,Replenishment of cutaneous moisture barrier and relief of xerosis and flaking via hydrating balm,All skin types,Moderate,"Superficial scaling, rough texture, transient stinging",Negligible,Known hypersensitivity to panthenol,Very rare contact dermatitis,Safe in pregnancy and lactation,All ages,"As needed, 1-3 times daily","Excellent for soothing inflamed, raw, or healing skin","Centella Asiatica, Allantoin, Ceramides",General OTC skincare active. Suitable for conservative home routine under patch testing and appropriate safety screening.
MED-1105,Dryness,Moisturizer,Glycerin,Cream,Replenishment of cutaneous moisture barrier and relief of xerosis and flaking via hydrating cream,Dry,Mild,"Chapped skin, compromised moisture barrier, itchiness",,,Hypoallergenic,Safe in pregnancy,All ages,Daily,Potent humectant; standard baseline moisturizing agent,"Hyaluronic acid, Squalane",General OTC skincare active. Suitable for conservative home routine under patch testing and appropriate safety screening.
MED-1106,Dryness,Keratolytic/exfoliating treatment,Urea (high concentration >10%),Ointment,Replenishment of cutaneous moisture barrier and relief of xerosis and flaking via hydrating ointment,Dry,Severe,"Superficial scaling, rough texture, transient stinging","Stinging, burning, irritation on sensitive skin zones","Facial application, broken skin, acute inflammation",Can irritate thin or sensitive skin types,Consult physician for high concentration application,Age >= 12 years,"Once daily on rough thickened body areas (heels, elbows, keratosis pilaris)",Potent keratolytic; do NOT apply to face or delicate skin folds without dermatologist advice,"Salicylic acid, Lactic acid",OTC/Specialist-tier active. Recommended for clinical dermatologist review if condition fails to improve within 2-4 weeks.
MED-1107,Dryness,Moisturizer,Shea butter,Rich Cream,Replenishment of cutaneous moisture barrier and relief of xerosis and flaking via hydrating rich cream,Dry,Moderate,"Dehydrated sensation, fine micro-lines, surface roughness",Potential comedogenicity on oily/acne-prone facial areas,Severe tree nut allergy (though refined shea rarely causes reaction),Tree nut derived; caution in severe nut allergies,Safe in pregnancy,All ages,Daily for dry skin zones,Rich occlusive; avoid on active comedonal acne,"Squalane, Ceramides, Petrolatum",General OTC skincare active. Suitable for conservative home routine under patch testing and appropriate safety screening.
MED-1108,Dryness,Barrier-support treatment,Ceramides,Lotion,Replenishment of cutaneous moisture barrier and relief of xerosis and flaking via hydrating lotion,All skin types,Moderate,"Dehydrated sensation, fine micro-lines, surface roughness",Extremely rare; potential clogged pores only if combined in heavy comedogenic base,None known,Bio-identical skin lipid; very low risk,Safe in pregnancy and breastfeeding,All ages (infant safe in pediatric formulas),Twice daily or as needed for barrier maintenance,Essential for repairing lipid barrier; best applied on damp skin,"Squalane, Panthenol, Hyaluronic acid",General OTC skincare active. Suitable for conservative home routine under patch testing and appropriate safety screening.
MED-1109,Dryness,Keratolytic/exfoliating treatment,Urea (high concentration >10%),Cream,Replenishment of cutaneous moisture barrier and relief of xerosis and flaking via hydrating cream,Dry,Severe,"Chapped skin, compromised moisture barrier, itchiness","Stinging, burning, irritation on sensitive skin zones","Facial application, broken skin, acute inflammation",Can irritate thin or sensitive skin types,Consult physician for high concentration application,Age >= 12 years,"Once daily on rough thickened body areas (heels, elbows, keratosis pilaris)",Potent keratolytic; do NOT apply to face or delicate skin folds without dermatologist advice,"Salicylic acid, Lactic acid",OTC/Specialist-tier active. Recommended for clinical dermatologist review if condition fails to improve within 2-4 weeks.
MED-1110,Dryness,Moisturizer,Shea butter,Rich Cream,Replenishment of cutaneous moisture barrier and relief of xerosis and flaking via hydrating rich cream,Dry,Moderate,"Chapped skin, compromised moisture barrier, itchiness",Potential comedogenicity on oily/acne-prone facial areas,Severe tree nut allergy (though refined shea rarely causes reaction),Tree nut derived; caution in severe nut allergies,Safe in pregnancy,All ages,Daily for dry skin zones,Rich occlusive; avoid on active comedonal acne,"Squalane, Ceramides, Petrolatum",General OTC skincare active. Suitable for conservative home routine under patch testing and appropriate safety screening.
MED-1111,Hyperpigmentation,Keratolytic/exfoliating treatment,Lactic acid,Serum,"Support for evening skin tone, reducing post-inflammatory marks and dark spots via serum",Sensitive,Mild,"Uneven skin tone, post-inflammatory dark marks (PIH)","Mild transient tingling, light flaking",Sunburned or severely damaged skin barrier,Low AHA irritation compared to glycolic acid due to larger molecular size,Safe in pregnancy at OTC topical concentrations,Age >= 12 years,2-3 nights per week,Gentler AHA with natural humectant properties; always apply sunscreen daily,"Mandelic acid, Azelaic acid, Gluconolactone",General OTC skincare active. Suitable for conservative home routine under patch testing and appropriate safety screening.
MED-1112,Hyperpigmentation,Keratolytic/exfoliating treatment,Lactic acid,Serum,"Support for evening skin tone, reducing post-inflammatory marks and dark spots via serum",Normal,Mild,Dull complexion with patchy discoloration after acne breakouts,"Mild transient tingling, light flaking",Sunburned or severely damaged skin barrier,Low AHA irritation compared to glycolic acid due to larger molecular size,Safe in pregnancy at OTC topical concentrations,Age >= 12 years,2-3 nights per week,Gentler AHA with natural humectant properties; always apply sunscreen daily,"Mandelic acid, Azelaic acid, Gluconolactone",General OTC skincare active. Suitable for conservative home routine under patch testing and appropriate safety screening.
MED-1113,Hyperpigmentation,Pigmentation-support treatment,Tranexamic acid (topical),Night Cream,"Support for evening skin tone, reducing post-inflammatory marks and dark spots via night cream",All skin types,Moderate,"Melasma-like irregular facial pigmentation, stubborn spots","Mild dryness, localized irritation, rare contact dermatitis",Hypersensitivity to tranexamic acid,Patch test advised,"Topical use has low systemic absorption, but consult physician before use in pregnancy",Age >= 18 years,Once to twice daily,Targeted tyrosinase and plasmin inhibitor; pair with daily broad-spectrum SPF,"Azelaic acid, Alpha arbutin, Vitamin C",OTC/Specialist-tier active. Recommended for clinical dermatologist review if condition fails to improve within 2-4 weeks.
MED-1114,Hyperpigmentation,Keratolytic/exfoliating treatment,Lactic acid,Lotion,"Support for evening skin tone, reducing post-inflammatory marks and dark spots via lotion",Dry,Mild,"Melasma-like irregular facial pigmentation, stubborn spots","Mild transient tingling, light flaking",Sunburned or severely damaged skin barrier,Low AHA irritation compared to glycolic acid due to larger molecular size,Safe in pregnancy at OTC topical concentrations,Age >= 12 years,2-3 nights per week,Gentler AHA with natural humectant properties; always apply sunscreen daily,"Mandelic acid, Azelaic acid, Gluconolactone",General OTC skincare active. Suitable for conservative home routine under patch testing and appropriate safety screening.
MED-1115,Hyperpigmentation,Keratolytic/exfoliating treatment,Glycolic acid,Serum,"Support for evening skin tone, reducing post-inflammatory marks and dark spots via serum",Combination,Moderate,"Melasma-like irregular facial pigmentation, stubborn spots","Stinging, burning, erythema, peeling, photosensitivity","Active rosacea flare, sunburn, broken skin barrier, recent chemical peels",Alpha hydroxy acid irritation risk on sensitive skin types,Low OTC concentrations (<7-10%) considered acceptable; avoid high-strength chemical peels,Age >= 14 years,1-2 nights per week initially,Mandatory daily SPF 30+; avoid combining with strong retinoids on the same evening,"Lactic acid, Mandelic acid, Azelaic acid",General OTC skincare active. Suitable for conservative home routine under patch testing and appropriate safety screening.
MED-1116,Hyperpigmentation,Pigmentation-support treatment,Azelaic acid,Cream,"Support for evening skin tone, reducing post-inflammatory marks and dark spots via cream",Combination,Mild,"Uneven skin tone, post-inflammatory dark marks (PIH)","Transient itching, mild burning or stinging in first 1-2 weeks",Hypersensitivity to azelaic acid or propylene glycol,Rare contact dermatitis; stop use if angioedema or hives occur,Generally recognized as safe in pregnancy (Category B equivalent); widely used for gestational acne/melasma,Age >= 12 years,"Once daily, increasing to twice daily morning and evening as tolerated",Apply after gentle cleansing on dry skin; tingling usually subsides after 15 minutes,"Niacinamide, Centella Asiatica, Mandelic acid",General OTC skincare active. Suitable for conservative home routine under patch testing and appropriate safety screening.
MED-1117,Hyperpigmentation,Keratolytic/exfoliating treatment,Glycolic acid,Toner,"Support for evening skin tone, reducing post-inflammatory marks and dark spots via toner",Oily,Mild,"Uneven skin tone, post-inflammatory dark marks (PIH)","Stinging, burning, erythema, peeling, photosensitivity","Active rosacea flare, sunburn, broken skin barrier, recent chemical peels",Alpha hydroxy acid irritation risk on sensitive skin types,Low OTC concentrations (<7-10%) considered acceptable; avoid high-strength chemical peels,Age >= 14 years,1-2 nights per week initially,Mandatory daily SPF 30+; avoid combining with strong retinoids on the same evening,"Lactic acid, Mandelic acid, Azelaic acid",General OTC skincare active. Suitable for conservative home routine under patch testing and appropriate safety screening.
MED-1118,Hyperpigmentation,Pigmentation-support treatment,Vitamin C (L-Ascorbic Acid / Derivatives),Serum,"Support for evening skin tone, reducing post-inflammatory marks and dark spots via serum",Normal,Mild,"Solar lentigines, sun spots, localized darker patches","Mild tingling, redness, oxidation-related orange tinting if degraded","Active inflammatory rosacea flare, severely irritated skin barrier",May cause irritation in sensitive skin at low pH (<3.5) or high conc (>15%),Safe for topical use in pregnancy,Age >= 14 years,Every morning prior to sunscreen,"Store away from heat and light; if product turns dark brown, discard; pair with SPF","Niacinamide, Azelaic acid, Alpha arbutin",General OTC skincare active. Suitable for conservative home routine under patch testing and appropriate safety screening.
MED-1119,Hyperpigmentation,Pigmentation-support treatment,Alpha arbutin,Serum,"Support for evening skin tone, reducing post-inflammatory marks and dark spots via serum",Normal,Moderate,"Uneven skin tone, post-inflammatory dark marks (PIH)","Mild irritation, rare paradoxical hyperpigmentation at high unformulated doses",Known hypersensitivity,Low allergy potential at formulated concentrations (1-2%),Releases hydroquinone derivative micro-amounts; generally advised to avoid or consult physician during pregnancy,Age >= 16 years,Once to twice daily,Do not combine with strongly acidic formulations simultaneously; consistent sunscreen use mandatory,"Niacinamide, Vitamin C, Azelaic acid",General OTC skincare active. Suitable for conservative home routine under patch testing and appropriate safety screening.
MED-1120,Hyperpigmentation,Pigmentation-support treatment,Alpha arbutin,Gel-cream,"Support for evening skin tone, reducing post-inflammatory marks and dark spots via gel-cream",Sensitive,Moderate,"Solar lentigines, sun spots, localized darker patches","Mild irritation, rare paradoxical hyperpigmentation at high unformulated doses",Known hypersensitivity,Low allergy potential at formulated concentrations (1-2%),Releases hydroquinone derivative micro-amounts; generally advised to avoid or consult physician during pregnancy,Age >= 16 years,Once to twice daily,Do not combine with strongly acidic formulations simultaneously; consistent sunscreen use mandatory,"Niacinamide, Vitamin C, Azelaic acid",General OTC skincare active. Suitable for conservative home routine under patch testing and appropriate safety screening.
MED-1121,Hyperpigmentation,Pigmentation-support treatment,Azelaic acid,Suspension,"Support for evening skin tone, reducing post-inflammatory marks and dark spots via suspension",Sensitive,Moderate,"Uneven skin tone, post-inflammatory dark marks (PIH)","Transient itching, mild burning or stinging in first 1-2 weeks",Hypersensitivity to azelaic acid or propylene glycol,Rare contact dermatitis; stop use if angioedema or hives occur,Generally recognized as safe in pregnancy (Category B equivalent); widely used for gestational acne/melasma,Age >= 12 years,"Once daily, increasing to twice daily morning and evening as tolerated",Apply after gentle cleansing on dry skin; tingling usually subsides after 15 minutes,"Niacinamide, Centella Asiatica, Mandelic acid",General OTC skincare active. Suitable for conservative home routine under patch testing and appropriate safety screening.
MED-1122,Hyperpigmentation,Pigmentation-support treatment,Kojic acid,Cream,"Support for evening skin tone, reducing post-inflammatory marks and dark spots via cream",Normal,Moderate,"Solar lentigines, sun spots, localized darker patches","Contact dermatitis, redness, itchiness, photosensitivity","Broken skin, severe atopic dermatitis",Moderate contact sensitization rate (~3%); stop if rash or swelling occurs,Use with caution; consult physician for safe gestational skincare alternatives,Age >= 16 years,Once daily or alternate evenings,Can cause skin sensitivity; limit concentration to 1% and pair with daily SPF,"Azelaic acid, Vitamin C, Niacinamide",General OTC skincare active. Suitable for conservative home routine under patch testing and appropriate safety screening.
MED-1123,Hyperpigmentation,Pigmentation-support treatment,Azelaic acid,Gel,"Support for evening skin tone, reducing post-inflammatory marks and dark spots via gel",Sensitive,Mild,"Melasma-like irregular facial pigmentation, stubborn spots","Transient itching, mild burning or stinging in first 1-2 weeks",Hypersensitivity to azelaic acid or propylene glycol,Rare contact dermatitis; stop use if angioedema or hives occur,Generally recognized as safe in pregnancy (Category B equivalent); widely used for gestational acne/melasma,Age >= 12 years,"Once daily, increasing to twice daily morning and evening as tolerated",Apply after gentle cleansing on dry skin; tingling usually subsides after 15 minutes,"Niacinamide, Centella Asiatica, Mandelic acid",General OTC skincare active. Suitable for conservative home routine under patch testing and appropriate safety screening.
MED-1124,Hyperpigmentation,Pigmentation-support treatment,Azelaic acid,Gel,"Support for evening skin tone, reducing post-inflammatory marks and dark spots via gel",All skin types,Mild,Dull complexion with patchy discoloration after acne breakouts,"Transient itching, mild burning or stinging in first 1-2 weeks",Hypersensitivity to azelaic acid or propylene glycol,Rare contact dermatitis; stop use if angioedema or hives occur,Generally recognized as safe in pregnancy (Category B equivalent); widely used for gestational acne/melasma,Age >= 12 years,"Once daily, increasing to twice daily morning and evening as tolerated",Apply after gentle cleansing on dry skin; tingling usually subsides after 15 minutes,"Niacinamide, Centella Asiatica, Mandelic acid",General OTC skincare active. Suitable for conservative home routine under patch testing and appropriate safety screening.
MED-1125,Hyperpigmentation,Keratolytic/exfoliating treatment,Glycolic acid,Toner,"Support for evening skin tone, reducing post-inflammatory marks and dark spots via toner",Normal,Moderate,Dull complexion with patchy discoloration after acne breakouts,"Stinging, burning, erythema, peeling, photosensitivity","Active rosacea flare, sunburn, broken skin barrier, recent chemical peels",Alpha hydroxy acid irritation risk on sensitive skin types,Low OTC concentrations (<7-10%) considered acceptable; avoid high-strength chemical peels,Age >= 14 years,1-2 nights per week initially,Mandatory daily SPF 30+; avoid combining with strong retinoids on the same evening,"Lactic acid, Mandelic acid, Azelaic acid",General OTC skincare active. Suitable for conservative home routine under patch testing and appropriate safety screening.
MED-1126,Hyperpigmentation,Pigmentation-support treatment,Hydroquinone,Cream,"Support for evening skin tone, reducing post-inflammatory marks and dark spots via cream",Combination,Severe,Dull complexion with patchy discoloration after acne breakouts,"Erythema, dryness, burning, risk of exogenous ochronosis with prolonged unsupervised use","Pregnancy, lactation, allergy to hydroquinone or sulfites",Patch test mandatory; sulfite preservatives may trigger severe allergic reactions,STRICTLY CONTRAINDICATED in pregnancy due to substantial systemic absorption (~35-45%),Prescription only; age >= 18 years,Strictly as prescribed by dermatologist (typically cycled in 3-month blocks),Must NOT be used continuously without dermatological rest cycles; strict sun protection required,"Azelaic acid, Tranexamic acid, Alpha arbutin",PRESCRIPTION ONLY. Supervised dermatological evaluation required prior to initiation. DermaAI must refer user to licensed physician.
MED-1127,Hyperpigmentation,Pigmentation-support treatment,Tranexamic acid (topical),Night Cream,"Support for evening skin tone, reducing post-inflammatory marks and dark spots via night cream",Normal,Moderate,"Melasma-like irregular facial pigmentation, stubborn spots","Mild dryness, localized irritation, rare contact dermatitis",Hypersensitivity to tranexamic acid,Patch test advised,"Topical use has low systemic absorption, but consult physician before use in pregnancy",Age >= 18 years,Once to twice daily,Targeted tyrosinase and plasmin inhibitor; pair with daily broad-spectrum SPF,"Azelaic acid, Alpha arbutin, Vitamin C",OTC/Specialist-tier active. Recommended for clinical dermatologist review if condition fails to improve within 2-4 weeks.
MED-1128,Hyperpigmentation,Sunscreen,Zinc oxide,Cream,"Support for evening skin tone, reducing post-inflammatory marks and dark spots via cream",Oily,Moderate,"Melasma-like irregular facial pigmentation, stubborn spots",Rare mild dryness or white cast depending on micronization,Known hypersensitivity to zinc mineral formulations,Inert mineral; hypoallergenic,Safe and highly recommended physical UV filter during pregnancy,Age >= 6 months (infant sunscreen standard),Apply every morning and reapply every 2 hours during continuous sun exposure,"Broad-spectrum UVA/UVB protection; soothing on rosacea, acne, and reactive skin",Titanium dioxide,General OTC skincare active. Suitable for conservative home routine under patch testing and appropriate safety screening.
MED-1129,Hyperpigmentation,Keratolytic/exfoliating treatment,Glycolic acid,Toner,"Support for evening skin tone, reducing post-inflammatory marks and dark spots via toner",Combination,Mild,Dull complexion with patchy discoloration after acne breakouts,"Stinging, burning, erythema, peeling, photosensitivity","Active rosacea flare, sunburn, broken skin barrier, recent chemical peels",Alpha hydroxy acid irritation risk on sensitive skin types,Low OTC concentrations (<7-10%) considered acceptable; avoid high-strength chemical peels,Age >= 14 years,1-2 nights per week initially,Mandatory daily SPF 30+; avoid combining with strong retinoids on the same evening,"Lactic acid, Mandelic acid, Azelaic acid",General OTC skincare active. Suitable for conservative home routine under patch testing and appropriate safety screening.
MED-1130,Hyperpigmentation,Pigmentation-support treatment,Alpha arbutin,Gel-cream,"Support for evening skin tone, reducing post-inflammatory marks and dark spots via gel-cream",Sensitive,Moderate,"Uneven skin tone, post-inflammatory dark marks (PIH)","Mild irritation, rare paradoxical hyperpigmentation at high unformulated doses",Known hypersensitivity,Low allergy potential at formulated concentrations (1-2%),Releases hydroquinone derivative micro-amounts; generally advised to avoid or consult physician during pregnancy,Age >= 16 years,Once to twice daily,Do not combine with strongly acidic formulations simultaneously; consistent sunscreen use mandatory,"Niacinamide, Vitamin C, Azelaic acid",General OTC skincare active. Suitable for conservative home routine under patch testing and appropriate safety screening.
MED-1131,Hyperpigmentation,Pigmentation-support treatment,Hydroquinone,Gel,"Support for evening skin tone, reducing post-inflammatory marks and dark spots via gel",Combination,Severe,"Solar lentigines, sun spots, localized darker patches","Erythema, dryness, burning, risk of exogenous ochronosis with prolonged unsupervised use","Pregnancy, lactation, allergy to hydroquinone or sulfites",Patch test mandatory; sulfite preservatives may trigger severe allergic reactions,STRICTLY CONTRAINDICATED in pregnancy due to substantial systemic absorption (~35-45%),Prescription only; age >= 18 years,Strictly as prescribed by dermatologist (typically cycled in 3-month blocks),Must NOT be used continuously without dermatological rest cycles; strict sun protection required,"Azelaic acid, Tranexamic acid, Alpha arbutin",PRESCRIPTION ONLY. Supervised dermatological evaluation required prior to initiation. DermaAI must refer user to licensed physician.
MED-1132,Hyperpigmentation,Keratolytic/exfoliating treatment,Glycolic acid,Serum,"Support for evening skin tone, reducing post-inflammatory marks and dark spots via serum",Combination,Moderate,"Melasma-like irregular facial pigmentation, stubborn spots","Stinging, burning, erythema, peeling, photosensitivity","Active rosacea flare, sunburn, broken skin barrier, recent chemical peels",Alpha hydroxy acid irritation risk on sensitive skin types,Low OTC concentrations (<7-10%) considered acceptable; avoid high-strength chemical peels,Age >= 14 years,1-2 nights per week initially,Mandatory daily SPF 30+; avoid combining with strong retinoids on the same evening,"Lactic acid, Mandelic acid, Azelaic acid",General OTC skincare active. Suitable for conservative home routine under patch testing and appropriate safety screening.
MED-1133,Hyperpigmentation,Sunscreen,Zinc oxide,Mineral sunscreen lotion,"Support for evening skin tone, reducing post-inflammatory marks and dark spots via mineral sunscreen lotion",Sensitive,Severe,"Uneven skin tone, post-inflammatory dark marks (PIH)",Rare mild dryness or white cast depending on micronization,Known hypersensitivity to zinc mineral formulations,Inert mineral; hypoallergenic,Safe and highly recommended physical UV filter during pregnancy,Age >= 6 months (infant sunscreen standard),Apply every morning and reapply every 2 hours during continuous sun exposure,"Broad-spectrum UVA/UVB protection; soothing on rosacea, acne, and reactive skin",Titanium dioxide,General OTC skincare active. Suitable for conservative home routine under patch testing and appropriate safety screening.
MED-1134,Hyperpigmentation,Pigmentation-support treatment,Alpha arbutin,Gel-cream,"Support for evening skin tone, reducing post-inflammatory marks and dark spots via gel-cream",Normal,Moderate,"Solar lentigines, sun spots, localized darker patches","Mild irritation, rare paradoxical hyperpigmentation at high unformulated doses",Known hypersensitivity,Low allergy potential at formulated concentrations (1-2%),Releases hydroquinone derivative micro-amounts; generally advised to avoid or consult physician during pregnancy,Age >= 16 years,Once to twice daily,Do not combine with strongly acidic formulations simultaneously; consistent sunscreen use mandatory,"Niacinamide, Vitamin C, Azelaic acid",General OTC skincare active. Suitable for conservative home routine under patch testing and appropriate safety screening.
MED-1135,Hyperpigmentation,Pigmentation-support treatment,Hydroquinone,Gel,"Support for evening skin tone, reducing post-inflammatory marks and dark spots via gel",Normal,Severe,"Uneven skin tone, post-inflammatory dark marks (PIH)","Erythema, dryness, burning, risk of exogenous ochronosis with prolonged unsupervised use","Pregnancy, lactation, allergy to hydroquinone or sulfites",Patch test mandatory; sulfite preservatives may trigger severe allergic reactions,STRICTLY CONTRAINDICATED in pregnancy due to substantial systemic absorption (~35-45%),Prescription only; age >= 18 years,Strictly as prescribed by dermatologist (typically cycled in 3-month blocks),Must NOT be used continuously without dermatological rest cycles; strict sun protection required,"Azelaic acid, Tranexamic acid, Alpha arbutin",PRESCRIPTION ONLY. Supervised dermatological evaluation required prior to initiation. DermaAI must refer user to licensed physician.
MED-1136,Hyperpigmentation,Pigmentation-support treatment,Kojic acid,Serum,"Support for evening skin tone, reducing post-inflammatory marks and dark spots via serum",Normal,Moderate,"Solar lentigines, sun spots, localized darker patches","Contact dermatitis, redness, itchiness, photosensitivity","Broken skin, severe atopic dermatitis",Moderate contact sensitization rate (~3%); stop if rash or swelling occurs,Use with caution; consult physician for safe gestational skincare alternatives,Age >= 16 years,Once daily or alternate evenings,Can cause skin sensitivity; limit concentration to 1% and pair with daily SPF,"Azelaic acid, Vitamin C, Niacinamide",General OTC skincare active. Suitable for conservative home routine under patch testing and appropriate safety screening.
MED-1137,Hyperpigmentation,Pigmentation-support treatment,Kojic acid,Cream,"Support for evening skin tone, reducing post-inflammatory marks and dark spots via cream",Normal,Moderate,"Melasma-like irregular facial pigmentation, stubborn spots","Contact dermatitis, redness, itchiness, photosensitivity","Broken skin, severe atopic dermatitis",Moderate contact sensitization rate (~3%); stop if rash or swelling occurs,Use with caution; consult physician for safe gestational skincare alternatives,Age >= 16 years,Once daily or alternate evenings,Can cause skin sensitivity; limit concentration to 1% and pair with daily SPF,"Azelaic acid, Vitamin C, Niacinamide",General OTC skincare active. Suitable for conservative home routine under patch testing and appropriate safety screening.
MED-1138,Hyperpigmentation,Keratolytic/exfoliating treatment,Lactic acid,Lotion,"Support for evening skin tone, reducing post-inflammatory marks and dark spots via lotion",Normal,Mild,Dull complexion with patchy discoloration after acne breakouts,"Mild transient tingling, light flaking",Sunburned or severely damaged skin barrier,Low AHA irritation compared to glycolic acid due to larger molecular size,Safe in pregnancy at OTC topical concentrations,Age >= 12 years,2-3 nights per week,Gentler AHA with natural humectant properties; always apply sunscreen daily,"Mandelic acid, Azelaic acid, Gluconolactone",General OTC skincare active. Suitable for conservative home routine under patch testing and appropriate safety screening.
MED-1139,Hyperpigmentation,Pigmentation-support treatment,Kojic acid,Cream,"Support for evening skin tone, reducing post-inflammatory marks and dark spots via cream",Combination,Moderate,"Uneven skin tone, post-inflammatory dark marks (PIH)","Contact dermatitis, redness, itchiness, photosensitivity","Broken skin, severe atopic dermatitis",Moderate contact sensitization rate (~3%); stop if rash or swelling occurs,Use with caution; consult physician for safe gestational skincare alternatives,Age >= 16 years,Once daily or alternate evenings,Can cause skin sensitivity; limit concentration to 1% and pair with daily SPF,"Azelaic acid, Vitamin C, Niacinamide",General OTC skincare active. Suitable for conservative home routine under patch testing and appropriate safety screening.
MED-1140,Hyperpigmentation,Pigmentation-support treatment,Alpha arbutin,Gel-cream,"Support for evening skin tone, reducing post-inflammatory marks and dark spots via gel-cream",Normal,Mild,"Solar lentigines, sun spots, localized darker patches","Mild irritation, rare paradoxical hyperpigmentation at high unformulated doses",Known hypersensitivity,Low allergy potential at formulated concentrations (1-2%),Releases hydroquinone derivative micro-amounts; generally advised to avoid or consult physician during pregnancy,Age >= 16 years,Once to twice daily,Do not combine with strongly acidic formulations simultaneously; consistent sunscreen use mandatory,"Niacinamide, Vitamin C, Azelaic acid",General OTC skincare active. Suitable for conservative home routine under patch testing and appropriate safety screening.
MED-1141,Hyperpigmentation,Pigmentation-support treatment,Alpha arbutin,Serum,"Support for evening skin tone, reducing post-inflammatory marks and dark spots via serum",Sensitive,Moderate,"Melasma-like irregular facial pigmentation, stubborn spots","Mild irritation, rare paradoxical hyperpigmentation at high unformulated doses",Known hypersensitivity,Low allergy potential at formulated concentrations (1-2%),Releases hydroquinone derivative micro-amounts; generally advised to avoid or consult physician during pregnancy,Age >= 16 years,Once to twice daily,Do not combine with strongly acidic formulations simultaneously; consistent sunscreen use mandatory,"Niacinamide, Vitamin C, Azelaic acid",General OTC skincare active. Suitable for conservative home routine under patch testing and appropriate safety screening.
MED-1142,Hyperpigmentation,Pigmentation-support treatment,Azelaic acid,Suspension,"Support for evening skin tone, reducing post-inflammatory marks and dark spots via suspension",Sensitive,Moderate,"Melasma-like irregular facial pigmentation, stubborn spots","Transient itching, mild burning or stinging in first 1-2 weeks",Hypersensitivity to azelaic acid or propylene glycol,Rare contact dermatitis; stop use if angioedema or hives occur,Generally recognized as safe in pregnancy (Category B equivalent); widely used for gestational acne/melasma,Age >= 12 years,"Once daily, increasing to twice daily morning and evening as tolerated",Apply after gentle cleansing on dry skin; tingling usually subsides after 15 minutes,"Niacinamide, Centella Asiatica, Mandelic acid",General OTC skincare active. Suitable for conservative home routine under patch testing and appropriate safety screening.
MED-1143,Hyperpigmentation,Pigmentation-support treatment,Tranexamic acid (topical),Night Cream,"Support for evening skin tone, reducing post-inflammatory marks and dark spots via night cream",Normal,Moderate,"Solar lentigines, sun spots, localized darker patches","Mild dryness, localized irritation, rare contact dermatitis",Hypersensitivity to tranexamic acid,Patch test advised,"Topical use has low systemic absorption, but consult physician before use in pregnancy",Age >= 18 years,Once to twice daily,Targeted tyrosinase and plasmin inhibitor; pair with daily broad-spectrum SPF,"Azelaic acid, Alpha arbutin, Vitamin C",OTC/Specialist-tier active. Recommended for clinical dermatologist review if condition fails to improve within 2-4 weeks.
MED-1144,Hyperpigmentation,Pigmentation-support treatment,Kojic acid,Serum,"Support for evening skin tone, reducing post-inflammatory marks and dark spots via serum",Normal,Moderate,"Melasma-like irregular facial pigmentation, stubborn spots","Contact dermatitis, redness, itchiness, photosensitivity","Broken skin, severe atopic dermatitis",Moderate contact sensitization rate (~3%); stop if rash or swelling occurs,Use with caution; consult physician for safe gestational skincare alternatives,Age >= 16 years,Once daily or alternate evenings,Can cause skin sensitivity; limit concentration to 1% and pair with daily SPF,"Azelaic acid, Vitamin C, Niacinamide",General OTC skincare active. Suitable for conservative home routine under patch testing and appropriate safety screening.
MED-1145,Hyperpigmentation,Pigmentation-support treatment,Tranexamic acid (topical),Night Cream,"Support for evening skin tone, reducing post-inflammatory marks and dark spots via night cream",All skin types,Moderate,"Melasma-like irregular facial pigmentation, stubborn spots","Mild dryness, localized irritation, rare contact dermatitis",Hypersensitivity to tranexamic acid,Patch test advised,"Topical use has low systemic absorption, but consult physician before use in pregnancy",Age >= 18 years,Once to twice daily,Targeted tyrosinase and plasmin inhibitor; pair with daily broad-spectrum SPF,"Azelaic acid, Alpha arbutin, Vitamin C",OTC/Specialist-tier active. Recommended for clinical dermatologist review if condition fails to improve within 2-4 weeks.
MED-1146,Hyperpigmentation,Pigmentation-support treatment,Hydroquinone,Gel,"Support for evening skin tone, reducing post-inflammatory marks and dark spots via gel",Combination,Severe,"Solar lentigines, sun spots, localized darker patches","Erythema, dryness, burning, risk of exogenous ochronosis with prolonged unsupervised use","Pregnancy, lactation, allergy to hydroquinone or sulfites",Patch test mandatory; sulfite preservatives may trigger severe allergic reactions,STRICTLY CONTRAINDICATED in pregnancy due to substantial systemic absorption (~35-45%),Prescription only; age >= 18 years,Strictly as prescribed by dermatologist (typically cycled in 3-month blocks),Must NOT be used continuously without dermatological rest cycles; strict sun protection required,"Azelaic acid, Tranexamic acid, Alpha arbutin",PRESCRIPTION ONLY. Supervised dermatological evaluation required prior to initiation. DermaAI must refer user to licensed physician.
MED-1147,Hyperpigmentation,Pigmentation-support treatment,Vitamin C (L-Ascorbic Acid / Derivatives),Suspension,"Support for evening skin tone, reducing post-inflammatory marks and dark spots via suspension",Normal,Moderate,"Uneven skin tone, post-inflammatory dark marks (PIH)","Mild tingling, redness, oxidation-related orange tinting if degraded","Active inflammatory rosacea flare, severely irritated skin barrier",May cause irritation in sensitive skin at low pH (<3.5) or high conc (>15%),Safe for topical use in pregnancy,Age >= 14 years,Every morning prior to sunscreen,"Store away from heat and light; if product turns dark brown, discard; pair with SPF","Niacinamide, Azelaic acid, Alpha arbutin",General OTC skincare active. Suitable for conservative home routine under patch testing and appropriate safety screening.
MED-1148,Hyperpigmentation,Keratolytic/exfoliating treatment,Lactic acid,Lotion,"Support for evening skin tone, reducing post-inflammatory marks and dark spots via lotion",Normal,Mild,"Uneven skin tone, post-inflammatory dark marks (PIH)","Mild transient tingling, light flaking",Sunburned or severely damaged skin barrier,Low AHA irritation compared to glycolic acid due to larger molecular size,Safe in pregnancy at OTC topical concentrations,Age >= 12 years,2-3 nights per week,Gentler AHA with natural humectant properties; always apply sunscreen daily,"Mandelic acid, Azelaic acid, Gluconolactone",General OTC skincare active. Suitable for conservative home routine under patch testing and appropriate safety screening.
MED-1149,Hyperpigmentation,Pigmentation-support treatment,Tranexamic acid (topical),Serum,"Support for evening skin tone, reducing post-inflammatory marks and dark spots via serum",All skin types,Severe,"Solar lentigines, sun spots, localized darker patches","Mild dryness, localized irritation, rare contact dermatitis",Hypersensitivity to tranexamic acid,Patch test advised,"Topical use has low systemic absorption, but consult physician before use in pregnancy",Age >= 18 years,Once to twice daily,Targeted tyrosinase and plasmin inhibitor; pair with daily broad-spectrum SPF,"Azelaic acid, Alpha arbutin, Vitamin C",OTC/Specialist-tier active. Recommended for clinical dermatologist review if condition fails to improve within 2-4 weeks.
MED-1150,Hyperpigmentation,Pigmentation-support treatment,Azelaic acid,Gel,"Support for evening skin tone, reducing post-inflammatory marks and dark spots via gel",Combination,Moderate,"Solar lentigines, sun spots, localized darker patches","Transient itching, mild burning or stinging in first 1-2 weeks",Hypersensitivity to azelaic acid or propylene glycol,Rare contact dermatitis; stop use if angioedema or hives occur,Generally recognized as safe in pregnancy (Category B equivalent); widely used for gestational acne/melasma,Age >= 12 years,"Once daily, increasing to twice daily morning and evening as tolerated",Apply after gentle cleansing on dry skin; tingling usually subsides after 15 minutes,"Niacinamide, Centella Asiatica, Mandelic acid",General OTC skincare active. Suitable for conservative home routine under patch testing and appropriate safety screening.
MED-1151,Hyperpigmentation,Sunscreen,Zinc oxide,Cream,"Support for evening skin tone, reducing post-inflammatory marks and dark spots via cream",Oily,Moderate,"Melasma-like irregular facial pigmentation, stubborn spots",Rare mild dryness or white cast depending on micronization,Known hypersensitivity to zinc mineral formulations,Inert mineral; hypoallergenic,Safe and highly recommended physical UV filter during pregnancy,Age >= 6 months (infant sunscreen standard),Apply every morning and reapply every 2 hours during continuous sun exposure,"Broad-spectrum UVA/UVB protection; soothing on rosacea, acne, and reactive skin",Titanium dioxide,General OTC skincare active. Suitable for conservative home routine under patch testing and appropriate safety screening.
MED-1152,Hyperpigmentation,Keratolytic/exfoliating treatment,Lactic acid,Lotion,"Support for evening skin tone, reducing post-inflammatory marks and dark spots via lotion",Normal,Mild,"Uneven skin tone, post-inflammatory dark marks (PIH)","Mild transient tingling, light flaking",Sunburned or severely damaged skin barrier,Low AHA irritation compared to glycolic acid due to larger molecular size,Safe in pregnancy at OTC topical concentrations,Age >= 12 years,2-3 nights per week,Gentler AHA with natural humectant properties; always apply sunscreen daily,"Mandelic acid, Azelaic acid, Gluconolactone",General OTC skincare active. Suitable for conservative home routine under patch testing and appropriate safety screening.
MED-1153,Hyperpigmentation,Pigmentation-support treatment,Alpha arbutin,Serum,"Support for evening skin tone, reducing post-inflammatory marks and dark spots via serum",Normal,Moderate,"Uneven skin tone, post-inflammatory dark marks (PIH)","Mild irritation, rare paradoxical hyperpigmentation at high unformulated doses",Known hypersensitivity,Low allergy potential at formulated concentrations (1-2%),Releases hydroquinone derivative micro-amounts; generally advised to avoid or consult physician during pregnancy,Age >= 16 years,Once to twice daily,Do not combine with strongly acidic formulations simultaneously; consistent sunscreen use mandatory,"Niacinamide, Vitamin C, Azelaic acid",General OTC skincare active. Suitable for conservative home routine under patch testing and appropriate safety screening.
MED-1154,Hyperpigmentation,Pigmentation-support treatment,Tranexamic acid (topical),Serum,"Support for evening skin tone, reducing post-inflammatory marks and dark spots via serum",Normal,Moderate,"Uneven skin tone, post-inflammatory dark marks (PIH)","Mild dryness, localized irritation, rare contact dermatitis",Hypersensitivity to tranexamic acid,Patch test advised,"Topical use has low systemic absorption, but consult physician before use in pregnancy",Age >= 18 years,Once to twice daily,Targeted tyrosinase and plasmin inhibitor; pair with daily broad-spectrum SPF,"Azelaic acid, Alpha arbutin, Vitamin C",OTC/Specialist-tier active. Recommended for clinical dermatologist review if condition fails to improve within 2-4 weeks.
MED-1155,Hyperpigmentation,Pigmentation-support treatment,Tranexamic acid (topical),Serum,"Support for evening skin tone, reducing post-inflammatory marks and dark spots via serum",Combination,Severe,Dull complexion with patchy discoloration after acne breakouts,"Mild dryness, localized irritation, rare contact dermatitis",Hypersensitivity to tranexamic acid,Patch test advised,"Topical use has low systemic absorption, but consult physician before use in pregnancy",Age >= 18 years,Once to twice daily,Targeted tyrosinase and plasmin inhibitor; pair with daily broad-spectrum SPF,"Azelaic acid, Alpha arbutin, Vitamin C",OTC/Specialist-tier active. Recommended for clinical dermatologist review if condition fails to improve within 2-4 weeks.
MED-1156,Hyperpigmentation,Pigmentation-support treatment,Kojic acid,Serum,"Support for evening skin tone, reducing post-inflammatory marks and dark spots via serum",Oily,Moderate,"Melasma-like irregular facial pigmentation, stubborn spots","Contact dermatitis, redness, itchiness, photosensitivity","Broken skin, severe atopic dermatitis",Moderate contact sensitization rate (~3%); stop if rash or swelling occurs,Use with caution; consult physician for safe gestational skincare alternatives,Age >= 16 years,Once daily or alternate evenings,Can cause skin sensitivity; limit concentration to 1% and pair with daily SPF,"Azelaic acid, Vitamin C, Niacinamide",General OTC skincare active. Suitable for conservative home routine under patch testing and appropriate safety screening.
MED-1157,Hyperpigmentation,Pigmentation-support treatment,Hydroquinone,Cream,"Support for evening skin tone, reducing post-inflammatory marks and dark spots via cream",Combination,Severe,"Solar lentigines, sun spots, localized darker patches","Erythema, dryness, burning, risk of exogenous ochronosis with prolonged unsupervised use","Pregnancy, lactation, allergy to hydroquinone or sulfites",Patch test mandatory; sulfite preservatives may trigger severe allergic reactions,STRICTLY CONTRAINDICATED in pregnancy due to substantial systemic absorption (~35-45%),Prescription only; age >= 18 years,Strictly as prescribed by dermatologist (typically cycled in 3-month blocks),Must NOT be used continuously without dermatological rest cycles; strict sun protection required,"Azelaic acid, Tranexamic acid, Alpha arbutin",PRESCRIPTION ONLY. Supervised dermatological evaluation required prior to initiation. DermaAI must refer user to licensed physician.
MED-1158,Hyperpigmentation,Keratolytic/exfoliating treatment,Lactic acid,Serum,"Support for evening skin tone, reducing post-inflammatory marks and dark spots via serum",Normal,Mild,"Solar lentigines, sun spots, localized darker patches","Mild transient tingling, light flaking",Sunburned or severely damaged skin barrier,Low AHA irritation compared to glycolic acid due to larger molecular size,Safe in pregnancy at OTC topical concentrations,Age >= 12 years,2-3 nights per week,Gentler AHA with natural humectant properties; always apply sunscreen daily,"Mandelic acid, Azelaic acid, Gluconolactone",General OTC skincare active. Suitable for conservative home routine under patch testing and appropriate safety screening.
MED-1159,Hyperpigmentation,Pigmentation-support treatment,Kojic acid,Serum,"Support for evening skin tone, reducing post-inflammatory marks and dark spots via serum",Combination,Moderate,"Solar lentigines, sun spots, localized darker patches","Contact dermatitis, redness, itchiness, photosensitivity","Broken skin, severe atopic dermatitis",Moderate contact sensitization rate (~3%); stop if rash or swelling occurs,Use with caution; consult physician for safe gestational skincare alternatives,Age >= 16 years,Once daily or alternate evenings,Can cause skin sensitivity; limit concentration to 1% and pair with daily SPF,"Azelaic acid, Vitamin C, Niacinamide",General OTC skincare active. Suitable for conservative home routine under patch testing and appropriate safety screening.
MED-1160,Hyperpigmentation,Pigmentation-support treatment,Kojic acid,Cream,"Support for evening skin tone, reducing post-inflammatory marks and dark spots via cream",Combination,Moderate,Dull complexion with patchy discoloration after acne breakouts,"Contact dermatitis, redness, itchiness, photosensitivity","Broken skin, severe atopic dermatitis",Moderate contact sensitization rate (~3%); stop if rash or swelling occurs,Use with caution; consult physician for safe gestational skincare alternatives,Age >= 16 years,Once daily or alternate evenings,Can cause skin sensitivity; limit concentration to 1% and pair with daily SPF,"Azelaic acid, Vitamin C, Niacinamide",General OTC skincare active. Suitable for conservative home routine under patch testing and appropriate safety screening.
MED-1161,Hyperpigmentation,Pigmentation-support treatment,Kojic acid,Cream,"Support for evening skin tone, reducing post-inflammatory marks and dark spots via cream",Normal,Moderate,Dull complexion with patchy discoloration after acne breakouts,"Contact dermatitis, redness, itchiness, photosensitivity","Broken skin, severe atopic dermatitis",Moderate contact sensitization rate (~3%); stop if rash or swelling occurs,Use with caution; consult physician for safe gestational skincare alternatives,Age >= 16 years,Once daily or alternate evenings,Can cause skin sensitivity; limit concentration to 1% and pair with daily SPF,"Azelaic acid, Vitamin C, Niacinamide",General OTC skincare active. Suitable for conservative home routine under patch testing and appropriate safety screening.
MED-1162,Hyperpigmentation,Pigmentation-support treatment,Hydroquinone,Cream,"Support for evening skin tone, reducing post-inflammatory marks and dark spots via cream",Combination,Severe,"Melasma-like irregular facial pigmentation, stubborn spots","Erythema, dryness, burning, risk of exogenous ochronosis with prolonged unsupervised use","Pregnancy, lactation, allergy to hydroquinone or sulfites",Patch test mandatory; sulfite preservatives may trigger severe allergic reactions,STRICTLY CONTRAINDICATED in pregnancy due to substantial systemic absorption (~35-45%),Prescription only; age >= 18 years,Strictly as prescribed by dermatologist (typically cycled in 3-month blocks),Must NOT be used continuously without dermatological rest cycles; strict sun protection required,"Azelaic acid, Tranexamic acid, Alpha arbutin",PRESCRIPTION ONLY. Supervised dermatological evaluation required prior to initiation. DermaAI must refer user to licensed physician.
MED-1163,Hyperpigmentation,Pigmentation-support treatment,Kojic acid,Serum,"Support for evening skin tone, reducing post-inflammatory marks and dark spots via serum",Combination,Moderate,"Uneven skin tone, post-inflammatory dark marks (PIH)","Contact dermatitis, redness, itchiness, photosensitivity","Broken skin, severe atopic dermatitis",Moderate contact sensitization rate (~3%); stop if rash or swelling occurs,Use with caution; consult physician for safe gestational skincare alternatives,Age >= 16 years,Once daily or alternate evenings,Can cause skin sensitivity; limit concentration to 1% and pair with daily SPF,"Azelaic acid, Vitamin C, Niacinamide",General OTC skincare active. Suitable for conservative home routine under patch testing and appropriate safety screening.
MED-1164,Hyperpigmentation,Pigmentation-support treatment,Kojic acid,Serum,"Support for evening skin tone, reducing post-inflammatory marks and dark spots via serum",Oily,Moderate,Dull complexion with patchy discoloration after acne breakouts,"Contact dermatitis, redness, itchiness, photosensitivity","Broken skin, severe atopic dermatitis",Moderate contact sensitization rate (~3%); stop if rash or swelling occurs,Use with caution; consult physician for safe gestational skincare alternatives,Age >= 16 years,Once daily or alternate evenings,Can cause skin sensitivity; limit concentration to 1% and pair with daily SPF,"Azelaic acid, Vitamin C, Niacinamide",General OTC skincare active. Suitable for conservative home routine under patch testing and appropriate safety screening.
MED-1165,Hyperpigmentation,Pigmentation-support treatment,Kojic acid,Serum,"Support for evening skin tone, reducing post-inflammatory marks and dark spots via serum",Normal,Moderate,Dull complexion with patchy discoloration after acne breakouts,"Contact dermatitis, redness, itchiness, photosensitivity","Broken skin, severe atopic dermatitis",Moderate contact sensitization rate (~3%); stop if rash or swelling occurs,Use with caution; consult physician for safe gestational skincare alternatives,Age >= 16 years,Once daily or alternate evenings,Can cause skin sensitivity; limit concentration to 1% and pair with daily SPF,"Azelaic acid, Vitamin C, Niacinamide",General OTC skincare active. Suitable for conservative home routine under patch testing and appropriate safety screening.
MED-1166,Redness,Anti-inflammatory treatment,Centella Asiatica (Cica / Madecassoside),Balm,"Calming visible facial erythema, reactive flushing, and soothing skin discomfort via balm",Reactive,Moderate,"Rosacea-like flushing, central facial irritation, heat sensation",Extremely rare contact irritation,Hypersensitivity to Apiaceae plant family,Low allergy potential; soothing botanical extract,Safe for topical skincare use in pregnancy,All ages,Twice daily morning and evening,"Calms neuro-inflammation, reduces erythema, accelerates barrier restoration","Panthenol, Allantoin, Colloidal oatmeal",General OTC skincare active. Suitable for conservative home routine under patch testing and appropriate safety screening.
MED-1167,Redness,Anti-inflammatory treatment,Metronidazole (topical),Gel,"Calming visible facial erythema, reactive flushing, and soothing skin discomfort via gel",Normal,Moderate,"Over-exfoliated skin barrier redness, tight heated feeling","Mild burning, stinging, erythema, dryness",Hypersensitivity to nitroimidazoles,Known imidazole cross-reactivity,Prescription required; Category B; use under physician direction,Prescription only; age >= 18 years,Strictly as prescribed by dermatologist (usually once or twice daily),Avoid contact with eyes; avoid alcohol consumption if using high surface areas; supervision mandatory,"Azelaic acid, Ivermectin (topical)",PRESCRIPTION ONLY. Supervised dermatological evaluation required prior to initiation. DermaAI must refer user to licensed physician.
MED-1168,Redness,Anti-inflammatory treatment,Allantoin,Calming toner,"Calming visible facial erythema, reactive flushing, and soothing skin discomfort via calming toner",Sensitive,Mild,"Over-exfoliated skin barrier redness, tight heated feeling",None reported,,Hypoallergenic soothing agent,Safe in pregnancy,All ages,Twice daily,Soothes irritated skin and promotes cellular comfort,"Panthenol, Centella Asiatica",General OTC skincare active. Suitable for conservative home routine under patch testing and appropriate safety screening.
MED-1169,Redness,Anti-inflammatory treatment,Centella Asiatica (Cica / Madecassoside),Balm,"Calming visible facial erythema, reactive flushing, and soothing skin discomfort via balm",Reactive,Moderate,"Facial flushing, visible micro-capillaries, transient burning",Extremely rare contact irritation,Hypersensitivity to Apiaceae plant family,Low allergy potential; soothing botanical extract,Safe for topical skincare use in pregnancy,All ages,Twice daily morning and evening,"Calms neuro-inflammation, reduces erythema, accelerates barrier restoration","Panthenol, Allantoin, Colloidal oatmeal",General OTC skincare active. Suitable for conservative home routine under patch testing and appropriate safety screening.
MED-1170,Redness,Sunscreen,Zinc oxide,Mineral sunscreen lotion,"Calming visible facial erythema, reactive flushing, and soothing skin discomfort via mineral sunscreen lotion",All skin types,Severe,"Over-exfoliated skin barrier redness, tight heated feeling",Rare mild dryness or white cast depending on micronization,Known hypersensitivity to zinc mineral formulations,Inert mineral; hypoallergenic,Safe and highly recommended physical UV filter during pregnancy,Age >= 6 months (infant sunscreen standard),Apply every morning and reapply every 2 hours during continuous sun exposure,"Broad-spectrum UVA/UVB protection; soothing on rosacea, acne, and reactive skin",Titanium dioxide,General OTC skincare active. Suitable for conservative home routine under patch testing and appropriate safety screening.
MED-1171,Redness,Sunscreen,Zinc oxide,Mineral sunscreen lotion,"Calming visible facial erythema, reactive flushing, and soothing skin discomfort via mineral sunscreen lotion",All skin types,Mild,"Rosacea-like flushing, central facial irritation, heat sensation",Rare mild dryness or white cast depending on micronization,Known hypersensitivity to zinc mineral formulations,Inert mineral; hypoallergenic,Safe and highly recommended physical UV filter during pregnancy,Age >= 6 months (infant sunscreen standard),Apply every morning and reapply every 2 hours during continuous sun exposure,"Broad-spectrum UVA/UVB protection; soothing on rosacea, acne, and reactive skin",Titanium dioxide,General OTC skincare active. Suitable for conservative home routine under patch testing and appropriate safety screening.
MED-1172,Redness,Anti-inflammatory treatment,Allantoin,Calming toner,"Calming visible facial erythema, reactive flushing, and soothing skin discomfort via calming toner",Sensitive,Mild,"Rosacea-like flushing, central facial irritation, heat sensation",None reported,,Hypoallergenic soothing agent,Safe in pregnancy,All ages,Twice daily,Soothes irritated skin and promotes cellular comfort,"Panthenol, Centella Asiatica",General OTC skincare active. Suitable for conservative home routine under patch testing and appropriate safety screening.
MED-1173,Redness,Barrier-support treatment,Panthenol,Lotion,"Calming visible facial erythema, reactive flushing, and soothing skin discomfort via lotion",Dry,Moderate,"Over-exfoliated skin barrier redness, tight heated feeling",Negligible,Known hypersensitivity,Hypoallergenic,Safe in pregnancy,All ages,Twice daily,Soothes redness and enhances tissue regeneration,"Centella Asiatica, Colloidal oatmeal",General OTC skincare active. Suitable for conservative home routine under patch testing and appropriate safety screening.
MED-1174,Redness,Anti-inflammatory treatment,Centella Asiatica (Cica / Madecassoside),Serum,"Calming visible facial erythema, reactive flushing, and soothing skin discomfort via serum",All skin types,Mild,"Persistent erythema, reactive stinging upon skincare application",Extremely rare contact irritation,Hypersensitivity to Apiaceae plant family,Low allergy potential; soothing botanical extract,Safe for topical skincare use in pregnancy,All ages,Twice daily morning and evening,"Calms neuro-inflammation, reduces erythema, accelerates barrier restoration","Panthenol, Allantoin, Colloidal oatmeal",General OTC skincare active. Suitable for conservative home routine under patch testing and appropriate safety screening.
MED-1175,Redness,Anti-inflammatory treatment,Ivermectin (topical),Cream,"Calming visible facial erythema, reactive flushing, and soothing skin discomfort via cream",Sensitive,Severe,"Persistent erythema, reactive stinging upon skincare application","Burning sensation, localized skin irritation, xerosis, transient worsening",Hypersensitivity to ivermectin,Prescription compound; report immediate facial edema or hives,Prescription only; Category C; consult dermatologist and obstetrician,Prescription only; age >= 18 years,Strictly once daily as directed by dermatologist,Prescription anti-parasitic/anti-inflammatory for papulopustular rosacea; requires medical evaluation,"Azelaic acid (topical), Metronidazole (topical)",PRESCRIPTION ONLY. Supervised dermatological evaluation required prior to initiation. DermaAI must refer user to licensed physician.
MED-1176,Redness,Anti-inflammatory treatment,Centella Asiatica (Cica / Madecassoside),Balm,"Calming visible facial erythema, reactive flushing, and soothing skin discomfort via balm",All skin types,Mild,"Persistent erythema, reactive stinging upon skincare application",Extremely rare contact irritation,Hypersensitivity to Apiaceae plant family,Low allergy potential; soothing botanical extract,Safe for topical skincare use in pregnancy,All ages,Twice daily morning and evening,"Calms neuro-inflammation, reduces erythema, accelerates barrier restoration","Panthenol, Allantoin, Colloidal oatmeal",General OTC skincare active. Suitable for conservative home routine under patch testing and appropriate safety screening.
MED-1177,Redness,Anti-inflammatory treatment,Allantoin,Calming toner,"Calming visible facial erythema, reactive flushing, and soothing skin discomfort via calming toner",All skin types,Mild,"Over-exfoliated skin barrier redness, tight heated feeling",None reported,,Hypoallergenic soothing agent,Safe in pregnancy,All ages,Twice daily,Soothes irritated skin and promotes cellular comfort,"Panthenol, Centella Asiatica",General OTC skincare active. Suitable for conservative home routine under patch testing and appropriate safety screening.
MED-1178,Redness,Anti-inflammatory treatment,Allantoin,Gel-cream,"Calming visible facial erythema, reactive flushing, and soothing skin discomfort via gel-cream",Sensitive,Mild,"Over-exfoliated skin barrier redness, tight heated feeling",None reported,,Hypoallergenic soothing agent,Safe in pregnancy,All ages,Twice daily,Soothes irritated skin and promotes cellular comfort,"Panthenol, Centella Asiatica",General OTC skincare active. Suitable for conservative home routine under patch testing and appropriate safety screening.
MED-1179,Redness,Barrier-support treatment,Niacinamide (low dose 2-4%),Serum,"Calming visible facial erythema, reactive flushing, and soothing skin discomfort via serum",Normal,Mild,"Over-exfoliated skin barrier redness, tight heated feeling",Virtually none; very well tolerated,Known specific hypersensitivity,Extremely low risk; hypoallergenic base recommended,Safe for use during pregnancy and lactation,All ages,Twice daily morning and evening,Ideal for sensitive and rosacea-prone skin types; strengthen skin barrier,"Panthenol, Colloidal oatmeal",General OTC skincare active. Suitable for conservative home routine under patch testing and appropriate safety screening.
MED-1180,Redness,Anti-inflammatory treatment,Metronidazole (topical),Cream,"Calming visible facial erythema, reactive flushing, and soothing skin discomfort via cream",Normal,Moderate,"Rosacea-like flushing, central facial irritation, heat sensation","Mild burning, stinging, erythema, dryness",Hypersensitivity to nitroimidazoles,Known imidazole cross-reactivity,Prescription required; Category B; use under physician direction,Prescription only; age >= 18 years,Strictly as prescribed by dermatologist (usually once or twice daily),Avoid contact with eyes; avoid alcohol consumption if using high surface areas; supervision mandatory,"Azelaic acid, Ivermectin (topical)",PRESCRIPTION ONLY. Supervised dermatological evaluation required prior to initiation. DermaAI must refer user to licensed physician.
MED-1181,Redness,Anti-inflammatory treatment,Allantoin,Gel-cream,"Calming visible facial erythema, reactive flushing, and soothing skin discomfort via gel-cream",All skin types,Mild,"Rosacea-like flushing, central facial irritation, heat sensation",None reported,,Hypoallergenic soothing agent,Safe in pregnancy,All ages,Twice daily,Soothes irritated skin and promotes cellular comfort,"Panthenol, Centella Asiatica",General OTC skincare active. Suitable for conservative home routine under patch testing and appropriate safety screening.
MED-1182,Redness,Anti-inflammatory treatment,Metronidazole (topical),Cream,"Calming visible facial erythema, reactive flushing, and soothing skin discomfort via cream",Normal,Severe,"Persistent erythema, reactive stinging upon skincare application","Mild burning, stinging, erythema, dryness",Hypersensitivity to nitroimidazoles,Known imidazole cross-reactivity,Prescription required; Category B; use under physician direction,Prescription only; age >= 18 years,Strictly as prescribed by dermatologist (usually once or twice daily),Avoid contact with eyes; avoid alcohol consumption if using high surface areas; supervision mandatory,"Azelaic acid, Ivermectin (topical)",PRESCRIPTION ONLY. Supervised dermatological evaluation required prior to initiation. DermaAI must refer user to licensed physician.
MED-1183,Redness,Barrier-support treatment,Niacinamide (low dose 2-4%),Cream,"Calming visible facial erythema, reactive flushing, and soothing skin discomfort via cream",Normal,Mild,"Facial flushing, visible micro-capillaries, transient burning",Virtually none; very well tolerated,Known specific hypersensitivity,Extremely low risk; hypoallergenic base recommended,Safe for use during pregnancy and lactation,All ages,Twice daily morning and evening,Ideal for sensitive and rosacea-prone skin types; strengthen skin barrier,"Panthenol, Colloidal oatmeal",General OTC skincare active. Suitable for conservative home routine under patch testing and appropriate safety screening.
MED-1184,Redness,Anti-inflammatory treatment,Metronidazole (topical),Cream,"Calming visible facial erythema, reactive flushing, and soothing skin discomfort via cream",Normal,Severe,"Persistent erythema, reactive stinging upon skincare application","Mild burning, stinging, erythema, dryness",Hypersensitivity to nitroimidazoles,Known imidazole cross-reactivity,Prescription required; Category B; use under physician direction,Prescription only; age >= 18 years,Strictly as prescribed by dermatologist (usually once or twice daily),Avoid contact with eyes; avoid alcohol consumption if using high surface areas; supervision mandatory,"Azelaic acid, Ivermectin (topical)",PRESCRIPTION ONLY. Supervised dermatological evaluation required prior to initiation. DermaAI must refer user to licensed physician.
MED-1185,Redness,Anti-inflammatory treatment,Allantoin,Gel-cream,"Calming visible facial erythema, reactive flushing, and soothing skin discomfort via gel-cream",All skin types,Mild,"Facial flushing, visible micro-capillaries, transient burning",None reported,,Hypoallergenic soothing agent,Safe in pregnancy,All ages,Twice daily,Soothes irritated skin and promotes cellular comfort,"Panthenol, Centella Asiatica",General OTC skincare active. Suitable for conservative home routine under patch testing and appropriate safety screening.
MED-1186,Redness,Anti-inflammatory treatment,Allantoin,Gel-cream,"Calming visible facial erythema, reactive flushing, and soothing skin discomfort via gel-cream",Sensitive,Mild,"Persistent erythema, reactive stinging upon skincare application",None reported,,Hypoallergenic soothing agent,Safe in pregnancy,All ages,Twice daily,Soothes irritated skin and promotes cellular comfort,"Panthenol, Centella Asiatica",General OTC skincare active. Suitable for conservative home routine under patch testing and appropriate safety screening.
MED-1187,Redness,Sunscreen,Zinc oxide,Mineral sunscreen lotion,"Calming visible facial erythema, reactive flushing, and soothing skin discomfort via mineral sunscreen lotion",Reactive,Mild,"Rosacea-like flushing, central facial irritation, heat sensation",Rare mild dryness or white cast depending on micronization,Known hypersensitivity to zinc mineral formulations,Inert mineral; hypoallergenic,Safe and highly recommended physical UV filter during pregnancy,Age >= 6 months (infant sunscreen standard),Apply every morning and reapply every 2 hours during continuous sun exposure,"Broad-spectrum UVA/UVB protection; soothing on rosacea, acne, and reactive skin",Titanium dioxide,General OTC skincare active. Suitable for conservative home routine under patch testing and appropriate safety screening.
MED-1188,Redness,Anti-inflammatory treatment,Metronidazole (topical),Cream,"Calming visible facial erythema, reactive flushing, and soothing skin discomfort via cream",Normal,Moderate,"Over-exfoliated skin barrier redness, tight heated feeling","Mild burning, stinging, erythema, dryness",Hypersensitivity to nitroimidazoles,Known imidazole cross-reactivity,Prescription required; Category B; use under physician direction,Prescription only; age >= 18 years,Strictly as prescribed by dermatologist (usually once or twice daily),Avoid contact with eyes; avoid alcohol consumption if using high surface areas; supervision mandatory,"Azelaic acid, Ivermectin (topical)",PRESCRIPTION ONLY. Supervised dermatological evaluation required prior to initiation. DermaAI must refer user to licensed physician.
MED-1189,Redness,Anti-inflammatory treatment,Metronidazole (topical),Cream,"Calming visible facial erythema, reactive flushing, and soothing skin discomfort via cream",Sensitive,Moderate,"Persistent erythema, reactive stinging upon skincare application","Mild burning, stinging, erythema, dryness",Hypersensitivity to nitroimidazoles,Known imidazole cross-reactivity,Prescription required; Category B; use under physician direction,Prescription only; age >= 18 years,Strictly as prescribed by dermatologist (usually once or twice daily),Avoid contact with eyes; avoid alcohol consumption if using high surface areas; supervision mandatory,"Azelaic acid, Ivermectin (topical)",PRESCRIPTION ONLY. Supervised dermatological evaluation required prior to initiation. DermaAI must refer user to licensed physician.
MED-1190,Redness,Anti-inflammatory treatment,Ivermectin (topical),Cream,"Calming visible facial erythema, reactive flushing, and soothing skin discomfort via cream",All skin types,Moderate,"Facial flushing, visible micro-capillaries, transient burning","Burning sensation, localized skin irritation, xerosis, transient worsening",Hypersensitivity to ivermectin,Prescription compound; report immediate facial edema or hives,Prescription only; Category C; consult dermatologist and obstetrician,Prescription only; age >= 18 years,Strictly once daily as directed by dermatologist,Prescription anti-parasitic/anti-inflammatory for papulopustular rosacea; requires medical evaluation,"Azelaic acid (topical), Metronidazole (topical)",PRESCRIPTION ONLY. Supervised dermatological evaluation required prior to initiation. DermaAI must refer user to licensed physician.
MED-1191,Redness,Anti-inflammatory treatment,Centella Asiatica (Cica / Madecassoside),Balm,"Calming visible facial erythema, reactive flushing, and soothing skin discomfort via balm",All skin types,Mild,"Rosacea-like flushing, central facial irritation, heat sensation",Extremely rare contact irritation,Hypersensitivity to Apiaceae plant family,Low allergy potential; soothing botanical extract,Safe for topical skincare use in pregnancy,All ages,Twice daily morning and evening,"Calms neuro-inflammation, reduces erythema, accelerates barrier restoration","Panthenol, Allantoin, Colloidal oatmeal",General OTC skincare active. Suitable for conservative home routine under patch testing and appropriate safety screening.
MED-1192,Redness,Anti-inflammatory treatment,Azelaic acid,Gel,"Calming visible facial erythema, reactive flushing, and soothing skin discomfort via gel",Sensitive,Moderate,"Rosacea-like flushing, central facial irritation, heat sensation","Transient itching, mild burning or stinging in first 1-2 weeks",Hypersensitivity to azelaic acid or propylene glycol,Rare contact dermatitis; stop use if angioedema or hives occur,Generally recognized as safe in pregnancy (Category B equivalent); widely used for gestational acne/melasma,Age >= 12 years,"Once daily, increasing to twice daily morning and evening as tolerated",Apply after gentle cleansing on dry skin; tingling usually subsides after 15 minutes,"Niacinamide, Centella Asiatica, Mandelic acid",OTC/Specialist-tier active. Recommended for clinical dermatologist review if condition fails to improve within 2-4 weeks.
MED-1193,Redness,Anti-inflammatory treatment,Metronidazole (topical),Cream,"Calming visible facial erythema, reactive flushing, and soothing skin discomfort via cream",Sensitive,Severe,"Persistent erythema, reactive stinging upon skincare application","Mild burning, stinging, erythema, dryness",Hypersensitivity to nitroimidazoles,Known imidazole cross-reactivity,Prescription required; Category B; use under physician direction,Prescription only; age >= 18 years,Strictly as prescribed by dermatologist (usually once or twice daily),Avoid contact with eyes; avoid alcohol consumption if using high surface areas; supervision mandatory,"Azelaic acid, Ivermectin (topical)",PRESCRIPTION ONLY. Supervised dermatological evaluation required prior to initiation. DermaAI must refer user to licensed physician.
MED-1194,Redness,Sunscreen,Zinc oxide,Mineral sunscreen lotion,"Calming visible facial erythema, reactive flushing, and soothing skin discomfort via mineral sunscreen lotion",Sensitive,Mild,"Facial flushing, visible micro-capillaries, transient burning",Rare mild dryness or white cast depending on micronization,Known hypersensitivity to zinc mineral formulations,Inert mineral; hypoallergenic,Safe and highly recommended physical UV filter during pregnancy,Age >= 6 months (infant sunscreen standard),Apply every morning and reapply every 2 hours during continuous sun exposure,"Broad-spectrum UVA/UVB protection; soothing on rosacea, acne, and reactive skin",Titanium dioxide,General OTC skincare active. Suitable for conservative home routine under patch testing and appropriate safety screening.
MED-1195,Redness,Sunscreen,Zinc oxide,Mineral sunscreen lotion,"Calming visible facial erythema, reactive flushing, and soothing skin discomfort via mineral sunscreen lotion",All skin types,Moderate,"Persistent erythema, reactive stinging upon skincare application",Rare mild dryness or white cast depending on micronization,Known hypersensitivity to zinc mineral formulations,Inert mineral; hypoallergenic,Safe and highly recommended physical UV filter during pregnancy,Age >= 6 months (infant sunscreen standard),Apply every morning and reapply every 2 hours during continuous sun exposure,"Broad-spectrum UVA/UVB protection; soothing on rosacea, acne, and reactive skin",Titanium dioxide,General OTC skincare active. Suitable for conservative home routine under patch testing and appropriate safety screening.
MED-1196,Redness,Barrier-support treatment,Niacinamide (low dose 2-4%),Cream,"Calming visible facial erythema, reactive flushing, and soothing skin discomfort via cream",Normal,Mild,"Rosacea-like flushing, central facial irritation, heat sensation",Virtually none; very well tolerated,Known specific hypersensitivity,Extremely low risk; hypoallergenic base recommended,Safe for use during pregnancy and lactation,All ages,Twice daily morning and evening,Ideal for sensitive and rosacea-prone skin types; strengthen skin barrier,"Panthenol, Colloidal oatmeal",General OTC skincare active. Suitable for conservative home routine under patch testing and appropriate safety screening.
MED-1197,Redness,Anti-inflammatory treatment,Azelaic acid,Cream,"Calming visible facial erythema, reactive flushing, and soothing skin discomfort via cream",Normal,Moderate,"Persistent erythema, reactive stinging upon skincare application","Transient itching, mild burning or stinging in first 1-2 weeks",Hypersensitivity to azelaic acid or propylene glycol,Rare contact dermatitis; stop use if angioedema or hives occur,Generally recognized as safe in pregnancy (Category B equivalent); widely used for gestational acne/melasma,Age >= 12 years,"Once daily, increasing to twice daily morning and evening as tolerated",Apply after gentle cleansing on dry skin; tingling usually subsides after 15 minutes,"Niacinamide, Centella Asiatica, Mandelic acid",OTC/Specialist-tier active. Recommended for clinical dermatologist review if condition fails to improve within 2-4 weeks.
MED-1198,Redness,Anti-inflammatory treatment,Centella Asiatica (Cica / Madecassoside),Balm,"Calming visible facial erythema, reactive flushing, and soothing skin discomfort via balm",All skin types,Moderate,"Rosacea-like flushing, central facial irritation, heat sensation",Extremely rare contact irritation,Hypersensitivity to Apiaceae plant family,Low allergy potential; soothing botanical extract,Safe for topical skincare use in pregnancy,All ages,Twice daily morning and evening,"Calms neuro-inflammation, reduces erythema, accelerates barrier restoration","Panthenol, Allantoin, Colloidal oatmeal",General OTC skincare active. Suitable for conservative home routine under patch testing and appropriate safety screening.
MED-1199,Redness,Sunscreen,Zinc oxide,Cream,"Calming visible facial erythema, reactive flushing, and soothing skin discomfort via cream",Reactive,Moderate,"Persistent erythema, reactive stinging upon skincare application",Rare mild dryness or white cast depending on micronization,Known hypersensitivity to zinc mineral formulations,Inert mineral; hypoallergenic,Safe and highly recommended physical UV filter during pregnancy,Age >= 6 months (infant sunscreen standard),Apply every morning and reapply every 2 hours during continuous sun exposure,"Broad-spectrum UVA/UVB protection; soothing on rosacea, acne, and reactive skin",Titanium dioxide,General OTC skincare active. Suitable for conservative home routine under patch testing and appropriate safety screening.
MED-1200,Redness,Sunscreen,Zinc oxide,Cream,"Calming visible facial erythema, reactive flushing, and soothing skin discomfort via cream",Sensitive,Mild,"Over-exfoliated skin barrier redness, tight heated feeling",Rare mild dryness or white cast depending on micronization,Known hypersensitivity to zinc mineral formulations,Inert mineral; hypoallergenic,Safe and highly recommended physical UV filter during pregnancy,Age >= 6 months (infant sunscreen standard),Apply every morning and reapply every 2 hours during continuous sun exposure,"Broad-spectrum UVA/UVB protection; soothing on rosacea, acne, and reactive skin",Titanium dioxide,General OTC skincare active. Suitable for conservative home routine under patch testing and appropriate safety screening.
MED-1201,Redness,Anti-inflammatory treatment,Metronidazole (topical),Cream,"Calming visible facial erythema, reactive flushing, and soothing skin discomfort via cream",Sensitive,Severe,"Over-exfoliated skin barrier redness, tight heated feeling","Mild burning, stinging, erythema, dryness",Hypersensitivity to nitroimidazoles,Known imidazole cross-reactivity,Prescription required; Category B; use under physician direction,Prescription only; age >= 18 years,Strictly as prescribed by dermatologist (usually once or twice daily),Avoid contact with eyes; avoid alcohol consumption if using high surface areas; supervision mandatory,"Azelaic acid, Ivermectin (topical)",PRESCRIPTION ONLY. Supervised dermatological evaluation required prior to initiation. DermaAI must refer user to licensed physician.
MED-1202,Redness,Anti-inflammatory treatment,Ivermectin (topical),Cream,"Calming visible facial erythema, reactive flushing, and soothing skin discomfort via cream",All skin types,Moderate,"Rosacea-like flushing, central facial irritation, heat sensation","Burning sensation, localized skin irritation, xerosis, transient worsening",Hypersensitivity to ivermectin,Prescription compound; report immediate facial edema or hives,Prescription only; Category C; consult dermatologist and obstetrician,Prescription only; age >= 18 years,Strictly once daily as directed by dermatologist,Prescription anti-parasitic/anti-inflammatory for papulopustular rosacea; requires medical evaluation,"Azelaic acid (topical), Metronidazole (topical)",PRESCRIPTION ONLY. Supervised dermatological evaluation required prior to initiation. DermaAI must refer user to licensed physician.
MED-1203,Redness,Barrier-support treatment,Niacinamide (low dose 2-4%),Cream,"Calming visible facial erythema, reactive flushing, and soothing skin discomfort via cream",Combination,Mild,"Persistent erythema, reactive stinging upon skincare application",Virtually none; very well tolerated,Known specific hypersensitivity,Extremely low risk; hypoallergenic base recommended,Safe for use during pregnancy and lactation,All ages,Twice daily morning and evening,Ideal for sensitive and rosacea-prone skin types; strengthen skin barrier,"Panthenol, Colloidal oatmeal",General OTC skincare active. Suitable for conservative home routine under patch testing and appropriate safety screening.
MED-1204,Redness,Anti-inflammatory treatment,Ivermectin (topical),Cream,"Calming visible facial erythema, reactive flushing, and soothing skin discomfort via cream",Sensitive,Moderate,"Rosacea-like flushing, central facial irritation, heat sensation","Burning sensation, localized skin irritation, xerosis, transient worsening",Hypersensitivity to ivermectin,Prescription compound; report immediate facial edema or hives,Prescription only; Category C; consult dermatologist and obstetrician,Prescription only; age >= 18 years,Strictly once daily as directed by dermatologist,Prescription anti-parasitic/anti-inflammatory for papulopustular rosacea; requires medical evaluation,"Azelaic acid (topical), Metronidazole (topical)",PRESCRIPTION ONLY. Supervised dermatological evaluation required prior to initiation. DermaAI must refer user to licensed physician.
MED-1205,Redness,Anti-inflammatory treatment,Allantoin,Gel-cream,"Calming visible facial erythema, reactive flushing, and soothing skin discomfort via gel-cream",Sensitive,Mild,"Facial flushing, visible micro-capillaries, transient burning",None reported,,Hypoallergenic soothing agent,Safe in pregnancy,All ages,Twice daily,Soothes irritated skin and promotes cellular comfort,"Panthenol, Centella Asiatica",General OTC skincare active. Suitable for conservative home routine under patch testing and appropriate safety screening.
MED-1206,Redness,Anti-inflammatory treatment,Ivermectin (topical),Cream,"Calming visible facial erythema, reactive flushing, and soothing skin discomfort via cream",Sensitive,Severe,"Persistent erythema, reactive stinging upon skincare application","Burning sensation, localized skin irritation, xerosis, transient worsening",Hypersensitivity to ivermectin,Prescription compound; report immediate facial edema or hives,Prescription only; Category C; consult dermatologist and obstetrician,Prescription only; age >= 18 years,Strictly once daily as directed by dermatologist,Prescription anti-parasitic/anti-inflammatory for papulopustular rosacea; requires medical evaluation,"Azelaic acid (topical), Metronidazole (topical)",PRESCRIPTION ONLY. Supervised dermatological evaluation required prior to initiation. DermaAI must refer user to licensed physician.
MED-1207,Redness,Barrier-support treatment,Panthenol,Mist,"Calming visible facial erythema, reactive flushing, and soothing skin discomfort via mist",Dry,Moderate,"Rosacea-like flushing, central facial irritation, heat sensation",Negligible,Known hypersensitivity,Hypoallergenic,Safe in pregnancy,All ages,Twice daily,Soothes redness and enhances tissue regeneration,"Centella Asiatica, Colloidal oatmeal",General OTC skincare active. Suitable for conservative home routine under patch testing and appropriate safety screening.
MED-1208,Redness,Barrier-support treatment,Panthenol,Lotion,"Calming visible facial erythema, reactive flushing, and soothing skin discomfort via lotion",Reactive,Moderate,"Rosacea-like flushing, central facial irritation, heat sensation",Negligible,Known hypersensitivity,Hypoallergenic,Safe in pregnancy,All ages,Twice daily,Soothes redness and enhances tissue regeneration,"Centella Asiatica, Colloidal oatmeal",General OTC skincare active. Suitable for conservative home routine under patch testing and appropriate safety screening.
MED-1209,Redness,Anti-inflammatory treatment,Centella Asiatica (Cica / Madecassoside),Balm,"Calming visible facial erythema, reactive flushing, and soothing skin discomfort via balm",Sensitive,Mild,"Persistent erythema, reactive stinging upon skincare application",Extremely rare contact irritation,Hypersensitivity to Apiaceae plant family,Low allergy potential; soothing botanical extract,Safe for topical skincare use in pregnancy,All ages,Twice daily morning and evening,"Calms neuro-inflammation, reduces erythema, accelerates barrier restoration","Panthenol, Allantoin, Colloidal oatmeal",General OTC skincare active. Suitable for conservative home routine under patch testing and appropriate safety screening.
MED-1210,Redness,Sunscreen,Zinc oxide,Cream,"Calming visible facial erythema, reactive flushing, and soothing skin discomfort via cream",Reactive,Mild,"Facial flushing, visible micro-capillaries, transient burning",Rare mild dryness or white cast depending on micronization,Known hypersensitivity to zinc mineral formulations,Inert mineral; hypoallergenic,Safe and highly recommended physical UV filter during pregnancy,Age >= 6 months (infant sunscreen standard),Apply every morning and reapply every 2 hours during continuous sun exposure,"Broad-spectrum UVA/UVB protection; soothing on rosacea, acne, and reactive skin",Titanium dioxide,General OTC skincare active. Suitable for conservative home routine under patch testing and appropriate safety screening.
MED-1211,Redness,Anti-inflammatory treatment,Ivermectin (topical),Cream,"Calming visible facial erythema, reactive flushing, and soothing skin discomfort via cream",All skin types,Severe,"Rosacea-like flushing, central facial irritation, heat sensation","Burning sensation, localized skin irritation, xerosis, transient worsening",Hypersensitivity to ivermectin,Prescription compound; report immediate facial edema or hives,Prescription only; Category C; consult dermatologist and obstetrician,Prescription only; age >= 18 years,Strictly once daily as directed by dermatologist,Prescription anti-parasitic/anti-inflammatory for papulopustular rosacea; requires medical evaluation,"Azelaic acid (topical), Metronidazole (topical)",PRESCRIPTION ONLY. Supervised dermatological evaluation required prior to initiation. DermaAI must refer user to licensed physician.
MED-1212,Redness,Sunscreen,Zinc oxide,Cream,"Calming visible facial erythema, reactive flushing, and soothing skin discomfort via cream",All skin types,Mild,"Persistent erythema, reactive stinging upon skincare application",Rare mild dryness or white cast depending on micronization,Known hypersensitivity to zinc mineral formulations,Inert mineral; hypoallergenic,Safe and highly recommended physical UV filter during pregnancy,Age >= 6 months (infant sunscreen standard),Apply every morning and reapply every 2 hours during continuous sun exposure,"Broad-spectrum UVA/UVB protection; soothing on rosacea, acne, and reactive skin",Titanium dioxide,General OTC skincare active. Suitable for conservative home routine under patch testing and appropriate safety screening.
MED-1213,Redness,Anti-inflammatory treatment,Allantoin,Gel-cream,"Calming visible facial erythema, reactive flushing, and soothing skin discomfort via gel-cream",Sensitive,Mild,"Facial flushing, visible micro-capillaries, transient burning",None reported,,Hypoallergenic soothing agent,Safe in pregnancy,All ages,Twice daily,Soothes irritated skin and promotes cellular comfort,"Panthenol, Centella Asiatica",General OTC skincare active. Suitable for conservative home routine under patch testing and appropriate safety screening.
MED-1214,Redness,Anti-inflammatory treatment,Allantoin,Calming toner,"Calming visible facial erythema, reactive flushing, and soothing skin discomfort via calming toner",Sensitive,Mild,"Persistent erythema, reactive stinging upon skincare application",None reported,,Hypoallergenic soothing agent,Safe in pregnancy,All ages,Twice daily,Soothes irritated skin and promotes cellular comfort,"Panthenol, Centella Asiatica",General OTC skincare active. Suitable for conservative home routine under patch testing and appropriate safety screening.
MED-1215,Redness,Anti-inflammatory treatment,Azelaic acid,Gel,"Calming visible facial erythema, reactive flushing, and soothing skin discomfort via gel",All skin types,Moderate,"Facial flushing, visible micro-capillaries, transient burning","Transient itching, mild burning or stinging in first 1-2 weeks",Hypersensitivity to azelaic acid or propylene glycol,Rare contact dermatitis; stop use if angioedema or hives occur,Generally recognized as safe in pregnancy (Category B equivalent); widely used for gestational acne/melasma,Age >= 12 years,"Once daily, increasing to twice daily morning and evening as tolerated",Apply after gentle cleansing on dry skin; tingling usually subsides after 15 minutes,"Niacinamide, Centella Asiatica, Mandelic acid",OTC/Specialist-tier active. Recommended for clinical dermatologist review if condition fails to improve within 2-4 weeks.
MED-1216,Redness,Anti-inflammatory treatment,Centella Asiatica (Cica / Madecassoside),Serum,"Calming visible facial erythema, reactive flushing, and soothing skin discomfort via serum",Reactive,Mild,"Over-exfoliated skin barrier redness, tight heated feeling",Extremely rare contact irritation,Hypersensitivity to Apiaceae plant family,Low allergy potential; soothing botanical extract,Safe for topical skincare use in pregnancy,All ages,Twice daily morning and evening,"Calms neuro-inflammation, reduces erythema, accelerates barrier restoration","Panthenol, Allantoin, Colloidal oatmeal",General OTC skincare active. Suitable for conservative home routine under patch testing and appropriate safety screening.
MED-1217,Redness,Anti-inflammatory treatment,Metronidazole (topical),Cream,"Calming visible facial erythema, reactive flushing, and soothing skin discomfort via cream",Normal,Moderate,"Facial flushing, visible micro-capillaries, transient burning","Mild burning, stinging, erythema, dryness",Hypersensitivity to nitroimidazoles,Known imidazole cross-reactivity,Prescription required; Category B; use under physician direction,Prescription only; age >= 18 years,Strictly as prescribed by dermatologist (usually once or twice daily),Avoid contact with eyes; avoid alcohol consumption if using high surface areas; supervision mandatory,"Azelaic acid, Ivermectin (topical)",PRESCRIPTION ONLY. Supervised dermatological evaluation required prior to initiation. DermaAI must refer user to licensed physician.
MED-1218,Redness,Anti-inflammatory treatment,Allantoin,Calming toner,"Calming visible facial erythema, reactive flushing, and soothing skin discomfort via calming toner",Sensitive,Mild,"Rosacea-like flushing, central facial irritation, heat sensation",None reported,,Hypoallergenic soothing agent,Safe in pregnancy,All ages,Twice daily,Soothes irritated skin and promotes cellular comfort,"Panthenol, Centella Asiatica",General OTC skincare active. Suitable for conservative home routine under patch testing and appropriate safety screening.
MED-1219,Redness,Barrier-support treatment,Niacinamide (low dose 2-4%),Cream,"Calming visible facial erythema, reactive flushing, and soothing skin discomfort via cream",Sensitive,Mild,"Rosacea-like flushing, central facial irritation, heat sensation",Virtually none; very well tolerated,Known specific hypersensitivity,Extremely low risk; hypoallergenic base recommended,Safe for use during pregnancy and lactation,All ages,Twice daily morning and evening,Ideal for sensitive and rosacea-prone skin types; strengthen skin barrier,"Panthenol, Colloidal oatmeal",General OTC skincare active. Suitable for conservative home routine under patch testing and appropriate safety screening.
MED-1220,Redness,Anti-inflammatory treatment,Centella Asiatica (Cica / Madecassoside),Calming Cream,"Calming visible facial erythema, reactive flushing, and soothing skin discomfort via calming cream",All skin types,Moderate,"Rosacea-like flushing, central facial irritation, heat sensation",Extremely rare contact irritation,Hypersensitivity to Apiaceae plant family,Low allergy potential; soothing botanical extract,Safe for topical skincare use in pregnancy,All ages,Twice daily morning and evening,"Calms neuro-inflammation, reduces erythema, accelerates barrier restoration","Panthenol, Allantoin, Colloidal oatmeal",General OTC skincare active. Suitable for conservative home routine under patch testing and appropriate safety screening.
MED-1221,Dandruff,Antifungal treatment,Ketoconazole (1-2%),Scalp solution,"Regulating scalp flaking, controlling Malassezia yeast activity, and relieving scalp itch with scalp solution",All scalp types,Severe,"Loose white/yellow flakes, scalp itchiness, greasy hair roots","Scalp dryness, mild hair texture changes, rare contact dermatitis",Known hypersensitivity to ketoconazole or azole antifungals,Allergy to azole antifungals; discontinue if severe itching or scalp edema occurs,Topical shampoo absorption is minimal; Category C; consult physician if pregnant,Age >= 12 years,"2-3 times weekly for 2-4 weeks, then once weekly for maintenance",Leave on scalp for 3-5 minutes before rinsing; avoid contact with eyes,"Zinc pyrithione, Selenium sulfide, Piroctone olamine",OTC/Specialist-tier active. Recommended for clinical dermatologist review if condition fails to improve within 2-4 weeks.
MED-1222,Dandruff,Anti-inflammatory treatment,Clobetasol propionate (scalp),Scalp solution,"Regulating scalp flaking, controlling Malassezia yeast activity, and relieving scalp itch with scalp solution",Inflamed scalp,Severe,"Loose white/yellow flakes, scalp itchiness, greasy hair roots","Skin atrophy, burning, folliculitis, HPA axis suppression if overused","Untreated viral/fungal/bacterial scalp infection, rosacea, perioral dermatitis",High-potency super-potent corticosteroid; report burning or spreading rash,Prescription only; Category C; strictly as advised by dermatologist,Prescription only; age >= 18 years (pediatric use strictly specialist only),Strictly short course (max 2 consecutive weeks) under direct dermatologist supervision,Super-potent topical steroid; do NOT use unsupervised or on facial skin; taper as instructed,"Ketoconazole shampoo, Zinc pyrithione, Dermatologist assessment",PRESCRIPTION ONLY. Supervised dermatological evaluation required prior to initiation. DermaAI must refer user to licensed physician.
MED-1223,Dandruff,Antifungal treatment,Piroctone olamine,Shampoo,"Regulating scalp flaking, controlling Malassezia yeast activity, and relieving scalp itch with shampoo",Sensitive scalp,Mild,"Loose white/yellow flakes, scalp itchiness, greasy hair roots",Extremely well tolerated; very rare mild irritation,Known hypersensitivity,Hypoallergenic profile,Safe in OTC cosmetic concentrations during pregnancy,Age >= 3 years,2-3 times weekly,Gentle on sensitive scalps while controlling Malassezia yeast proliferation,"Zinc pyrithione, Ketoconazole",General OTC skincare active. Suitable for conservative home routine under patch testing and appropriate safety screening.
MED-1224,Dandruff,Keratolytic/exfoliating treatment,Salicylic acid (scalp),Serum,"Regulating scalp flaking, controlling Malassezia yeast activity, and relieving scalp itch with serum",Oily scalp,Mild,"Adherent greasy plaques, moderate follicular scaling, itching","Mild scalp dryness, temporary hair stiffness","Salicylate allergy, raw open scalp lesions",Aspirin/salicylate sensitive individuals should avoid,Rinse-off low concentration scalp shampoo acceptable; avoid extensive leave-on tonics,Age >= 12 years,1-2 times weekly,Lifts thick adherent dandruff scales; follow with a hydrating conditioner on hair lengths,"Piroctone olamine, Zinc pyrithione",General OTC skincare active. Suitable for conservative home routine under patch testing and appropriate safety screening.
MED-1225,Dandruff,Antifungal treatment,Selenium sulfide,Medicated shampoo,"Regulating scalp flaking, controlling Malassezia yeast activity, and relieving scalp itch with medicated shampoo",Oily scalp,Severe,"Dry scalp shedding, mild pruritus without marked erythema","Scalp oiliness or dryness, temporary hair discoloration if not rinsed thoroughly","Broken, acutely inflamed scalp skin",Test on small area if known chemical sensitivities,Category C; consult doctor before use in pregnancy,Age >= 5 years,"Twice weekly for 2 weeks, then once weekly",Rinse thoroughly to prevent hair discoloration; remove metallic jewelry before use,"Ketoconazole, Zinc pyrithione",OTC/Specialist-tier active. Recommended for clinical dermatologist review if condition fails to improve within 2-4 weeks.
MED-1226,Dandruff,Scalp treatment,Coal tar,Medicated shampoo,"Regulating scalp flaking, controlling Malassezia yeast activity, and relieving scalp itch with medicated shampoo",Oily scalp,Moderate,"Dry scalp shedding, mild pruritus without marked erythema","Strong odor, staining of light hair/clothing, photosensitivity of scalp","Acute psoriasis flare with pustules, infected skin, pregnancy",Photosensitizing; discontinue if severe contact dermatitis or folliculitis occurs,CONTRAINDICATED in pregnancy and lactation due to polycyclic aromatic hydrocarbon content,Age >= 12 years (under medical supervision),1-2 times weekly as directed,Protects against UV exposure on scalp for 24 hours after use; stains white/blonde hair,"Ketoconazole, Salicylic acid, Zinc pyrithione",OTC/Specialist-tier active. Recommended for clinical dermatologist review if condition fails to improve within 2-4 weeks.
MED-1227,Dandruff,Antifungal treatment,Ketoconazole (1-2%),Scalp solution,"Regulating scalp flaking, controlling Malassezia yeast activity, and relieving scalp itch with scalp solution",Oily scalp,Moderate,"Loose white/yellow flakes, scalp itchiness, greasy hair roots","Scalp dryness, mild hair texture changes, rare contact dermatitis",Known hypersensitivity to ketoconazole or azole antifungals,Allergy to azole antifungals; discontinue if severe itching or scalp edema occurs,Topical shampoo absorption is minimal; Category C; consult physician if pregnant,Age >= 12 years,"2-3 times weekly for 2-4 weeks, then once weekly for maintenance",Leave on scalp for 3-5 minutes before rinsing; avoid contact with eyes,"Zinc pyrithione, Selenium sulfide, Piroctone olamine",OTC/Specialist-tier active. Recommended for clinical dermatologist review if condition fails to improve within 2-4 weeks.
MED-1228,Dandruff,Antifungal treatment,Selenium sulfide,Lotion,"Regulating scalp flaking, controlling Malassezia yeast activity, and relieving scalp itch with lotion",Oily scalp,Moderate,"Recurrent seasonal scalp flaking, tight itchy scalp sensation","Scalp oiliness or dryness, temporary hair discoloration if not rinsed thoroughly","Broken, acutely inflamed scalp skin",Test on small area if known chemical sensitivities,Category C; consult doctor before use in pregnancy,Age >= 5 years,"Twice weekly for 2 weeks, then once weekly",Rinse thoroughly to prevent hair discoloration; remove metallic jewelry before use,"Ketoconazole, Zinc pyrithione",OTC/Specialist-tier active. Recommended for clinical dermatologist review if condition fails to improve within 2-4 weeks.
MED-1229,Dandruff,Antifungal treatment,Zinc pyrithione,Shampoo,"Regulating scalp flaking, controlling Malassezia yeast activity, and relieving scalp itch with shampoo",All scalp types,Moderate,"Adherent greasy plaques, moderate follicular scaling, itching","Mild dryness, eye irritation if accidentally contacted",Hypersensitivity to zinc pyrithione,Low allergy potential,Generally recognized as safe in topical OTC rinse-off formulations,Age >= 2 years (pediatric cradle cap under advice),2-3 times per week,Massage thoroughly into scalp; leave on for 2-3 minutes before thorough rinsing,"Piroctone olamine, Ketoconazole, Selenium sulfide",General OTC skincare active. Suitable for conservative home routine under patch testing and appropriate safety screening.
MED-1230,Dandruff,Antifungal treatment,Zinc pyrithione,Scalp tonic,"Regulating scalp flaking, controlling Malassezia yeast activity, and relieving scalp itch with scalp tonic",All scalp types,Mild,"Adherent greasy plaques, moderate follicular scaling, itching","Mild dryness, eye irritation if accidentally contacted",Hypersensitivity to zinc pyrithione,Low allergy potential,Generally recognized as safe in topical OTC rinse-off formulations,Age >= 2 years (pediatric cradle cap under advice),2-3 times per week,Massage thoroughly into scalp; leave on for 2-3 minutes before thorough rinsing,"Piroctone olamine, Ketoconazole, Selenium sulfide",General OTC skincare active. Suitable for conservative home routine under patch testing and appropriate safety screening.
MED-1231,Dandruff,Anti-inflammatory treatment,Clobetasol propionate (scalp),Scalp solution,"Regulating scalp flaking, controlling Malassezia yeast activity, and relieving scalp itch with scalp solution",Inflamed scalp,Severe,"Recurrent seasonal scalp flaking, tight itchy scalp sensation","Skin atrophy, burning, folliculitis, HPA axis suppression if overused","Untreated viral/fungal/bacterial scalp infection, rosacea, perioral dermatitis",High-potency super-potent corticosteroid; report burning or spreading rash,Prescription only; Category C; strictly as advised by dermatologist,Prescription only; age >= 18 years (pediatric use strictly specialist only),Strictly short course (max 2 consecutive weeks) under direct dermatologist supervision,Super-potent topical steroid; do NOT use unsupervised or on facial skin; taper as instructed,"Ketoconazole shampoo, Zinc pyrithione, Dermatologist assessment",PRESCRIPTION ONLY. Supervised dermatological evaluation required prior to initiation. DermaAI must refer user to licensed physician.
MED-1232,Dandruff,Scalp treatment,Tea tree oil (scalp formulation),Shampoo,"Regulating scalp flaking, controlling Malassezia yeast activity, and relieving scalp itch with shampoo",Normal scalp,Mild,"Loose white/yellow flakes, scalp itchiness, greasy hair roots","Contact dermatitis, tingling, dry scalp","Open scalp excoriations, allergy to essential oils",Moderate contact allergen; do not apply undiluted oil to scalp,Topical shampoo formulation acceptable,Age >= 12 years,2 times weekly,Use only dermatologically balanced shampoo blends,"Zinc pyrithione, Piroctone olamine",General OTC skincare active. Suitable for conservative home routine under patch testing and appropriate safety screening.
MED-1233,Dandruff,Antifungal treatment,Zinc pyrithione,Scalp tonic,"Regulating scalp flaking, controlling Malassezia yeast activity, and relieving scalp itch with scalp tonic",All scalp types,Mild,"Dry scalp shedding, mild pruritus without marked erythema","Mild dryness, eye irritation if accidentally contacted",Hypersensitivity to zinc pyrithione,Low allergy potential,Generally recognized as safe in topical OTC rinse-off formulations,Age >= 2 years (pediatric cradle cap under advice),2-3 times per week,Massage thoroughly into scalp; leave on for 2-3 minutes before thorough rinsing,"Piroctone olamine, Ketoconazole, Selenium sulfide",General OTC skincare active. Suitable for conservative home routine under patch testing and appropriate safety screening.
MED-1234,Dandruff,Scalp treatment,Coal tar,Scalp emulsion,"Regulating scalp flaking, controlling Malassezia yeast activity, and relieving scalp itch with scalp emulsion",Resistant scalp,Severe,"Recurrent seasonal scalp flaking, tight itchy scalp sensation","Strong odor, staining of light hair/clothing, photosensitivity of scalp","Acute psoriasis flare with pustules, infected skin, pregnancy",Photosensitizing; discontinue if severe contact dermatitis or folliculitis occurs,CONTRAINDICATED in pregnancy and lactation due to polycyclic aromatic hydrocarbon content,Age >= 12 years (under medical supervision),1-2 times weekly as directed,Protects against UV exposure on scalp for 24 hours after use; stains white/blonde hair,"Ketoconazole, Salicylic acid, Zinc pyrithione",OTC/Specialist-tier active. Recommended for clinical dermatologist review if condition fails to improve within 2-4 weeks.
MED-1235,Dandruff,Scalp treatment,Tea tree oil (scalp formulation),Shampoo,"Regulating scalp flaking, controlling Malassezia yeast activity, and relieving scalp itch with shampoo",Oily scalp,Mild,"Recurrent seasonal scalp flaking, tight itchy scalp sensation","Contact dermatitis, tingling, dry scalp","Open scalp excoriations, allergy to essential oils",Moderate contact allergen; do not apply undiluted oil to scalp,Topical shampoo formulation acceptable,Age >= 12 years,2 times weekly,Use only dermatologically balanced shampoo blends,"Zinc pyrithione, Piroctone olamine",General OTC skincare active. Suitable for conservative home routine under patch testing and appropriate safety screening.
MED-1236,Dandruff,Anti-inflammatory treatment,Clobetasol propionate (scalp),Scalp solution,"Regulating scalp flaking, controlling Malassezia yeast activity, and relieving scalp itch with scalp solution",Inflamed scalp,Severe,"Recurrent seasonal scalp flaking, tight itchy scalp sensation","Skin atrophy, burning, folliculitis, HPA axis suppression if overused","Untreated viral/fungal/bacterial scalp infection, rosacea, perioral dermatitis",High-potency super-potent corticosteroid; report burning or spreading rash,Prescription only; Category C; strictly as advised by dermatologist,Prescription only; age >= 18 years (pediatric use strictly specialist only),Strictly short course (max 2 consecutive weeks) under direct dermatologist supervision,Super-potent topical steroid; do NOT use unsupervised or on facial skin; taper as instructed,"Ketoconazole shampoo, Zinc pyrithione, Dermatologist assessment",PRESCRIPTION ONLY. Supervised dermatological evaluation required prior to initiation. DermaAI must refer user to licensed physician.
MED-1237,Dandruff,Scalp treatment,Tea tree oil (scalp formulation),Scalp serum,"Regulating scalp flaking, controlling Malassezia yeast activity, and relieving scalp itch with scalp serum",Normal scalp,Mild,"Recurrent seasonal scalp flaking, tight itchy scalp sensation","Contact dermatitis, tingling, dry scalp","Open scalp excoriations, allergy to essential oils",Moderate contact allergen; do not apply undiluted oil to scalp,Topical shampoo formulation acceptable,Age >= 12 years,2 times weekly,Use only dermatologically balanced shampoo blends,"Zinc pyrithione, Piroctone olamine",General OTC skincare active. Suitable for conservative home routine under patch testing and appropriate safety screening.
MED-1238,Dandruff,Antifungal treatment,Piroctone olamine,Leave-on scalp tonic,"Regulating scalp flaking, controlling Malassezia yeast activity, and relieving scalp itch with leave-on scalp tonic",Sensitive scalp,Moderate,"Recurrent seasonal scalp flaking, tight itchy scalp sensation",Extremely well tolerated; very rare mild irritation,Known hypersensitivity,Hypoallergenic profile,Safe in OTC cosmetic concentrations during pregnancy,Age >= 3 years,2-3 times weekly,Gentle on sensitive scalps while controlling Malassezia yeast proliferation,"Zinc pyrithione, Ketoconazole",General OTC skincare active. Suitable for conservative home routine under patch testing and appropriate safety screening.
MED-1239,Dandruff,Antifungal treatment,Zinc pyrithione,Shampoo,"Regulating scalp flaking, controlling Malassezia yeast activity, and relieving scalp itch with shampoo",All scalp types,Mild,"Recurrent seasonal scalp flaking, tight itchy scalp sensation","Mild dryness, eye irritation if accidentally contacted",Hypersensitivity to zinc pyrithione,Low allergy potential,Generally recognized as safe in topical OTC rinse-off formulations,Age >= 2 years (pediatric cradle cap under advice),2-3 times per week,Massage thoroughly into scalp; leave on for 2-3 minutes before thorough rinsing,"Piroctone olamine, Ketoconazole, Selenium sulfide",General OTC skincare active. Suitable for conservative home routine under patch testing and appropriate safety screening.
MED-1240,Dandruff,Antifungal treatment,Zinc pyrithione,Scalp tonic,"Regulating scalp flaking, controlling Malassezia yeast activity, and relieving scalp itch with scalp tonic",All scalp types,Mild,"Adherent greasy plaques, moderate follicular scaling, itching","Mild dryness, eye irritation if accidentally contacted",Hypersensitivity to zinc pyrithione,Low allergy potential,Generally recognized as safe in topical OTC rinse-off formulations,Age >= 2 years (pediatric cradle cap under advice),2-3 times per week,Massage thoroughly into scalp; leave on for 2-3 minutes before thorough rinsing,"Piroctone olamine, Ketoconazole, Selenium sulfide",General OTC skincare active. Suitable for conservative home routine under patch testing and appropriate safety screening.
MED-1241,Dandruff,Antifungal treatment,Zinc pyrithione,Scalp tonic,"Regulating scalp flaking, controlling Malassezia yeast activity, and relieving scalp itch with scalp tonic",All scalp types,Moderate,"Loose white/yellow flakes, scalp itchiness, greasy hair roots","Mild dryness, eye irritation if accidentally contacted",Hypersensitivity to zinc pyrithione,Low allergy potential,Generally recognized as safe in topical OTC rinse-off formulations,Age >= 2 years (pediatric cradle cap under advice),2-3 times per week,Massage thoroughly into scalp; leave on for 2-3 minutes before thorough rinsing,"Piroctone olamine, Ketoconazole, Selenium sulfide",General OTC skincare active. Suitable for conservative home routine under patch testing and appropriate safety screening.
MED-1242,Dandruff,Scalp treatment,Coal tar,Scalp emulsion,"Regulating scalp flaking, controlling Malassezia yeast activity, and relieving scalp itch with scalp emulsion",Oily scalp,Severe,"Dry scalp shedding, mild pruritus without marked erythema","Strong odor, staining of light hair/clothing, photosensitivity of scalp","Acute psoriasis flare with pustules, infected skin, pregnancy",Photosensitizing; discontinue if severe contact dermatitis or folliculitis occurs,CONTRAINDICATED in pregnancy and lactation due to polycyclic aromatic hydrocarbon content,Age >= 12 years (under medical supervision),1-2 times weekly as directed,Protects against UV exposure on scalp for 24 hours after use; stains white/blonde hair,"Ketoconazole, Salicylic acid, Zinc pyrithione",OTC/Specialist-tier active. Recommended for clinical dermatologist review if condition fails to improve within 2-4 weeks.
MED-1243,Dandruff,Antifungal treatment,Selenium sulfide,Lotion,"Regulating scalp flaking, controlling Malassezia yeast activity, and relieving scalp itch with lotion",Oily scalp,Moderate,"Adherent greasy plaques, moderate follicular scaling, itching","Scalp oiliness or dryness, temporary hair discoloration if not rinsed thoroughly","Broken, acutely inflamed scalp skin",Test on small area if known chemical sensitivities,Category C; consult doctor before use in pregnancy,Age >= 5 years,"Twice weekly for 2 weeks, then once weekly",Rinse thoroughly to prevent hair discoloration; remove metallic jewelry before use,"Ketoconazole, Zinc pyrithione",OTC/Specialist-tier active. Recommended for clinical dermatologist review if condition fails to improve within 2-4 weeks.
MED-1244,Dandruff,Antifungal treatment,Piroctone olamine,Shampoo,"Regulating scalp flaking, controlling Malassezia yeast activity, and relieving scalp itch with shampoo",Sensitive scalp,Moderate,"Recurrent seasonal scalp flaking, tight itchy scalp sensation",Extremely well tolerated; very rare mild irritation,Known hypersensitivity,Hypoallergenic profile,Safe in OTC cosmetic concentrations during pregnancy,Age >= 3 years,2-3 times weekly,Gentle on sensitive scalps while controlling Malassezia yeast proliferation,"Zinc pyrithione, Ketoconazole",General OTC skincare active. Suitable for conservative home routine under patch testing and appropriate safety screening.
MED-1245,Dandruff,Antifungal treatment,Ketoconazole (1-2%),Scalp solution,"Regulating scalp flaking, controlling Malassezia yeast activity, and relieving scalp itch with scalp solution",All scalp types,Moderate,"Adherent greasy plaques, moderate follicular scaling, itching","Scalp dryness, mild hair texture changes, rare contact dermatitis",Known hypersensitivity to ketoconazole or azole antifungals,Allergy to azole antifungals; discontinue if severe itching or scalp edema occurs,Topical shampoo absorption is minimal; Category C; consult physician if pregnant,Age >= 12 years,"2-3 times weekly for 2-4 weeks, then once weekly for maintenance",Leave on scalp for 3-5 minutes before rinsing; avoid contact with eyes,"Zinc pyrithione, Selenium sulfide, Piroctone olamine",OTC/Specialist-tier active. Recommended for clinical dermatologist review if condition fails to improve within 2-4 weeks.
MED-1246,Dandruff,Scalp treatment,Coal tar,Scalp emulsion,"Regulating scalp flaking, controlling Malassezia yeast activity, and relieving scalp itch with scalp emulsion",Oily scalp,Severe,"Dry scalp shedding, mild pruritus without marked erythema","Strong odor, staining of light hair/clothing, photosensitivity of scalp","Acute psoriasis flare with pustules, infected skin, pregnancy",Photosensitizing; discontinue if severe contact dermatitis or folliculitis occurs,CONTRAINDICATED in pregnancy and lactation due to polycyclic aromatic hydrocarbon content,Age >= 12 years (under medical supervision),1-2 times weekly as directed,Protects against UV exposure on scalp for 24 hours after use; stains white/blonde hair,"Ketoconazole, Salicylic acid, Zinc pyrithione",OTC/Specialist-tier active. Recommended for clinical dermatologist review if condition fails to improve within 2-4 weeks.
MED-1247,Dandruff,Antifungal treatment,Selenium sulfide,Lotion,"Regulating scalp flaking, controlling Malassezia yeast activity, and relieving scalp itch with lotion",Oily scalp,Moderate,"Loose white/yellow flakes, scalp itchiness, greasy hair roots","Scalp oiliness or dryness, temporary hair discoloration if not rinsed thoroughly","Broken, acutely inflamed scalp skin",Test on small area if known chemical sensitivities,Category C; consult doctor before use in pregnancy,Age >= 5 years,"Twice weekly for 2 weeks, then once weekly",Rinse thoroughly to prevent hair discoloration; remove metallic jewelry before use,"Ketoconazole, Zinc pyrithione",OTC/Specialist-tier active. Recommended for clinical dermatologist review if condition fails to improve within 2-4 weeks.
MED-1248,Dandruff,Antifungal treatment,Zinc pyrithione,Shampoo,"Regulating scalp flaking, controlling Malassezia yeast activity, and relieving scalp itch with shampoo",All scalp types,Moderate,"Recurrent seasonal scalp flaking, tight itchy scalp sensation","Mild dryness, eye irritation if accidentally contacted",Hypersensitivity to zinc pyrithione,Low allergy potential,Generally recognized as safe in topical OTC rinse-off formulations,Age >= 2 years (pediatric cradle cap under advice),2-3 times per week,Massage thoroughly into scalp; leave on for 2-3 minutes before thorough rinsing,"Piroctone olamine, Ketoconazole, Selenium sulfide",General OTC skincare active. Suitable for conservative home routine under patch testing and appropriate safety screening.
MED-1249,Dandruff,Antifungal treatment,Piroctone olamine,Shampoo,"Regulating scalp flaking, controlling Malassezia yeast activity, and relieving scalp itch with shampoo",Dry scalp,Moderate,"Adherent greasy plaques, moderate follicular scaling, itching",Extremely well tolerated; very rare mild irritation,Known hypersensitivity,Hypoallergenic profile,Safe in OTC cosmetic concentrations during pregnancy,Age >= 3 years,2-3 times weekly,Gentle on sensitive scalps while controlling Malassezia yeast proliferation,"Zinc pyrithione, Ketoconazole",General OTC skincare active. Suitable for conservative home routine under patch testing and appropriate safety screening.
MED-1250,Dandruff,Antifungal treatment,Zinc pyrithione,Shampoo,"Regulating scalp flaking, controlling Malassezia yeast activity, and relieving scalp itch with shampoo",All scalp types,Mild,"Loose white/yellow flakes, scalp itchiness, greasy hair roots","Mild dryness, eye irritation if accidentally contacted",Hypersensitivity to zinc pyrithione,Low allergy potential,Generally recognized as safe in topical OTC rinse-off formulations,Age >= 2 years (pediatric cradle cap under advice),2-3 times per week,Massage thoroughly into scalp; leave on for 2-3 minutes before thorough rinsing,"Piroctone olamine, Ketoconazole, Selenium sulfide",General OTC skincare active. Suitable for conservative home routine under patch testing and appropriate safety screening.
MED-1251,Dandruff,Antifungal treatment,Zinc pyrithione,Scalp tonic,"Regulating scalp flaking, controlling Malassezia yeast activity, and relieving scalp itch with scalp tonic",All scalp types,Moderate,"Recurrent seasonal scalp flaking, tight itchy scalp sensation","Mild dryness, eye irritation if accidentally contacted",Hypersensitivity to zinc pyrithione,Low allergy potential,Generally recognized as safe in topical OTC rinse-off formulations,Age >= 2 years (pediatric cradle cap under advice),2-3 times per week,Massage thoroughly into scalp; leave on for 2-3 minutes before thorough rinsing,"Piroctone olamine, Ketoconazole, Selenium sulfide",General OTC skincare active. Suitable for conservative home routine under patch testing and appropriate safety screening.
MED-1252,Dandruff,Anti-inflammatory treatment,Clobetasol propionate (scalp),Shampoo,"Regulating scalp flaking, controlling Malassezia yeast activity, and relieving scalp itch with shampoo",Inflamed scalp,Severe,"Loose white/yellow flakes, scalp itchiness, greasy hair roots","Skin atrophy, burning, folliculitis, HPA axis suppression if overused","Untreated viral/fungal/bacterial scalp infection, rosacea, perioral dermatitis",High-potency super-potent corticosteroid; report burning or spreading rash,Prescription only; Category C; strictly as advised by dermatologist,Prescription only; age >= 18 years (pediatric use strictly specialist only),Strictly short course (max 2 consecutive weeks) under direct dermatologist supervision,Super-potent topical steroid; do NOT use unsupervised or on facial skin; taper as instructed,"Ketoconazole shampoo, Zinc pyrithione, Dermatologist assessment",PRESCRIPTION ONLY. Supervised dermatological evaluation required prior to initiation. DermaAI must refer user to licensed physician.
MED-1253,Dandruff,Antifungal treatment,Piroctone olamine,Leave-on scalp tonic,"Regulating scalp flaking, controlling Malassezia yeast activity, and relieving scalp itch with leave-on scalp tonic",Dry scalp,Mild,"Recurrent seasonal scalp flaking, tight itchy scalp sensation",Extremely well tolerated; very rare mild irritation,Known hypersensitivity,Hypoallergenic profile,Safe in OTC cosmetic concentrations during pregnancy,Age >= 3 years,2-3 times weekly,Gentle on sensitive scalps while controlling Malassezia yeast proliferation,"Zinc pyrithione, Ketoconazole",General OTC skincare active. Suitable for conservative home routine under patch testing and appropriate safety screening.
MED-1254,Dandruff,Scalp treatment,Coal tar,Medicated shampoo,"Regulating scalp flaking, controlling Malassezia yeast activity, and relieving scalp itch with medicated shampoo",Resistant scalp,Moderate,"Loose white/yellow flakes, scalp itchiness, greasy hair roots","Strong odor, staining of light hair/clothing, photosensitivity of scalp","Acute psoriasis flare with pustules, infected skin, pregnancy",Photosensitizing; discontinue if severe contact dermatitis or folliculitis occurs,CONTRAINDICATED in pregnancy and lactation due to polycyclic aromatic hydrocarbon content,Age >= 12 years (under medical supervision),1-2 times weekly as directed,Protects against UV exposure on scalp for 24 hours after use; stains white/blonde hair,"Ketoconazole, Salicylic acid, Zinc pyrithione",OTC/Specialist-tier active. Recommended for clinical dermatologist review if condition fails to improve within 2-4 weeks.
MED-1255,Dandruff,Antifungal treatment,Ketoconazole (1-2%),Shampoo,"Regulating scalp flaking, controlling Malassezia yeast activity, and relieving scalp itch with shampoo",All scalp types,Severe,"Dry scalp shedding, mild pruritus without marked erythema","Scalp dryness, mild hair texture changes, rare contact dermatitis",Known hypersensitivity to ketoconazole or azole antifungals,Allergy to azole antifungals; discontinue if severe itching or scalp edema occurs,Topical shampoo absorption is minimal; Category C; consult physician if pregnant,Age >= 12 years,"2-3 times weekly for 2-4 weeks, then once weekly for maintenance",Leave on scalp for 3-5 minutes before rinsing; avoid contact with eyes,"Zinc pyrithione, Selenium sulfide, Piroctone olamine",OTC/Specialist-tier active. Recommended for clinical dermatologist review if condition fails to improve within 2-4 weeks.
MED-1256,Dandruff,Scalp treatment,Coal tar,Scalp emulsion,"Regulating scalp flaking, controlling Malassezia yeast activity, and relieving scalp itch with scalp emulsion",Oily scalp,Severe,"Loose white/yellow flakes, scalp itchiness, greasy hair roots","Strong odor, staining of light hair/clothing, photosensitivity of scalp","Acute psoriasis flare with pustules, infected skin, pregnancy",Photosensitizing; discontinue if severe contact dermatitis or folliculitis occurs,CONTRAINDICATED in pregnancy and lactation due to polycyclic aromatic hydrocarbon content,Age >= 12 years (under medical supervision),1-2 times weekly as directed,Protects against UV exposure on scalp for 24 hours after use; stains white/blonde hair,"Ketoconazole, Salicylic acid, Zinc pyrithione",OTC/Specialist-tier active. Recommended for clinical dermatologist review if condition fails to improve within 2-4 weeks.
MED-1257,Dandruff,Anti-inflammatory treatment,Clobetasol propionate (scalp),Shampoo,"Regulating scalp flaking, controlling Malassezia yeast activity, and relieving scalp itch with shampoo",Inflamed scalp,Severe,"Recurrent seasonal scalp flaking, tight itchy scalp sensation","Skin atrophy, burning, folliculitis, HPA axis suppression if overused","Untreated viral/fungal/bacterial scalp infection, rosacea, perioral dermatitis",High-potency super-potent corticosteroid; report burning or spreading rash,Prescription only; Category C; strictly as advised by dermatologist,Prescription only; age >= 18 years (pediatric use strictly specialist only),Strictly short course (max 2 consecutive weeks) under direct dermatologist supervision,Super-potent topical steroid; do NOT use unsupervised or on facial skin; taper as instructed,"Ketoconazole shampoo, Zinc pyrithione, Dermatologist assessment",PRESCRIPTION ONLY. Supervised dermatological evaluation required prior to initiation. DermaAI must refer user to licensed physician.
MED-1258,Dandruff,Keratolytic/exfoliating treatment,Salicylic acid (scalp),Serum,"Regulating scalp flaking, controlling Malassezia yeast activity, and relieving scalp itch with serum",Oily scalp,Moderate,"Recurrent seasonal scalp flaking, tight itchy scalp sensation","Mild scalp dryness, temporary hair stiffness","Salicylate allergy, raw open scalp lesions",Aspirin/salicylate sensitive individuals should avoid,Rinse-off low concentration scalp shampoo acceptable; avoid extensive leave-on tonics,Age >= 12 years,1-2 times weekly,Lifts thick adherent dandruff scales; follow with a hydrating conditioner on hair lengths,"Piroctone olamine, Zinc pyrithione",General OTC skincare active. Suitable for conservative home routine under patch testing and appropriate safety screening.
MED-1259,Dandruff,Antifungal treatment,Ketoconazole (1-2%),Scalp solution,"Regulating scalp flaking, controlling Malassezia yeast activity, and relieving scalp itch with scalp solution",Oily scalp,Moderate,"Loose white/yellow flakes, scalp itchiness, greasy hair roots","Scalp dryness, mild hair texture changes, rare contact dermatitis",Known hypersensitivity to ketoconazole or azole antifungals,Allergy to azole antifungals; discontinue if severe itching or scalp edema occurs,Topical shampoo absorption is minimal; Category C; consult physician if pregnant,Age >= 12 years,"2-3 times weekly for 2-4 weeks, then once weekly for maintenance",Leave on scalp for 3-5 minutes before rinsing; avoid contact with eyes,"Zinc pyrithione, Selenium sulfide, Piroctone olamine",OTC/Specialist-tier active. Recommended for clinical dermatologist review if condition fails to improve within 2-4 weeks.
MED-1260,Dandruff,Antifungal treatment,Piroctone olamine,Leave-on scalp tonic,"Regulating scalp flaking, controlling Malassezia yeast activity, and relieving scalp itch with leave-on scalp tonic",Dry scalp,Moderate,"Adherent greasy plaques, moderate follicular scaling, itching",Extremely well tolerated; very rare mild irritation,Known hypersensitivity,Hypoallergenic profile,Safe in OTC cosmetic concentrations during pregnancy,Age >= 3 years,2-3 times weekly,Gentle on sensitive scalps while controlling Malassezia yeast proliferation,"Zinc pyrithione, Ketoconazole",General OTC skincare active. Suitable for conservative home routine under patch testing and appropriate safety screening.
MED-1261,Dandruff,Antifungal treatment,Zinc pyrithione,Scalp tonic,"Regulating scalp flaking, controlling Malassezia yeast activity, and relieving scalp itch with scalp tonic",All scalp types,Mild,"Dry scalp shedding, mild pruritus without marked erythema","Mild dryness, eye irritation if accidentally contacted",Hypersensitivity to zinc pyrithione,Low allergy potential,Generally recognized as safe in topical OTC rinse-off formulations,Age >= 2 years (pediatric cradle cap under advice),2-3 times per week,Massage thoroughly into scalp; leave on for 2-3 minutes before thorough rinsing,"Piroctone olamine, Ketoconazole, Selenium sulfide",General OTC skincare active. Suitable for conservative home routine under patch testing and appropriate safety screening.
MED-1262,Dandruff,Anti-inflammatory treatment,Clobetasol propionate (scalp),Shampoo,"Regulating scalp flaking, controlling Malassezia yeast activity, and relieving scalp itch with shampoo",Inflamed scalp,Severe,"Loose white/yellow flakes, scalp itchiness, greasy hair roots","Skin atrophy, burning, folliculitis, HPA axis suppression if overused","Untreated viral/fungal/bacterial scalp infection, rosacea, perioral dermatitis",High-potency super-potent corticosteroid; report burning or spreading rash,Prescription only; Category C; strictly as advised by dermatologist,Prescription only; age >= 18 years (pediatric use strictly specialist only),Strictly short course (max 2 consecutive weeks) under direct dermatologist supervision,Super-potent topical steroid; do NOT use unsupervised or on facial skin; taper as instructed,"Ketoconazole shampoo, Zinc pyrithione, Dermatologist assessment",PRESCRIPTION ONLY. Supervised dermatological evaluation required prior to initiation. DermaAI must refer user to licensed physician.
MED-1263,Dandruff,Keratolytic/exfoliating treatment,Salicylic acid (scalp),Shampoo,"Regulating scalp flaking, controlling Malassezia yeast activity, and relieving scalp itch with shampoo",Oily scalp,Moderate,"Recurrent seasonal scalp flaking, tight itchy scalp sensation","Mild scalp dryness, temporary hair stiffness","Salicylate allergy, raw open scalp lesions",Aspirin/salicylate sensitive individuals should avoid,Rinse-off low concentration scalp shampoo acceptable; avoid extensive leave-on tonics,Age >= 12 years,1-2 times weekly,Lifts thick adherent dandruff scales; follow with a hydrating conditioner on hair lengths,"Piroctone olamine, Zinc pyrithione",General OTC skincare active. Suitable for conservative home routine under patch testing and appropriate safety screening.
MED-1264,Dandruff,Scalp treatment,Coal tar,Scalp emulsion,"Regulating scalp flaking, controlling Malassezia yeast activity, and relieving scalp itch with scalp emulsion",Resistant scalp,Moderate,"Dry scalp shedding, mild pruritus without marked erythema","Strong odor, staining of light hair/clothing, photosensitivity of scalp","Acute psoriasis flare with pustules, infected skin, pregnancy",Photosensitizing; discontinue if severe contact dermatitis or folliculitis occurs,CONTRAINDICATED in pregnancy and lactation due to polycyclic aromatic hydrocarbon content,Age >= 12 years (under medical supervision),1-2 times weekly as directed,Protects against UV exposure on scalp for 24 hours after use; stains white/blonde hair,"Ketoconazole, Salicylic acid, Zinc pyrithione",OTC/Specialist-tier active. Recommended for clinical dermatologist review if condition fails to improve within 2-4 weeks.
MED-1265,Dandruff,Antifungal treatment,Zinc pyrithione,Shampoo,"Regulating scalp flaking, controlling Malassezia yeast activity, and relieving scalp itch with shampoo",All scalp types,Mild,"Adherent greasy plaques, moderate follicular scaling, itching","Mild dryness, eye irritation if accidentally contacted",Hypersensitivity to zinc pyrithione,Low allergy potential,Generally recognized as safe in topical OTC rinse-off formulations,Age >= 2 years (pediatric cradle cap under advice),2-3 times per week,Massage thoroughly into scalp; leave on for 2-3 minutes before thorough rinsing,"Piroctone olamine, Ketoconazole, Selenium sulfide",General OTC skincare active. Suitable for conservative home routine under patch testing and appropriate safety screening.
MED-1266,Dandruff,Antifungal treatment,Selenium sulfide,Medicated shampoo,"Regulating scalp flaking, controlling Malassezia yeast activity, and relieving scalp itch with medicated shampoo",Oily scalp,Moderate,"Adherent greasy plaques, moderate follicular scaling, itching","Scalp oiliness or dryness, temporary hair discoloration if not rinsed thoroughly","Broken, acutely inflamed scalp skin",Test on small area if known chemical sensitivities,Category C; consult doctor before use in pregnancy,Age >= 5 years,"Twice weekly for 2 weeks, then once weekly",Rinse thoroughly to prevent hair discoloration; remove metallic jewelry before use,"Ketoconazole, Zinc pyrithione",OTC/Specialist-tier active. Recommended for clinical dermatologist review if condition fails to improve within 2-4 weeks.
MED-1267,Dandruff,Keratolytic/exfoliating treatment,Salicylic acid (scalp),Scalp scrub,"Regulating scalp flaking, controlling Malassezia yeast activity, and relieving scalp itch with scalp scrub",Oily scalp,Mild,"Dry scalp shedding, mild pruritus without marked erythema","Mild scalp dryness, temporary hair stiffness","Salicylate allergy, raw open scalp lesions",Aspirin/salicylate sensitive individuals should avoid,Rinse-off low concentration scalp shampoo acceptable; avoid extensive leave-on tonics,Age >= 12 years,1-2 times weekly,Lifts thick adherent dandruff scales; follow with a hydrating conditioner on hair lengths,"Piroctone olamine, Zinc pyrithione",General OTC skincare active. Suitable for conservative home routine under patch testing and appropriate safety screening.
MED-1268,Dandruff,Anti-inflammatory treatment,Clobetasol propionate (scalp),Shampoo,"Regulating scalp flaking, controlling Malassezia yeast activity, and relieving scalp itch with shampoo",Inflamed scalp,Severe,"Adherent greasy plaques, moderate follicular scaling, itching","Skin atrophy, burning, folliculitis, HPA axis suppression if overused","Untreated viral/fungal/bacterial scalp infection, rosacea, perioral dermatitis",High-potency super-potent corticosteroid; report burning or spreading rash,Prescription only; Category C; strictly as advised by dermatologist,Prescription only; age >= 18 years (pediatric use strictly specialist only),Strictly short course (max 2 consecutive weeks) under direct dermatologist supervision,Super-potent topical steroid; do NOT use unsupervised or on facial skin; taper as instructed,"Ketoconazole shampoo, Zinc pyrithione, Dermatologist assessment",PRESCRIPTION ONLY. Supervised dermatological evaluation required prior to initiation. DermaAI must refer user to licensed physician.
MED-1269,Dandruff,Antifungal treatment,Selenium sulfide,Lotion,"Regulating scalp flaking, controlling Malassezia yeast activity, and relieving scalp itch with lotion",Normal scalp,Moderate,"Recurrent seasonal scalp flaking, tight itchy scalp sensation","Scalp oiliness or dryness, temporary hair discoloration if not rinsed thoroughly","Broken, acutely inflamed scalp skin",Test on small area if known chemical sensitivities,Category C; consult doctor before use in pregnancy,Age >= 5 years,"Twice weekly for 2 weeks, then once weekly",Rinse thoroughly to prevent hair discoloration; remove metallic jewelry before use,"Ketoconazole, Zinc pyrithione",OTC/Specialist-tier active. Recommended for clinical dermatologist review if condition fails to improve within 2-4 weeks.
MED-1270,Dandruff,Scalp treatment,Coal tar,Scalp emulsion,"Regulating scalp flaking, controlling Malassezia yeast activity, and relieving scalp itch with scalp emulsion",Resistant scalp,Moderate,"Loose white/yellow flakes, scalp itchiness, greasy hair roots","Strong odor, staining of light hair/clothing, photosensitivity of scalp","Acute psoriasis flare with pustules, infected skin, pregnancy",Photosensitizing; discontinue if severe contact dermatitis or folliculitis occurs,CONTRAINDICATED in pregnancy and lactation due to polycyclic aromatic hydrocarbon content,Age >= 12 years (under medical supervision),1-2 times weekly as directed,Protects against UV exposure on scalp for 24 hours after use; stains white/blonde hair,"Ketoconazole, Salicylic acid, Zinc pyrithione",OTC/Specialist-tier active. Recommended for clinical dermatologist review if condition fails to improve within 2-4 weeks.
MED-1271,Dandruff,Scalp treatment,Coal tar,Scalp emulsion,"Regulating scalp flaking, controlling Malassezia yeast activity, and relieving scalp itch with scalp emulsion",Oily scalp,Severe,"Loose white/yellow flakes, scalp itchiness, greasy hair roots","Strong odor, staining of light hair/clothing, photosensitivity of scalp","Acute psoriasis flare with pustules, infected skin, pregnancy",Photosensitizing; discontinue if severe contact dermatitis or folliculitis occurs,CONTRAINDICATED in pregnancy and lactation due to polycyclic aromatic hydrocarbon content,Age >= 12 years (under medical supervision),1-2 times weekly as directed,Protects against UV exposure on scalp for 24 hours after use; stains white/blonde hair,"Ketoconazole, Salicylic acid, Zinc pyrithione",OTC/Specialist-tier active. Recommended for clinical dermatologist review if condition fails to improve within 2-4 weeks.
MED-1272,Dandruff,Antifungal treatment,Piroctone olamine,Leave-on scalp tonic,"Regulating scalp flaking, controlling Malassezia yeast activity, and relieving scalp itch with leave-on scalp tonic",Sensitive scalp,Mild,"Recurrent seasonal scalp flaking, tight itchy scalp sensation",Extremely well tolerated; very rare mild irritation,Known hypersensitivity,Hypoallergenic profile,Safe in OTC cosmetic concentrations during pregnancy,Age >= 3 years,2-3 times weekly,Gentle on sensitive scalps while controlling Malassezia yeast proliferation,"Zinc pyrithione, Ketoconazole",General OTC skincare active. Suitable for conservative home routine under patch testing and appropriate safety screening.
MED-1273,Dandruff,Anti-inflammatory treatment,Clobetasol propionate (scalp),Scalp solution,"Regulating scalp flaking, controlling Malassezia yeast activity, and relieving scalp itch with scalp solution",Inflamed scalp,Severe,"Adherent greasy plaques, moderate follicular scaling, itching","Skin atrophy, burning, folliculitis, HPA axis suppression if overused","Untreated viral/fungal/bacterial scalp infection, rosacea, perioral dermatitis",High-potency super-potent corticosteroid; report burning or spreading rash,Prescription only; Category C; strictly as advised by dermatologist,Prescription only; age >= 18 years (pediatric use strictly specialist only),Strictly short course (max 2 consecutive weeks) under direct dermatologist supervision,Super-potent topical steroid; do NOT use unsupervised or on facial skin; taper as instructed,"Ketoconazole shampoo, Zinc pyrithione, Dermatologist assessment",PRESCRIPTION ONLY. Supervised dermatological evaluation required prior to initiation. DermaAI must refer user to licensed physician.
MED-1274,Dandruff,Anti-inflammatory treatment,Clobetasol propionate (scalp),Scalp solution,"Regulating scalp flaking, controlling Malassezia yeast activity, and relieving scalp itch with scalp solution",Inflamed scalp,Severe,"Loose white/yellow flakes, scalp itchiness, greasy hair roots","Skin atrophy, burning, folliculitis, HPA axis suppression if overused","Untreated viral/fungal/bacterial scalp infection, rosacea, perioral dermatitis",High-potency super-potent corticosteroid; report burning or spreading rash,Prescription only; Category C; strictly as advised by dermatologist,Prescription only; age >= 18 years (pediatric use strictly specialist only),Strictly short course (max 2 consecutive weeks) under direct dermatologist supervision,Super-potent topical steroid; do NOT use unsupervised or on facial skin; taper as instructed,"Ketoconazole shampoo, Zinc pyrithione, Dermatologist assessment",PRESCRIPTION ONLY. Supervised dermatological evaluation required prior to initiation. DermaAI must refer user to licensed physician.
MED-1275,Dandruff,Antifungal treatment,Piroctone olamine,Shampoo,"Regulating scalp flaking, controlling Malassezia yeast activity, and relieving scalp itch with shampoo",Sensitive scalp,Mild,"Dry scalp shedding, mild pruritus without marked erythema",Extremely well tolerated; very rare mild irritation,Known hypersensitivity,Hypoallergenic profile,Safe in OTC cosmetic concentrations during pregnancy,Age >= 3 years,2-3 times weekly,Gentle on sensitive scalps while controlling Malassezia yeast proliferation,"Zinc pyrithione, Ketoconazole",General OTC skincare active. Suitable for conservative home routine under patch testing and appropriate safety screening.
MED-1276,Fungal skin concerns,Antifungal treatment,Econazole,Cream,"Topical antifungal management for superficial tinea infections, fungal scaling, and cutaneous mycoses using cream",All skin types,Moderate,Hypopigmented or hyperpigmented fine scaling patches (tinea versicolor),"Burning, stinging, pruritus",Hypersensitivity to econazole,Azole allergy precaution,Category C; use during pregnancy only when clearly needed,Age >= 12 years,Once daily for 2-4 weeks,Avoid application near eyes or on open wounds,"Clotrimazole, Terbinafine",OTC/Specialist-tier active. Recommended for clinical dermatologist review if condition fails to improve within 2-4 weeks.
MED-1277,Fungal skin concerns,Antifungal treatment,Terbinafine,Gel,"Topical antifungal management for superficial tinea infections, fungal scaling, and cutaneous mycoses using gel",All skin types,Moderate,Hypopigmented or hyperpigmented fine scaling patches (tinea versicolor),"Mild stinging, redness, peeling, dryness",Hypersensitivity to allylamine antifungals,Allylamine group allergy; stop if severe urticaria occurs,Category B; topical use has minimal systemic absorption; consult doctor,Age >= 12 years,Once or twice daily for 1 to 2 weeks,Faster mycological cure rate than imidazoles for tinea pedis/corporis; complete recommended course,"Clotrimazole, Miconazole, Ciclopirox olamine",General OTC skincare active. Suitable for conservative home routine under patch testing and appropriate safety screening.
MED-1278,Fungal skin concerns,Antifungal treatment,Econazole,Cream,"Topical antifungal management for superficial tinea infections, fungal scaling, and cutaneous mycoses using cream",All skin types,Moderate,Hypopigmented or hyperpigmented fine scaling patches (tinea versicolor),"Burning, stinging, pruritus",Hypersensitivity to econazole,Azole allergy precaution,Category C; use during pregnancy only when clearly needed,Age >= 12 years,Once daily for 2-4 weeks,Avoid application near eyes or on open wounds,"Clotrimazole, Terbinafine",OTC/Specialist-tier active. Recommended for clinical dermatologist review if condition fails to improve within 2-4 weeks.
MED-1279,Fungal skin concerns,Antifungal treatment,Clotrimazole,Spray,"Topical antifungal management for superficial tinea infections, fungal scaling, and cutaneous mycoses using spray",All skin types,Moderate,Hypopigmented or hyperpigmented fine scaling patches (tinea versicolor),"Mild burning, stinging, erythema, localized irritation",Known hypersensitivity to clotrimazole or imidazole antifungals,"Discontinue if swelling, blistering, or hives occur",Topical OTC use is generally safe in pregnancy; Category B,Age >= 2 years (under parental supervision / pediatric guidance),Twice daily for 2 to 4 weeks depending on fungal area,Keep affected skin clean and dry; continue treatment for 1 week after symptoms disappear,"Miconazole, Terbinafine",General OTC skincare active. Suitable for conservative home routine under patch testing and appropriate safety screening.
MED-1280,Fungal skin concerns,Antifungal treatment,Econazole,Cream,"Topical antifungal management for superficial tinea infections, fungal scaling, and cutaneous mycoses using cream",All skin types,Moderate,Pruritic maceration in intertriginous skin folds / toes,"Burning, stinging, pruritus",Hypersensitivity to econazole,Azole allergy precaution,Category C; use during pregnancy only when clearly needed,Age >= 12 years,Once daily for 2-4 weeks,Avoid application near eyes or on open wounds,"Clotrimazole, Terbinafine",OTC/Specialist-tier active. Recommended for clinical dermatologist review if condition fails to improve within 2-4 weeks.
MED-1281,Fungal skin concerns,Antifungal treatment,Terbinafine,Gel,"Topical antifungal management for superficial tinea infections, fungal scaling, and cutaneous mycoses using gel",All skin types,Moderate,Annular scaly plaques with central clearing (ringworm pattern),"Mild stinging, redness, peeling, dryness",Hypersensitivity to allylamine antifungals,Allylamine group allergy; stop if severe urticaria occurs,Category B; topical use has minimal systemic absorption; consult doctor,Age >= 12 years,Once or twice daily for 1 to 2 weeks,Faster mycological cure rate than imidazoles for tinea pedis/corporis; complete recommended course,"Clotrimazole, Miconazole, Ciclopirox olamine",General OTC skincare active. Suitable for conservative home routine under patch testing and appropriate safety screening.
MED-1282,Fungal skin concerns,Antifungal treatment,Terbinafine,Spray,"Topical antifungal management for superficial tinea infections, fungal scaling, and cutaneous mycoses using spray",All skin types,Moderate,Pruritic maceration in intertriginous skin folds / toes,"Mild stinging, redness, peeling, dryness",Hypersensitivity to allylamine antifungals,Allylamine group allergy; stop if severe urticaria occurs,Category B; topical use has minimal systemic absorption; consult doctor,Age >= 12 years,Once or twice daily for 1 to 2 weeks,Faster mycological cure rate than imidazoles for tinea pedis/corporis; complete recommended course,"Clotrimazole, Miconazole, Ciclopirox olamine",General OTC skincare active. Suitable for conservative home routine under patch testing and appropriate safety screening.
MED-1283,Fungal skin concerns,Antifungal treatment,Econazole,Cream,"Topical antifungal management for superficial tinea infections, fungal scaling, and cutaneous mycoses using cream",All skin types,Moderate,Annular scaly plaques with central clearing (ringworm pattern),"Burning, stinging, pruritus",Hypersensitivity to econazole,Azole allergy precaution,Category C; use during pregnancy only when clearly needed,Age >= 12 years,Once daily for 2-4 weeks,Avoid application near eyes or on open wounds,"Clotrimazole, Terbinafine",OTC/Specialist-tier active. Recommended for clinical dermatologist review if condition fails to improve within 2-4 weeks.
MED-1284,Fungal skin concerns,Antifungal treatment,Terbinafine,Gel,"Topical antifungal management for superficial tinea infections, fungal scaling, and cutaneous mycoses using gel",All skin types,Mild,Hypopigmented or hyperpigmented fine scaling patches (tinea versicolor),"Mild stinging, redness, peeling, dryness",Hypersensitivity to allylamine antifungals,Allylamine group allergy; stop if severe urticaria occurs,Category B; topical use has minimal systemic absorption; consult doctor,Age >= 12 years,Once or twice daily for 1 to 2 weeks,Faster mycological cure rate than imidazoles for tinea pedis/corporis; complete recommended course,"Clotrimazole, Miconazole, Ciclopirox olamine",General OTC skincare active. Suitable for conservative home routine under patch testing and appropriate safety screening.
MED-1285,Fungal skin concerns,Antifungal treatment,Fluconazole (oral),Oral tablet,"Topical antifungal management for superficial tinea infections, fungal scaling, and cutaneous mycoses using oral tablet",Systemic/Severe concerns,Severe,Pruritic maceration in intertriginous skin folds / toes,"Headache, nausea, abdominal pain, liver enzyme elevation, drug interactions","Coadministration with terfenadine/cisapride, liver dysfunction, pregnancy",Systemic azole allergy; risk of anaphylaxis or severe drug eruption (DRESS/SJS),STRICTLY CONTRAINDICATED in pregnancy (Teratogenic in high/repeated doses),Prescription only; specialist evaluation required,Strictly prescribed by dermatologist/physician (e.g. weekly single-dose regimens),Systemic medication; requires liver function monitoring and complete review of concurrent drugs,"Topical Terbinafine, Topical Ketoconazole under doctor care",PRESCRIPTION ONLY. Supervised dermatological evaluation required prior to initiation. DermaAI must refer user to licensed physician.
MED-1286,Fungal skin concerns,Antifungal treatment,Miconazole,Cream,"Topical antifungal management for superficial tinea infections, fungal scaling, and cutaneous mycoses using cream",All skin types,Moderate,Annular scaly plaques with central clearing (ringworm pattern),"Mild irritation, redness, maceration in skin folds",Hypersensitivity to miconazole,Imidazole class allergy precaution,Category C (topical low absorption); consult doctor if pregnant,Age >= 2 years,Twice daily for 2 to 4 weeks,"Ensure intertriginous areas (toes, groin) are dried thoroughly before application","Clotrimazole, Terbinafine",General OTC skincare active. Suitable for conservative home routine under patch testing and appropriate safety screening.
MED-1287,Fungal skin concerns,Antifungal treatment,Econazole,Cream,"Topical antifungal management for superficial tinea infections, fungal scaling, and cutaneous mycoses using cream",All skin types,Moderate,Pruritic maceration in intertriginous skin folds / toes,"Burning, stinging, pruritus",Hypersensitivity to econazole,Azole allergy precaution,Category C; use during pregnancy only when clearly needed,Age >= 12 years,Once daily for 2-4 weeks,Avoid application near eyes or on open wounds,"Clotrimazole, Terbinafine",OTC/Specialist-tier active. Recommended for clinical dermatologist review if condition fails to improve within 2-4 weeks.
MED-1288,Fungal skin concerns,Antifungal treatment,Miconazole,Cream,"Topical antifungal management for superficial tinea infections, fungal scaling, and cutaneous mycoses using cream",All skin types,Mild,Annular scaly plaques with central clearing (ringworm pattern),"Mild irritation, redness, maceration in skin folds",Hypersensitivity to miconazole,Imidazole class allergy precaution,Category C (topical low absorption); consult doctor if pregnant,Age >= 2 years,Twice daily for 2 to 4 weeks,"Ensure intertriginous areas (toes, groin) are dried thoroughly before application","Clotrimazole, Terbinafine",General OTC skincare active. Suitable for conservative home routine under patch testing and appropriate safety screening.
MED-1289,Fungal skin concerns,Antifungal treatment,Ketoconazole,Body wash,"Topical antifungal management for superficial tinea infections, fungal scaling, and cutaneous mycoses using body wash",All skin types,Moderate,Hypopigmented or hyperpigmented fine scaling patches (tinea versicolor),"Dryness, burning sensation, irritation",Known imidazole antifungal allergy,Cross-sensitivity with other azole antifungals,Consult physician for topical body use during pregnancy,Age >= 12 years,Once or twice daily for specified course (typically 2-4 weeks),Complete the full recommended course even if visible symptoms clear early,"Clotrimazole, Terbinafine, Miconazole",OTC/Specialist-tier active. Recommended for clinical dermatologist review if condition fails to improve within 2-4 weeks.
MED-1290,Fungal skin concerns,Antifungal treatment,Fluconazole (oral),Oral tablet,"Topical antifungal management for superficial tinea infections, fungal scaling, and cutaneous mycoses using oral tablet",Systemic/Severe concerns,Severe,Hypopigmented or hyperpigmented fine scaling patches (tinea versicolor),"Headache, nausea, abdominal pain, liver enzyme elevation, drug interactions","Coadministration with terfenadine/cisapride, liver dysfunction, pregnancy",Systemic azole allergy; risk of anaphylaxis or severe drug eruption (DRESS/SJS),STRICTLY CONTRAINDICATED in pregnancy (Teratogenic in high/repeated doses),Prescription only; specialist evaluation required,Strictly prescribed by dermatologist/physician (e.g. weekly single-dose regimens),Systemic medication; requires liver function monitoring and complete review of concurrent drugs,"Topical Terbinafine, Topical Ketoconazole under doctor care",PRESCRIPTION ONLY. Supervised dermatological evaluation required prior to initiation. DermaAI must refer user to licensed physician.
MED-1291,Fungal skin concerns,Antifungal treatment,Fluconazole (oral),Oral tablet,"Topical antifungal management for superficial tinea infections, fungal scaling, and cutaneous mycoses using oral tablet",Systemic/Severe concerns,Severe,Follicular uniform itchy pustules/bumps across upper back/chest,"Headache, nausea, abdominal pain, liver enzyme elevation, drug interactions","Coadministration with terfenadine/cisapride, liver dysfunction, pregnancy",Systemic azole allergy; risk of anaphylaxis or severe drug eruption (DRESS/SJS),STRICTLY CONTRAINDICATED in pregnancy (Teratogenic in high/repeated doses),Prescription only; specialist evaluation required,Strictly prescribed by dermatologist/physician (e.g. weekly single-dose regimens),Systemic medication; requires liver function monitoring and complete review of concurrent drugs,"Topical Terbinafine, Topical Ketoconazole under doctor care",PRESCRIPTION ONLY. Supervised dermatological evaluation required prior to initiation. DermaAI must refer user to licensed physician.
MED-1292,Fungal skin concerns,Antifungal treatment,Ketoconazole,Body wash,"Topical antifungal management for superficial tinea infections, fungal scaling, and cutaneous mycoses using body wash",All skin types,Severe,Pruritic maceration in intertriginous skin folds / toes,"Dryness, burning sensation, irritation",Known imidazole antifungal allergy,Cross-sensitivity with other azole antifungals,Consult physician for topical body use during pregnancy,Age >= 12 years,Once or twice daily for specified course (typically 2-4 weeks),Complete the full recommended course even if visible symptoms clear early,"Clotrimazole, Terbinafine, Miconazole",OTC/Specialist-tier active. Recommended for clinical dermatologist review if condition fails to improve within 2-4 weeks.
MED-1293,Fungal skin concerns,Antifungal treatment,Fluconazole (oral),Oral tablet,"Topical antifungal management for superficial tinea infections, fungal scaling, and cutaneous mycoses using oral tablet",Systemic/Severe concerns,Severe,Annular scaly plaques with central clearing (ringworm pattern),"Headache, nausea, abdominal pain, liver enzyme elevation, drug interactions","Coadministration with terfenadine/cisapride, liver dysfunction, pregnancy",Systemic azole allergy; risk of anaphylaxis or severe drug eruption (DRESS/SJS),STRICTLY CONTRAINDICATED in pregnancy (Teratogenic in high/repeated doses),Prescription only; specialist evaluation required,Strictly prescribed by dermatologist/physician (e.g. weekly single-dose regimens),Systemic medication; requires liver function monitoring and complete review of concurrent drugs,"Topical Terbinafine, Topical Ketoconazole under doctor care",PRESCRIPTION ONLY. Supervised dermatological evaluation required prior to initiation. DermaAI must refer user to licensed physician.
MED-1294,Fungal skin concerns,Antifungal treatment,Econazole,Cream,"Topical antifungal management for superficial tinea infections, fungal scaling, and cutaneous mycoses using cream",All skin types,Moderate,Annular scaly plaques with central clearing (ringworm pattern),"Burning, stinging, pruritus",Hypersensitivity to econazole,Azole allergy precaution,Category C; use during pregnancy only when clearly needed,Age >= 12 years,Once daily for 2-4 weeks,Avoid application near eyes or on open wounds,"Clotrimazole, Terbinafine",OTC/Specialist-tier active. Recommended for clinical dermatologist review if condition fails to improve within 2-4 weeks.
MED-1295,Fungal skin concerns,Antifungal treatment,Terbinafine,Cream,"Topical antifungal management for superficial tinea infections, fungal scaling, and cutaneous mycoses using cream",All skin types,Mild,Follicular uniform itchy pustules/bumps across upper back/chest,"Mild stinging, redness, peeling, dryness",Hypersensitivity to allylamine antifungals,Allylamine group allergy; stop if severe urticaria occurs,Category B; topical use has minimal systemic absorption; consult doctor,Age >= 12 years,Once or twice daily for 1 to 2 weeks,Faster mycological cure rate than imidazoles for tinea pedis/corporis; complete recommended course,"Clotrimazole, Miconazole, Ciclopirox olamine",General OTC skincare active. Suitable for conservative home routine under patch testing and appropriate safety screening.
MED-1296,Fungal skin concerns,Antifungal treatment,Ciclopirox olamine,Cream,"Topical antifungal management for superficial tinea infections, fungal scaling, and cutaneous mycoses using cream",All skin types,Severe,Pruritic maceration in intertriginous skin folds / toes,"Burning sensation, localized redness, itching",Hypersensitivity to ciclopirox,Report severe contact dermatitis,Category B; consult healthcare provider,Age >= 10 years,Twice daily as directed,Broad-spectrum antifungal with mild anti-inflammatory activity,"Ketoconazole, Terbinafine",OTC/Specialist-tier active. Recommended for clinical dermatologist review if condition fails to improve within 2-4 weeks.
MED-1297,Fungal skin concerns,Antifungal treatment,Fluconazole (oral),Oral tablet,"Topical antifungal management for superficial tinea infections, fungal scaling, and cutaneous mycoses using oral tablet",Systemic/Severe concerns,Severe,Follicular uniform itchy pustules/bumps across upper back/chest,"Headache, nausea, abdominal pain, liver enzyme elevation, drug interactions","Coadministration with terfenadine/cisapride, liver dysfunction, pregnancy",Systemic azole allergy; risk of anaphylaxis or severe drug eruption (DRESS/SJS),STRICTLY CONTRAINDICATED in pregnancy (Teratogenic in high/repeated doses),Prescription only; specialist evaluation required,Strictly prescribed by dermatologist/physician (e.g. weekly single-dose regimens),Systemic medication; requires liver function monitoring and complete review of concurrent drugs,"Topical Terbinafine, Topical Ketoconazole under doctor care",PRESCRIPTION ONLY. Supervised dermatological evaluation required prior to initiation. DermaAI must refer user to licensed physician.
MED-1298,Fungal skin concerns,Antifungal treatment,Clotrimazole,Powder,"Topical antifungal management for superficial tinea infections, fungal scaling, and cutaneous mycoses using powder",All skin types,Moderate,Follicular uniform itchy pustules/bumps across upper back/chest,"Mild burning, stinging, erythema, localized irritation",Known hypersensitivity to clotrimazole or imidazole antifungals,"Discontinue if swelling, blistering, or hives occur",Topical OTC use is generally safe in pregnancy; Category B,Age >= 2 years (under parental supervision / pediatric guidance),Twice daily for 2 to 4 weeks depending on fungal area,Keep affected skin clean and dry; continue treatment for 1 week after symptoms disappear,"Miconazole, Terbinafine",General OTC skincare active. Suitable for conservative home routine under patch testing and appropriate safety screening.
MED-1299,Fungal skin concerns,Antifungal treatment,Clotrimazole,Powder,"Topical antifungal management for superficial tinea infections, fungal scaling, and cutaneous mycoses using powder",All skin types,Mild,Hypopigmented or hyperpigmented fine scaling patches (tinea versicolor),"Mild burning, stinging, erythema, localized irritation",Known hypersensitivity to clotrimazole or imidazole antifungals,"Discontinue if swelling, blistering, or hives occur",Topical OTC use is generally safe in pregnancy; Category B,Age >= 2 years (under parental supervision / pediatric guidance),Twice daily for 2 to 4 weeks depending on fungal area,Keep affected skin clean and dry; continue treatment for 1 week after symptoms disappear,"Miconazole, Terbinafine",General OTC skincare active. Suitable for conservative home routine under patch testing and appropriate safety screening.
MED-1300,Fungal skin concerns,Antifungal treatment,Clotrimazole,Spray,"Topical antifungal management for superficial tinea infections, fungal scaling, and cutaneous mycoses using spray",All skin types,Moderate,Pruritic maceration in intertriginous skin folds / toes,"Mild burning, stinging, erythema, localized irritation",Known hypersensitivity to clotrimazole or imidazole antifungals,"Discontinue if swelling, blistering, or hives occur",Topical OTC use is generally safe in pregnancy; Category B,Age >= 2 years (under parental supervision / pediatric guidance),Twice daily for 2 to 4 weeks depending on fungal area,Keep affected skin clean and dry; continue treatment for 1 week after symptoms disappear,"Miconazole, Terbinafine",General OTC skincare active. Suitable for conservative home routine under patch testing and appropriate safety screening.
MED-1301,Fungal skin concerns,Antifungal treatment,Clotrimazole,Powder,"Topical antifungal management for superficial tinea infections, fungal scaling, and cutaneous mycoses using powder",All skin types,Moderate,Follicular uniform itchy pustules/bumps across upper back/chest,"Mild burning, stinging, erythema, localized irritation",Known hypersensitivity to clotrimazole or imidazole antifungals,"Discontinue if swelling, blistering, or hives occur",Topical OTC use is generally safe in pregnancy; Category B,Age >= 2 years (under parental supervision / pediatric guidance),Twice daily for 2 to 4 weeks depending on fungal area,Keep affected skin clean and dry; continue treatment for 1 week after symptoms disappear,"Miconazole, Terbinafine",General OTC skincare active. Suitable for conservative home routine under patch testing and appropriate safety screening.
MED-1302,Fungal skin concerns,Antifungal treatment,Ketoconazole,Cream,"Topical antifungal management for superficial tinea infections, fungal scaling, and cutaneous mycoses using cream",All skin types,Moderate,Hypopigmented or hyperpigmented fine scaling patches (tinea versicolor),"Dryness, burning sensation, irritation",Known imidazole antifungal allergy,Cross-sensitivity with other azole antifungals,Consult physician for topical body use during pregnancy,Age >= 12 years,Once or twice daily for specified course (typically 2-4 weeks),Complete the full recommended course even if visible symptoms clear early,"Clotrimazole, Terbinafine, Miconazole",OTC/Specialist-tier active. Recommended for clinical dermatologist review if condition fails to improve within 2-4 weeks.
MED-1303,Fungal skin concerns,Antifungal treatment,Miconazole,Cream,"Topical antifungal management for superficial tinea infections, fungal scaling, and cutaneous mycoses using cream",All skin types,Moderate,Hypopigmented or hyperpigmented fine scaling patches (tinea versicolor),"Mild irritation, redness, maceration in skin folds",Hypersensitivity to miconazole,Imidazole class allergy precaution,Category C (topical low absorption); consult doctor if pregnant,Age >= 2 years,Twice daily for 2 to 4 weeks,"Ensure intertriginous areas (toes, groin) are dried thoroughly before application","Clotrimazole, Terbinafine",General OTC skincare active. Suitable for conservative home routine under patch testing and appropriate safety screening.
MED-1304,Fungal skin concerns,Antifungal treatment,Miconazole,Powder,"Topical antifungal management for superficial tinea infections, fungal scaling, and cutaneous mycoses using powder",All skin types,Mild,Pruritic maceration in intertriginous skin folds / toes,"Mild irritation, redness, maceration in skin folds",Hypersensitivity to miconazole,Imidazole class allergy precaution,Category C (topical low absorption); consult doctor if pregnant,Age >= 2 years,Twice daily for 2 to 4 weeks,"Ensure intertriginous areas (toes, groin) are dried thoroughly before application","Clotrimazole, Terbinafine",General OTC skincare active. Suitable for conservative home routine under patch testing and appropriate safety screening.
MED-1305,Fungal skin concerns,Antifungal treatment,Ketoconazole,Body wash,"Topical antifungal management for superficial tinea infections, fungal scaling, and cutaneous mycoses using body wash",All skin types,Moderate,Follicular uniform itchy pustules/bumps across upper back/chest,"Dryness, burning sensation, irritation",Known imidazole antifungal allergy,Cross-sensitivity with other azole antifungals,Consult physician for topical body use during pregnancy,Age >= 12 years,Once or twice daily for specified course (typically 2-4 weeks),Complete the full recommended course even if visible symptoms clear early,"Clotrimazole, Terbinafine, Miconazole",OTC/Specialist-tier active. Recommended for clinical dermatologist review if condition fails to improve within 2-4 weeks.
MED-1306,Fungal skin concerns,Antifungal treatment,Ciclopirox olamine,Cream,"Topical antifungal management for superficial tinea infections, fungal scaling, and cutaneous mycoses using cream",All skin types,Moderate,Hypopigmented or hyperpigmented fine scaling patches (tinea versicolor),"Burning sensation, localized redness, itching",Hypersensitivity to ciclopirox,Report severe contact dermatitis,Category B; consult healthcare provider,Age >= 10 years,Twice daily as directed,Broad-spectrum antifungal with mild anti-inflammatory activity,"Ketoconazole, Terbinafine",OTC/Specialist-tier active. Recommended for clinical dermatologist review if condition fails to improve within 2-4 weeks.
MED-1307,Fungal skin concerns,Antifungal treatment,Ketoconazole,Cream,"Topical antifungal management for superficial tinea infections, fungal scaling, and cutaneous mycoses using cream",All skin types,Severe,Follicular uniform itchy pustules/bumps across upper back/chest,"Dryness, burning sensation, irritation",Known imidazole antifungal allergy,Cross-sensitivity with other azole antifungals,Consult physician for topical body use during pregnancy,Age >= 12 years,Once or twice daily for specified course (typically 2-4 weeks),Complete the full recommended course even if visible symptoms clear early,"Clotrimazole, Terbinafine, Miconazole",OTC/Specialist-tier active. Recommended for clinical dermatologist review if condition fails to improve within 2-4 weeks.
MED-1308,Fungal skin concerns,Antifungal treatment,Miconazole,Ointment,"Topical antifungal management for superficial tinea infections, fungal scaling, and cutaneous mycoses using ointment",All skin types,Mild,Annular scaly plaques with central clearing (ringworm pattern),"Mild irritation, redness, maceration in skin folds",Hypersensitivity to miconazole,Imidazole class allergy precaution,Category C (topical low absorption); consult doctor if pregnant,Age >= 2 years,Twice daily for 2 to 4 weeks,"Ensure intertriginous areas (toes, groin) are dried thoroughly before application","Clotrimazole, Terbinafine",General OTC skincare active. Suitable for conservative home routine under patch testing and appropriate safety screening.
MED-1309,Fungal skin concerns,Antifungal treatment,Ciclopirox olamine,Cream,"Topical antifungal management for superficial tinea infections, fungal scaling, and cutaneous mycoses using cream",All skin types,Severe,Annular scaly plaques with central clearing (ringworm pattern),"Burning sensation, localized redness, itching",Hypersensitivity to ciclopirox,Report severe contact dermatitis,Category B; consult healthcare provider,Age >= 10 years,Twice daily as directed,Broad-spectrum antifungal with mild anti-inflammatory activity,"Ketoconazole, Terbinafine",OTC/Specialist-tier active. Recommended for clinical dermatologist review if condition fails to improve within 2-4 weeks.
MED-1310,Fungal skin concerns,Antifungal treatment,Econazole,Cream,"Topical antifungal management for superficial tinea infections, fungal scaling, and cutaneous mycoses using cream",All skin types,Moderate,Annular scaly plaques with central clearing (ringworm pattern),"Burning, stinging, pruritus",Hypersensitivity to econazole,Azole allergy precaution,Category C; use during pregnancy only when clearly needed,Age >= 12 years,Once daily for 2-4 weeks,Avoid application near eyes or on open wounds,"Clotrimazole, Terbinafine",OTC/Specialist-tier active. Recommended for clinical dermatologist review if condition fails to improve within 2-4 weeks.
MED-1311,Fungal skin concerns,Antifungal treatment,Terbinafine,Cream,"Topical antifungal management for superficial tinea infections, fungal scaling, and cutaneous mycoses using cream",All skin types,Moderate,Annular scaly plaques with central clearing (ringworm pattern),"Mild stinging, redness, peeling, dryness",Hypersensitivity to allylamine antifungals,Allylamine group allergy; stop if severe urticaria occurs,Category B; topical use has minimal systemic absorption; consult doctor,Age >= 12 years,Once or twice daily for 1 to 2 weeks,Faster mycological cure rate than imidazoles for tinea pedis/corporis; complete recommended course,"Clotrimazole, Miconazole, Ciclopirox olamine",General OTC skincare active. Suitable for conservative home routine under patch testing and appropriate safety screening.
MED-1312,Fungal skin concerns,Antifungal treatment,Fluconazole (oral),Oral tablet,"Topical antifungal management for superficial tinea infections, fungal scaling, and cutaneous mycoses using oral tablet",Systemic/Severe concerns,Severe,Hypopigmented or hyperpigmented fine scaling patches (tinea versicolor),"Headache, nausea, abdominal pain, liver enzyme elevation, drug interactions","Coadministration with terfenadine/cisapride, liver dysfunction, pregnancy",Systemic azole allergy; risk of anaphylaxis or severe drug eruption (DRESS/SJS),STRICTLY CONTRAINDICATED in pregnancy (Teratogenic in high/repeated doses),Prescription only; specialist evaluation required,Strictly prescribed by dermatologist/physician (e.g. weekly single-dose regimens),Systemic medication; requires liver function monitoring and complete review of concurrent drugs,"Topical Terbinafine, Topical Ketoconazole under doctor care",PRESCRIPTION ONLY. Supervised dermatological evaluation required prior to initiation. DermaAI must refer user to licensed physician.
MED-1313,Fungal skin concerns,Antifungal treatment,Ciclopirox olamine,Lotion,"Topical antifungal management for superficial tinea infections, fungal scaling, and cutaneous mycoses using lotion",All skin types,Moderate,Follicular uniform itchy pustules/bumps across upper back/chest,"Burning sensation, localized redness, itching",Hypersensitivity to ciclopirox,Report severe contact dermatitis,Category B; consult healthcare provider,Age >= 10 years,Twice daily as directed,Broad-spectrum antifungal with mild anti-inflammatory activity,"Ketoconazole, Terbinafine",OTC/Specialist-tier active. Recommended for clinical dermatologist review if condition fails to improve within 2-4 weeks.
MED-1314,Fungal skin concerns,Antifungal treatment,Econazole,Cream,"Topical antifungal management for superficial tinea infections, fungal scaling, and cutaneous mycoses using cream",All skin types,Moderate,Follicular uniform itchy pustules/bumps across upper back/chest,"Burning, stinging, pruritus",Hypersensitivity to econazole,Azole allergy precaution,Category C; use during pregnancy only when clearly needed,Age >= 12 years,Once daily for 2-4 weeks,Avoid application near eyes or on open wounds,"Clotrimazole, Terbinafine",OTC/Specialist-tier active. Recommended for clinical dermatologist review if condition fails to improve within 2-4 weeks.
MED-1315,Fungal skin concerns,Antifungal treatment,Clotrimazole,Powder,"Topical antifungal management for superficial tinea infections, fungal scaling, and cutaneous mycoses using powder",All skin types,Mild,Pruritic maceration in intertriginous skin folds / toes,"Mild burning, stinging, erythema, localized irritation",Known hypersensitivity to clotrimazole or imidazole antifungals,"Discontinue if swelling, blistering, or hives occur",Topical OTC use is generally safe in pregnancy; Category B,Age >= 2 years (under parental supervision / pediatric guidance),Twice daily for 2 to 4 weeks depending on fungal area,Keep affected skin clean and dry; continue treatment for 1 week after symptoms disappear,"Miconazole, Terbinafine",General OTC skincare active. Suitable for conservative home routine under patch testing and appropriate safety screening.
MED-1316,Fungal skin concerns,Antifungal treatment,Clotrimazole,Powder,"Topical antifungal management for superficial tinea infections, fungal scaling, and cutaneous mycoses using powder",All skin types,Moderate,Follicular uniform itchy pustules/bumps across upper back/chest,"Mild burning, stinging, erythema, localized irritation",Known hypersensitivity to clotrimazole or imidazole antifungals,"Discontinue if swelling, blistering, or hives occur",Topical OTC use is generally safe in pregnancy; Category B,Age >= 2 years (under parental supervision / pediatric guidance),Twice daily for 2 to 4 weeks depending on fungal area,Keep affected skin clean and dry; continue treatment for 1 week after symptoms disappear,"Miconazole, Terbinafine",General OTC skincare active. Suitable for conservative home routine under patch testing and appropriate safety screening.
MED-1317,Fungal skin concerns,Antifungal treatment,Terbinafine,Cream,"Topical antifungal management for superficial tinea infections, fungal scaling, and cutaneous mycoses using cream",All skin types,Mild,Hypopigmented or hyperpigmented fine scaling patches (tinea versicolor),"Mild stinging, redness, peeling, dryness",Hypersensitivity to allylamine antifungals,Allylamine group allergy; stop if severe urticaria occurs,Category B; topical use has minimal systemic absorption; consult doctor,Age >= 12 years,Once or twice daily for 1 to 2 weeks,Faster mycological cure rate than imidazoles for tinea pedis/corporis; complete recommended course,"Clotrimazole, Miconazole, Ciclopirox olamine",General OTC skincare active. Suitable for conservative home routine under patch testing and appropriate safety screening.
MED-1318,Fungal skin concerns,Antifungal treatment,Fluconazole (oral),Oral tablet,"Topical antifungal management for superficial tinea infections, fungal scaling, and cutaneous mycoses using oral tablet",Systemic/Severe concerns,Severe,Annular scaly plaques with central clearing (ringworm pattern),"Headache, nausea, abdominal pain, liver enzyme elevation, drug interactions","Coadministration with terfenadine/cisapride, liver dysfunction, pregnancy",Systemic azole allergy; risk of anaphylaxis or severe drug eruption (DRESS/SJS),STRICTLY CONTRAINDICATED in pregnancy (Teratogenic in high/repeated doses),Prescription only; specialist evaluation required,Strictly prescribed by dermatologist/physician (e.g. weekly single-dose regimens),Systemic medication; requires liver function monitoring and complete review of concurrent drugs,"Topical Terbinafine, Topical Ketoconazole under doctor care",PRESCRIPTION ONLY. Supervised dermatological evaluation required prior to initiation. DermaAI must refer user to licensed physician.
MED-1319,Fungal skin concerns,Antifungal treatment,Fluconazole (oral),Oral tablet,"Topical antifungal management for superficial tinea infections, fungal scaling, and cutaneous mycoses using oral tablet",Systemic/Severe concerns,Severe,Follicular uniform itchy pustules/bumps across upper back/chest,"Headache, nausea, abdominal pain, liver enzyme elevation, drug interactions","Coadministration with terfenadine/cisapride, liver dysfunction, pregnancy",Systemic azole allergy; risk of anaphylaxis or severe drug eruption (DRESS/SJS),STRICTLY CONTRAINDICATED in pregnancy (Teratogenic in high/repeated doses),Prescription only; specialist evaluation required,Strictly prescribed by dermatologist/physician (e.g. weekly single-dose regimens),Systemic medication; requires liver function monitoring and complete review of concurrent drugs,"Topical Terbinafine, Topical Ketoconazole under doctor care",PRESCRIPTION ONLY. Supervised dermatological evaluation required prior to initiation. DermaAI must refer user to licensed physician.
MED-1320,Fungal skin concerns,Antifungal treatment,Ketoconazole,Body wash,"Topical antifungal management for superficial tinea infections, fungal scaling, and cutaneous mycoses using body wash",All skin types,Moderate,Follicular uniform itchy pustules/bumps across upper back/chest,"Dryness, burning sensation, irritation",Known imidazole antifungal allergy,Cross-sensitivity with other azole antifungals,Consult physician for topical body use during pregnancy,Age >= 12 years,Once or twice daily for specified course (typically 2-4 weeks),Complete the full recommended course even if visible symptoms clear early,"Clotrimazole, Terbinafine, Miconazole",OTC/Specialist-tier active. Recommended for clinical dermatologist review if condition fails to improve within 2-4 weeks.
MED-1321,Fungal skin concerns,Antifungal treatment,Terbinafine,Spray,"Topical antifungal management for superficial tinea infections, fungal scaling, and cutaneous mycoses using spray",All skin types,Moderate,Follicular uniform itchy pustules/bumps across upper back/chest,"Mild stinging, redness, peeling, dryness",Hypersensitivity to allylamine antifungals,Allylamine group allergy; stop if severe urticaria occurs,Category B; topical use has minimal systemic absorption; consult doctor,Age >= 12 years,Once or twice daily for 1 to 2 weeks,Faster mycological cure rate than imidazoles for tinea pedis/corporis; complete recommended course,"Clotrimazole, Miconazole, Ciclopirox olamine",General OTC skincare active. Suitable for conservative home routine under patch testing and appropriate safety screening.
MED-1322,Fungal skin concerns,Antifungal treatment,Clotrimazole,Powder,"Topical antifungal management for superficial tinea infections, fungal scaling, and cutaneous mycoses using powder",All skin types,Mild,Hypopigmented or hyperpigmented fine scaling patches (tinea versicolor),"Mild burning, stinging, erythema, localized irritation",Known hypersensitivity to clotrimazole or imidazole antifungals,"Discontinue if swelling, blistering, or hives occur",Topical OTC use is generally safe in pregnancy; Category B,Age >= 2 years (under parental supervision / pediatric guidance),Twice daily for 2 to 4 weeks depending on fungal area,Keep affected skin clean and dry; continue treatment for 1 week after symptoms disappear,"Miconazole, Terbinafine",General OTC skincare active. Suitable for conservative home routine under patch testing and appropriate safety screening.
MED-1323,Fungal skin concerns,Antifungal treatment,Clotrimazole,Cream,"Topical antifungal management for superficial tinea infections, fungal scaling, and cutaneous mycoses using cream",All skin types,Moderate,Hypopigmented or hyperpigmented fine scaling patches (tinea versicolor),"Mild burning, stinging, erythema, localized irritation",Known hypersensitivity to clotrimazole or imidazole antifungals,"Discontinue if swelling, blistering, or hives occur",Topical OTC use is generally safe in pregnancy; Category B,Age >= 2 years (under parental supervision / pediatric guidance),Twice daily for 2 to 4 weeks depending on fungal area,Keep affected skin clean and dry; continue treatment for 1 week after symptoms disappear,"Miconazole, Terbinafine",General OTC skincare active. Suitable for conservative home routine under patch testing and appropriate safety screening.
MED-1324,Fungal skin concerns,Antifungal treatment,Ketoconazole,Body wash,"Topical antifungal management for superficial tinea infections, fungal scaling, and cutaneous mycoses using body wash",All skin types,Moderate,Hypopigmented or hyperpigmented fine scaling patches (tinea versicolor),"Dryness, burning sensation, irritation",Known imidazole antifungal allergy,Cross-sensitivity with other azole antifungals,Consult physician for topical body use during pregnancy,Age >= 12 years,Once or twice daily for specified course (typically 2-4 weeks),Complete the full recommended course even if visible symptoms clear early,"Clotrimazole, Terbinafine, Miconazole",OTC/Specialist-tier active. Recommended for clinical dermatologist review if condition fails to improve within 2-4 weeks.
MED-1325,Fungal skin concerns,Antifungal treatment,Ketoconazole,Cream,"Topical antifungal management for superficial tinea infections, fungal scaling, and cutaneous mycoses using cream",All skin types,Severe,Hypopigmented or hyperpigmented fine scaling patches (tinea versicolor),"Dryness, burning sensation, irritation",Known imidazole antifungal allergy,Cross-sensitivity with other azole antifungals,Consult physician for topical body use during pregnancy,Age >= 12 years,Once or twice daily for specified course (typically 2-4 weeks),Complete the full recommended course even if visible symptoms clear early,"Clotrimazole, Terbinafine, Miconazole",OTC/Specialist-tier active. Recommended for clinical dermatologist review if condition fails to improve within 2-4 weeks.
MED-1326,Fungal skin concerns,Antifungal treatment,Econazole,Cream,"Topical antifungal management for superficial tinea infections, fungal scaling, and cutaneous mycoses using cream",All skin types,Moderate,Hypopigmented or hyperpigmented fine scaling patches (tinea versicolor),"Burning, stinging, pruritus",Hypersensitivity to econazole,Azole allergy precaution,Category C; use during pregnancy only when clearly needed,Age >= 12 years,Once daily for 2-4 weeks,Avoid application near eyes or on open wounds,"Clotrimazole, Terbinafine",OTC/Specialist-tier active. Recommended for clinical dermatologist review if condition fails to improve within 2-4 weeks.
MED-1327,Fungal skin concerns,Antifungal treatment,Ciclopirox olamine,Cream,"Topical antifungal management for superficial tinea infections, fungal scaling, and cutaneous mycoses using cream",All skin types,Moderate,Follicular uniform itchy pustules/bumps across upper back/chest,"Burning sensation, localized redness, itching",Hypersensitivity to ciclopirox,Report severe contact dermatitis,Category B; consult healthcare provider,Age >= 10 years,Twice daily as directed,Broad-spectrum antifungal with mild anti-inflammatory activity,"Ketoconazole, Terbinafine",OTC/Specialist-tier active. Recommended for clinical dermatologist review if condition fails to improve within 2-4 weeks.
MED-1328,Fungal skin concerns,Antifungal treatment,Clotrimazole,Cream,"Topical antifungal management for superficial tinea infections, fungal scaling, and cutaneous mycoses using cream",All skin types,Mild,Hypopigmented or hyperpigmented fine scaling patches (tinea versicolor),"Mild burning, stinging, erythema, localized irritation",Known hypersensitivity to clotrimazole or imidazole antifungals,"Discontinue if swelling, blistering, or hives occur",Topical OTC use is generally safe in pregnancy; Category B,Age >= 2 years (under parental supervision / pediatric guidance),Twice daily for 2 to 4 weeks depending on fungal area,Keep affected skin clean and dry; continue treatment for 1 week after symptoms disappear,"Miconazole, Terbinafine",General OTC skincare active. Suitable for conservative home routine under patch testing and appropriate safety screening.
MED-1329,Fungal skin concerns,Antifungal treatment,Terbinafine,Gel,"Topical antifungal management for superficial tinea infections, fungal scaling, and cutaneous mycoses using gel",All skin types,Mild,Follicular uniform itchy pustules/bumps across upper back/chest,"Mild stinging, redness, peeling, dryness",Hypersensitivity to allylamine antifungals,Allylamine group allergy; stop if severe urticaria occurs,Category B; topical use has minimal systemic absorption; consult doctor,Age >= 12 years,Once or twice daily for 1 to 2 weeks,Faster mycological cure rate than imidazoles for tinea pedis/corporis; complete recommended course,"Clotrimazole, Miconazole, Ciclopirox olamine",General OTC skincare active. Suitable for conservative home routine under patch testing and appropriate safety screening.
MED-1330,Fungal skin concerns,Antifungal treatment,Terbinafine,Gel,"Topical antifungal management for superficial tinea infections, fungal scaling, and cutaneous mycoses using gel",All skin types,Moderate,Pruritic maceration in intertriginous skin folds / toes,"Mild stinging, redness, peeling, dryness",Hypersensitivity to allylamine antifungals,Allylamine group allergy; stop if severe urticaria occurs,Category B; topical use has minimal systemic absorption; consult doctor,Age >= 12 years,Once or twice daily for 1 to 2 weeks,Faster mycological cure rate than imidazoles for tinea pedis/corporis; complete recommended course,"Clotrimazole, Miconazole, Ciclopirox olamine",General OTC skincare active. Suitable for conservative home routine under patch testing and appropriate safety screening.
MED-1331,Eczema-like irritation,Anti-inflammatory treatment,Pimecrolimus (topical),Cream,"Soothes intense pruritus, re-establishes compromised lipid barrier, and calms atopic flares via cream",Dry,Severe,Excoriated dry patches with micro-fissures and severe xerosis,"Warmth, burning, erythema at application site during initial days","Netherton syndrome, active viral skin infections (herpes, varicella)",Prescription topical calcineurin inhibitor,Prescription only; Category C; specialist guidance required,Prescription only; age >= 2 years,Strictly as prescribed by dermatologist (typically twice daily thin layer),"Ideal for sensitive zones (face, eyelids, neck) where topical steroids are risky; monitor with physician","Tacrolimus (topical), Colloidal oatmeal",PRESCRIPTION ONLY. Supervised dermatological evaluation required prior to initiation. DermaAI must refer user to licensed physician.
MED-1332,Eczema-like irritation,Barrier-support treatment,Ceramides + Lipids,Intensive cream,"Soothes intense pruritus, re-establishes compromised lipid barrier, and calms atopic flares via intensive cream",All skin types,Mild,"Recurrent itchy cracked skin, stinging on water contact, rough plaques",None common,None known,Hypoallergenic,Safe in pregnancy and lactation,All ages,Apply liberally twice to three times daily,Golden standard for atopic and compromised skin barriers,"Colloidal oatmeal, Squalane",General OTC skincare active. Suitable for conservative home routine under patch testing and appropriate safety screening.
MED-1333,Eczema-like irritation,Anti-inflammatory treatment,Tacrolimus (topical),Ointment,"Soothes intense pruritus, re-establishes compromised lipid barrier, and calms atopic flares via ointment",Dry,Moderate,Excoriated dry patches with micro-fissures and severe xerosis,"Initial burning and stinging sensation (resolves in few days), photosensitivity, alcohol flushing","Compromised immune system, active skin infection, malignant skin lesions",Prescription macrolide immunosuppressant; report severe burning or infected lesions,Prescription only; Category C; consult specialist,"Prescription only; 0.03% for age >= 2 years, 0.1% for age >= 16 years",Strictly as prescribed by dermatologist (typically twice daily until clear),Steroid-sparing topical calcineurin inhibitor; avoid sunbeds and intensive UV; physician monitoring mandatory,"Pimecrolimus (topical), Ceramides + Lipids",PRESCRIPTION ONLY. Supervised dermatological evaluation required prior to initiation. DermaAI must refer user to licensed physician.
MED-1334,Eczema-like irritation,Moisturizer,Petrolatum (white soft paraffin),Pure Jelly,"Soothes intense pruritus, re-establishes compromised lipid barrier, and calms atopic flares via pure jelly",All skin types,Mild,Excoriated dry patches with micro-fissures and severe xerosis,Comedogenicity if applied over unwashed acne-prone skin,"Deep puncture wounds, animal bites, severe burns",Triple-purified USP grade is virtually non-allergenic,Completely safe in pregnancy and lactation,All ages (from birth),"As needed, especially over damp skin or targeted dry patches",Most effective occlusive agent (reduces TEWL by 98%); apply over humectants/clean skin,"Ceramides, Shea butter, Squalane",General OTC skincare active. Suitable for conservative home routine under patch testing and appropriate safety screening.
MED-1335,Eczema-like irritation,Moisturizer,Petrolatum (white soft paraffin),Pure Jelly,"Soothes intense pruritus, re-establishes compromised lipid barrier, and calms atopic flares via pure jelly",Dry,Mild,"Recurrent itchy cracked skin, stinging on water contact, rough plaques",Comedogenicity if applied over unwashed acne-prone skin,"Deep puncture wounds, animal bites, severe burns",Triple-purified USP grade is virtually non-allergenic,Completely safe in pregnancy and lactation,All ages (from birth),"As needed, especially over damp skin or targeted dry patches",Most effective occlusive agent (reduces TEWL by 98%); apply over humectants/clean skin,"Ceramides, Shea butter, Squalane",General OTC skincare active. Suitable for conservative home routine under patch testing and appropriate safety screening.
MED-1336,Eczema-like irritation,Barrier-support treatment,Panthenol + Madecassoside,Repair cream,"Soothes intense pruritus, re-establishes compromised lipid barrier, and calms atopic flares via repair cream",Sensitive,Moderate,"Sensitive flare-ups with pruritus, burning, and dry peeling skin",None reported,Known hypersensitivity,Very low allergy potential,Safe in pregnancy,All ages,Twice daily on irritated areas,Intense restorative recovery balm formula,"Colloidal oatmeal, Ceramides",General OTC skincare active. Suitable for conservative home routine under patch testing and appropriate safety screening.
MED-1337,Eczema-like irritation,Barrier-support treatment,Colloidal oatmeal,Lotion,"Soothes intense pruritus, re-establishes compromised lipid barrier, and calms atopic flares via lotion",Reactive,Moderate,Excoriated dry patches with micro-fissures and severe xerosis,Rare contact urticaria in individuals with severe oat allergy,Known oat or gluten allergy (if uncertified),Oat protein allergy; test small patch if atopic history,Safe during pregnancy and lactation,All ages (widely approved for pediatric eczema),2-3 times daily or as needed,FDA-recognized skin protectant; anti-pruritic and barrier rebuilding,"Ceramides, Panthenol, Petrolatum",General OTC skincare active. Suitable for conservative home routine under patch testing and appropriate safety screening.
MED-1338,Eczema-like irritation,Moisturizer,Petrolatum (white soft paraffin),Ointment,"Soothes intense pruritus, re-establishes compromised lipid barrier, and calms atopic flares via ointment",Sensitive,Moderate,"Recurrent itchy cracked skin, stinging on water contact, rough plaques",Comedogenicity if applied over unwashed acne-prone skin,"Deep puncture wounds, animal bites, severe burns",Triple-purified USP grade is virtually non-allergenic,Completely safe in pregnancy and lactation,All ages (from birth),"As needed, especially over damp skin or targeted dry patches",Most effective occlusive agent (reduces TEWL by 98%); apply over humectants/clean skin,"Ceramides, Shea butter, Squalane",General OTC skincare active. Suitable for conservative home routine under patch testing and appropriate safety screening.
MED-1339,Eczema-like irritation,Moisturizer,Petrolatum (white soft paraffin),Ointment,"Soothes intense pruritus, re-establishes compromised lipid barrier, and calms atopic flares via ointment",All skin types,Moderate,"Recurrent itchy cracked skin, stinging on water contact, rough plaques",Comedogenicity if applied over unwashed acne-prone skin,"Deep puncture wounds, animal bites, severe burns",Triple-purified USP grade is virtually non-allergenic,Completely safe in pregnancy and lactation,All ages (from birth),"As needed, especially over damp skin or targeted dry patches",Most effective occlusive agent (reduces TEWL by 98%); apply over humectants/clean skin,"Ceramides, Shea butter, Squalane",General OTC skincare active. Suitable for conservative home routine under patch testing and appropriate safety screening.
MED-1340,Eczema-like irritation,Barrier-support treatment,Colloidal oatmeal,Bath soak,"Soothes intense pruritus, re-establishes compromised lipid barrier, and calms atopic flares via bath soak",Sensitive,Mild,"Sensitive flare-ups with pruritus, burning, and dry peeling skin",Rare contact urticaria in individuals with severe oat allergy,Known oat or gluten allergy (if uncertified),Oat protein allergy; test small patch if atopic history,Safe during pregnancy and lactation,All ages (widely approved for pediatric eczema),2-3 times daily or as needed,FDA-recognized skin protectant; anti-pruritic and barrier rebuilding,"Ceramides, Panthenol, Petrolatum",General OTC skincare active. Suitable for conservative home routine under patch testing and appropriate safety screening.
MED-1341,Eczema-like irritation,Barrier-support treatment,Colloidal oatmeal,Cream,"Soothes intense pruritus, re-establishes compromised lipid barrier, and calms atopic flares via cream",Dry,Moderate,"Recurrent itchy cracked skin, stinging on water contact, rough plaques",Rare contact urticaria in individuals with severe oat allergy,Known oat or gluten allergy (if uncertified),Oat protein allergy; test small patch if atopic history,Safe during pregnancy and lactation,All ages (widely approved for pediatric eczema),2-3 times daily or as needed,FDA-recognized skin protectant; anti-pruritic and barrier rebuilding,"Ceramides, Panthenol, Petrolatum",General OTC skincare active. Suitable for conservative home routine under patch testing and appropriate safety screening.
MED-1342,Eczema-like irritation,Anti-inflammatory treatment,Pimecrolimus (topical),Cream,"Soothes intense pruritus, re-establishes compromised lipid barrier, and calms atopic flares via cream",Dry,Moderate,"Sensitive flare-ups with pruritus, burning, and dry peeling skin","Warmth, burning, erythema at application site during initial days","Netherton syndrome, active viral skin infections (herpes, varicella)",Prescription topical calcineurin inhibitor,Prescription only; Category C; specialist guidance required,Prescription only; age >= 2 years,Strictly as prescribed by dermatologist (typically twice daily thin layer),"Ideal for sensitive zones (face, eyelids, neck) where topical steroids are risky; monitor with physician","Tacrolimus (topical), Colloidal oatmeal",PRESCRIPTION ONLY. Supervised dermatological evaluation required prior to initiation. DermaAI must refer user to licensed physician.
MED-1343,Eczema-like irritation,Moisturizer,Petrolatum (white soft paraffin),Pure Jelly,"Soothes intense pruritus, re-establishes compromised lipid barrier, and calms atopic flares via pure jelly",Sensitive,Moderate,"Intense itching, dry leathery patches, localized flexural erythema",Comedogenicity if applied over unwashed acne-prone skin,"Deep puncture wounds, animal bites, severe burns",Triple-purified USP grade is virtually non-allergenic,Completely safe in pregnancy and lactation,All ages (from birth),"As needed, especially over damp skin or targeted dry patches",Most effective occlusive agent (reduces TEWL by 98%); apply over humectants/clean skin,"Ceramides, Shea butter, Squalane",General OTC skincare active. Suitable for conservative home routine under patch testing and appropriate safety screening.
MED-1344,Eczema-like irritation,Barrier-support treatment,Ceramides + Lipids,Balm,"Soothes intense pruritus, re-establishes compromised lipid barrier, and calms atopic flares via balm",Dry,Mild,"Sensitive flare-ups with pruritus, burning, and dry peeling skin",None common,None known,Hypoallergenic,Safe in pregnancy and lactation,All ages,Apply liberally twice to three times daily,Golden standard for atopic and compromised skin barriers,"Colloidal oatmeal, Squalane",General OTC skincare active. Suitable for conservative home routine under patch testing and appropriate safety screening.
MED-1345,Eczema-like irritation,Moisturizer,Petrolatum (white soft paraffin),Pure Jelly,"Soothes intense pruritus, re-establishes compromised lipid barrier, and calms atopic flares via pure jelly",All skin types,Mild,"Recurrent itchy cracked skin, stinging on water contact, rough plaques",Comedogenicity if applied over unwashed acne-prone skin,"Deep puncture wounds, animal bites, severe burns",Triple-purified USP grade is virtually non-allergenic,Completely safe in pregnancy and lactation,All ages (from birth),"As needed, especially over damp skin or targeted dry patches",Most effective occlusive agent (reduces TEWL by 98%); apply over humectants/clean skin,"Ceramides, Shea butter, Squalane",General OTC skincare active. Suitable for conservative home routine under patch testing and appropriate safety screening.
MED-1346,Eczema-like irritation,Barrier-support treatment,Panthenol + Madecassoside,Repair cream,"Soothes intense pruritus, re-establishes compromised lipid barrier, and calms atopic flares via repair cream",Sensitive,Moderate,"Intense itching, dry leathery patches, localized flexural erythema",None reported,Known hypersensitivity,Very low allergy potential,Safe in pregnancy,All ages,Twice daily on irritated areas,Intense restorative recovery balm formula,"Colloidal oatmeal, Ceramides",General OTC skincare active. Suitable for conservative home routine under patch testing and appropriate safety screening.
MED-1347,Eczema-like irritation,Anti-inflammatory treatment,Pimecrolimus (topical),Cream,"Soothes intense pruritus, re-establishes compromised lipid barrier, and calms atopic flares via cream",Sensitive,Severe,"Recurrent itchy cracked skin, stinging on water contact, rough plaques","Warmth, burning, erythema at application site during initial days","Netherton syndrome, active viral skin infections (herpes, varicella)",Prescription topical calcineurin inhibitor,Prescription only; Category C; specialist guidance required,Prescription only; age >= 2 years,Strictly as prescribed by dermatologist (typically twice daily thin layer),"Ideal for sensitive zones (face, eyelids, neck) where topical steroids are risky; monitor with physician","Tacrolimus (topical), Colloidal oatmeal",PRESCRIPTION ONLY. Supervised dermatological evaluation required prior to initiation. DermaAI must refer user to licensed physician.
MED-1348,Eczema-like irritation,Anti-inflammatory treatment,Hydrocortisone 1%,Ointment,"Soothes intense pruritus, re-establishes compromised lipid barrier, and calms atopic flares via ointment",Dry,Moderate,"Intense itching, dry leathery patches, localized flexural erythema","Skin thinning (atrophy), telangiectasia, rebound flares if used long-term","Untreated viral/fungal/bacterial infections, perioral dermatitis, rosacea",Rare corticosteroid contact allergy,Mild topical steroid; use short-term and sparingly under doctor supervision,Age >= 2 years (short-term only; consult pediatrician),Once or twice daily for maximum 7 consecutive days,Do NOT use on face continuously for more than 5 days without doctor supervision; never use on open wounds,"Colloidal oatmeal, Ceramides, Tacrolimus (physician prescribed)",OTC/Specialist-tier active. Recommended for clinical dermatologist review if condition fails to improve within 2-4 weeks.
MED-1349,Eczema-like irritation,Anti-inflammatory treatment,Hydrocortisone 1%,Ointment,"Soothes intense pruritus, re-establishes compromised lipid barrier, and calms atopic flares via ointment",Sensitive,Moderate,Excoriated dry patches with micro-fissures and severe xerosis,"Skin thinning (atrophy), telangiectasia, rebound flares if used long-term","Untreated viral/fungal/bacterial infections, perioral dermatitis, rosacea",Rare corticosteroid contact allergy,Mild topical steroid; use short-term and sparingly under doctor supervision,Age >= 2 years (short-term only; consult pediatrician),Once or twice daily for maximum 7 consecutive days,Do NOT use on face continuously for more than 5 days without doctor supervision; never use on open wounds,"Colloidal oatmeal, Ceramides, Tacrolimus (physician prescribed)",OTC/Specialist-tier active. Recommended for clinical dermatologist review if condition fails to improve within 2-4 weeks.
MED-1350,Eczema-like irritation,Anti-inflammatory treatment,Pimecrolimus (topical),Cream,"Soothes intense pruritus, re-establishes compromised lipid barrier, and calms atopic flares via cream",Sensitive,Moderate,"Recurrent itchy cracked skin, stinging on water contact, rough plaques","Warmth, burning, erythema at application site during initial days","Netherton syndrome, active viral skin infections (herpes, varicella)",Prescription topical calcineurin inhibitor,Prescription only; Category C; specialist guidance required,Prescription only; age >= 2 years,Strictly as prescribed by dermatologist (typically twice daily thin layer),"Ideal for sensitive zones (face, eyelids, neck) where topical steroids are risky; monitor with physician","Tacrolimus (topical), Colloidal oatmeal",PRESCRIPTION ONLY. Supervised dermatological evaluation required prior to initiation. DermaAI must refer user to licensed physician.
MED-1351,Eczema-like irritation,Moisturizer,Petrolatum (white soft paraffin),Pure Jelly,"Soothes intense pruritus, re-establishes compromised lipid barrier, and calms atopic flares via pure jelly",Dry,Mild,"Intense itching, dry leathery patches, localized flexural erythema",Comedogenicity if applied over unwashed acne-prone skin,"Deep puncture wounds, animal bites, severe burns",Triple-purified USP grade is virtually non-allergenic,Completely safe in pregnancy and lactation,All ages (from birth),"As needed, especially over damp skin or targeted dry patches",Most effective occlusive agent (reduces TEWL by 98%); apply over humectants/clean skin,"Ceramides, Shea butter, Squalane",General OTC skincare active. Suitable for conservative home routine under patch testing and appropriate safety screening.
MED-1352,Eczema-like irritation,Barrier-support treatment,Colloidal oatmeal,Lotion,"Soothes intense pruritus, re-establishes compromised lipid barrier, and calms atopic flares via lotion",Reactive,Moderate,"Recurrent itchy cracked skin, stinging on water contact, rough plaques",Rare contact urticaria in individuals with severe oat allergy,Known oat or gluten allergy (if uncertified),Oat protein allergy; test small patch if atopic history,Safe during pregnancy and lactation,All ages (widely approved for pediatric eczema),2-3 times daily or as needed,FDA-recognized skin protectant; anti-pruritic and barrier rebuilding,"Ceramides, Panthenol, Petrolatum",General OTC skincare active. Suitable for conservative home routine under patch testing and appropriate safety screening.
MED-1353,Eczema-like irritation,Barrier-support treatment,Panthenol + Madecassoside,Balm,"Soothes intense pruritus, re-establishes compromised lipid barrier, and calms atopic flares via balm",Dry,Mild,Excoriated dry patches with micro-fissures and severe xerosis,None reported,Known hypersensitivity,Very low allergy potential,Safe in pregnancy,All ages,Twice daily on irritated areas,Intense restorative recovery balm formula,"Colloidal oatmeal, Ceramides",General OTC skincare active. Suitable for conservative home routine under patch testing and appropriate safety screening.
MED-1354,Eczema-like irritation,Moisturizer,Petrolatum (white soft paraffin),Pure Jelly,"Soothes intense pruritus, re-establishes compromised lipid barrier, and calms atopic flares via pure jelly",Dry,Moderate,"Sensitive flare-ups with pruritus, burning, and dry peeling skin",Comedogenicity if applied over unwashed acne-prone skin,"Deep puncture wounds, animal bites, severe burns",Triple-purified USP grade is virtually non-allergenic,Completely safe in pregnancy and lactation,All ages (from birth),"As needed, especially over damp skin or targeted dry patches",Most effective occlusive agent (reduces TEWL by 98%); apply over humectants/clean skin,"Ceramides, Shea butter, Squalane",General OTC skincare active. Suitable for conservative home routine under patch testing and appropriate safety screening.
MED-1355,Eczema-like irritation,Anti-inflammatory treatment,Hydrocortisone 1%,Cream,"Soothes intense pruritus, re-establishes compromised lipid barrier, and calms atopic flares via cream",Sensitive,Moderate,"Recurrent itchy cracked skin, stinging on water contact, rough plaques","Skin thinning (atrophy), telangiectasia, rebound flares if used long-term","Untreated viral/fungal/bacterial infections, perioral dermatitis, rosacea",Rare corticosteroid contact allergy,Mild topical steroid; use short-term and sparingly under doctor supervision,Age >= 2 years (short-term only; consult pediatrician),Once or twice daily for maximum 7 consecutive days,Do NOT use on face continuously for more than 5 days without doctor supervision; never use on open wounds,"Colloidal oatmeal, Ceramides, Tacrolimus (physician prescribed)",OTC/Specialist-tier active. Recommended for clinical dermatologist review if condition fails to improve within 2-4 weeks.
MED-1356,Eczema-like irritation,Anti-inflammatory treatment,Tacrolimus (topical),Ointment,"Soothes intense pruritus, re-establishes compromised lipid barrier, and calms atopic flares via ointment",Dry,Severe,"Recurrent itchy cracked skin, stinging on water contact, rough plaques","Initial burning and stinging sensation (resolves in few days), photosensitivity, alcohol flushing","Compromised immune system, active skin infection, malignant skin lesions",Prescription macrolide immunosuppressant; report severe burning or infected lesions,Prescription only; Category C; consult specialist,"Prescription only; 0.03% for age >= 2 years, 0.1% for age >= 16 years",Strictly as prescribed by dermatologist (typically twice daily until clear),Steroid-sparing topical calcineurin inhibitor; avoid sunbeds and intensive UV; physician monitoring mandatory,"Pimecrolimus (topical), Ceramides + Lipids",PRESCRIPTION ONLY. Supervised dermatological evaluation required prior to initiation. DermaAI must refer user to licensed physician.
MED-1357,Eczema-like irritation,Anti-inflammatory treatment,Hydrocortisone 1%,Ointment,"Soothes intense pruritus, re-establishes compromised lipid barrier, and calms atopic flares via ointment",Dry,Moderate,Excoriated dry patches with micro-fissures and severe xerosis,"Skin thinning (atrophy), telangiectasia, rebound flares if used long-term","Untreated viral/fungal/bacterial infections, perioral dermatitis, rosacea",Rare corticosteroid contact allergy,Mild topical steroid; use short-term and sparingly under doctor supervision,Age >= 2 years (short-term only; consult pediatrician),Once or twice daily for maximum 7 consecutive days,Do NOT use on face continuously for more than 5 days without doctor supervision; never use on open wounds,"Colloidal oatmeal, Ceramides, Tacrolimus (physician prescribed)",OTC/Specialist-tier active. Recommended for clinical dermatologist review if condition fails to improve within 2-4 weeks.
MED-1358,Eczema-like irritation,Anti-inflammatory treatment,Tacrolimus (topical),Ointment,"Soothes intense pruritus, re-establishes compromised lipid barrier, and calms atopic flares via ointment",Sensitive,Severe,Excoriated dry patches with micro-fissures and severe xerosis,"Initial burning and stinging sensation (resolves in few days), photosensitivity, alcohol flushing","Compromised immune system, active skin infection, malignant skin lesions",Prescription macrolide immunosuppressant; report severe burning or infected lesions,Prescription only; Category C; consult specialist,"Prescription only; 0.03% for age >= 2 years, 0.1% for age >= 16 years",Strictly as prescribed by dermatologist (typically twice daily until clear),Steroid-sparing topical calcineurin inhibitor; avoid sunbeds and intensive UV; physician monitoring mandatory,"Pimecrolimus (topical), Ceramides + Lipids",PRESCRIPTION ONLY. Supervised dermatological evaluation required prior to initiation. DermaAI must refer user to licensed physician.
MED-1359,Eczema-like irritation,Barrier-support treatment,Ceramides + Lipids,Balm,"Soothes intense pruritus, re-establishes compromised lipid barrier, and calms atopic flares via balm",Dry,Mild,"Sensitive flare-ups with pruritus, burning, and dry peeling skin",None common,None known,Hypoallergenic,Safe in pregnancy and lactation,All ages,Apply liberally twice to three times daily,Golden standard for atopic and compromised skin barriers,"Colloidal oatmeal, Squalane",General OTC skincare active. Suitable for conservative home routine under patch testing and appropriate safety screening.
MED-1360,Eczema-like irritation,Barrier-support treatment,Ceramides + Lipids,Intensive cream,"Soothes intense pruritus, re-establishes compromised lipid barrier, and calms atopic flares via intensive cream",Sensitive,Mild,Excoriated dry patches with micro-fissures and severe xerosis,None common,None known,Hypoallergenic,Safe in pregnancy and lactation,All ages,Apply liberally twice to three times daily,Golden standard for atopic and compromised skin barriers,"Colloidal oatmeal, Squalane",General OTC skincare active. Suitable for conservative home routine under patch testing and appropriate safety screening.
MED-1361,Eczema-like irritation,Anti-inflammatory treatment,Tacrolimus (topical),Ointment,"Soothes intense pruritus, re-establishes compromised lipid barrier, and calms atopic flares via ointment",Sensitive,Moderate,Excoriated dry patches with micro-fissures and severe xerosis,"Initial burning and stinging sensation (resolves in few days), photosensitivity, alcohol flushing","Compromised immune system, active skin infection, malignant skin lesions",Prescription macrolide immunosuppressant; report severe burning or infected lesions,Prescription only; Category C; consult specialist,"Prescription only; 0.03% for age >= 2 years, 0.1% for age >= 16 years",Strictly as prescribed by dermatologist (typically twice daily until clear),Steroid-sparing topical calcineurin inhibitor; avoid sunbeds and intensive UV; physician monitoring mandatory,"Pimecrolimus (topical), Ceramides + Lipids",PRESCRIPTION ONLY. Supervised dermatological evaluation required prior to initiation. DermaAI must refer user to licensed physician.
MED-1362,Eczema-like irritation,Anti-inflammatory treatment,Pimecrolimus (topical),Cream,"Soothes intense pruritus, re-establishes compromised lipid barrier, and calms atopic flares via cream",Sensitive,Moderate,"Sensitive flare-ups with pruritus, burning, and dry peeling skin","Warmth, burning, erythema at application site during initial days","Netherton syndrome, active viral skin infections (herpes, varicella)",Prescription topical calcineurin inhibitor,Prescription only; Category C; specialist guidance required,Prescription only; age >= 2 years,Strictly as prescribed by dermatologist (typically twice daily thin layer),"Ideal for sensitive zones (face, eyelids, neck) where topical steroids are risky; monitor with physician","Tacrolimus (topical), Colloidal oatmeal",PRESCRIPTION ONLY. Supervised dermatological evaluation required prior to initiation. DermaAI must refer user to licensed physician.
MED-1363,Eczema-like irritation,Anti-inflammatory treatment,Pimecrolimus (topical),Cream,"Soothes intense pruritus, re-establishes compromised lipid barrier, and calms atopic flares via cream",Dry,Severe,"Sensitive flare-ups with pruritus, burning, and dry peeling skin","Warmth, burning, erythema at application site during initial days","Netherton syndrome, active viral skin infections (herpes, varicella)",Prescription topical calcineurin inhibitor,Prescription only; Category C; specialist guidance required,Prescription only; age >= 2 years,Strictly as prescribed by dermatologist (typically twice daily thin layer),"Ideal for sensitive zones (face, eyelids, neck) where topical steroids are risky; monitor with physician","Tacrolimus (topical), Colloidal oatmeal",PRESCRIPTION ONLY. Supervised dermatological evaluation required prior to initiation. DermaAI must refer user to licensed physician.
MED-1364,Eczema-like irritation,Barrier-support treatment,Colloidal oatmeal,Bath soak,"Soothes intense pruritus, re-establishes compromised lipid barrier, and calms atopic flares via bath soak",Reactive,Moderate,"Sensitive flare-ups with pruritus, burning, and dry peeling skin",Rare contact urticaria in individuals with severe oat allergy,Known oat or gluten allergy (if uncertified),Oat protein allergy; test small patch if atopic history,Safe during pregnancy and lactation,All ages (widely approved for pediatric eczema),2-3 times daily or as needed,FDA-recognized skin protectant; anti-pruritic and barrier rebuilding,"Ceramides, Panthenol, Petrolatum",General OTC skincare active. Suitable for conservative home routine under patch testing and appropriate safety screening.
MED-1365,Eczema-like irritation,Barrier-support treatment,Ceramides + Lipids,Intensive cream,"Soothes intense pruritus, re-establishes compromised lipid barrier, and calms atopic flares via intensive cream",Sensitive,Moderate,"Intense itching, dry leathery patches, localized flexural erythema",None common,None known,Hypoallergenic,Safe in pregnancy and lactation,All ages,Apply liberally twice to three times daily,Golden standard for atopic and compromised skin barriers,"Colloidal oatmeal, Squalane",General OTC skincare active. Suitable for conservative home routine under patch testing and appropriate safety screening.
MED-1366,Eczema-like irritation,Anti-inflammatory treatment,Hydrocortisone 1%,Cream,"Soothes intense pruritus, re-establishes compromised lipid barrier, and calms atopic flares via cream",Dry,Moderate,"Intense itching, dry leathery patches, localized flexural erythema","Skin thinning (atrophy), telangiectasia, rebound flares if used long-term","Untreated viral/fungal/bacterial infections, perioral dermatitis, rosacea",Rare corticosteroid contact allergy,Mild topical steroid; use short-term and sparingly under doctor supervision,Age >= 2 years (short-term only; consult pediatrician),Once or twice daily for maximum 7 consecutive days,Do NOT use on face continuously for more than 5 days without doctor supervision; never use on open wounds,"Colloidal oatmeal, Ceramides, Tacrolimus (physician prescribed)",OTC/Specialist-tier active. Recommended for clinical dermatologist review if condition fails to improve within 2-4 weeks.
MED-1367,Eczema-like irritation,Barrier-support treatment,Panthenol + Madecassoside,Repair cream,"Soothes intense pruritus, re-establishes compromised lipid barrier, and calms atopic flares via repair cream",Sensitive,Moderate,Excoriated dry patches with micro-fissures and severe xerosis,None reported,Known hypersensitivity,Very low allergy potential,Safe in pregnancy,All ages,Twice daily on irritated areas,Intense restorative recovery balm formula,"Colloidal oatmeal, Ceramides",General OTC skincare active. Suitable for conservative home routine under patch testing and appropriate safety screening.
MED-1368,Eczema-like irritation,Moisturizer,Petrolatum (white soft paraffin),Pure Jelly,"Soothes intense pruritus, re-establishes compromised lipid barrier, and calms atopic flares via pure jelly",Sensitive,Moderate,"Intense itching, dry leathery patches, localized flexural erythema",Comedogenicity if applied over unwashed acne-prone skin,"Deep puncture wounds, animal bites, severe burns",Triple-purified USP grade is virtually non-allergenic,Completely safe in pregnancy and lactation,All ages (from birth),"As needed, especially over damp skin or targeted dry patches",Most effective occlusive agent (reduces TEWL by 98%); apply over humectants/clean skin,"Ceramides, Shea butter, Squalane",General OTC skincare active. Suitable for conservative home routine under patch testing and appropriate safety screening.
MED-1369,Eczema-like irritation,Anti-inflammatory treatment,Tacrolimus (topical),Ointment,"Soothes intense pruritus, re-establishes compromised lipid barrier, and calms atopic flares via ointment",Dry,Moderate,Excoriated dry patches with micro-fissures and severe xerosis,"Initial burning and stinging sensation (resolves in few days), photosensitivity, alcohol flushing","Compromised immune system, active skin infection, malignant skin lesions",Prescription macrolide immunosuppressant; report severe burning or infected lesions,Prescription only; Category C; consult specialist,"Prescription only; 0.03% for age >= 2 years, 0.1% for age >= 16 years",Strictly as prescribed by dermatologist (typically twice daily until clear),Steroid-sparing topical calcineurin inhibitor; avoid sunbeds and intensive UV; physician monitoring mandatory,"Pimecrolimus (topical), Ceramides + Lipids",PRESCRIPTION ONLY. Supervised dermatological evaluation required prior to initiation. DermaAI must refer user to licensed physician.
MED-1370,Eczema-like irritation,Barrier-support treatment,Colloidal oatmeal,Cream,"Soothes intense pruritus, re-establishes compromised lipid barrier, and calms atopic flares via cream",Reactive,Moderate,Excoriated dry patches with micro-fissures and severe xerosis,Rare contact urticaria in individuals with severe oat allergy,Known oat or gluten allergy (if uncertified),Oat protein allergy; test small patch if atopic history,Safe during pregnancy and lactation,All ages (widely approved for pediatric eczema),2-3 times daily or as needed,FDA-recognized skin protectant; anti-pruritic and barrier rebuilding,"Ceramides, Panthenol, Petrolatum",General OTC skincare active. Suitable for conservative home routine under patch testing and appropriate safety screening.
MED-1371,Eczema-like irritation,Barrier-support treatment,Panthenol + Madecassoside,Repair cream,"Soothes intense pruritus, re-establishes compromised lipid barrier, and calms atopic flares via repair cream",Sensitive,Mild,"Sensitive flare-ups with pruritus, burning, and dry peeling skin",None reported,Known hypersensitivity,Very low allergy potential,Safe in pregnancy,All ages,Twice daily on irritated areas,Intense restorative recovery balm formula,"Colloidal oatmeal, Ceramides",General OTC skincare active. Suitable for conservative home routine under patch testing and appropriate safety screening.
MED-1372,Eczema-like irritation,Anti-inflammatory treatment,Hydrocortisone 1%,Cream,"Soothes intense pruritus, re-establishes compromised lipid barrier, and calms atopic flares via cream",Sensitive,Moderate,"Recurrent itchy cracked skin, stinging on water contact, rough plaques","Skin thinning (atrophy), telangiectasia, rebound flares if used long-term","Untreated viral/fungal/bacterial infections, perioral dermatitis, rosacea",Rare corticosteroid contact allergy,Mild topical steroid; use short-term and sparingly under doctor supervision,Age >= 2 years (short-term only; consult pediatrician),Once or twice daily for maximum 7 consecutive days,Do NOT use on face continuously for more than 5 days without doctor supervision; never use on open wounds,"Colloidal oatmeal, Ceramides, Tacrolimus (physician prescribed)",OTC/Specialist-tier active. Recommended for clinical dermatologist review if condition fails to improve within 2-4 weeks.
MED-1373,Eczema-like irritation,Anti-inflammatory treatment,Pimecrolimus (topical),Cream,"Soothes intense pruritus, re-establishes compromised lipid barrier, and calms atopic flares via cream",Sensitive,Moderate,"Intense itching, dry leathery patches, localized flexural erythema","Warmth, burning, erythema at application site during initial days","Netherton syndrome, active viral skin infections (herpes, varicella)",Prescription topical calcineurin inhibitor,Prescription only; Category C; specialist guidance required,Prescription only; age >= 2 years,Strictly as prescribed by dermatologist (typically twice daily thin layer),"Ideal for sensitive zones (face, eyelids, neck) where topical steroids are risky; monitor with physician","Tacrolimus (topical), Colloidal oatmeal",PRESCRIPTION ONLY. Supervised dermatological evaluation required prior to initiation. DermaAI must refer user to licensed physician.
MED-1374,Eczema-like irritation,Barrier-support treatment,Ceramides + Lipids,Ointment,"Soothes intense pruritus, re-establishes compromised lipid barrier, and calms atopic flares via ointment",Dry,Moderate,"Sensitive flare-ups with pruritus, burning, and dry peeling skin",None common,None known,Hypoallergenic,Safe in pregnancy and lactation,All ages,Apply liberally twice to three times daily,Golden standard for atopic and compromised skin barriers,"Colloidal oatmeal, Squalane",General OTC skincare active. Suitable for conservative home routine under patch testing and appropriate safety screening.
MED-1375,Eczema-like irritation,Barrier-support treatment,Ceramides + Lipids,Ointment,"Soothes intense pruritus, re-establishes compromised lipid barrier, and calms atopic flares via ointment",Dry,Mild,Excoriated dry patches with micro-fissures and severe xerosis,None common,None known,Hypoallergenic,Safe in pregnancy and lactation,All ages,Apply liberally twice to three times daily,Golden standard for atopic and compromised skin barriers,"Colloidal oatmeal, Squalane",General OTC skincare active. Suitable for conservative home routine under patch testing and appropriate safety screening.
MED-1376,Eczema-like irritation,Barrier-support treatment,Ceramides + Lipids,Balm,"Soothes intense pruritus, re-establishes compromised lipid barrier, and calms atopic flares via balm",All skin types,Moderate,Excoriated dry patches with micro-fissures and severe xerosis,None common,None known,Hypoallergenic,Safe in pregnancy and lactation,All ages,Apply liberally twice to three times daily,Golden standard for atopic and compromised skin barriers,"Colloidal oatmeal, Squalane",General OTC skincare active. Suitable for conservative home routine under patch testing and appropriate safety screening.
MED-1377,Eczema-like irritation,Anti-inflammatory treatment,Pimecrolimus (topical),Cream,"Soothes intense pruritus, re-establishes compromised lipid barrier, and calms atopic flares via cream",Dry,Severe,"Intense itching, dry leathery patches, localized flexural erythema","Warmth, burning, erythema at application site during initial days","Netherton syndrome, active viral skin infections (herpes, varicella)",Prescription topical calcineurin inhibitor,Prescription only; Category C; specialist guidance required,Prescription only; age >= 2 years,Strictly as prescribed by dermatologist (typically twice daily thin layer),"Ideal for sensitive zones (face, eyelids, neck) where topical steroids are risky; monitor with physician","Tacrolimus (topical), Colloidal oatmeal",PRESCRIPTION ONLY. Supervised dermatological evaluation required prior to initiation. DermaAI must refer user to licensed physician.
MED-1378,Eczema-like irritation,Anti-inflammatory treatment,Hydrocortisone 1%,Cream,"Soothes intense pruritus, re-establishes compromised lipid barrier, and calms atopic flares via cream",Dry,Moderate,Excoriated dry patches with micro-fissures and severe xerosis,"Skin thinning (atrophy), telangiectasia, rebound flares if used long-term","Untreated viral/fungal/bacterial infections, perioral dermatitis, rosacea",Rare corticosteroid contact allergy,Mild topical steroid; use short-term and sparingly under doctor supervision,Age >= 2 years (short-term only; consult pediatrician),Once or twice daily for maximum 7 consecutive days,Do NOT use on face continuously for more than 5 days without doctor supervision; never use on open wounds,"Colloidal oatmeal, Ceramides, Tacrolimus (physician prescribed)",OTC/Specialist-tier active. Recommended for clinical dermatologist review if condition fails to improve within 2-4 weeks.
MED-1379,Eczema-like irritation,Barrier-support treatment,Panthenol + Madecassoside,Repair cream,"Soothes intense pruritus, re-establishes compromised lipid barrier, and calms atopic flares via repair cream",Dry,Moderate,"Recurrent itchy cracked skin, stinging on water contact, rough plaques",None reported,Known hypersensitivity,Very low allergy potential,Safe in pregnancy,All ages,Twice daily on irritated areas,Intense restorative recovery balm formula,"Colloidal oatmeal, Ceramides",General OTC skincare active. Suitable for conservative home routine under patch testing and appropriate safety screening.
MED-1380,Eczema-like irritation,Moisturizer,Petrolatum (white soft paraffin),Ointment,"Soothes intense pruritus, re-establishes compromised lipid barrier, and calms atopic flares via ointment",Dry,Moderate,"Sensitive flare-ups with pruritus, burning, and dry peeling skin",Comedogenicity if applied over unwashed acne-prone skin,"Deep puncture wounds, animal bites, severe burns",Triple-purified USP grade is virtually non-allergenic,Completely safe in pregnancy and lactation,All ages (from birth),"As needed, especially over damp skin or targeted dry patches",Most effective occlusive agent (reduces TEWL by 98%); apply over humectants/clean skin,"Ceramides, Shea butter, Squalane",General OTC skincare active. Suitable for conservative home routine under patch testing and appropriate safety screening.
MED-1381,Eczema-like irritation,Barrier-support treatment,Ceramides + Lipids,Ointment,"Soothes intense pruritus, re-establishes compromised lipid barrier, and calms atopic flares via ointment",Sensitive,Mild,"Intense itching, dry leathery patches, localized flexural erythema",None common,None known,Hypoallergenic,Safe in pregnancy and lactation,All ages,Apply liberally twice to three times daily,Golden standard for atopic and compromised skin barriers,"Colloidal oatmeal, Squalane",General OTC skincare active. Suitable for conservative home routine under patch testing and appropriate safety screening.
MED-1382,Eczema-like irritation,Barrier-support treatment,Ceramides + Lipids,Intensive cream,"Soothes intense pruritus, re-establishes compromised lipid barrier, and calms atopic flares via intensive cream",Dry,Moderate,"Sensitive flare-ups with pruritus, burning, and dry peeling skin",None common,None known,Hypoallergenic,Safe in pregnancy and lactation,All ages,Apply liberally twice to three times daily,Golden standard for atopic and compromised skin barriers,"Colloidal oatmeal, Squalane",General OTC skincare active. Suitable for conservative home routine under patch testing and appropriate safety screening.
MED-1383,Eczema-like irritation,Barrier-support treatment,Ceramides + Lipids,Balm,"Soothes intense pruritus, re-establishes compromised lipid barrier, and calms atopic flares via balm",Dry,Mild,"Sensitive flare-ups with pruritus, burning, and dry peeling skin",None common,None known,Hypoallergenic,Safe in pregnancy and lactation,All ages,Apply liberally twice to three times daily,Golden standard for atopic and compromised skin barriers,"Colloidal oatmeal, Squalane",General OTC skincare active. Suitable for conservative home routine under patch testing and appropriate safety screening.
MED-1384,Eczema-like irritation,Barrier-support treatment,Panthenol + Madecassoside,Repair cream,"Soothes intense pruritus, re-establishes compromised lipid barrier, and calms atopic flares via repair cream",Sensitive,Mild,Excoriated dry patches with micro-fissures and severe xerosis,None reported,Known hypersensitivity,Very low allergy potential,Safe in pregnancy,All ages,Twice daily on irritated areas,Intense restorative recovery balm formula,"Colloidal oatmeal, Ceramides",General OTC skincare active. Suitable for conservative home routine under patch testing and appropriate safety screening.
MED-1385,Eczema-like irritation,Moisturizer,Petrolatum (white soft paraffin),Pure Jelly,"Soothes intense pruritus, re-establishes compromised lipid barrier, and calms atopic flares via pure jelly",Sensitive,Moderate,"Recurrent itchy cracked skin, stinging on water contact, rough plaques",Comedogenicity if applied over unwashed acne-prone skin,"Deep puncture wounds, animal bites, severe burns",Triple-purified USP grade is virtually non-allergenic,Completely safe in pregnancy and lactation,All ages (from birth),"As needed, especially over damp skin or targeted dry patches",Most effective occlusive agent (reduces TEWL by 98%); apply over humectants/clean skin,"Ceramides, Shea butter, Squalane",General OTC skincare active. Suitable for conservative home routine under patch testing and appropriate safety screening.
MED-1386,Contact dermatitis-like irritation,Anti-inflammatory treatment,Calamine,Suspension,First-line calming and barrier protection against acute irritant and contact-induced inflammation with suspension,All skin types,Mild,"Surface peeling, irritation, and reactivity after irritant exposure",Excessive dryness if overapplied,Open exudative wounds,Low allergy risk; check for added fragrance in commercial lotions,Safe in pregnancy,Age >= 6 months,Apply to itchy spots 2-3 times daily as needed,Provides immediate evaporative cooling; rinse off when dry to prevent caking,"Colloidal oatmeal, Hydrocortisone 1%",General OTC skincare active. Suitable for conservative home routine under patch testing and appropriate safety screening.
MED-1387,Contact dermatitis-like irritation,Barrier-support treatment,Colloidal oatmeal,Soothing lotion,First-line calming and barrier protection against acute irritant and contact-induced inflammation with soothing lotion,Reactive,Moderate,Vesicular or papular itchy rash restricted to contact area,Rare contact urticaria in individuals with severe oat allergy,Known oat or gluten allergy (if uncertified),Oat protein allergy; test small patch if atopic history,Safe during pregnancy and lactation,All ages (widely approved for pediatric eczema),2-3 times daily or as needed,FDA-recognized skin protectant; anti-pruritic and barrier rebuilding,"Ceramides, Panthenol, Petrolatum",General OTC skincare active. Suitable for conservative home routine under patch testing and appropriate safety screening.
MED-1388,Contact dermatitis-like irritation,Anti-inflammatory treatment,Hydrocortisone 1%,Ointment,First-line calming and barrier protection against acute irritant and contact-induced inflammation with ointment,Normal,Mild,"Stinging, hot skin sensation following new cosmetic or chemical exposure","Skin thinning (atrophy), telangiectasia, rebound flares if used long-term","Untreated viral/fungal/bacterial infections, perioral dermatitis, rosacea",Rare corticosteroid contact allergy,Mild topical steroid; use short-term and sparingly under doctor supervision,Age >= 2 years (short-term only; consult pediatrician),Once or twice daily for maximum 7 consecutive days,Do NOT use on face continuously for more than 5 days without doctor supervision; never use on open wounds,"Colloidal oatmeal, Ceramides, Tacrolimus (physician prescribed)",OTC/Specialist-tier active. Recommended for clinical dermatologist review if condition fails to improve within 2-4 weeks.
MED-1389,Contact dermatitis-like irritation,Anti-inflammatory treatment,Calamine,Suspension,First-line calming and barrier protection against acute irritant and contact-induced inflammation with suspension,All skin types,Mild,"Acute localized erythema, burning sensation, edema after product contact",Excessive dryness if overapplied,Open exudative wounds,Low allergy risk; check for added fragrance in commercial lotions,Safe in pregnancy,Age >= 6 months,Apply to itchy spots 2-3 times daily as needed,Provides immediate evaporative cooling; rinse off when dry to prevent caking,"Colloidal oatmeal, Hydrocortisone 1%",General OTC skincare active. Suitable for conservative home routine under patch testing and appropriate safety screening.
MED-1390,Contact dermatitis-like irritation,Anti-inflammatory treatment,Desonide,Cream,First-line calming and barrier protection against acute irritant and contact-induced inflammation with cream,Sensitive,Severe,Vesicular or papular itchy rash restricted to contact area,"Skin atrophy, perioral dermatitis, telangiectasia with prolonged use","Fungal/viral infections, rosacea, acne vulgaris",Prescription mild-to-moderate topical corticosteroid,Prescription only; Category C; use under dermatologist guidance,Prescription only; age >= 3 months under strict pediatric supervision,Strictly as prescribed by dermatologist (typically short 1-2 week course),Low-potency steroid suitable for delicate areas under medical care; avoid long-term unsupervised use,"Tacrolimus, Pimecrolimus, Colloidal oatmeal",PRESCRIPTION ONLY. Supervised dermatological evaluation required prior to initiation. DermaAI must refer user to licensed physician.
MED-1391,Contact dermatitis-like irritation,Anti-inflammatory treatment,Hydrocortisone 1%,Cream,First-line calming and barrier protection against acute irritant and contact-induced inflammation with cream,Sensitive,Moderate,"Stinging, hot skin sensation following new cosmetic or chemical exposure","Skin thinning (atrophy), telangiectasia, rebound flares if used long-term","Untreated viral/fungal/bacterial infections, perioral dermatitis, rosacea",Rare corticosteroid contact allergy,Mild topical steroid; use short-term and sparingly under doctor supervision,Age >= 2 years (short-term only; consult pediatrician),Once or twice daily for maximum 7 consecutive days,Do NOT use on face continuously for more than 5 days without doctor supervision; never use on open wounds,"Colloidal oatmeal, Ceramides, Tacrolimus (physician prescribed)",OTC/Specialist-tier active. Recommended for clinical dermatologist review if condition fails to improve within 2-4 weeks.
MED-1392,Contact dermatitis-like irritation,Anti-inflammatory treatment,Calamine,Suspension,First-line calming and barrier protection against acute irritant and contact-induced inflammation with suspension,Sensitive,Mild,Vesicular or papular itchy rash restricted to contact area,Excessive dryness if overapplied,Open exudative wounds,Low allergy risk; check for added fragrance in commercial lotions,Safe in pregnancy,Age >= 6 months,Apply to itchy spots 2-3 times daily as needed,Provides immediate evaporative cooling; rinse off when dry to prevent caking,"Colloidal oatmeal, Hydrocortisone 1%",General OTC skincare active. Suitable for conservative home routine under patch testing and appropriate safety screening.
MED-1393,Contact dermatitis-like irritation,Anti-inflammatory treatment,Desonide,Cream,First-line calming and barrier protection against acute irritant and contact-induced inflammation with cream,Sensitive,Severe,"Acute localized erythema, burning sensation, edema after product contact","Skin atrophy, perioral dermatitis, telangiectasia with prolonged use","Fungal/viral infections, rosacea, acne vulgaris",Prescription mild-to-moderate topical corticosteroid,Prescription only; Category C; use under dermatologist guidance,Prescription only; age >= 3 months under strict pediatric supervision,Strictly as prescribed by dermatologist (typically short 1-2 week course),Low-potency steroid suitable for delicate areas under medical care; avoid long-term unsupervised use,"Tacrolimus, Pimecrolimus, Colloidal oatmeal",PRESCRIPTION ONLY. Supervised dermatological evaluation required prior to initiation. DermaAI must refer user to licensed physician.
MED-1394,Contact dermatitis-like irritation,Anti-inflammatory treatment,Desonide,Lotion,First-line calming and barrier protection against acute irritant and contact-induced inflammation with lotion,Sensitive,Moderate,Vesicular or papular itchy rash restricted to contact area,"Skin atrophy, perioral dermatitis, telangiectasia with prolonged use","Fungal/viral infections, rosacea, acne vulgaris",Prescription mild-to-moderate topical corticosteroid,Prescription only; Category C; use under dermatologist guidance,Prescription only; age >= 3 months under strict pediatric supervision,Strictly as prescribed by dermatologist (typically short 1-2 week course),Low-potency steroid suitable for delicate areas under medical care; avoid long-term unsupervised use,"Tacrolimus, Pimecrolimus, Colloidal oatmeal",PRESCRIPTION ONLY. Supervised dermatological evaluation required prior to initiation. DermaAI must refer user to licensed physician.
MED-1395,Contact dermatitis-like irritation,Anti-inflammatory treatment,Triamcinolone acetonide,Cream,First-line calming and barrier protection against acute irritant and contact-induced inflammation with cream,Sensitive,Moderate,"Surface peeling, irritation, and reactivity after irritant exposure","Skin thinning, striae, hypopigmentation, burning","Untreated bacterial/fungal skin infections, facial application without specialist order",Prescription mid-potency corticosteroid,Prescription only; Category C; strictly under medical care,Prescription only; typically age >= 12 years,Strictly as prescribed (typically 1-2 times daily for max 14 days),Mid-potency steroid; strictly avoid facial use unless explicitly directed by a dermatologist,"Hydrocortisone 1% (mild), Tacrolimus, Dermatologist consultation",PRESCRIPTION ONLY. Supervised dermatological evaluation required prior to initiation. DermaAI must refer user to licensed physician.
MED-1396,Contact dermatitis-like irritation,Anti-inflammatory treatment,Hydrocortisone 1%,Ointment,First-line calming and barrier protection against acute irritant and contact-induced inflammation with ointment,Sensitive,Mild,"Acute localized erythema, burning sensation, edema after product contact","Skin thinning (atrophy), telangiectasia, rebound flares if used long-term","Untreated viral/fungal/bacterial infections, perioral dermatitis, rosacea",Rare corticosteroid contact allergy,Mild topical steroid; use short-term and sparingly under doctor supervision,Age >= 2 years (short-term only; consult pediatrician),Once or twice daily for maximum 7 consecutive days,Do NOT use on face continuously for more than 5 days without doctor supervision; never use on open wounds,"Colloidal oatmeal, Ceramides, Tacrolimus (physician prescribed)",OTC/Specialist-tier active. Recommended for clinical dermatologist review if condition fails to improve within 2-4 weeks.
MED-1397,Contact dermatitis-like irritation,Anti-inflammatory treatment,Desonide,Lotion,First-line calming and barrier protection against acute irritant and contact-induced inflammation with lotion,Sensitive,Severe,"Surface peeling, irritation, and reactivity after irritant exposure","Skin atrophy, perioral dermatitis, telangiectasia with prolonged use","Fungal/viral infections, rosacea, acne vulgaris",Prescription mild-to-moderate topical corticosteroid,Prescription only; Category C; use under dermatologist guidance,Prescription only; age >= 3 months under strict pediatric supervision,Strictly as prescribed by dermatologist (typically short 1-2 week course),Low-potency steroid suitable for delicate areas under medical care; avoid long-term unsupervised use,"Tacrolimus, Pimecrolimus, Colloidal oatmeal",PRESCRIPTION ONLY. Supervised dermatological evaluation required prior to initiation. DermaAI must refer user to licensed physician.
MED-1398,Contact dermatitis-like irritation,Anti-inflammatory treatment,Triamcinolone acetonide,Cream,First-line calming and barrier protection against acute irritant and contact-induced inflammation with cream,Sensitive,Severe,"Stinging, hot skin sensation following new cosmetic or chemical exposure","Skin thinning, striae, hypopigmentation, burning","Untreated bacterial/fungal skin infections, facial application without specialist order",Prescription mid-potency corticosteroid,Prescription only; Category C; strictly under medical care,Prescription only; typically age >= 12 years,Strictly as prescribed (typically 1-2 times daily for max 14 days),Mid-potency steroid; strictly avoid facial use unless explicitly directed by a dermatologist,"Hydrocortisone 1% (mild), Tacrolimus, Dermatologist consultation",PRESCRIPTION ONLY. Supervised dermatological evaluation required prior to initiation. DermaAI must refer user to licensed physician.
MED-1399,Contact dermatitis-like irritation,Anti-inflammatory treatment,Triamcinolone acetonide,Cream,First-line calming and barrier protection against acute irritant and contact-induced inflammation with cream,Sensitive,Moderate,"Acute localized erythema, burning sensation, edema after product contact","Skin thinning, striae, hypopigmentation, burning","Untreated bacterial/fungal skin infections, facial application without specialist order",Prescription mid-potency corticosteroid,Prescription only; Category C; strictly under medical care,Prescription only; typically age >= 12 years,Strictly as prescribed (typically 1-2 times daily for max 14 days),Mid-potency steroid; strictly avoid facial use unless explicitly directed by a dermatologist,"Hydrocortisone 1% (mild), Tacrolimus, Dermatologist consultation",PRESCRIPTION ONLY. Supervised dermatological evaluation required prior to initiation. DermaAI must refer user to licensed physician.
MED-1400,Contact dermatitis-like irritation,Barrier-support treatment,Colloidal oatmeal,Cream,First-line calming and barrier protection against acute irritant and contact-induced inflammation with cream,Sensitive,Mild,"Surface peeling, irritation, and reactivity after irritant exposure",Rare contact urticaria in individuals with severe oat allergy,Known oat or gluten allergy (if uncertified),Oat protein allergy; test small patch if atopic history,Safe during pregnancy and lactation,All ages (widely approved for pediatric eczema),2-3 times daily or as needed,FDA-recognized skin protectant; anti-pruritic and barrier rebuilding,"Ceramides, Panthenol, Petrolatum",General OTC skincare active. Suitable for conservative home routine under patch testing and appropriate safety screening.
MED-1401,Contact dermatitis-like irritation,Anti-inflammatory treatment,Calamine,Lotion,First-line calming and barrier protection against acute irritant and contact-induced inflammation with lotion,Sensitive,Mild,"Acute localized erythema, burning sensation, edema after product contact",Excessive dryness if overapplied,Open exudative wounds,Low allergy risk; check for added fragrance in commercial lotions,Safe in pregnancy,Age >= 6 months,Apply to itchy spots 2-3 times daily as needed,Provides immediate evaporative cooling; rinse off when dry to prevent caking,"Colloidal oatmeal, Hydrocortisone 1%",General OTC skincare active. Suitable for conservative home routine under patch testing and appropriate safety screening.
MED-1402,Contact dermatitis-like irritation,Anti-inflammatory treatment,Hydrocortisone 1%,Cream,First-line calming and barrier protection against acute irritant and contact-induced inflammation with cream,Normal,Moderate,"Surface peeling, irritation, and reactivity after irritant exposure","Skin thinning (atrophy), telangiectasia, rebound flares if used long-term","Untreated viral/fungal/bacterial infections, perioral dermatitis, rosacea",Rare corticosteroid contact allergy,Mild topical steroid; use short-term and sparingly under doctor supervision,Age >= 2 years (short-term only; consult pediatrician),Once or twice daily for maximum 7 consecutive days,Do NOT use on face continuously for more than 5 days without doctor supervision; never use on open wounds,"Colloidal oatmeal, Ceramides, Tacrolimus (physician prescribed)",OTC/Specialist-tier active. Recommended for clinical dermatologist review if condition fails to improve within 2-4 weeks.
MED-1403,Contact dermatitis-like irritation,Anti-inflammatory treatment,Triamcinolone acetonide,Ointment,First-line calming and barrier protection against acute irritant and contact-induced inflammation with ointment,Sensitive,Moderate,"Stinging, hot skin sensation following new cosmetic or chemical exposure","Skin thinning, striae, hypopigmentation, burning","Untreated bacterial/fungal skin infections, facial application without specialist order",Prescription mid-potency corticosteroid,Prescription only; Category C; strictly under medical care,Prescription only; typically age >= 12 years,Strictly as prescribed (typically 1-2 times daily for max 14 days),Mid-potency steroid; strictly avoid facial use unless explicitly directed by a dermatologist,"Hydrocortisone 1% (mild), Tacrolimus, Dermatologist consultation",PRESCRIPTION ONLY. Supervised dermatological evaluation required prior to initiation. DermaAI must refer user to licensed physician.
MED-1404,Contact dermatitis-like irritation,Barrier-support treatment,Colloidal oatmeal,Soothing lotion,First-line calming and barrier protection against acute irritant and contact-induced inflammation with soothing lotion,Sensitive,Moderate,"Surface peeling, irritation, and reactivity after irritant exposure",Rare contact urticaria in individuals with severe oat allergy,Known oat or gluten allergy (if uncertified),Oat protein allergy; test small patch if atopic history,Safe during pregnancy and lactation,All ages (widely approved for pediatric eczema),2-3 times daily or as needed,FDA-recognized skin protectant; anti-pruritic and barrier rebuilding,"Ceramides, Panthenol, Petrolatum",General OTC skincare active. Suitable for conservative home routine under patch testing and appropriate safety screening.
MED-1405,Contact dermatitis-like irritation,Anti-inflammatory treatment,Triamcinolone acetonide,Ointment,First-line calming and barrier protection against acute irritant and contact-induced inflammation with ointment,Sensitive,Moderate,"Stinging, hot skin sensation following new cosmetic or chemical exposure","Skin thinning, striae, hypopigmentation, burning","Untreated bacterial/fungal skin infections, facial application without specialist order",Prescription mid-potency corticosteroid,Prescription only; Category C; strictly under medical care,Prescription only; typically age >= 12 years,Strictly as prescribed (typically 1-2 times daily for max 14 days),Mid-potency steroid; strictly avoid facial use unless explicitly directed by a dermatologist,"Hydrocortisone 1% (mild), Tacrolimus, Dermatologist consultation",PRESCRIPTION ONLY. Supervised dermatological evaluation required prior to initiation. DermaAI must refer user to licensed physician.
MED-1406,Contact dermatitis-like irritation,Anti-inflammatory treatment,Hydrocortisone 1%,Cream,First-line calming and barrier protection against acute irritant and contact-induced inflammation with cream,Normal,Mild,"Surface peeling, irritation, and reactivity after irritant exposure","Skin thinning (atrophy), telangiectasia, rebound flares if used long-term","Untreated viral/fungal/bacterial infections, perioral dermatitis, rosacea",Rare corticosteroid contact allergy,Mild topical steroid; use short-term and sparingly under doctor supervision,Age >= 2 years (short-term only; consult pediatrician),Once or twice daily for maximum 7 consecutive days,Do NOT use on face continuously for more than 5 days without doctor supervision; never use on open wounds,"Colloidal oatmeal, Ceramides, Tacrolimus (physician prescribed)",OTC/Specialist-tier active. Recommended for clinical dermatologist review if condition fails to improve within 2-4 weeks.
MED-1407,Contact dermatitis-like irritation,Anti-inflammatory treatment,Desonide,Cream,First-line calming and barrier protection against acute irritant and contact-induced inflammation with cream,Sensitive,Moderate,"Acute localized erythema, burning sensation, edema after product contact","Skin atrophy, perioral dermatitis, telangiectasia with prolonged use","Fungal/viral infections, rosacea, acne vulgaris",Prescription mild-to-moderate topical corticosteroid,Prescription only; Category C; use under dermatologist guidance,Prescription only; age >= 3 months under strict pediatric supervision,Strictly as prescribed by dermatologist (typically short 1-2 week course),Low-potency steroid suitable for delicate areas under medical care; avoid long-term unsupervised use,"Tacrolimus, Pimecrolimus, Colloidal oatmeal",PRESCRIPTION ONLY. Supervised dermatological evaluation required prior to initiation. DermaAI must refer user to licensed physician.
MED-1408,Contact dermatitis-like irritation,Barrier-support treatment,Colloidal oatmeal,Soothing lotion,First-line calming and barrier protection against acute irritant and contact-induced inflammation with soothing lotion,Reactive,Moderate,Vesicular or papular itchy rash restricted to contact area,Rare contact urticaria in individuals with severe oat allergy,Known oat or gluten allergy (if uncertified),Oat protein allergy; test small patch if atopic history,Safe during pregnancy and lactation,All ages (widely approved for pediatric eczema),2-3 times daily or as needed,FDA-recognized skin protectant; anti-pruritic and barrier rebuilding,"Ceramides, Panthenol, Petrolatum",General OTC skincare active. Suitable for conservative home routine under patch testing and appropriate safety screening.
MED-1409,Contact dermatitis-like irritation,Barrier-support treatment,Cold compress + Pure Petrolatum,Ointment,First-line calming and barrier protection against acute irritant and contact-induced inflammation with ointment,Sensitive,Mild,"Surface peeling, irritation, and reactivity after irritant exposure",,Infected oozing lesions,Hypoallergenic safe baseline care,Completely safe in pregnancy,All ages,As needed for immediate physical soothing,First-line conservative home soothing for acute contact irritation,"Colloidal oatmeal, Calamine",General OTC skincare active. Suitable for conservative home routine under patch testing and appropriate safety screening.
MED-1410,Contact dermatitis-like irritation,Anti-inflammatory treatment,Hydrocortisone 1%,Ointment,First-line calming and barrier protection against acute irritant and contact-induced inflammation with ointment,Sensitive,Moderate,"Stinging, hot skin sensation following new cosmetic or chemical exposure","Skin thinning (atrophy), telangiectasia, rebound flares if used long-term","Untreated viral/fungal/bacterial infections, perioral dermatitis, rosacea",Rare corticosteroid contact allergy,Mild topical steroid; use short-term and sparingly under doctor supervision,Age >= 2 years (short-term only; consult pediatrician),Once or twice daily for maximum 7 consecutive days,Do NOT use on face continuously for more than 5 days without doctor supervision; never use on open wounds,"Colloidal oatmeal, Ceramides, Tacrolimus (physician prescribed)",OTC/Specialist-tier active. Recommended for clinical dermatologist review if condition fails to improve within 2-4 weeks.
MED-1411,Contact dermatitis-like irritation,Anti-inflammatory treatment,Triamcinolone acetonide,Ointment,First-line calming and barrier protection against acute irritant and contact-induced inflammation with ointment,Sensitive,Moderate,"Acute localized erythema, burning sensation, edema after product contact","Skin thinning, striae, hypopigmentation, burning","Untreated bacterial/fungal skin infections, facial application without specialist order",Prescription mid-potency corticosteroid,Prescription only; Category C; strictly under medical care,Prescription only; typically age >= 12 years,Strictly as prescribed (typically 1-2 times daily for max 14 days),Mid-potency steroid; strictly avoid facial use unless explicitly directed by a dermatologist,"Hydrocortisone 1% (mild), Tacrolimus, Dermatologist consultation",PRESCRIPTION ONLY. Supervised dermatological evaluation required prior to initiation. DermaAI must refer user to licensed physician.
MED-1412,Contact dermatitis-like irritation,Anti-inflammatory treatment,Calamine,Suspension,First-line calming and barrier protection against acute irritant and contact-induced inflammation with suspension,All skin types,Mild,"Stinging, hot skin sensation following new cosmetic or chemical exposure",Excessive dryness if overapplied,Open exudative wounds,Low allergy risk; check for added fragrance in commercial lotions,Safe in pregnancy,Age >= 6 months,Apply to itchy spots 2-3 times daily as needed,Provides immediate evaporative cooling; rinse off when dry to prevent caking,"Colloidal oatmeal, Hydrocortisone 1%",General OTC skincare active. Suitable for conservative home routine under patch testing and appropriate safety screening.
MED-1413,Contact dermatitis-like irritation,Anti-inflammatory treatment,Triamcinolone acetonide,Cream,First-line calming and barrier protection against acute irritant and contact-induced inflammation with cream,Sensitive,Severe,Vesicular or papular itchy rash restricted to contact area,"Skin thinning, striae, hypopigmentation, burning","Untreated bacterial/fungal skin infections, facial application without specialist order",Prescription mid-potency corticosteroid,Prescription only; Category C; strictly under medical care,Prescription only; typically age >= 12 years,Strictly as prescribed (typically 1-2 times daily for max 14 days),Mid-potency steroid; strictly avoid facial use unless explicitly directed by a dermatologist,"Hydrocortisone 1% (mild), Tacrolimus, Dermatologist consultation",PRESCRIPTION ONLY. Supervised dermatological evaluation required prior to initiation. DermaAI must refer user to licensed physician.
MED-1414,Contact dermatitis-like irritation,Barrier-support treatment,Colloidal oatmeal,Soothing lotion,First-line calming and barrier protection against acute irritant and contact-induced inflammation with soothing lotion,Sensitive,Moderate,"Surface peeling, irritation, and reactivity after irritant exposure",Rare contact urticaria in individuals with severe oat allergy,Known oat or gluten allergy (if uncertified),Oat protein allergy; test small patch if atopic history,Safe during pregnancy and lactation,All ages (widely approved for pediatric eczema),2-3 times daily or as needed,FDA-recognized skin protectant; anti-pruritic and barrier rebuilding,"Ceramides, Panthenol, Petrolatum",General OTC skincare active. Suitable for conservative home routine under patch testing and appropriate safety screening.
MED-1415,Contact dermatitis-like irritation,Anti-inflammatory treatment,Triamcinolone acetonide,Ointment,First-line calming and barrier protection against acute irritant and contact-induced inflammation with ointment,Sensitive,Severe,Vesicular or papular itchy rash restricted to contact area,"Skin thinning, striae, hypopigmentation, burning","Untreated bacterial/fungal skin infections, facial application without specialist order",Prescription mid-potency corticosteroid,Prescription only; Category C; strictly under medical care,Prescription only; typically age >= 12 years,Strictly as prescribed (typically 1-2 times daily for max 14 days),Mid-potency steroid; strictly avoid facial use unless explicitly directed by a dermatologist,"Hydrocortisone 1% (mild), Tacrolimus, Dermatologist consultation",PRESCRIPTION ONLY. Supervised dermatological evaluation required prior to initiation. DermaAI must refer user to licensed physician.
MED-1416,Contact dermatitis-like irritation,Barrier-support treatment,Colloidal oatmeal,Soothing lotion,First-line calming and barrier protection against acute irritant and contact-induced inflammation with soothing lotion,Reactive,Moderate,"Acute localized erythema, burning sensation, edema after product contact",Rare contact urticaria in individuals with severe oat allergy,Known oat or gluten allergy (if uncertified),Oat protein allergy; test small patch if atopic history,Safe during pregnancy and lactation,All ages (widely approved for pediatric eczema),2-3 times daily or as needed,FDA-recognized skin protectant; anti-pruritic and barrier rebuilding,"Ceramides, Panthenol, Petrolatum",General OTC skincare active. Suitable for conservative home routine under patch testing and appropriate safety screening.
MED-1417,Contact dermatitis-like irritation,Anti-inflammatory treatment,Desonide,Lotion,First-line calming and barrier protection against acute irritant and contact-induced inflammation with lotion,Sensitive,Moderate,Vesicular or papular itchy rash restricted to contact area,"Skin atrophy, perioral dermatitis, telangiectasia with prolonged use","Fungal/viral infections, rosacea, acne vulgaris",Prescription mild-to-moderate topical corticosteroid,Prescription only; Category C; use under dermatologist guidance,Prescription only; age >= 3 months under strict pediatric supervision,Strictly as prescribed by dermatologist (typically short 1-2 week course),Low-potency steroid suitable for delicate areas under medical care; avoid long-term unsupervised use,"Tacrolimus, Pimecrolimus, Colloidal oatmeal",PRESCRIPTION ONLY. Supervised dermatological evaluation required prior to initiation. DermaAI must refer user to licensed physician.
MED-1418,Contact dermatitis-like irritation,Barrier-support treatment,Colloidal oatmeal,Cream,First-line calming and barrier protection against acute irritant and contact-induced inflammation with cream,Sensitive,Moderate,Vesicular or papular itchy rash restricted to contact area,Rare contact urticaria in individuals with severe oat allergy,Known oat or gluten allergy (if uncertified),Oat protein allergy; test small patch if atopic history,Safe during pregnancy and lactation,All ages (widely approved for pediatric eczema),2-3 times daily or as needed,FDA-recognized skin protectant; anti-pruritic and barrier rebuilding,"Ceramides, Panthenol, Petrolatum",General OTC skincare active. Suitable for conservative home routine under patch testing and appropriate safety screening.
MED-1419,Contact dermatitis-like irritation,Anti-inflammatory treatment,Triamcinolone acetonide,Ointment,First-line calming and barrier protection against acute irritant and contact-induced inflammation with ointment,Sensitive,Moderate,"Acute localized erythema, burning sensation, edema after product contact","Skin thinning, striae, hypopigmentation, burning","Untreated bacterial/fungal skin infections, facial application without specialist order",Prescription mid-potency corticosteroid,Prescription only; Category C; strictly under medical care,Prescription only; typically age >= 12 years,Strictly as prescribed (typically 1-2 times daily for max 14 days),Mid-potency steroid; strictly avoid facial use unless explicitly directed by a dermatologist,"Hydrocortisone 1% (mild), Tacrolimus, Dermatologist consultation",PRESCRIPTION ONLY. Supervised dermatological evaluation required prior to initiation. DermaAI must refer user to licensed physician.
MED-1420,Contact dermatitis-like irritation,Anti-inflammatory treatment,Calamine,Lotion,First-line calming and barrier protection against acute irritant and contact-induced inflammation with lotion,All skin types,Mild,"Acute localized erythema, burning sensation, edema after product contact",Excessive dryness if overapplied,Open exudative wounds,Low allergy risk; check for added fragrance in commercial lotions,Safe in pregnancy,Age >= 6 months,Apply to itchy spots 2-3 times daily as needed,Provides immediate evaporative cooling; rinse off when dry to prevent caking,"Colloidal oatmeal, Hydrocortisone 1%",General OTC skincare active. Suitable for conservative home routine under patch testing and appropriate safety screening.
MED-1421,Contact dermatitis-like irritation,Anti-inflammatory treatment,Desonide,Cream,First-line calming and barrier protection against acute irritant and contact-induced inflammation with cream,Sensitive,Severe,"Surface peeling, irritation, and reactivity after irritant exposure","Skin atrophy, perioral dermatitis, telangiectasia with prolonged use","Fungal/viral infections, rosacea, acne vulgaris",Prescription mild-to-moderate topical corticosteroid,Prescription only; Category C; use under dermatologist guidance,Prescription only; age >= 3 months under strict pediatric supervision,Strictly as prescribed by dermatologist (typically short 1-2 week course),Low-potency steroid suitable for delicate areas under medical care; avoid long-term unsupervised use,"Tacrolimus, Pimecrolimus, Colloidal oatmeal",PRESCRIPTION ONLY. Supervised dermatological evaluation required prior to initiation. DermaAI must refer user to licensed physician.
MED-1422,Contact dermatitis-like irritation,Anti-inflammatory treatment,Hydrocortisone 1%,Cream,First-line calming and barrier protection against acute irritant and contact-induced inflammation with cream,Sensitive,Mild,"Acute localized erythema, burning sensation, edema after product contact","Skin thinning (atrophy), telangiectasia, rebound flares if used long-term","Untreated viral/fungal/bacterial infections, perioral dermatitis, rosacea",Rare corticosteroid contact allergy,Mild topical steroid; use short-term and sparingly under doctor supervision,Age >= 2 years (short-term only; consult pediatrician),Once or twice daily for maximum 7 consecutive days,Do NOT use on face continuously for more than 5 days without doctor supervision; never use on open wounds,"Colloidal oatmeal, Ceramides, Tacrolimus (physician prescribed)",OTC/Specialist-tier active. Recommended for clinical dermatologist review if condition fails to improve within 2-4 weeks.
MED-1423,Contact dermatitis-like irritation,Anti-inflammatory treatment,Calamine,Suspension,First-line calming and barrier protection against acute irritant and contact-induced inflammation with suspension,Sensitive,Mild,"Acute localized erythema, burning sensation, edema after product contact",Excessive dryness if overapplied,Open exudative wounds,Low allergy risk; check for added fragrance in commercial lotions,Safe in pregnancy,Age >= 6 months,Apply to itchy spots 2-3 times daily as needed,Provides immediate evaporative cooling; rinse off when dry to prevent caking,"Colloidal oatmeal, Hydrocortisone 1%",General OTC skincare active. Suitable for conservative home routine under patch testing and appropriate safety screening.
MED-1424,Contact dermatitis-like irritation,Anti-inflammatory treatment,Calamine,Lotion,First-line calming and barrier protection against acute irritant and contact-induced inflammation with lotion,All skin types,Mild,Vesicular or papular itchy rash restricted to contact area,Excessive dryness if overapplied,Open exudative wounds,Low allergy risk; check for added fragrance in commercial lotions,Safe in pregnancy,Age >= 6 months,Apply to itchy spots 2-3 times daily as needed,Provides immediate evaporative cooling; rinse off when dry to prevent caking,"Colloidal oatmeal, Hydrocortisone 1%",General OTC skincare active. Suitable for conservative home routine under patch testing and appropriate safety screening.
MED-1425,Contact dermatitis-like irritation,Barrier-support treatment,Colloidal oatmeal,Cream,First-line calming and barrier protection against acute irritant and contact-induced inflammation with cream,Reactive,Moderate,"Surface peeling, irritation, and reactivity after irritant exposure",Rare contact urticaria in individuals with severe oat allergy,Known oat or gluten allergy (if uncertified),Oat protein allergy; test small patch if atopic history,Safe during pregnancy and lactation,All ages (widely approved for pediatric eczema),2-3 times daily or as needed,FDA-recognized skin protectant; anti-pruritic and barrier rebuilding,"Ceramides, Panthenol, Petrolatum",General OTC skincare active. Suitable for conservative home routine under patch testing and appropriate safety screening.
MED-1426,Contact dermatitis-like irritation,Anti-inflammatory treatment,Calamine,Suspension,First-line calming and barrier protection against acute irritant and contact-induced inflammation with suspension,Sensitive,Mild,"Stinging, hot skin sensation following new cosmetic or chemical exposure",Excessive dryness if overapplied,Open exudative wounds,Low allergy risk; check for added fragrance in commercial lotions,Safe in pregnancy,Age >= 6 months,Apply to itchy spots 2-3 times daily as needed,Provides immediate evaporative cooling; rinse off when dry to prevent caking,"Colloidal oatmeal, Hydrocortisone 1%",General OTC skincare active. Suitable for conservative home routine under patch testing and appropriate safety screening.
MED-1427,Contact dermatitis-like irritation,Barrier-support treatment,Cold compress + Pure Petrolatum,Ointment,First-line calming and barrier protection against acute irritant and contact-induced inflammation with ointment,Sensitive,Mild,Vesicular or papular itchy rash restricted to contact area,,Infected oozing lesions,Hypoallergenic safe baseline care,Completely safe in pregnancy,All ages,As needed for immediate physical soothing,First-line conservative home soothing for acute contact irritation,"Colloidal oatmeal, Calamine",General OTC skincare active. Suitable for conservative home routine under patch testing and appropriate safety screening.
MED-1428,Contact dermatitis-like irritation,Barrier-support treatment,Cold compress + Pure Petrolatum,Ointment,First-line calming and barrier protection against acute irritant and contact-induced inflammation with ointment,All skin types,Mild,"Surface peeling, irritation, and reactivity after irritant exposure",,Infected oozing lesions,Hypoallergenic safe baseline care,Completely safe in pregnancy,All ages,As needed for immediate physical soothing,First-line conservative home soothing for acute contact irritation,"Colloidal oatmeal, Calamine",General OTC skincare active. Suitable for conservative home routine under patch testing and appropriate safety screening.
MED-1429,Contact dermatitis-like irritation,Anti-inflammatory treatment,Desonide,Cream,First-line calming and barrier protection against acute irritant and contact-induced inflammation with cream,Sensitive,Moderate,"Surface peeling, irritation, and reactivity after irritant exposure","Skin atrophy, perioral dermatitis, telangiectasia with prolonged use","Fungal/viral infections, rosacea, acne vulgaris",Prescription mild-to-moderate topical corticosteroid,Prescription only; Category C; use under dermatologist guidance,Prescription only; age >= 3 months under strict pediatric supervision,Strictly as prescribed by dermatologist (typically short 1-2 week course),Low-potency steroid suitable for delicate areas under medical care; avoid long-term unsupervised use,"Tacrolimus, Pimecrolimus, Colloidal oatmeal",PRESCRIPTION ONLY. Supervised dermatological evaluation required prior to initiation. DermaAI must refer user to licensed physician.
MED-1430,Contact dermatitis-like irritation,Anti-inflammatory treatment,Hydrocortisone 1%,Cream,First-line calming and barrier protection against acute irritant and contact-induced inflammation with cream,Sensitive,Moderate,"Acute localized erythema, burning sensation, edema after product contact","Skin thinning (atrophy), telangiectasia, rebound flares if used long-term","Untreated viral/fungal/bacterial infections, perioral dermatitis, rosacea",Rare corticosteroid contact allergy,Mild topical steroid; use short-term and sparingly under doctor supervision,Age >= 2 years (short-term only; consult pediatrician),Once or twice daily for maximum 7 consecutive days,Do NOT use on face continuously for more than 5 days without doctor supervision; never use on open wounds,"Colloidal oatmeal, Ceramides, Tacrolimus (physician prescribed)",OTC/Specialist-tier active. Recommended for clinical dermatologist review if condition fails to improve within 2-4 weeks.
MED-1431,Contact dermatitis-like irritation,Barrier-support treatment,Cold compress + Pure Petrolatum,Ointment,First-line calming and barrier protection against acute irritant and contact-induced inflammation with ointment,Sensitive,Mild,Vesicular or papular itchy rash restricted to contact area,,Infected oozing lesions,Hypoallergenic safe baseline care,Completely safe in pregnancy,All ages,As needed for immediate physical soothing,First-line conservative home soothing for acute contact irritation,"Colloidal oatmeal, Calamine",General OTC skincare active. Suitable for conservative home routine under patch testing and appropriate safety screening.
MED-1432,Contact dermatitis-like irritation,Barrier-support treatment,Cold compress + Pure Petrolatum,Ointment,First-line calming and barrier protection against acute irritant and contact-induced inflammation with ointment,All skin types,Mild,"Acute localized erythema, burning sensation, edema after product contact",,Infected oozing lesions,Hypoallergenic safe baseline care,Completely safe in pregnancy,All ages,As needed for immediate physical soothing,First-line conservative home soothing for acute contact irritation,"Colloidal oatmeal, Calamine",General OTC skincare active. Suitable for conservative home routine under patch testing and appropriate safety screening.
MED-1433,Contact dermatitis-like irritation,Barrier-support treatment,Colloidal oatmeal,Soothing lotion,First-line calming and barrier protection against acute irritant and contact-induced inflammation with soothing lotion,Reactive,Moderate,Vesicular or papular itchy rash restricted to contact area,Rare contact urticaria in individuals with severe oat allergy,Known oat or gluten allergy (if uncertified),Oat protein allergy; test small patch if atopic history,Safe during pregnancy and lactation,All ages (widely approved for pediatric eczema),2-3 times daily or as needed,FDA-recognized skin protectant; anti-pruritic and barrier rebuilding,"Ceramides, Panthenol, Petrolatum",General OTC skincare active. Suitable for conservative home routine under patch testing and appropriate safety screening.
MED-1434,Contact dermatitis-like irritation,Anti-inflammatory treatment,Desonide,Lotion,First-line calming and barrier protection against acute irritant and contact-induced inflammation with lotion,Sensitive,Moderate,"Stinging, hot skin sensation following new cosmetic or chemical exposure","Skin atrophy, perioral dermatitis, telangiectasia with prolonged use","Fungal/viral infections, rosacea, acne vulgaris",Prescription mild-to-moderate topical corticosteroid,Prescription only; Category C; use under dermatologist guidance,Prescription only; age >= 3 months under strict pediatric supervision,Strictly as prescribed by dermatologist (typically short 1-2 week course),Low-potency steroid suitable for delicate areas under medical care; avoid long-term unsupervised use,"Tacrolimus, Pimecrolimus, Colloidal oatmeal",PRESCRIPTION ONLY. Supervised dermatological evaluation required prior to initiation. DermaAI must refer user to licensed physician.
MED-1435,Contact dermatitis-like irritation,Barrier-support treatment,Colloidal oatmeal,Cream,First-line calming and barrier protection against acute irritant and contact-induced inflammation with cream,Sensitive,Moderate,"Stinging, hot skin sensation following new cosmetic or chemical exposure",Rare contact urticaria in individuals with severe oat allergy,Known oat or gluten allergy (if uncertified),Oat protein allergy; test small patch if atopic history,Safe during pregnancy and lactation,All ages (widely approved for pediatric eczema),2-3 times daily or as needed,FDA-recognized skin protectant; anti-pruritic and barrier rebuilding,"Ceramides, Panthenol, Petrolatum",General OTC skincare active. Suitable for conservative home routine under patch testing and appropriate safety screening.
MED-1436,Contact dermatitis-like irritation,Barrier-support treatment,Colloidal oatmeal,Soothing lotion,First-line calming and barrier protection against acute irritant and contact-induced inflammation with soothing lotion,Reactive,Moderate,"Stinging, hot skin sensation following new cosmetic or chemical exposure",Rare contact urticaria in individuals with severe oat allergy,Known oat or gluten allergy (if uncertified),Oat protein allergy; test small patch if atopic history,Safe during pregnancy and lactation,All ages (widely approved for pediatric eczema),2-3 times daily or as needed,FDA-recognized skin protectant; anti-pruritic and barrier rebuilding,"Ceramides, Panthenol, Petrolatum",General OTC skincare active. Suitable for conservative home routine under patch testing and appropriate safety screening.
MED-1437,Contact dermatitis-like irritation,Barrier-support treatment,Cold compress + Pure Petrolatum,Ointment,First-line calming and barrier protection against acute irritant and contact-induced inflammation with ointment,All skin types,Mild,"Acute localized erythema, burning sensation, edema after product contact",,Infected oozing lesions,Hypoallergenic safe baseline care,Completely safe in pregnancy,All ages,As needed for immediate physical soothing,First-line conservative home soothing for acute contact irritation,"Colloidal oatmeal, Calamine",General OTC skincare active. Suitable for conservative home routine under patch testing and appropriate safety screening.
MED-1438,Contact dermatitis-like irritation,Anti-inflammatory treatment,Hydrocortisone 1%,Ointment,First-line calming and barrier protection against acute irritant and contact-induced inflammation with ointment,Normal,Moderate,"Surface peeling, irritation, and reactivity after irritant exposure","Skin thinning (atrophy), telangiectasia, rebound flares if used long-term","Untreated viral/fungal/bacterial infections, perioral dermatitis, rosacea",Rare corticosteroid contact allergy,Mild topical steroid; use short-term and sparingly under doctor supervision,Age >= 2 years (short-term only; consult pediatrician),Once or twice daily for maximum 7 consecutive days,Do NOT use on face continuously for more than 5 days without doctor supervision; never use on open wounds,"Colloidal oatmeal, Ceramides, Tacrolimus (physician prescribed)",OTC/Specialist-tier active. Recommended for clinical dermatologist review if condition fails to improve within 2-4 weeks.
MED-1439,Contact dermatitis-like irritation,Barrier-support treatment,Colloidal oatmeal,Cream,First-line calming and barrier protection against acute irritant and contact-induced inflammation with cream,Sensitive,Moderate,"Surface peeling, irritation, and reactivity after irritant exposure",Rare contact urticaria in individuals with severe oat allergy,Known oat or gluten allergy (if uncertified),Oat protein allergy; test small patch if atopic history,Safe during pregnancy and lactation,All ages (widely approved for pediatric eczema),2-3 times daily or as needed,FDA-recognized skin protectant; anti-pruritic and barrier rebuilding,"Ceramides, Panthenol, Petrolatum",General OTC skincare active. Suitable for conservative home routine under patch testing and appropriate safety screening.
MED-1440,Contact dermatitis-like irritation,Barrier-support treatment,Colloidal oatmeal,Soothing lotion,First-line calming and barrier protection against acute irritant and contact-induced inflammation with soothing lotion,Sensitive,Moderate,"Surface peeling, irritation, and reactivity after irritant exposure",Rare contact urticaria in individuals with severe oat allergy,Known oat or gluten allergy (if uncertified),Oat protein allergy; test small patch if atopic history,Safe during pregnancy and lactation,All ages (widely approved for pediatric eczema),2-3 times daily or as needed,FDA-recognized skin protectant; anti-pruritic and barrier rebuilding,"Ceramides, Panthenol, Petrolatum",General OTC skincare active. Suitable for conservative home routine under patch testing and appropriate safety screening.
MED-1441,Sun-related skin concerns,Sunscreen,Zinc oxide,SPF 30 cream,Broad-spectrum photoprotection against solar UV radiation and soothing photo-damaged skin with spf 30 cream,Reactive,Moderate,"Superficial post-sun peeling, dehydration, photo-sensitivity",Rare mild dryness or white cast depending on micronization,Known hypersensitivity to zinc mineral formulations,Inert mineral; hypoallergenic,Safe and highly recommended physical UV filter during pregnancy,Age >= 6 months (infant sunscreen standard),Apply every morning and reapply every 2 hours during continuous sun exposure,"Broad-spectrum UVA/UVB protection; soothing on rosacea, acne, and reactive skin",Titanium dioxide,General OTC skincare active. Suitable for conservative home routine under patch testing and appropriate safety screening.
MED-1442,Sun-related skin concerns,Anti-inflammatory treatment,Aloe vera + Panthenol,Soothing gel,Broad-spectrum photoprotection against solar UV radiation and soothing photo-damaged skin with soothing gel,All skin types,Moderate,"Solar induced flushing, early photoaging signs, mottled hyperpigmentation",Rare contact dermatitis to unpurified aloe latex,Known allergy to Liliaceae plants,Use purified aloe vera gel without synthetic colorants or perfumes,Topical application safe in pregnancy,All ages,Apply liberally to warm sun-exposed skin as needed,Provides rapid evaporative cooling and anti-inflammatory relief; follow with moisturizer,"Centella Asiatica, Colloidal oatmeal",General OTC skincare active. Suitable for conservative home routine under patch testing and appropriate safety screening.
MED-1443,Sun-related skin concerns,Pigmentation-support treatment,Vitamin C + Ferulic Acid,Antioxidant serum,Broad-spectrum photoprotection against solar UV radiation and soothing photo-damaged skin with antioxidant serum,Combination,Mild,"Mild solar erythema, warm skin sensation, tight feeling after sun exposure","Tingling, mild erythema on sensitive skin","Severe active eczema, inflamed broken skin",Ferulic acid / Ascorbic acid sensitivity,Safe in pregnancy,Age >= 16 years,Every morning under sunscreen,Synergistic antioxidant protection against solar free radicals; always pair with SPF,"Niacinamide, Centella Asiatica",General OTC skincare active. Suitable for conservative home routine under patch testing and appropriate safety screening.
MED-1444,Sun-related skin concerns,Barrier-support treatment,Centella Asiatica extract,Hydrating serum,Broad-spectrum photoprotection against solar UV radiation and soothing photo-damaged skin with hydrating serum,All skin types,Mild,Sunburn with localized tenderness and heat,Rare,Hypersensitivity to Centella,Botanical soothing agent,Safe in pregnancy,All ages,Daily routine application,Hydrates and cools sun-exposed skin,"Panthenol, Aloe vera",General OTC skincare active. Suitable for conservative home routine under patch testing and appropriate safety screening.
MED-1445,Sun-related skin concerns,Pigmentation-support treatment,Vitamin C + Ferulic Acid,Antioxidant serum,Broad-spectrum photoprotection against solar UV radiation and soothing photo-damaged skin with antioxidant serum,Normal,Mild,"Superficial post-sun peeling, dehydration, photo-sensitivity","Tingling, mild erythema on sensitive skin","Severe active eczema, inflamed broken skin",Ferulic acid / Ascorbic acid sensitivity,Safe in pregnancy,Age >= 16 years,Every morning under sunscreen,Synergistic antioxidant protection against solar free radicals; always pair with SPF,"Niacinamide, Centella Asiatica",General OTC skincare active. Suitable for conservative home routine under patch testing and appropriate safety screening.
MED-1446,Sun-related skin concerns,Anti-inflammatory treatment,Aloe vera + Panthenol,Soothing gel,Broad-spectrum photoprotection against solar UV radiation and soothing photo-damaged skin with soothing gel,Sensitive,Moderate,"Mild solar erythema, warm skin sensation, tight feeling after sun exposure",Rare contact dermatitis to unpurified aloe latex,Known allergy to Liliaceae plants,Use purified aloe vera gel without synthetic colorants or perfumes,Topical application safe in pregnancy,All ages,Apply liberally to warm sun-exposed skin as needed,Provides rapid evaporative cooling and anti-inflammatory relief; follow with moisturizer,"Centella Asiatica, Colloidal oatmeal",General OTC skincare active. Suitable for conservative home routine under patch testing and appropriate safety screening.
MED-1447,Sun-related skin concerns,Sunscreen,Titanium dioxide + Zinc oxide,Mineral fluid,Broad-spectrum photoprotection against solar UV radiation and soothing photo-damaged skin with mineral fluid,All skin types,Mild,"Superficial post-sun peeling, dehydration, photo-sensitivity",Mild chalky residue on deep skin tones,None known,Hypoallergenic physical UV filters,Safe and recommended during pregnancy,Age >= 6 months,"Every morning, reapply every 2 hours with direct sun",100% mineral formulation; optimal for ultra-reactive and post-procedure skin,Pure Zinc oxide,General OTC skincare active. Suitable for conservative home routine under patch testing and appropriate safety screening.
MED-1448,Sun-related skin concerns,Pigmentation-support treatment,Vitamin C + Ferulic Acid,Antioxidant serum,Broad-spectrum photoprotection against solar UV radiation and soothing photo-damaged skin with antioxidant serum,Normal,Mild,"Solar induced flushing, early photoaging signs, mottled hyperpigmentation","Tingling, mild erythema on sensitive skin","Severe active eczema, inflamed broken skin",Ferulic acid / Ascorbic acid sensitivity,Safe in pregnancy,Age >= 16 years,Every morning under sunscreen,Synergistic antioxidant protection against solar free radicals; always pair with SPF,"Niacinamide, Centella Asiatica",General OTC skincare active. Suitable for conservative home routine under patch testing and appropriate safety screening.
MED-1449,Sun-related skin concerns,Sunscreen,Chemical UV filters (Avobenzone/Octocrylene/Bemotrizinol),Invisible gel,Broad-spectrum photoprotection against solar UV radiation and soothing photo-damaged skin with invisible gel,Normal,Mild,"Solar induced flushing, early photoaging signs, mottled hyperpigmentation","Eye stinging if migrated, mild contact irritation in sensitive skin",Known allergy to specific chemical UV filter molecules,Avobenzone / oxybenzone sensitivity can trigger allergic contact photo-dermatitis,"Mineral sunscreens preferred in pregnancy, but modern European/Asian filters are widely used; consult doctor",Age >= 6 months (mineral preferred under 2 years),"Apply 15-20 minutes before sun exposure, reapply every 2 hours",Do not apply too close to the waterline if prone to eye stinging,"Zinc oxide, Titanium dioxide",General OTC skincare active. Suitable for conservative home routine under patch testing and appropriate safety screening.
MED-1450,Sun-related skin concerns,Sunscreen,Chemical UV filters (Avobenzone/Octocrylene/Bemotrizinol),Invisible gel,Broad-spectrum photoprotection against solar UV radiation and soothing photo-damaged skin with invisible gel,Normal,Mild,Sunburn with localized tenderness and heat,"Eye stinging if migrated, mild contact irritation in sensitive skin",Known allergy to specific chemical UV filter molecules,Avobenzone / oxybenzone sensitivity can trigger allergic contact photo-dermatitis,"Mineral sunscreens preferred in pregnancy, but modern European/Asian filters are widely used; consult doctor",Age >= 6 months (mineral preferred under 2 years),"Apply 15-20 minutes before sun exposure, reapply every 2 hours",Do not apply too close to the waterline if prone to eye stinging,"Zinc oxide, Titanium dioxide",General OTC skincare active. Suitable for conservative home routine under patch testing and appropriate safety screening.
MED-1451,Sun-related skin concerns,Anti-inflammatory treatment,Aloe vera + Panthenol,Soothing gel,Broad-spectrum photoprotection against solar UV radiation and soothing photo-damaged skin with soothing gel,Sensitive,Moderate,"Superficial post-sun peeling, dehydration, photo-sensitivity",Rare contact dermatitis to unpurified aloe latex,Known allergy to Liliaceae plants,Use purified aloe vera gel without synthetic colorants or perfumes,Topical application safe in pregnancy,All ages,Apply liberally to warm sun-exposed skin as needed,Provides rapid evaporative cooling and anti-inflammatory relief; follow with moisturizer,"Centella Asiatica, Colloidal oatmeal",General OTC skincare active. Suitable for conservative home routine under patch testing and appropriate safety screening.
MED-1452,Sun-related skin concerns,Sunscreen,Chemical UV filters (Avobenzone/Octocrylene/Bemotrizinol),Invisible gel,Broad-spectrum photoprotection against solar UV radiation and soothing photo-damaged skin with invisible gel,Combination,Mild,"Superficial post-sun peeling, dehydration, photo-sensitivity","Eye stinging if migrated, mild contact irritation in sensitive skin",Known allergy to specific chemical UV filter molecules,Avobenzone / oxybenzone sensitivity can trigger allergic contact photo-dermatitis,"Mineral sunscreens preferred in pregnancy, but modern European/Asian filters are widely used; consult doctor",Age >= 6 months (mineral preferred under 2 years),"Apply 15-20 minutes before sun exposure, reapply every 2 hours",Do not apply too close to the waterline if prone to eye stinging,"Zinc oxide, Titanium dioxide",General OTC skincare active. Suitable for conservative home routine under patch testing and appropriate safety screening.
MED-1453,Sun-related skin concerns,Pigmentation-support treatment,Vitamin C + Ferulic Acid,Antioxidant serum,Broad-spectrum photoprotection against solar UV radiation and soothing photo-damaged skin with antioxidant serum,Combination,Mild,Sunburn with localized tenderness and heat,"Tingling, mild erythema on sensitive skin","Severe active eczema, inflamed broken skin",Ferulic acid / Ascorbic acid sensitivity,Safe in pregnancy,Age >= 16 years,Every morning under sunscreen,Synergistic antioxidant protection against solar free radicals; always pair with SPF,"Niacinamide, Centella Asiatica",General OTC skincare active. Suitable for conservative home routine under patch testing and appropriate safety screening.
MED-1454,Sun-related skin concerns,Sunscreen,Chemical UV filters (Avobenzone/Octocrylene/Bemotrizinol),Fluid,Broad-spectrum photoprotection against solar UV radiation and soothing photo-damaged skin with fluid,Oily,Mild,"Superficial post-sun peeling, dehydration, photo-sensitivity","Eye stinging if migrated, mild contact irritation in sensitive skin",Known allergy to specific chemical UV filter molecules,Avobenzone / oxybenzone sensitivity can trigger allergic contact photo-dermatitis,"Mineral sunscreens preferred in pregnancy, but modern European/Asian filters are widely used; consult doctor",Age >= 6 months (mineral preferred under 2 years),"Apply 15-20 minutes before sun exposure, reapply every 2 hours",Do not apply too close to the waterline if prone to eye stinging,"Zinc oxide, Titanium dioxide",General OTC skincare active. Suitable for conservative home routine under patch testing and appropriate safety screening.
MED-1455,Sun-related skin concerns,Anti-inflammatory treatment,Aloe vera + Panthenol,Lotion,Broad-spectrum photoprotection against solar UV radiation and soothing photo-damaged skin with lotion,Sensitive,Mild,"Solar induced flushing, early photoaging signs, mottled hyperpigmentation",Rare contact dermatitis to unpurified aloe latex,Known allergy to Liliaceae plants,Use purified aloe vera gel without synthetic colorants or perfumes,Topical application safe in pregnancy,All ages,Apply liberally to warm sun-exposed skin as needed,Provides rapid evaporative cooling and anti-inflammatory relief; follow with moisturizer,"Centella Asiatica, Colloidal oatmeal",General OTC skincare active. Suitable for conservative home routine under patch testing and appropriate safety screening.
MED-1456,Sun-related skin concerns,Sunscreen,Chemical UV filters (Avobenzone/Octocrylene/Bemotrizinol),Invisible gel,Broad-spectrum photoprotection against solar UV radiation and soothing photo-damaged skin with invisible gel,Oily,Mild,"Superficial post-sun peeling, dehydration, photo-sensitivity","Eye stinging if migrated, mild contact irritation in sensitive skin",Known allergy to specific chemical UV filter molecules,Avobenzone / oxybenzone sensitivity can trigger allergic contact photo-dermatitis,"Mineral sunscreens preferred in pregnancy, but modern European/Asian filters are widely used; consult doctor",Age >= 6 months (mineral preferred under 2 years),"Apply 15-20 minutes before sun exposure, reapply every 2 hours",Do not apply too close to the waterline if prone to eye stinging,"Zinc oxide, Titanium dioxide",General OTC skincare active. Suitable for conservative home routine under patch testing and appropriate safety screening.
MED-1457,Sun-related skin concerns,Pigmentation-support treatment,Vitamin C + Ferulic Acid,Antioxidant serum,Broad-spectrum photoprotection against solar UV radiation and soothing photo-damaged skin with antioxidant serum,Normal,Mild,Sunburn with localized tenderness and heat,"Tingling, mild erythema on sensitive skin","Severe active eczema, inflamed broken skin",Ferulic acid / Ascorbic acid sensitivity,Safe in pregnancy,Age >= 16 years,Every morning under sunscreen,Synergistic antioxidant protection against solar free radicals; always pair with SPF,"Niacinamide, Centella Asiatica",General OTC skincare active. Suitable for conservative home routine under patch testing and appropriate safety screening.
MED-1458,Sun-related skin concerns,Sunscreen,Titanium dioxide + Zinc oxide,Mineral fluid,Broad-spectrum photoprotection against solar UV radiation and soothing photo-damaged skin with mineral fluid,Sensitive,Mild,"Mild solar erythema, warm skin sensation, tight feeling after sun exposure",Mild chalky residue on deep skin tones,None known,Hypoallergenic physical UV filters,Safe and recommended during pregnancy,Age >= 6 months,"Every morning, reapply every 2 hours with direct sun",100% mineral formulation; optimal for ultra-reactive and post-procedure skin,Pure Zinc oxide,General OTC skincare active. Suitable for conservative home routine under patch testing and appropriate safety screening.
MED-1459,Sun-related skin concerns,Sunscreen,Zinc oxide,SPF 30 cream,Broad-spectrum photoprotection against solar UV radiation and soothing photo-damaged skin with spf 30 cream,Reactive,Mild,"Superficial post-sun peeling, dehydration, photo-sensitivity",Rare mild dryness or white cast depending on micronization,Known hypersensitivity to zinc mineral formulations,Inert mineral; hypoallergenic,Safe and highly recommended physical UV filter during pregnancy,Age >= 6 months (infant sunscreen standard),Apply every morning and reapply every 2 hours during continuous sun exposure,"Broad-spectrum UVA/UVB protection; soothing on rosacea, acne, and reactive skin",Titanium dioxide,General OTC skincare active. Suitable for conservative home routine under patch testing and appropriate safety screening.
MED-1460,Sun-related skin concerns,Sunscreen,Zinc oxide,Broad-spectrum mineral SPF 50,Broad-spectrum photoprotection against solar UV radiation and soothing photo-damaged skin with broad-spectrum mineral spf 50,All skin types,Mild,Sunburn with localized tenderness and heat,Rare mild dryness or white cast depending on micronization,Known hypersensitivity to zinc mineral formulations,Inert mineral; hypoallergenic,Safe and highly recommended physical UV filter during pregnancy,Age >= 6 months (infant sunscreen standard),Apply every morning and reapply every 2 hours during continuous sun exposure,"Broad-spectrum UVA/UVB protection; soothing on rosacea, acne, and reactive skin",Titanium dioxide,General OTC skincare active. Suitable for conservative home routine under patch testing and appropriate safety screening.
MED-1461,Sun-related skin concerns,Sunscreen,Chemical UV filters (Avobenzone/Octocrylene/Bemotrizinol),Fluid,Broad-spectrum photoprotection against solar UV radiation and soothing photo-damaged skin with fluid,Normal,Mild,Sunburn with localized tenderness and heat,"Eye stinging if migrated, mild contact irritation in sensitive skin",Known allergy to specific chemical UV filter molecules,Avobenzone / oxybenzone sensitivity can trigger allergic contact photo-dermatitis,"Mineral sunscreens preferred in pregnancy, but modern European/Asian filters are widely used; consult doctor",Age >= 6 months (mineral preferred under 2 years),"Apply 15-20 minutes before sun exposure, reapply every 2 hours",Do not apply too close to the waterline if prone to eye stinging,"Zinc oxide, Titanium dioxide",General OTC skincare active. Suitable for conservative home routine under patch testing and appropriate safety screening.
MED-1462,Sun-related skin concerns,Sunscreen,Zinc oxide,Broad-spectrum mineral SPF 50,Broad-spectrum photoprotection against solar UV radiation and soothing photo-damaged skin with broad-spectrum mineral spf 50,All skin types,Moderate,"Mild solar erythema, warm skin sensation, tight feeling after sun exposure",Rare mild dryness or white cast depending on micronization,Known hypersensitivity to zinc mineral formulations,Inert mineral; hypoallergenic,Safe and highly recommended physical UV filter during pregnancy,Age >= 6 months (infant sunscreen standard),Apply every morning and reapply every 2 hours during continuous sun exposure,"Broad-spectrum UVA/UVB protection; soothing on rosacea, acne, and reactive skin",Titanium dioxide,General OTC skincare active. Suitable for conservative home routine under patch testing and appropriate safety screening.
MED-1463,Sun-related skin concerns,Barrier-support treatment,Centella Asiatica extract,Gel-cream,Broad-spectrum photoprotection against solar UV radiation and soothing photo-damaged skin with gel-cream,Sensitive,Mild,Sunburn with localized tenderness and heat,Rare,Hypersensitivity to Centella,Botanical soothing agent,Safe in pregnancy,All ages,Daily routine application,Hydrates and cools sun-exposed skin,"Panthenol, Aloe vera",General OTC skincare active. Suitable for conservative home routine under patch testing and appropriate safety screening.
MED-1464,Sun-related skin concerns,Sunscreen,Titanium dioxide + Zinc oxide,Mineral fluid,Broad-spectrum photoprotection against solar UV radiation and soothing photo-damaged skin with mineral fluid,Sensitive,Mild,"Superficial post-sun peeling, dehydration, photo-sensitivity",Mild chalky residue on deep skin tones,None known,Hypoallergenic physical UV filters,Safe and recommended during pregnancy,Age >= 6 months,"Every morning, reapply every 2 hours with direct sun",100% mineral formulation; optimal for ultra-reactive and post-procedure skin,Pure Zinc oxide,General OTC skincare active. Suitable for conservative home routine under patch testing and appropriate safety screening.
MED-1465,Sun-related skin concerns,Sunscreen,Titanium dioxide + Zinc oxide,Cream,Broad-spectrum photoprotection against solar UV radiation and soothing photo-damaged skin with cream,All skin types,Moderate,Sunburn with localized tenderness and heat,Mild chalky residue on deep skin tones,None known,Hypoallergenic physical UV filters,Safe and recommended during pregnancy,Age >= 6 months,"Every morning, reapply every 2 hours with direct sun",100% mineral formulation; optimal for ultra-reactive and post-procedure skin,Pure Zinc oxide,General OTC skincare active. Suitable for conservative home routine under patch testing and appropriate safety screening.
MED-1466,Sun-related skin concerns,Sunscreen,Zinc oxide,SPF 30 cream,Broad-spectrum photoprotection against solar UV radiation and soothing photo-damaged skin with spf 30 cream,Sensitive,Moderate,"Superficial post-sun peeling, dehydration, photo-sensitivity",Rare mild dryness or white cast depending on micronization,Known hypersensitivity to zinc mineral formulations,Inert mineral; hypoallergenic,Safe and highly recommended physical UV filter during pregnancy,Age >= 6 months (infant sunscreen standard),Apply every morning and reapply every 2 hours during continuous sun exposure,"Broad-spectrum UVA/UVB protection; soothing on rosacea, acne, and reactive skin",Titanium dioxide,General OTC skincare active. Suitable for conservative home routine under patch testing and appropriate safety screening.
MED-1467,Sun-related skin concerns,Pigmentation-support treatment,Vitamin C + Ferulic Acid,Antioxidant serum,Broad-spectrum photoprotection against solar UV radiation and soothing photo-damaged skin with antioxidant serum,Dry,Mild,"Mild solar erythema, warm skin sensation, tight feeling after sun exposure","Tingling, mild erythema on sensitive skin","Severe active eczema, inflamed broken skin",Ferulic acid / Ascorbic acid sensitivity,Safe in pregnancy,Age >= 16 years,Every morning under sunscreen,Synergistic antioxidant protection against solar free radicals; always pair with SPF,"Niacinamide, Centella Asiatica",General OTC skincare active. Suitable for conservative home routine under patch testing and appropriate safety screening.
MED-1468,Sun-related skin concerns,Pigmentation-support treatment,Vitamin C + Ferulic Acid,Antioxidant serum,Broad-spectrum photoprotection against solar UV radiation and soothing photo-damaged skin with antioxidant serum,Combination,Mild,Sunburn with localized tenderness and heat,"Tingling, mild erythema on sensitive skin","Severe active eczema, inflamed broken skin",Ferulic acid / Ascorbic acid sensitivity,Safe in pregnancy,Age >= 16 years,Every morning under sunscreen,Synergistic antioxidant protection against solar free radicals; always pair with SPF,"Niacinamide, Centella Asiatica",General OTC skincare active. Suitable for conservative home routine under patch testing and appropriate safety screening.
MED-1469,Sun-related skin concerns,Anti-inflammatory treatment,Aloe vera + Panthenol,Lotion,Broad-spectrum photoprotection against solar UV radiation and soothing photo-damaged skin with lotion,All skin types,Moderate,"Mild solar erythema, warm skin sensation, tight feeling after sun exposure",Rare contact dermatitis to unpurified aloe latex,Known allergy to Liliaceae plants,Use purified aloe vera gel without synthetic colorants or perfumes,Topical application safe in pregnancy,All ages,Apply liberally to warm sun-exposed skin as needed,Provides rapid evaporative cooling and anti-inflammatory relief; follow with moisturizer,"Centella Asiatica, Colloidal oatmeal",General OTC skincare active. Suitable for conservative home routine under patch testing and appropriate safety screening.
MED-1470,Sun-related skin concerns,Pigmentation-support treatment,Vitamin C + Ferulic Acid,Antioxidant serum,Broad-spectrum photoprotection against solar UV radiation and soothing photo-damaged skin with antioxidant serum,Combination,Mild,Sunburn with localized tenderness and heat,"Tingling, mild erythema on sensitive skin","Severe active eczema, inflamed broken skin",Ferulic acid / Ascorbic acid sensitivity,Safe in pregnancy,Age >= 16 years,Every morning under sunscreen,Synergistic antioxidant protection against solar free radicals; always pair with SPF,"Niacinamide, Centella Asiatica",General OTC skincare active. Suitable for conservative home routine under patch testing and appropriate safety screening.
MED-1471,Sun-related skin concerns,Pigmentation-support treatment,Vitamin C + Ferulic Acid,Antioxidant serum,Broad-spectrum photoprotection against solar UV radiation and soothing photo-damaged skin with antioxidant serum,Dry,Mild,"Mild solar erythema, warm skin sensation, tight feeling after sun exposure","Tingling, mild erythema on sensitive skin","Severe active eczema, inflamed broken skin",Ferulic acid / Ascorbic acid sensitivity,Safe in pregnancy,Age >= 16 years,Every morning under sunscreen,Synergistic antioxidant protection against solar free radicals; always pair with SPF,"Niacinamide, Centella Asiatica",General OTC skincare active. Suitable for conservative home routine under patch testing and appropriate safety screening.
MED-1472,Sun-related skin concerns,Sunscreen,Titanium dioxide + Zinc oxide,Mineral fluid,Broad-spectrum photoprotection against solar UV radiation and soothing photo-damaged skin with mineral fluid,All skin types,Moderate,"Mild solar erythema, warm skin sensation, tight feeling after sun exposure",Mild chalky residue on deep skin tones,None known,Hypoallergenic physical UV filters,Safe and recommended during pregnancy,Age >= 6 months,"Every morning, reapply every 2 hours with direct sun",100% mineral formulation; optimal for ultra-reactive and post-procedure skin,Pure Zinc oxide,General OTC skincare active. Suitable for conservative home routine under patch testing and appropriate safety screening.
MED-1473,Sun-related skin concerns,Sunscreen,Zinc oxide,SPF 30 cream,Broad-spectrum photoprotection against solar UV radiation and soothing photo-damaged skin with spf 30 cream,All skin types,Mild,"Solar induced flushing, early photoaging signs, mottled hyperpigmentation",Rare mild dryness or white cast depending on micronization,Known hypersensitivity to zinc mineral formulations,Inert mineral; hypoallergenic,Safe and highly recommended physical UV filter during pregnancy,Age >= 6 months (infant sunscreen standard),Apply every morning and reapply every 2 hours during continuous sun exposure,"Broad-spectrum UVA/UVB protection; soothing on rosacea, acne, and reactive skin",Titanium dioxide,General OTC skincare active. Suitable for conservative home routine under patch testing and appropriate safety screening.
MED-1474,Sun-related skin concerns,Sunscreen,Zinc oxide,Broad-spectrum mineral SPF 50,Broad-spectrum photoprotection against solar UV radiation and soothing photo-damaged skin with broad-spectrum mineral spf 50,Reactive,Mild,Sunburn with localized tenderness and heat,Rare mild dryness or white cast depending on micronization,Known hypersensitivity to zinc mineral formulations,Inert mineral; hypoallergenic,Safe and highly recommended physical UV filter during pregnancy,Age >= 6 months (infant sunscreen standard),Apply every morning and reapply every 2 hours during continuous sun exposure,"Broad-spectrum UVA/UVB protection; soothing on rosacea, acne, and reactive skin",Titanium dioxide,General OTC skincare active. Suitable for conservative home routine under patch testing and appropriate safety screening.
MED-1475,Sun-related skin concerns,Sunscreen,Zinc oxide,SPF 30 cream,Broad-spectrum photoprotection against solar UV radiation and soothing photo-damaged skin with spf 30 cream,Reactive,Mild,"Superficial post-sun peeling, dehydration, photo-sensitivity",Rare mild dryness or white cast depending on micronization,Known hypersensitivity to zinc mineral formulations,Inert mineral; hypoallergenic,Safe and highly recommended physical UV filter during pregnancy,Age >= 6 months (infant sunscreen standard),Apply every morning and reapply every 2 hours during continuous sun exposure,"Broad-spectrum UVA/UVB protection; soothing on rosacea, acne, and reactive skin",Titanium dioxide,General OTC skincare active. Suitable for conservative home routine under patch testing and appropriate safety screening.
MED-1476,Sun-related skin concerns,Barrier-support treatment,Centella Asiatica extract,Gel-cream,Broad-spectrum photoprotection against solar UV radiation and soothing photo-damaged skin with gel-cream,All skin types,Mild,"Superficial post-sun peeling, dehydration, photo-sensitivity",Rare,Hypersensitivity to Centella,Botanical soothing agent,Safe in pregnancy,All ages,Daily routine application,Hydrates and cools sun-exposed skin,"Panthenol, Aloe vera",General OTC skincare active. Suitable for conservative home routine under patch testing and appropriate safety screening.
MED-1477,Sun-related skin concerns,Pigmentation-support treatment,Vitamin C + Ferulic Acid,Antioxidant serum,Broad-spectrum photoprotection against solar UV radiation and soothing photo-damaged skin with antioxidant serum,Normal,Mild,"Mild solar erythema, warm skin sensation, tight feeling after sun exposure","Tingling, mild erythema on sensitive skin","Severe active eczema, inflamed broken skin",Ferulic acid / Ascorbic acid sensitivity,Safe in pregnancy,Age >= 16 years,Every morning under sunscreen,Synergistic antioxidant protection against solar free radicals; always pair with SPF,"Niacinamide, Centella Asiatica",General OTC skincare active. Suitable for conservative home routine under patch testing and appropriate safety screening.
MED-1478,Sun-related skin concerns,Anti-inflammatory treatment,Aloe vera + Panthenol,Soothing gel,Broad-spectrum photoprotection against solar UV radiation and soothing photo-damaged skin with soothing gel,Sensitive,Mild,Sunburn with localized tenderness and heat,Rare contact dermatitis to unpurified aloe latex,Known allergy to Liliaceae plants,Use purified aloe vera gel without synthetic colorants or perfumes,Topical application safe in pregnancy,All ages,Apply liberally to warm sun-exposed skin as needed,Provides rapid evaporative cooling and anti-inflammatory relief; follow with moisturizer,"Centella Asiatica, Colloidal oatmeal",General OTC skincare active. Suitable for conservative home routine under patch testing and appropriate safety screening.
MED-1479,Sun-related skin concerns,Sunscreen,Chemical UV filters (Avobenzone/Octocrylene/Bemotrizinol),Fluid,Broad-spectrum photoprotection against solar UV radiation and soothing photo-damaged skin with fluid,Oily,Mild,Sunburn with localized tenderness and heat,"Eye stinging if migrated, mild contact irritation in sensitive skin",Known allergy to specific chemical UV filter molecules,Avobenzone / oxybenzone sensitivity can trigger allergic contact photo-dermatitis,"Mineral sunscreens preferred in pregnancy, but modern European/Asian filters are widely used; consult doctor",Age >= 6 months (mineral preferred under 2 years),"Apply 15-20 minutes before sun exposure, reapply every 2 hours",Do not apply too close to the waterline if prone to eye stinging,"Zinc oxide, Titanium dioxide",General OTC skincare active. Suitable for conservative home routine under patch testing and appropriate safety screening.
MED-1480,Sun-related skin concerns,Sunscreen,Titanium dioxide + Zinc oxide,Cream,Broad-spectrum photoprotection against solar UV radiation and soothing photo-damaged skin with cream,All skin types,Moderate,"Superficial post-sun peeling, dehydration, photo-sensitivity",Mild chalky residue on deep skin tones,None known,Hypoallergenic physical UV filters,Safe and recommended during pregnancy,Age >= 6 months,"Every morning, reapply every 2 hours with direct sun",100% mineral formulation; optimal for ultra-reactive and post-procedure skin,Pure Zinc oxide,General OTC skincare active. Suitable for conservative home routine under patch testing and appropriate safety screening.
MED-1481,Sun-related skin concerns,Pigmentation-support treatment,Vitamin C + Ferulic Acid,Antioxidant serum,Broad-spectrum photoprotection against solar UV radiation and soothing photo-damaged skin with antioxidant serum,Dry,Mild,"Solar induced flushing, early photoaging signs, mottled hyperpigmentation","Tingling, mild erythema on sensitive skin","Severe active eczema, inflamed broken skin",Ferulic acid / Ascorbic acid sensitivity,Safe in pregnancy,Age >= 16 years,Every morning under sunscreen,Synergistic antioxidant protection against solar free radicals; always pair with SPF,"Niacinamide, Centella Asiatica",General OTC skincare active. Suitable for conservative home routine under patch testing and appropriate safety screening.
MED-1482,Sun-related skin concerns,Sunscreen,Titanium dioxide + Zinc oxide,Mineral fluid,Broad-spectrum photoprotection against solar UV radiation and soothing photo-damaged skin with mineral fluid,All skin types,Mild,"Superficial post-sun peeling, dehydration, photo-sensitivity",Mild chalky residue on deep skin tones,None known,Hypoallergenic physical UV filters,Safe and recommended during pregnancy,Age >= 6 months,"Every morning, reapply every 2 hours with direct sun",100% mineral formulation; optimal for ultra-reactive and post-procedure skin,Pure Zinc oxide,General OTC skincare active. Suitable for conservative home routine under patch testing and appropriate safety screening.
MED-1483,Sun-related skin concerns,Anti-inflammatory treatment,Aloe vera + Panthenol,Lotion,Broad-spectrum photoprotection against solar UV radiation and soothing photo-damaged skin with lotion,Sensitive,Mild,"Solar induced flushing, early photoaging signs, mottled hyperpigmentation",Rare contact dermatitis to unpurified aloe latex,Known allergy to Liliaceae plants,Use purified aloe vera gel without synthetic colorants or perfumes,Topical application safe in pregnancy,All ages,Apply liberally to warm sun-exposed skin as needed,Provides rapid evaporative cooling and anti-inflammatory relief; follow with moisturizer,"Centella Asiatica, Colloidal oatmeal",General OTC skincare active. Suitable for conservative home routine under patch testing and appropriate safety screening.
MED-1484,Sun-related skin concerns,Sunscreen,Chemical UV filters (Avobenzone/Octocrylene/Bemotrizinol),Fluid,Broad-spectrum photoprotection against solar UV radiation and soothing photo-damaged skin with fluid,Combination,Mild,"Solar induced flushing, early photoaging signs, mottled hyperpigmentation","Eye stinging if migrated, mild contact irritation in sensitive skin",Known allergy to specific chemical UV filter molecules,Avobenzone / oxybenzone sensitivity can trigger allergic contact photo-dermatitis,"Mineral sunscreens preferred in pregnancy, but modern European/Asian filters are widely used; consult doctor",Age >= 6 months (mineral preferred under 2 years),"Apply 15-20 minutes before sun exposure, reapply every 2 hours",Do not apply too close to the waterline if prone to eye stinging,"Zinc oxide, Titanium dioxide",General OTC skincare active. Suitable for conservative home routine under patch testing and appropriate safety screening.
MED-1485,Sun-related skin concerns,Anti-inflammatory treatment,Aloe vera + Panthenol,Mist,Broad-spectrum photoprotection against solar UV radiation and soothing photo-damaged skin with mist,All skin types,Moderate,"Superficial post-sun peeling, dehydration, photo-sensitivity",Rare contact dermatitis to unpurified aloe latex,Known allergy to Liliaceae plants,Use purified aloe vera gel without synthetic colorants or perfumes,Topical application safe in pregnancy,All ages,Apply liberally to warm sun-exposed skin as needed,Provides rapid evaporative cooling and anti-inflammatory relief; follow with moisturizer,"Centella Asiatica, Colloidal oatmeal",General OTC skincare active. Suitable for conservative home routine under patch testing and appropriate safety screening.
MED-1486,Sun-related skin concerns,Sunscreen,Zinc oxide,Broad-spectrum mineral SPF 50,Broad-spectrum photoprotection against solar UV radiation and soothing photo-damaged skin with broad-spectrum mineral spf 50,Sensitive,Moderate,Sunburn with localized tenderness and heat,Rare mild dryness or white cast depending on micronization,Known hypersensitivity to zinc mineral formulations,Inert mineral; hypoallergenic,Safe and highly recommended physical UV filter during pregnancy,Age >= 6 months (infant sunscreen standard),Apply every morning and reapply every 2 hours during continuous sun exposure,"Broad-spectrum UVA/UVB protection; soothing on rosacea, acne, and reactive skin",Titanium dioxide,General OTC skincare active. Suitable for conservative home routine under patch testing and appropriate safety screening.
MED-1487,Sun-related skin concerns,Sunscreen,Zinc oxide,Broad-spectrum mineral SPF 50,Broad-spectrum photoprotection against solar UV radiation and soothing photo-damaged skin with broad-spectrum mineral spf 50,Sensitive,Mild,"Mild solar erythema, warm skin sensation, tight feeling after sun exposure",Rare mild dryness or white cast depending on micronization,Known hypersensitivity to zinc mineral formulations,Inert mineral; hypoallergenic,Safe and highly recommended physical UV filter during pregnancy,Age >= 6 months (infant sunscreen standard),Apply every morning and reapply every 2 hours during continuous sun exposure,"Broad-spectrum UVA/UVB protection; soothing on rosacea, acne, and reactive skin",Titanium dioxide,General OTC skincare active. Suitable for conservative home routine under patch testing and appropriate safety screening.
MED-1488,Sun-related skin concerns,Barrier-support treatment,Centella Asiatica extract,Gel-cream,Broad-spectrum photoprotection against solar UV radiation and soothing photo-damaged skin with gel-cream,Sensitive,Mild,"Solar induced flushing, early photoaging signs, mottled hyperpigmentation",Rare,Hypersensitivity to Centella,Botanical soothing agent,Safe in pregnancy,All ages,Daily routine application,Hydrates and cools sun-exposed skin,"Panthenol, Aloe vera",General OTC skincare active. Suitable for conservative home routine under patch testing and appropriate safety screening.
MED-1489,Sun-related skin concerns,Anti-inflammatory treatment,Aloe vera + Panthenol,Mist,Broad-spectrum photoprotection against solar UV radiation and soothing photo-damaged skin with mist,All skin types,Mild,"Superficial post-sun peeling, dehydration, photo-sensitivity",Rare contact dermatitis to unpurified aloe latex,Known allergy to Liliaceae plants,Use purified aloe vera gel without synthetic colorants or perfumes,Topical application safe in pregnancy,All ages,Apply liberally to warm sun-exposed skin as needed,Provides rapid evaporative cooling and anti-inflammatory relief; follow with moisturizer,"Centella Asiatica, Colloidal oatmeal",General OTC skincare active. Suitable for conservative home routine under patch testing and appropriate safety screening.
MED-1490,Sun-related skin concerns,Pigmentation-support treatment,Vitamin C + Ferulic Acid,Antioxidant serum,Broad-spectrum photoprotection against solar UV radiation and soothing photo-damaged skin with antioxidant serum,Normal,Mild,"Solar induced flushing, early photoaging signs, mottled hyperpigmentation","Tingling, mild erythema on sensitive skin","Severe active eczema, inflamed broken skin",Ferulic acid / Ascorbic acid sensitivity,Safe in pregnancy,Age >= 16 years,Every morning under sunscreen,Synergistic antioxidant protection against solar free radicals; always pair with SPF,"Niacinamide, Centella Asiatica",General OTC skincare active. Suitable for conservative home routine under patch testing and appropriate safety screening.
MED-1491,Sun-related skin concerns,Sunscreen,Chemical UV filters (Avobenzone/Octocrylene/Bemotrizinol),Invisible gel,Broad-spectrum photoprotection against solar UV radiation and soothing photo-damaged skin with invisible gel,Combination,Mild,"Mild solar erythema, warm skin sensation, tight feeling after sun exposure","Eye stinging if migrated, mild contact irritation in sensitive skin",Known allergy to specific chemical UV filter molecules,Avobenzone / oxybenzone sensitivity can trigger allergic contact photo-dermatitis,"Mineral sunscreens preferred in pregnancy, but modern European/Asian filters are widely used; consult doctor",Age >= 6 months (mineral preferred under 2 years),"Apply 15-20 minutes before sun exposure, reapply every 2 hours",Do not apply too close to the waterline if prone to eye stinging,"Zinc oxide, Titanium dioxide",General OTC skincare active. Suitable for conservative home routine under patch testing and appropriate safety screening.
MED-1492,Sun-related skin concerns,Sunscreen,Titanium dioxide + Zinc oxide,Cream,Broad-spectrum photoprotection against solar UV radiation and soothing photo-damaged skin with cream,All skin types,Moderate,"Solar induced flushing, early photoaging signs, mottled hyperpigmentation",Mild chalky residue on deep skin tones,None known,Hypoallergenic physical UV filters,Safe and recommended during pregnancy,Age >= 6 months,"Every morning, reapply every 2 hours with direct sun",100% mineral formulation; optimal for ultra-reactive and post-procedure skin,Pure Zinc oxide,General OTC skincare active. Suitable for conservative home routine under patch testing and appropriate safety screening.
MED-1493,Sun-related skin concerns,Anti-inflammatory treatment,Aloe vera + Panthenol,Soothing gel,Broad-spectrum photoprotection against solar UV radiation and soothing photo-damaged skin with soothing gel,Sensitive,Moderate,"Superficial post-sun peeling, dehydration, photo-sensitivity",Rare contact dermatitis to unpurified aloe latex,Known allergy to Liliaceae plants,Use purified aloe vera gel without synthetic colorants or perfumes,Topical application safe in pregnancy,All ages,Apply liberally to warm sun-exposed skin as needed,Provides rapid evaporative cooling and anti-inflammatory relief; follow with moisturizer,"Centella Asiatica, Colloidal oatmeal",General OTC skincare active. Suitable for conservative home routine under patch testing and appropriate safety screening.
MED-1494,Sun-related skin concerns,Pigmentation-support treatment,Vitamin C + Ferulic Acid,Antioxidant serum,Broad-spectrum photoprotection against solar UV radiation and soothing photo-damaged skin with antioxidant serum,Combination,Mild,"Mild solar erythema, warm skin sensation, tight feeling after sun exposure","Tingling, mild erythema on sensitive skin","Severe active eczema, inflamed broken skin",Ferulic acid / Ascorbic acid sensitivity,Safe in pregnancy,Age >= 16 years,Every morning under sunscreen,Synergistic antioxidant protection against solar free radicals; always pair with SPF,"Niacinamide, Centella Asiatica",General OTC skincare active. Suitable for conservative home routine under patch testing and appropriate safety screening.
MED-1495,Sun-related skin concerns,Sunscreen,Titanium dioxide + Zinc oxide,Cream,Broad-spectrum photoprotection against solar UV radiation and soothing photo-damaged skin with cream,All skin types,Mild,"Solar induced flushing, early photoaging signs, mottled hyperpigmentation",Mild chalky residue on deep skin tones,None known,Hypoallergenic physical UV filters,Safe and recommended during pregnancy,Age >= 6 months,"Every morning, reapply every 2 hours with direct sun",100% mineral formulation; optimal for ultra-reactive and post-procedure skin,Pure Zinc oxide,General OTC skincare active. Suitable for conservative home routine under patch testing and appropriate safety screening.
MED-1496,No major concern,Barrier-support treatment,Ceramide NP,Daily barrier cream,"Daily preventative maintenance, hydration, and fundamental skin health support with daily barrier cream",All skin types,None/Mild,"Smooth texture, minimal blemishes, healthy hydration level",,,Hypoallergenic,Safe in pregnancy,All ages,Daily routine application,Maintains intercellular lipid matrix,"Hyaluronic acid, Glycerin",General OTC skincare active. Suitable for conservative home routine under patch testing and appropriate safety screening.
MED-1497,No major concern,Barrier-support treatment,Niacinamide (2%),Daily multi-benefit toner/serum,"Daily preventative maintenance, hydration, and fundamental skin health support with daily multi-benefit toner/serum",All skin types,None/Mild,"No active inflammation, regular maintenance needs, resilient barrier",Negligible,Known specific hypersensitivity,Hypoallergenic,Safe in pregnancy,All ages,Daily routine use,Compatible with all basic skincare ingredients,"Hyaluronic acid, Ceramides",General OTC skincare active. Suitable for conservative home routine under patch testing and appropriate safety screening.
MED-1498,No major concern,Barrier-support treatment,Niacinamide (2%),Daily multi-benefit toner/serum,"Daily preventative maintenance, hydration, and fundamental skin health support with daily multi-benefit toner/serum",All skin types,None/Mild,"Smooth texture, minimal blemishes, healthy hydration level",Negligible,Known specific hypersensitivity,Hypoallergenic,Safe in pregnancy,All ages,Daily routine use,Compatible with all basic skincare ingredients,"Hyaluronic acid, Ceramides",General OTC skincare active. Suitable for conservative home routine under patch testing and appropriate safety screening.
MED-1499,No major concern,Sunscreen,Broad-spectrum SPF 30-50 (Hybrid/Mineral),Cream,"Daily preventative maintenance, hydration, and fundamental skin health support with cream",All skin types,None/Mild,Baseline preventative skincare maintenance,None common,None known,Hypoallergenic formulas recommended,Safe in pregnancy,Age >= 6 months,Every morning as the final skincare step,Essential cornerstone of daily skin health and preventative photoprotection,Mineral Zinc oxide sunscreen,General OTC skincare active. Suitable for conservative home routine under patch testing and appropriate safety screening.
MED-1500,No major concern,Sunscreen,Broad-spectrum SPF 30-50 (Hybrid/Mineral),Cream,"Daily preventative maintenance, hydration, and fundamental skin health support with cream",All skin types,None/Mild,"No active inflammation, regular maintenance needs, resilient barrier",None common,None known,Hypoallergenic formulas recommended,Safe in pregnancy,Age >= 6 months,Every morning as the final skincare step,Essential cornerstone of daily skin health and preventative photoprotection,Mineral Zinc oxide sunscreen,General OTC skincare active. Suitable for conservative home routine under patch testing and appropriate safety screening.
MED-1501,No major concern,Barrier-support treatment,Ceramide NP,Daily barrier cream,"Daily preventative maintenance, hydration, and fundamental skin health support with daily barrier cream",All skin types,None/Mild,"No active inflammation, regular maintenance needs, resilient barrier",,,Hypoallergenic,Safe in pregnancy,All ages,Daily routine application,Maintains intercellular lipid matrix,"Hyaluronic acid, Glycerin",General OTC skincare active. Suitable for conservative home routine under patch testing and appropriate safety screening.
MED-1502,No major concern,Barrier-support treatment,Niacinamide (2%),Daily multi-benefit toner/serum,"Daily preventative maintenance, hydration, and fundamental skin health support with daily multi-benefit toner/serum",All skin types,None/Mild,Baseline preventative skincare maintenance,Negligible,Known specific hypersensitivity,Hypoallergenic,Safe in pregnancy,All ages,Daily routine use,Compatible with all basic skincare ingredients,"Hyaluronic acid, Ceramides",General OTC skincare active. Suitable for conservative home routine under patch testing and appropriate safety screening.
MED-1503,No major concern,Moisturizer,Hyaluronic acid + Glycerin,Gel moisturizer,"Daily preventative maintenance, hydration, and fundamental skin health support with gel moisturizer",All skin types,None/Mild,"No active inflammation, regular maintenance needs, resilient barrier",,,Hypoallergenic,Safe in pregnancy,All ages,Daily morning and night,Apply to slightly damp skin after cleansing,"Panthenol, Ceramides",General OTC skincare active. Suitable for conservative home routine under patch testing and appropriate safety screening.
MED-1504,No major concern,Barrier-support treatment,Niacinamide (2%),Daily multi-benefit toner/serum,"Daily preventative maintenance, hydration, and fundamental skin health support with daily multi-benefit toner/serum",All skin types,None/Mild,Baseline preventative skincare maintenance,Negligible,Known specific hypersensitivity,Hypoallergenic,Safe in pregnancy,All ages,Daily routine use,Compatible with all basic skincare ingredients,"Hyaluronic acid, Ceramides",General OTC skincare active. Suitable for conservative home routine under patch testing and appropriate safety screening.
MED-1505,No major concern,Barrier-support treatment,Ceramide NP,Daily barrier cream,"Daily preventative maintenance, hydration, and fundamental skin health support with daily barrier cream",All skin types,None/Mild,"Smooth texture, minimal blemishes, healthy hydration level",,,Hypoallergenic,Safe in pregnancy,All ages,Daily routine application,Maintains intercellular lipid matrix,"Hyaluronic acid, Glycerin",General OTC skincare active. Suitable for conservative home routine under patch testing and appropriate safety screening.
MED-1506,No major concern,Barrier-support treatment,Ceramide NP,Daily barrier cream,"Daily preventative maintenance, hydration, and fundamental skin health support with daily barrier cream",All skin types,None/Mild,"Smooth texture, minimal blemishes, healthy hydration level",,,Hypoallergenic,Safe in pregnancy,All ages,Daily routine application,Maintains intercellular lipid matrix,"Hyaluronic acid, Glycerin",General OTC skincare active. Suitable for conservative home routine under patch testing and appropriate safety screening.
MED-1507,No major concern,Moisturizer,Hyaluronic acid + Glycerin,Daily light lotion,"Daily preventative maintenance, hydration, and fundamental skin health support with daily light lotion",All skin types,None/Mild,Baseline preventative skincare maintenance,,,Hypoallergenic,Safe in pregnancy,All ages,Daily morning and night,Apply to slightly damp skin after cleansing,"Panthenol, Ceramides",General OTC skincare active. Suitable for conservative home routine under patch testing and appropriate safety screening.
MED-1508,No major concern,Cleanser,Gentle surfactants (Coco-glucoside / Decyl glucoside),Foaming cleanser,"Daily preventative maintenance, hydration, and fundamental skin health support with foaming cleanser",All skin types,None/Mild,"No active inflammation, regular maintenance needs, resilient barrier",None common,Hypersensitivity to glucoside surfactants,Very low potential; non-ionic mild surfactant class,Safe in pregnancy,All ages,Once or twice daily for facial cleansing,"Sulfate-free, preserves natural cutaneous lipid layer without squeaky stripping",Glycerin-based cleansing lotions,General OTC skincare active. Suitable for conservative home routine under patch testing and appropriate safety screening.
MED-1509,No major concern,Barrier-support treatment,Ceramide NP,Daily barrier cream,"Daily preventative maintenance, hydration, and fundamental skin health support with daily barrier cream",All skin types,None/Mild,Baseline preventative skincare maintenance,,,Hypoallergenic,Safe in pregnancy,All ages,Daily routine application,Maintains intercellular lipid matrix,"Hyaluronic acid, Glycerin",General OTC skincare active. Suitable for conservative home routine under patch testing and appropriate safety screening.
MED-1510,No major concern,Barrier-support treatment,Niacinamide (2%),Daily multi-benefit toner/serum,"Daily preventative maintenance, hydration, and fundamental skin health support with daily multi-benefit toner/serum",All skin types,None/Mild,Baseline preventative skincare maintenance,Negligible,Known specific hypersensitivity,Hypoallergenic,Safe in pregnancy,All ages,Daily routine use,Compatible with all basic skincare ingredients,"Hyaluronic acid, Ceramides",General OTC skincare active. Suitable for conservative home routine under patch testing and appropriate safety screening.
MED-1511,No major concern,Cleanser,Gentle surfactants (Coco-glucoside / Decyl glucoside),Hydrating gel wash,"Daily preventative maintenance, hydration, and fundamental skin health support with hydrating gel wash",All skin types,None/Mild,"Balanced skin, occasional mild oiliness or tightness depending on weather",None common,Hypersensitivity to glucoside surfactants,Very low potential; non-ionic mild surfactant class,Safe in pregnancy,All ages,Once or twice daily for facial cleansing,"Sulfate-free, preserves natural cutaneous lipid layer without squeaky stripping",Glycerin-based cleansing lotions,General OTC skincare active. Suitable for conservative home routine under patch testing and appropriate safety screening.
MED-1512,No major concern,Moisturizer,Hyaluronic acid + Glycerin,Gel moisturizer,"Daily preventative maintenance, hydration, and fundamental skin health support with gel moisturizer",All skin types,None/Mild,Baseline preventative skincare maintenance,,,Hypoallergenic,Safe in pregnancy,All ages,Daily morning and night,Apply to slightly damp skin after cleansing,"Panthenol, Ceramides",General OTC skincare active. Suitable for conservative home routine under patch testing and appropriate safety screening.
MED-1513,No major concern,Moisturizer,Hyaluronic acid + Glycerin,Gel moisturizer,"Daily preventative maintenance, hydration, and fundamental skin health support with gel moisturizer",All skin types,None/Mild,"Balanced skin, occasional mild oiliness or tightness depending on weather",,,Hypoallergenic,Safe in pregnancy,All ages,Daily morning and night,Apply to slightly damp skin after cleansing,"Panthenol, Ceramides",General OTC skincare active. Suitable for conservative home routine under patch testing and appropriate safety screening.
MED-1514,No major concern,Barrier-support treatment,Niacinamide (2%),Daily multi-benefit toner/serum,"Daily preventative maintenance, hydration, and fundamental skin health support with daily multi-benefit toner/serum",All skin types,None/Mild,"Smooth texture, minimal blemishes, healthy hydration level",Negligible,Known specific hypersensitivity,Hypoallergenic,Safe in pregnancy,All ages,Daily routine use,Compatible with all basic skincare ingredients,"Hyaluronic acid, Ceramides",General OTC skincare active. Suitable for conservative home routine under patch testing and appropriate safety screening.
MED-1515,No major concern,Cleanser,Gentle surfactants (Coco-glucoside / Decyl glucoside),Foaming cleanser,"Daily preventative maintenance, hydration, and fundamental skin health support with foaming cleanser",All skin types,None/Mild,"Balanced skin, occasional mild oiliness or tightness depending on weather",None common,Hypersensitivity to glucoside surfactants,Very low potential; non-ionic mild surfactant class,Safe in pregnancy,All ages,Once or twice daily for facial cleansing,"Sulfate-free, preserves natural cutaneous lipid layer without squeaky stripping",Glycerin-based cleansing lotions,General OTC skincare active. Suitable for conservative home routine under patch testing and appropriate safety screening.
MED-1516,No major concern,Moisturizer,Hyaluronic acid + Glycerin,Daily light lotion,"Daily preventative maintenance, hydration, and fundamental skin health support with daily light lotion",All skin types,None/Mild,"Smooth texture, minimal blemishes, healthy hydration level",,,Hypoallergenic,Safe in pregnancy,All ages,Daily morning and night,Apply to slightly damp skin after cleansing,"Panthenol, Ceramides",General OTC skincare active. Suitable for conservative home routine under patch testing and appropriate safety screening.
MED-1517,No major concern,Barrier-support treatment,Ceramide NP,Daily barrier cream,"Daily preventative maintenance, hydration, and fundamental skin health support with daily barrier cream",All skin types,None/Mild,Baseline preventative skincare maintenance,,,Hypoallergenic,Safe in pregnancy,All ages,Daily routine application,Maintains intercellular lipid matrix,"Hyaluronic acid, Glycerin",General OTC skincare active. Suitable for conservative home routine under patch testing and appropriate safety screening.
MED-1518,No major concern,Moisturizer,Hyaluronic acid + Glycerin,Daily light lotion,"Daily preventative maintenance, hydration, and fundamental skin health support with daily light lotion",All skin types,None/Mild,"Balanced skin, occasional mild oiliness or tightness depending on weather",,,Hypoallergenic,Safe in pregnancy,All ages,Daily morning and night,Apply to slightly damp skin after cleansing,"Panthenol, Ceramides",General OTC skincare active. Suitable for conservative home routine under patch testing and appropriate safety screening.
MED-1519,No major concern,Barrier-support treatment,Ceramide NP,Daily barrier cream,"Daily preventative maintenance, hydration, and fundamental skin health support with daily barrier cream",All skin types,None/Mild,Baseline preventative skincare maintenance,,,Hypoallergenic,Safe in pregnancy,All ages,Daily routine application,Maintains intercellular lipid matrix,"Hyaluronic acid, Glycerin",General OTC skincare active. Suitable for conservative home routine under patch testing and appropriate safety screening.
MED-1520,No major concern,Cleanser,Gentle surfactants (Coco-glucoside / Decyl glucoside),Foaming cleanser,"Daily preventative maintenance, hydration, and fundamental skin health support with foaming cleanser",All skin types,None/Mild,"Balanced skin, occasional mild oiliness or tightness depending on weather",None common,Hypersensitivity to glucoside surfactants,Very low potential; non-ionic mild surfactant class,Safe in pregnancy,All ages,Once or twice daily for facial cleansing,"Sulfate-free, preserves natural cutaneous lipid layer without squeaky stripping",Glycerin-based cleansing lotions,General OTC skincare active. Suitable for conservative home routine under patch testing and appropriate safety screening.
MED-1521,No major concern,Barrier-support treatment,Ceramide NP,Daily barrier cream,"Daily preventative maintenance, hydration, and fundamental skin health support with daily barrier cream",All skin types,None/Mild,"Smooth texture, minimal blemishes, healthy hydration level",,,Hypoallergenic,Safe in pregnancy,All ages,Daily routine application,Maintains intercellular lipid matrix,"Hyaluronic acid, Glycerin",General OTC skincare active. Suitable for conservative home routine under patch testing and appropriate safety screening.
MED-1522,No major concern,Moisturizer,Hyaluronic acid + Glycerin,Gel moisturizer,"Daily preventative maintenance, hydration, and fundamental skin health support with gel moisturizer",All skin types,None/Mild,Baseline preventative skincare maintenance,,,Hypoallergenic,Safe in pregnancy,All ages,Daily morning and night,Apply to slightly damp skin after cleansing,"Panthenol, Ceramides",General OTC skincare active. Suitable for conservative home routine under patch testing and appropriate safety screening.
MED-1523,No major concern,Barrier-support treatment,Ceramide NP,Daily barrier cream,"Daily preventative maintenance, hydration, and fundamental skin health support with daily barrier cream",All skin types,None/Mild,"Balanced skin, occasional mild oiliness or tightness depending on weather",,,Hypoallergenic,Safe in pregnancy,All ages,Daily routine application,Maintains intercellular lipid matrix,"Hyaluronic acid, Glycerin",General OTC skincare active. Suitable for conservative home routine under patch testing and appropriate safety screening.
MED-1524,No major concern,Sunscreen,Broad-spectrum SPF 30-50 (Hybrid/Mineral),Cream,"Daily preventative maintenance, hydration, and fundamental skin health support with cream",All skin types,None/Mild,"Smooth texture, minimal blemishes, healthy hydration level",None common,None known,Hypoallergenic formulas recommended,Safe in pregnancy,Age >= 6 months,Every morning as the final skincare step,Essential cornerstone of daily skin health and preventative photoprotection,Mineral Zinc oxide sunscreen,General OTC skincare active. Suitable for conservative home routine under patch testing and appropriate safety screening.
MED-1525,No major concern,Barrier-support treatment,Ceramide NP,Daily barrier cream,"Daily preventative maintenance, hydration, and fundamental skin health support with daily barrier cream",All skin types,None/Mild,"Balanced skin, occasional mild oiliness or tightness depending on weather",,,Hypoallergenic,Safe in pregnancy,All ages,Daily routine application,Maintains intercellular lipid matrix,"Hyaluronic acid, Glycerin",General OTC skincare active. Suitable for conservative home routine under patch testing and appropriate safety screening.
MED-1526,No major concern,Moisturizer,Hyaluronic acid + Glycerin,Gel moisturizer,"Daily preventative maintenance, hydration, and fundamental skin health support with gel moisturizer",All skin types,None/Mild,"Smooth texture, minimal blemishes, healthy hydration level",,,Hypoallergenic,Safe in pregnancy,All ages,Daily morning and night,Apply to slightly damp skin after cleansing,"Panthenol, Ceramides",General OTC skincare active. Suitable for conservative home routine under patch testing and appropriate safety screening.
MED-1527,No major concern,Moisturizer,Hyaluronic acid + Glycerin,Gel moisturizer,"Daily preventative maintenance, hydration, and fundamental skin health support with gel moisturizer",All skin types,None/Mild,Baseline preventative skincare maintenance,,,Hypoallergenic,Safe in pregnancy,All ages,Daily morning and night,Apply to slightly damp skin after cleansing,"Panthenol, Ceramides",General OTC skincare active. Suitable for conservative home routine under patch testing and appropriate safety screening.
MED-1528,No major concern,Barrier-support treatment,Niacinamide (2%),Daily multi-benefit toner/serum,"Daily preventative maintenance, hydration, and fundamental skin health support with daily multi-benefit toner/serum",All skin types,None/Mild,"No active inflammation, regular maintenance needs, resilient barrier",Negligible,Known specific hypersensitivity,Hypoallergenic,Safe in pregnancy,All ages,Daily routine use,Compatible with all basic skincare ingredients,"Hyaluronic acid, Ceramides",General OTC skincare active. Suitable for conservative home routine under patch testing and appropriate safety screening.
MED-1529,No major concern,Barrier-support treatment,Niacinamide (2%),Daily multi-benefit toner/serum,"Daily preventative maintenance, hydration, and fundamental skin health support with daily multi-benefit toner/serum",All skin types,None/Mild,"Smooth texture, minimal blemishes, healthy hydration level",Negligible,Known specific hypersensitivity,Hypoallergenic,Safe in pregnancy,All ages,Daily routine use,Compatible with all basic skincare ingredients,"Hyaluronic acid, Ceramides",General OTC skincare active. Suitable for conservative home routine under patch testing and appropriate safety screening.
MED-1530,No major concern,Barrier-support treatment,Niacinamide (2%),Daily multi-benefit toner/serum,"Daily preventative maintenance, hydration, and fundamental skin health support with daily multi-benefit toner/serum",All skin types,None/Mild,Baseline preventative skincare maintenance,Negligible,Known specific hypersensitivity,Hypoallergenic,Safe in pregnancy,All ages,Daily routine use,Compatible with all basic skincare ingredients,"Hyaluronic acid, Ceramides",General OTC skincare active. Suitable for conservative home routine under patch testing and appropriate safety screening.
MED-1531,No major concern,Moisturizer,Hyaluronic acid + Glycerin,Daily light lotion,"Daily preventative maintenance, hydration, and fundamental skin health support with daily light lotion",All skin types,None/Mild,Baseline preventative skincare maintenance,,,Hypoallergenic,Safe in pregnancy,All ages,Daily morning and night,Apply to slightly damp skin after cleansing,"Panthenol, Ceramides",General OTC skincare active. Suitable for conservative home routine under patch testing and appropriate safety screening.
MED-1532,No major concern,Barrier-support treatment,Niacinamide (2%),Daily multi-benefit toner/serum,"Daily preventative maintenance, hydration, and fundamental skin health support with daily multi-benefit toner/serum",All skin types,None/Mild,"No active inflammation, regular maintenance needs, resilient barrier",Negligible,Known specific hypersensitivity,Hypoallergenic,Safe in pregnancy,All ages,Daily routine use,Compatible with all basic skincare ingredients,"Hyaluronic acid, Ceramides",General OTC skincare active. Suitable for conservative home routine under patch testing and appropriate safety screening.
MED-1533,No major concern,Cleanser,Gentle surfactants (Coco-glucoside / Decyl glucoside),Foaming cleanser,"Daily preventative maintenance, hydration, and fundamental skin health support with foaming cleanser",All skin types,None/Mild,"Balanced skin, occasional mild oiliness or tightness depending on weather",None common,Hypersensitivity to glucoside surfactants,Very low potential; non-ionic mild surfactant class,Safe in pregnancy,All ages,Once or twice daily for facial cleansing,"Sulfate-free, preserves natural cutaneous lipid layer without squeaky stripping",Glycerin-based cleansing lotions,General OTC skincare active. Suitable for conservative home routine under patch testing and appropriate safety screening.
MED-1534,No major concern,Sunscreen,Broad-spectrum SPF 30-50 (Hybrid/Mineral),Daily sunscreen emulsion,"Daily preventative maintenance, hydration, and fundamental skin health support with daily sunscreen emulsion",All skin types,None/Mild,Baseline preventative skincare maintenance,None common,None known,Hypoallergenic formulas recommended,Safe in pregnancy,Age >= 6 months,Every morning as the final skincare step,Essential cornerstone of daily skin health and preventative photoprotection,Mineral Zinc oxide sunscreen,General OTC skincare active. Suitable for conservative home routine under patch testing and appropriate safety screening.
MED-1535,No major concern,Barrier-support treatment,Ceramide NP,Daily barrier cream,"Daily preventative maintenance, hydration, and fundamental skin health support with daily barrier cream",All skin types,None/Mild,"Smooth texture, minimal blemishes, healthy hydration level",,,Hypoallergenic,Safe in pregnancy,All ages,Daily routine application,Maintains intercellular lipid matrix,"Hyaluronic acid, Glycerin",General OTC skincare active. Suitable for conservative home routine under patch testing and appropriate safety screening.
MED-1536,No major concern,Barrier-support treatment,Ceramide NP,Daily barrier cream,"Daily preventative maintenance, hydration, and fundamental skin health support with daily barrier cream",All skin types,None/Mild,"No active inflammation, regular maintenance needs, resilient barrier",,,Hypoallergenic,Safe in pregnancy,All ages,Daily routine application,Maintains intercellular lipid matrix,"Hyaluronic acid, Glycerin",General OTC skincare active. Suitable for conservative home routine under patch testing and appropriate safety screening.
MED-1537,No major concern,Barrier-support treatment,Niacinamide (2%),Daily multi-benefit toner/serum,"Daily preventative maintenance, hydration, and fundamental skin health support with daily multi-benefit toner/serum",All skin types,None/Mild,"Balanced skin, occasional mild oiliness or tightness depending on weather",Negligible,Known specific hypersensitivity,Hypoallergenic,Safe in pregnancy,All ages,Daily routine use,Compatible with all basic skincare ingredients,"Hyaluronic acid, Ceramides",General OTC skincare active. Suitable for conservative home routine under patch testing and appropriate safety screening.
MED-1538,No major concern,Barrier-support treatment,Niacinamide (2%),Daily multi-benefit toner/serum,"Daily preventative maintenance, hydration, and fundamental skin health support with daily multi-benefit toner/serum",All skin types,None/Mild,Baseline preventative skincare maintenance,Negligible,Known specific hypersensitivity,Hypoallergenic,Safe in pregnancy,All ages,Daily routine use,Compatible with all basic skincare ingredients,"Hyaluronic acid, Ceramides",General OTC skincare active. Suitable for conservative home routine under patch testing and appropriate safety screening.
MED-1539,No major concern,Cleanser,Gentle surfactants (Coco-glucoside / Decyl glucoside),Foaming cleanser,"Daily preventative maintenance, hydration, and fundamental skin health support with foaming cleanser",All skin types,None/Mild,Baseline preventative skincare maintenance,None common,Hypersensitivity to glucoside surfactants,Very low potential; non-ionic mild surfactant class,Safe in pregnancy,All ages,Once or twice daily for facial cleansing,"Sulfate-free, preserves natural cutaneous lipid layer without squeaky stripping",Glycerin-based cleansing lotions,General OTC skincare active. Suitable for conservative home routine under patch testing and appropriate safety screening.
MED-1540,No major concern,Moisturizer,Hyaluronic acid + Glycerin,Daily light lotion,"Daily preventative maintenance, hydration, and fundamental skin health support with daily light lotion",All skin types,None/Mild,"Balanced skin, occasional mild oiliness or tightness depending on weather",,,Hypoallergenic,Safe in pregnancy,All ages,Daily morning and night,Apply to slightly damp skin after cleansing,"Panthenol, Ceramides",General OTC skincare active. Suitable for conservative home routine under patch testing and appropriate safety screening.
MED-1541,No major concern,Barrier-support treatment,Ceramide NP,Daily barrier cream,"Daily preventative maintenance, hydration, and fundamental skin health support with daily barrier cream",All skin types,None/Mild,"Smooth texture, minimal blemishes, healthy hydration level",,,Hypoallergenic,Safe in pregnancy,All ages,Daily routine application,Maintains intercellular lipid matrix,"Hyaluronic acid, Glycerin",General OTC skincare active. Suitable for conservative home routine under patch testing and appropriate safety screening.
MED-1542,No major concern,Sunscreen,Broad-spectrum SPF 30-50 (Hybrid/Mineral),Cream,"Daily preventative maintenance, hydration, and fundamental skin health support with cream",All skin types,None/Mild,"No active inflammation, regular maintenance needs, resilient barrier",None common,None known,Hypoallergenic formulas recommended,Safe in pregnancy,Age >= 6 months,Every morning as the final skincare step,Essential cornerstone of daily skin health and preventative photoprotection,Mineral Zinc oxide sunscreen,General OTC skincare active. Suitable for conservative home routine under patch testing and appropriate safety screening.
MED-1543,No major concern,Barrier-support treatment,Niacinamide (2%),Daily multi-benefit toner/serum,"Daily preventative maintenance, hydration, and fundamental skin health support with daily multi-benefit toner/serum",All skin types,None/Mild,"No active inflammation, regular maintenance needs, resilient barrier",Negligible,Known specific hypersensitivity,Hypoallergenic,Safe in pregnancy,All ages,Daily routine use,Compatible with all basic skincare ingredients,"Hyaluronic acid, Ceramides",General OTC skincare active. Suitable for conservative home routine under patch testing and appropriate safety screening.
MED-1544,No major concern,Moisturizer,Hyaluronic acid + Glycerin,Daily light lotion,"Daily preventative maintenance, hydration, and fundamental skin health support with daily light lotion",All skin types,None/Mild,Baseline preventative skincare maintenance,,,Hypoallergenic,Safe in pregnancy,All ages,Daily morning and night,Apply to slightly damp skin after cleansing,"Panthenol, Ceramides",General OTC skincare active. Suitable for conservative home routine under patch testing and appropriate safety screening.
MED-1545,No major concern,Barrier-support treatment,Niacinamide (2%),Daily multi-benefit toner/serum,"Daily preventative maintenance, hydration, and fundamental skin health support with daily multi-benefit toner/serum",All skin types,None/Mild,Baseline preventative skincare maintenance,Negligible,Known specific hypersensitivity,Hypoallergenic,Safe in pregnancy,All ages,Daily routine use,Compatible with all basic skincare ingredients,"Hyaluronic acid, Ceramides",General OTC skincare active. Suitable for conservative home routine under patch testing and appropriate safety screening.
MED-1546,No major concern,Barrier-support treatment,Niacinamide (2%),Daily multi-benefit toner/serum,"Daily preventative maintenance, hydration, and fundamental skin health support with daily multi-benefit toner/serum",All skin types,None/Mild,"Smooth texture, minimal blemishes, healthy hydration level",Negligible,Known specific hypersensitivity,Hypoallergenic,Safe in pregnancy,All ages,Daily routine use,Compatible with all basic skincare ingredients,"Hyaluronic acid, Ceramides",General OTC skincare active. Suitable for conservative home routine under patch testing and appropriate safety screening.
MED-1547,No major concern,Sunscreen,Broad-spectrum SPF 30-50 (Hybrid/Mineral),Cream,"Daily preventative maintenance, hydration, and fundamental skin health support with cream",All skin types,None/Mild,"Balanced skin, occasional mild oiliness or tightness depending on weather",None common,None known,Hypoallergenic formulas recommended,Safe in pregnancy,Age >= 6 months,Every morning as the final skincare step,Essential cornerstone of daily skin health and preventative photoprotection,Mineral Zinc oxide sunscreen,General OTC skincare active. Suitable for conservative home routine under patch testing and appropriate safety screening.
MED-1548,No major concern,Cleanser,Gentle surfactants (Coco-glucoside / Decyl glucoside),Hydrating gel wash,"Daily preventative maintenance, hydration, and fundamental skin health support with hydrating gel wash",All skin types,None/Mild,Baseline preventative skincare maintenance,None common,Hypersensitivity to glucoside surfactants,Very low potential; non-ionic mild surfactant class,Safe in pregnancy,All ages,Once or twice daily for facial cleansing,"Sulfate-free, preserves natural cutaneous lipid layer without squeaky stripping",Glycerin-based cleansing lotions,General OTC skincare active. Suitable for conservative home routine under patch testing and appropriate safety screening.
MED-1549,No major concern,Moisturizer,Hyaluronic acid + Glycerin,Gel moisturizer,"Daily preventative maintenance, hydration, and fundamental skin health support with gel moisturizer",All skin types,None/Mild,"Smooth texture, minimal blemishes, healthy hydration level",,,Hypoallergenic,Safe in pregnancy,All ages,Daily morning and night,Apply to slightly damp skin after cleansing,"Panthenol, Ceramides",General OTC skincare active. Suitable for conservative home routine under patch testing and appropriate safety screening.
MED-1550,No major concern,Sunscreen,Broad-spectrum SPF 30-50 (Hybrid/Mineral),Cream,"Daily preventative maintenance, hydration, and fundamental skin health support with cream",All skin types,None/Mild,Baseline preventative skincare maintenance,None common,None known,Hypoallergenic formulas recommended,Safe in pregnancy,Age >= 6 months,Every morning as the final skincare step,Essential cornerstone of daily skin health and preventative photoprotection,Mineral Zinc oxide sunscreen,General OTC skincare active. Suitable for conservative home routine under patch testing and appropriate safety screening.
