product_id,product_name,brand_name,product_category,skin_type,skin_concern,sensitivity_level,key_ingredients,ingredients_to_avoid,fragrance_free,non_comedogenic,price_inr,rating,availability,recommendation_score
DERMA-0001,Foxtale Clear Glow Aloe Face Wash,Foxtale,Face Wash,Oily,No Major Concern,Low,Aloe Vera; Green Tea Extract; Hyaluronic Acid; Glycerin; Squalane,Essential Oils,Yes,Yes,627,3.5,Available,91
DERMA-0002,La Roche-Posay Mandelic Radiance Solution Tranexamic Exfoliant,La Roche-Posay,Exfoliant,Sensitive,Hyperpigmentation,Medium,Tranexamic Acid; Kojic Acid; Niacinamide; Tocopherol (Vitamin E),Sulfates; Lanolin,Yes,Yes,375,3.9,Available,95
DERMA-0003,The Derma Co Piroctone Olamine Soothing Wash Aloe Anti-Dandruff Shampoo,The Derma Co,Anti-Dandruff Shampoo,Combination,No Major Concern,Low,Aloe Vera; Green Tea Extract; Centella Asiatica; Allantoin,Sulfates; Parabens; Essential Oils,No,Yes,2453,4.5,Available,86
DERMA-0004,Kama Ayurveda Deep Nourishing Salicylic Moisturizer,Kama Ayurveda,Moisturizer,Combination,Blackheads,Low,Salicylic Acid; Activated Charcoal; BHA; Panthenol,Silicones; Denatured Alcohol,Yes,No,1463,3.8,Available,80
DERMA-0005,La Roche-Posay Micellar Balancing Mandelic Cleanser,La Roche-Posay,Cleanser,Combination,Whiteheads,Low,Mandelic Acid; AHA; Lactic Acid; Aloe Vera; Allantoin,Artificial Fragrance; Essential Oils,Yes,No,1038,4.6,Available,85
DERMA-0006,Simple Clarifying Liquid Exfoliant Tea Exfoliant,Simple,Exfoliant,Oily,Acne,High,Tea Tree Oil; Azelaic Acid; Salicylic Acid; Squalane; Centella Asiatica,Formaldehyde Releasers; Denatured Alcohol,Yes,Yes,1547,3.9,Available,85
DERMA-0007,Chemist at Play Moisture Surge Jelly Squalane Face Mask,Chemist at Play,Face Mask,Combination,Skin Barrier Damage,High,Squalane; Centella Asiatica; Allantoin,Sulfates; Oxybenzone; Denatured Alcohol,Yes,Yes,803,4.7,Available,97
DERMA-0008,Simple Barrier Defense BHA Cleanser,Simple,Cleanser,Sensitive,Blackheads,High,BHA; Salicylic Acid; Allantoin,Lanolin,Yes,Yes,3681,4.9,Available,83
DERMA-0009,Chemist at Play Enzyme Resurfacing Scrub Niacinamide Exfoliant,Chemist at Play,Exfoliant,Combination,Hyperpigmentation,Low,Niacinamide; Centella Asiatica,Oxybenzone; Lanolin,No,Yes,463,3.8,Available,80
DERMA-0010,Bioderma Overnight Hydration Sleep Ketoconazole Face Mask,Bioderma,Face Mask,Dry,Dandruff,Low,Ketoconazole; Green Tea Extract,Formaldehyde Releasers,Yes,Yes,447,4.3,Available,90
DERMA-0011,Pilgrim Nourishing Oat Milk Niacinamide Body Moisturizer,Pilgrim,Body Moisturizer,Sensitive,Excess Oil,High,Niacinamide; Green Tea Extract; Tocopherol (Vitamin E),Phthalates; Parabens,Yes,Yes,1261,4.6,Available,90
DERMA-0012,Neutrogena Ultra Matte Dry Touch Madecassoside Sunscreen,Neutrogena,Sunscreen,Dry,Redness,High,Madecassoside; Centella Asiatica; Aloe Vera; Green Tea Extract,Parabens,Yes,Yes,2468,4.5,Available,91
DERMA-0013,Fixderma Ultra Matte Dry Touch Zinc Sunscreen,Fixderma,Sunscreen,Normal,Acne,Low,Zinc PCA; Tea Tree Oil; Panthenol; Allantoin,Essential Oils; Parabens,Yes,Yes,658,4.7,Available,98
DERMA-0014,Dot & Key Deep Cleansing Shea Cleanser,Dot & Key,Cleanser,Sensitive,Dryness,Medium,Shea Butter; Tocopherol (Vitamin E),Synthetic Dyes; Parabens; Lanolin,Yes,Yes,497,4.4,Available,91
DERMA-0015,CeraVe Mineral Broad Spectrum Allantoin Sunscreen,CeraVe,Sunscreen,Combination,Redness,High,Allantoin; Centella Asiatica; Green Tea Extract,Synthetic Dyes; Sulfates; Oxybenzone,Yes,Yes,735,5.0,Available,95
DERMA-0016,Biotique Oil-Free Hydro Gel Glycolic Moisturizer,Biotique,Moisturizer,Normal,Uneven Skin Tone,Medium,Glycolic Acid; Niacinamide; Vitamin C; Panthenol,Sulfates; Lanolin,No,No,508,3.8,Available,73
DERMA-0017,Re'equil Exfoliating Scalp Serum Colloidal Scalp Care,Re'equil,Scalp Care,Combination,Redness,High,Colloidal Oatmeal; Centella Asiatica; Glycerin,Mineral Oil,No,Yes,868,4.5,Available,80
DERMA-0018,Minimalist Gentle Soothing Green Face Wash,Minimalist,Face Wash,Oily,No Major Concern,High,Green Tea Extract; Glycerin; Niacinamide; Allantoin,Mineral Oil; Parabens,Yes,Yes,326,4.7,Available,90
DERMA-0019,Suganda Cica Recovery Sheet Zinc Face Mask,Suganda,Face Mask,Normal,Dandruff,Medium,Zinc Pyrithione; Glycerin; Allantoin,Mineral Oil; Silicones; Essential Oils,No,Yes,558,5.0,Available,84
DERMA-0020,Re'equil Clarifying Liquid Exfoliant AHA Exfoliant,Re'equil,Exfoliant,Sensitive,Whiteheads,Medium,AHA; Lactic Acid; Mandelic Acid; Allantoin; Squalane,Mineral Oil; Oxybenzone,No,Yes,473,4.8,Available,83
DERMA-0021,Neutrogena Alpha Arbutin Pigment Correct Salicylic Serum,Neutrogena,Serum,Dry,Dandruff,High,Salicylic Acid; Piroctone Olamine; Allantoin; Tocopherol (Vitamin E),Essential Oils; Denatured Alcohol; Parabens,Yes,Yes,474,3.7,Available,84
DERMA-0022,Kama Ayurveda Revitalizing Fruit Enzyme Squalane Toner,Kama Ayurveda,Toner,Oily,Skin Barrier Damage,Low,Squalane; Centella Asiatica; Panthenol,Silicones; Mineral Oil; Lanolin,Yes,Yes,264,3.1,Available,90
DERMA-0023,Sebamed Exfoliating Scalp Serum Salicylic Scalp Care,Sebamed,Scalp Care,Combination,Excess Oil,Medium,Salicylic Acid; Zinc PCA; Green Tea Extract; Tocopherol (Vitamin E),Phthalates; Oxybenzone,Yes,Yes,1412,4.9,Available,91
DERMA-0024,Biotique Charcoal Pore Clearing BHA Face Mask,Biotique,Face Mask,Sensitive,Blackheads,High,BHA; Zinc PCA; Glycerin,Essential Oils,No,Yes,1386,3.7,Available,75
DERMA-0025,Foxtale Daily Hydrating Lotion Aloe Body Moisturizer,Foxtale,Body Moisturizer,Dry,No Major Concern,Medium,Aloe Vera; Hyaluronic Acid; Green Tea Extract; Allantoin; Squalane,Formaldehyde Releasers; Phthalates; Parabens,Yes,Yes,261,3.3,Available,90
DERMA-0026,Avene Clarifying Drying Lotion Green Acne Treatment,Avene,Acne Treatment,Normal,Excess Oil,Medium,Green Tea Extract; Witch Hazel; Salicylic Acid; Aloe Vera,Denatured Alcohol; Formaldehyde Releasers; Phthalates,Yes,Yes,424,4.4,Available,94
DERMA-0027,La Roche-Posay Retinol Night Renewal Zinc Serum,La Roche-Posay,Serum,Combination,Blackheads,High,Zinc PCA; BHA; Allantoin,Silicones; Mineral Oil,Yes,Yes,304,4.4,Available,91
DERMA-0028,Minimalist Shea Butter Rich Balm Clay Body Moisturizer,Minimalist,Body Moisturizer,Normal,Excess Oil,Low,Clay; Witch Hazel; Aloe Vera,Denatured Alcohol,Yes,Yes,998,3.8,Available,91
DERMA-0029,Sebamed Salicylic Acid Flake Control Clay Anti-Dandruff Shampoo,Sebamed,Anti-Dandruff Shampoo,Sensitive,Excess Oil,Low,Clay; Witch Hazel; Allantoin,Silicones; Artificial Fragrance; Phthalates,No,Yes,393,3.9,Available,85
DERMA-0030,CeraVe Pore Minimizing Ceramides Toner,CeraVe,Toner,Combination,Dryness,Low,Ceramides; Hyaluronic Acid; Glycerin,Essential Oils,No,Yes,844,4.7,Available,88
DERMA-0031,Neutrogena Daily Hydrating Lotion Witch Body Moisturizer,Neutrogena,Body Moisturizer,Dry,Excess Oil,Medium,Witch Hazel; Niacinamide; Zinc PCA; Allantoin; Centella Asiatica,Denatured Alcohol,No,Yes,984,3.6,Available,79
DERMA-0032,Foxtale Invisible Fluid Green Sunscreen,Foxtale,Sunscreen,Oily,No Major Concern,Medium,Green Tea Extract; Panthenol,Silicones; Oxybenzone; Mineral Oil,No,Yes,949,4.7,Available,79
DERMA-0033,Fixderma Anti-Acne Purifying BHA Face Wash,Fixderma,Face Wash,Normal,Blackheads,Medium,BHA; Activated Charcoal; Aloe Vera; Tocopherol (Vitamin E),Lanolin; Synthetic Dyes,No,Yes,324,4.3,Available,81
DERMA-0034,Suganda Gentle AHA BHA Peel Vitamin Exfoliant,Suganda,Exfoliant,Normal,Hyperpigmentation,Low,Vitamin C; Kojic Acid; Green Tea Extract; Panthenol,Lanolin; Denatured Alcohol; Formaldehyde Releasers,Yes,Yes,795,4.0,Available,93
DERMA-0035,Dr. Sheth's Enzyme Resurfacing Scrub Alpha Exfoliant,Dr. Sheth's,Exfoliant,Combination,Hyperpigmentation,Medium,Alpha Arbutin; Tocopherol (Vitamin E); Aloe Vera,Essential Oils; Denatured Alcohol; Synthetic Dyes,Yes,Yes,1143,3.3,Available,84
DERMA-0036,WishCare Mandelic Radiance Solution Niacinamide Exfoliant,WishCare,Exfoliant,Sensitive,Whiteheads,High,Niacinamide; Tocopherol (Vitamin E),Lanolin,Yes,Yes,500,5.0,Unavailable,91
DERMA-0037,Avene 2% Hyaluronic Acid Glow Green Serum,Avene,Serum,Oily,Redness,High,Green Tea Extract; Madecassoside; Allantoin; Glycerin,Denatured Alcohol; Artificial Fragrance; Phthalates,Yes,Yes,3851,4.1,Available,79
DERMA-0038,CeraVe Gentle AHA BHA Peel Niacinamide Exfoliant,CeraVe,Exfoliant,Oily,Acne,Low,Niacinamide; Centella Asiatica,Essential Oils,Yes,Yes,1026,4.8,Available,95
DERMA-0039,Avene Mineral Broad Spectrum Mandelic Sunscreen,Avene,Sunscreen,Sensitive,Whiteheads,High,Mandelic Acid; Salicylic Acid; Allantoin,Oxybenzone,Yes,No,240,4.4,Available,79
DERMA-0040,Dr. Sheth's Lactic Acid Smoothing Serum Niacinamide Exfoliant,Dr. Sheth's,Exfoliant,Normal,Dullness,Low,Niacinamide; Vitamin C; Glycolic Acid; Tocopherol (Vitamin E); Aloe Vera,Formaldehyde Releasers,Yes,No,872,4.5,Available,83
DERMA-0041,The Derma Co Ceramide Barrier Selenium Moisturizer,The Derma Co,Moisturizer,Combination,Dandruff,Medium,Selenium Sulfide; Squalane; Panthenol,Formaldehyde Releasers; Phthalates; Oxybenzone,Yes,Yes,1042,4.1,Available,87
DERMA-0042,Chemist at Play Shea Butter Rich Balm Niacinamide Body Moisturizer,Chemist at Play,Body Moisturizer,Sensitive,Acne,Low,Niacinamide; Aloe Vera; Panthenol,Synthetic Dyes,Yes,Yes,1103,3.5,Unavailable,87
DERMA-0043,Kama Ayurveda Exfoliating Glow Kaolin Toner,Kama Ayurveda,Toner,Combination,Blackheads,Medium,Kaolin Clay; Niacinamide; Zinc PCA; Aloe Vera,Mineral Oil,No,Yes,594,3.7,Unavailable,82
DERMA-0044,Cosrx Gentle AHA BHA Peel Green Exfoliant,Cosrx,Exfoliant,Oily,Excess Oil,Low,Green Tea Extract; Niacinamide; Zinc PCA; Centella Asiatica; Allantoin,Phthalates; Lanolin,Yes,Yes,521,4.5,Available,94
DERMA-0045,WishCare Daily Hydrating Retinol Moisturizer,WishCare,Moisturizer,Combination,Uneven Skin Tone,Low,Retinol; Panthenol,Lanolin; Denatured Alcohol,Yes,Yes,446,4.6,Available,94
DERMA-0046,Re'equil Nourishing Oat Milk Panthenol Body Moisturizer,Re'equil,Body Moisturizer,Sensitive,No Major Concern,Medium,Panthenol; Green Tea Extract; Glycerin; Tocopherol (Vitamin E),Denatured Alcohol; Synthetic Dyes; Oxybenzone,No,Yes,752,4.2,Available,80
DERMA-0047,Kama Ayurveda Clarifying Drying Lotion Vitamin Acne Treatment,Kama Ayurveda,Acne Treatment,Normal,Hyperpigmentation,Low,Vitamin C; Niacinamide; Tranexamic Acid; Squalane,Mineral Oil,Yes,Yes,1430,3.1,Available,88
DERMA-0048,Plum Lactic Acid Smoothing Serum Salicylic Exfoliant,Plum,Exfoliant,Combination,Acne,Medium,Salicylic Acid; Azelaic Acid; Glycerin; Green Tea Extract,Silicones,Yes,Yes,599,5.0,Unavailable,97
DERMA-0049,Avene Piroctone Olamine Soothing Wash Panthenol Anti-Dandruff Shampoo,Avene,Anti-Dandruff Shampoo,Oily,No Major Concern,High,Panthenol; Niacinamide; Green Tea Extract,Essential Oils,No,No,1870,4.0,Available,77
DERMA-0050,Neutrogena Lactic Acid Smoothing Serum Niacinamide Exfoliant,Neutrogena,Exfoliant,Sensitive,Blackheads,Low,Niacinamide; Zinc PCA; Panthenol; Allantoin,Silicones; Synthetic Dyes; Artificial Fragrance,Yes,Yes,511,4.3,Available,96
DERMA-0051,Chemist at Play Barrier Defense SPF 50 Piroctone Sunscreen,Chemist at Play,Sunscreen,Normal,Dandruff,Low,Piroctone Olamine; Ketoconazole; Centella Asiatica; Green Tea Extract,Artificial Fragrance; Sulfates; Phthalates,Yes,Yes,2725,3.9,Available,90
DERMA-0052,Biotique Ultra Matte Dry Touch Witch Sunscreen,Biotique,Sunscreen,Normal,Excess Oil,Low,Witch Hazel; Salicylic Acid; Squalane,Parabens; Synthetic Dyes,Yes,Yes,3534,3.8,Available,85
DERMA-0053,Suganda Barrier Defense SPF 50 Zinc Sunscreen,Suganda,Sunscreen,Sensitive,Blackheads,High,Zinc PCA; BHA; Salicylic Acid; Centella Asiatica,Parabens; Synthetic Dyes,Yes,Yes,692,4.6,Available,96
DERMA-0054,Plum Overnight Hydration Sleep Vitamin Face Mask,Plum,Face Mask,Combination,Uneven Skin Tone,Medium,Vitamin C; Licorice Extract; Aloe Vera,Artificial Fragrance,Yes,Yes,3127,4.0,Unavailable,89
DERMA-0055,Cosrx Spot Clearing Gel Benzoyl Acne Treatment,Cosrx,Acne Treatment,Normal,Acne,Low,Benzoyl Peroxide; Zinc PCA; Tea Tree Oil; Allantoin; Green Tea Extract,Phthalates,Yes,Yes,1174,3.9,Available,92
DERMA-0056,Deconstruct Tea Tree Anti-Flake Cleanser Centella Anti-Dandruff Shampoo,Deconstruct,Anti-Dandruff Shampoo,Sensitive,Redness,High,Centella Asiatica; Colloidal Oatmeal; Green Tea Extract,Silicones,Yes,Yes,579,4.8,Available,99
DERMA-0057,Dr. Sheth's 10% Urea Repair Glycolic Body Moisturizer,Dr. Sheth's,Body Moisturizer,Dry,Whiteheads,Medium,Glycolic Acid; Mandelic Acid; Aloe Vera,Essential Oils; Mineral Oil,No,Yes,3004,2.9,Available,69
DERMA-0058,CeraVe Mineral Broad Spectrum Niacinamide Sunscreen,CeraVe,Sunscreen,Oily,Excess Oil,Low,Niacinamide; Tocopherol (Vitamin E); Allantoin,Essential Oils; Sulfates; Formaldehyde Releasers,Yes,Yes,1432,3.8,Available,88
DERMA-0059,Suganda Deep Nourishing Zinc Moisturizer,Suganda,Moisturizer,Sensitive,Acne,High,Zinc PCA; Niacinamide; Salicylic Acid; Panthenol,Mineral Oil,No,No,616,4.3,Available,83
DERMA-0060,Neutrogena Ketoconazole & Zinc Scalp Defense Tea Anti-Dandruff Shampoo,Neutrogena,Anti-Dandruff Shampoo,Sensitive,Dandruff,High,Tea Tree Oil; Zinc Pyrithione; Centella Asiatica,Oxybenzone; Parabens,Yes,Yes,3145,4.3,Available,86
DERMA-0061,Fixderma Intensive Anti-Dandruff Treatment Panthenol Anti-Dandruff Shampoo,Fixderma,Anti-Dandruff Shampoo,Oily,No Major Concern,High,Panthenol; Centella Asiatica; Green Tea Extract,Denatured Alcohol; Phthalates; Formaldehyde Releasers,Yes,Yes,558,4.7,Available,98
DERMA-0062,Pilgrim Soothing Sun Gel Green Sunscreen,Pilgrim,Sunscreen,Normal,Excess Oil,High,Green Tea Extract; Niacinamide; Tocopherol (Vitamin E); Panthenol,Denatured Alcohol; Mineral Oil; Artificial Fragrance,Yes,Yes,242,4.7,Available,95
DERMA-0063,Pilgrim Piroctone Olamine Soothing Wash Colloidal Anti-Dandruff Shampoo,Pilgrim,Anti-Dandruff Shampoo,Dry,Redness,High,Colloidal Oatmeal; Centella Asiatica; Panthenol; Squalane,Lanolin; Parabens,Yes,Yes,960,4.7,Available,95
DERMA-0064,La Roche-Posay Anti-Acne Purifying Glycolic Face Wash,La Roche-Posay,Face Wash,Combination,Uneven Skin Tone,Low,Glycolic Acid; Licorice Extract; Centella Asiatica,Artificial Fragrance,No,Yes,916,4.6,Unavailable,85
DERMA-0065,Minimalist Oil-Free Hydro Gel Ketoconazole Moisturizer,Minimalist,Moisturizer,Dry,Dandruff,Medium,Ketoconazole; Squalane,Phthalates; Mineral Oil,Yes,No,568,3.7,Available,78
DERMA-0066,Plum Ceramide Barrier Azelaic Moisturizer,Plum,Moisturizer,Sensitive,Acne,Medium,Azelaic Acid; Tea Tree Oil; Centella Asiatica; Allantoin,Sulfates; Mineral Oil; Silicones,Yes,Yes,546,5.0,Available,99
DERMA-0067,Chemist at Play Retinol Night Renewal Madecassoside Serum,Chemist at Play,Serum,Oily,Redness,High,Madecassoside; Colloidal Oatmeal; Centella Asiatica; Panthenol,Parabens,Yes,Yes,779,4.6,Available,96
DERMA-0068,Chemist at Play BHA Clarifying Concentrate Zinc Acne Treatment,Chemist at Play,Acne Treatment,Normal,Acne,High,Zinc PCA; Squalane; Green Tea Extract,Silicones; Denatured Alcohol; Sulfates,Yes,Yes,365,4.6,Available,91
DERMA-0069,Deconstruct Salicylic Acid Flake Control Green Anti-Dandruff Shampoo,Deconstruct,Anti-Dandruff Shampoo,Oily,Redness,High,Green Tea Extract; Centella Asiatica; Panthenol; Aloe Vera,Mineral Oil,Yes,Yes,523,4.7,Available,97
DERMA-0070,Kama Ayurveda Intensive Anti-Dandruff Treatment Witch Anti-Dandruff Shampoo,Kama Ayurveda,Anti-Dandruff Shampoo,Dry,Excess Oil,Low,Witch Hazel; Panthenol,Phthalates; Lanolin; Synthetic Dyes,Yes,Yes,488,4.6,Available,95
DERMA-0071,Forest Essentials Clarifying Scalp Scrub Green Scalp Care,Forest Essentials,Scalp Care,Dry,Redness,High,Green Tea Extract; Centella Asiatica; Squalane; Glycerin,Phthalates; Lanolin,Yes,Yes,345,5.0,Available,100
DERMA-0072,Avene Detoxifying Clay Green Face Mask,Avene,Face Mask,Normal,Excess Oil,Medium,Green Tea Extract; Panthenol,Phthalates; Formaldehyde Releasers; Artificial Fragrance,No,Yes,1430,4.7,Available,78
DERMA-0073,WishCare Brightening Gel Hyaluronic Face Wash,WishCare,Face Wash,Sensitive,Skin Barrier Damage,High,Hyaluronic Acid; Squalane; Panthenol,Denatured Alcohol; Silicones,Yes,Yes,1295,3.5,Available,85
DERMA-0074,Forest Essentials Brightening Gel Centella Face Wash,Forest Essentials,Face Wash,Sensitive,Skin Barrier Damage,High,Centella Asiatica; Panthenol; Ceramides; Tocopherol (Vitamin E),Oxybenzone; Lanolin,Yes,No,561,3.7,Unavailable,85
DERMA-0075,Cosrx Exfoliating Glow Niacinamide Toner,Cosrx,Toner,Combination,Hyperpigmentation,Medium,Niacinamide; Alpha Arbutin; Tranexamic Acid; Glycerin; Panthenol,Artificial Fragrance; Essential Oils,No,Yes,3491,5.0,Available,80
DERMA-0076,Neutrogena Brightening Enzyme Sheet Glycerin Face Mask,Neutrogena,Face Mask,Sensitive,No Major Concern,Medium,Glycerin; Green Tea Extract; Niacinamide; Panthenol,Lanolin,Yes,Yes,2178,5.0,Available,89
DERMA-0077,Dr. Sheth's Clarifying Drying Lotion Glycolic Acne Treatment,Dr. Sheth's,Acne Treatment,Combination,Dullness,High,Glycolic Acid; Papaya Enzyme; Centella Asiatica,Essential Oils; Mineral Oil,Yes,Yes,3304,3.8,Available,88
DERMA-0078,Dr. Sheth's Daily Hydrating Tea Moisturizer,Dr. Sheth's,Moisturizer,Dry,Dandruff,Low,Tea Tree Oil; Ketoconazole; Centella Asiatica,Artificial Fragrance,Yes,Yes,461,4.3,Available,94
DERMA-0079,Cetaphil Barrier Defense SPF 50 BHA Sunscreen,Cetaphil,Sunscreen,Normal,Blackheads,High,BHA; Kaolin Clay; Green Tea Extract,Parabens,Yes,Yes,2873,4.3,Available,85
DERMA-0080,Fixderma Ketoconazole & Zinc Scalp Defense Zinc Anti-Dandruff Shampoo,Fixderma,Anti-Dandruff Shampoo,Sensitive,Excess Oil,High,Zinc PCA; Witch Hazel; Allantoin; Squalane,Essential Oils; Denatured Alcohol,Yes,Yes,413,3.9,Available,88
DERMA-0081,Deconstruct Gentle Soothing Witch Face Wash,Deconstruct,Face Wash,Oily,Excess Oil,Medium,Witch Hazel; Centella Asiatica,Parabens; Synthetic Dyes,Yes,Yes,412,4.5,Available,91
DERMA-0082,Cetaphil Detoxifying Clay Niacinamide Face Mask,Cetaphil,Face Mask,Sensitive,Uneven Skin Tone,Medium,Niacinamide; Retinol; Centella Asiatica; Green Tea Extract,Mineral Oil,Yes,Yes,574,4.9,Available,94
DERMA-0083,Suganda 10% Urea Repair Licorice Body Moisturizer,Suganda,Body Moisturizer,Combination,Hyperpigmentation,Low,Licorice Extract; Aloe Vera; Green Tea Extract,Artificial Fragrance,Yes,Yes,1068,4.5,Available,89
DERMA-0084,Forest Essentials Alpha Arbutin Pigment Correct AHA Serum,Forest Essentials,Serum,Sensitive,Whiteheads,Low,AHA; Mandelic Acid; Salicylic Acid; Green Tea Extract,Sulfates; Mineral Oil,Yes,Yes,3301,4.3,Available,89
DERMA-0085,Forest Essentials Cica Soothing Aloe Moisturizer,Forest Essentials,Moisturizer,Normal,No Major Concern,Low,Aloe Vera; Glycerin; Tocopherol (Vitamin E),Artificial Fragrance; Formaldehyde Releasers; Denatured Alcohol,No,Yes,366,4.0,Available,86
DERMA-0086,Dot & Key Salicylic Acid Flake Control Niacinamide Anti-Dandruff Shampoo,Dot & Key,Anti-Dandruff Shampoo,Normal,No Major Concern,Low,Niacinamide; Panthenol; Hyaluronic Acid; Squalane,Silicones; Mineral Oil; Formaldehyde Releasers,No,No,2084,3.8,Available,75
DERMA-0087,Deconstruct Clarifying Foaming Hyaluronic Cleanser,Deconstruct,Cleanser,Dry,Dryness,Low,Hyaluronic Acid; Squalane; Ceramides; Panthenol; Aloe Vera,Sulfates; Synthetic Dyes,No,Yes,1007,4.0,Unavailable,81
DERMA-0088,Pilgrim Oil-Free Hydro Gel Licorice Moisturizer,Pilgrim,Moisturizer,Normal,Uneven Skin Tone,Low,Licorice Extract; Retinol; Centella Asiatica,Phthalates; Essential Oils; Sulfates,Yes,Yes,3351,4.6,Available,92
DERMA-0089,Deconstruct Hydra Boost Centella Face Wash,Deconstruct,Face Wash,Combination,Skin Barrier Damage,High,Centella Asiatica; Squalane; Green Tea Extract; Allantoin,Essential Oils,Yes,Yes,451,4.8,Available,100
DERMA-0090,Cosrx Cica Soothing Squalane Moisturizer,Cosrx,Moisturizer,Sensitive,Dryness,High,Squalane; Shea Butter; Aloe Vera; Centella Asiatica,Artificial Fragrance,Yes,Yes,1060,4.3,Available,94
DERMA-0091,Kama Ayurveda Cica Soothing Ceramides Moisturizer,Kama Ayurveda,Moisturizer,Sensitive,Skin Barrier Damage,High,Ceramides; Squalane; Centella Asiatica; Allantoin; Aloe Vera,Lanolin; Essential Oils,Yes,Yes,3625,5.0,Available,96
DERMA-0092,Cosrx 10% Niacinamide + Zinc Hyaluronic Serum,Cosrx,Serum,Dry,Skin Barrier Damage,High,Hyaluronic Acid; Panthenol,Synthetic Dyes; Lanolin; Mineral Oil,Yes,Yes,1616,3.6,Available,86
DERMA-0093,Suganda Shea Butter Rich Balm Peptides Body Moisturizer,Suganda,Body Moisturizer,Combination,Skin Barrier Damage,High,Peptides; Centella Asiatica; Tocopherol (Vitamin E),Oxybenzone,Yes,Yes,236,4.1,Available,94
DERMA-0094,Re'equil Spot Clearing Gel Tranexamic Acne Treatment,Re'equil,Acne Treatment,Combination,Hyperpigmentation,Low,Tranexamic Acid; Vitamin C; Allantoin; Panthenol,Phthalates,No,Yes,325,3.9,Available,83
DERMA-0095,Biotique Cica Calming Essence Salicylic Toner,Biotique,Toner,Sensitive,Whiteheads,High,Salicylic Acid; Mandelic Acid; Panthenol,Formaldehyde Releasers; Phthalates,No,Yes,3537,5.0,Available,84
DERMA-0096,Re'equil Nourishing Oat Milk Benzoyl Body Moisturizer,Re'equil,Body Moisturizer,Combination,Acne,Low,Benzoyl Peroxide; Tea Tree Oil; Zinc PCA; Allantoin,Artificial Fragrance; Denatured Alcohol,Yes,Yes,405,4.4,Available,96
DERMA-0097,The Derma Co Ceramide Intensive Cream Green Body Moisturizer,The Derma Co,Body Moisturizer,Sensitive,Redness,High,Green Tea Extract; Allantoin; Panthenol,Silicones,Yes,Yes,947,3.8,Available,91
DERMA-0098,Simple Hydrating Milky Azelaic Toner,Simple,Toner,Sensitive,Acne,High,Azelaic Acid; Tea Tree Oil; Panthenol,Synthetic Dyes; Mineral Oil,Yes,Yes,514,4.0,Available,93
DERMA-0099,Bioderma Rapid Action Spot Corrector Kojic Acne Treatment,Bioderma,Acne Treatment,Normal,Hyperpigmentation,Medium,Kojic Acid; Alpha Arbutin; Centella Asiatica; Squalane,Lanolin; Oxybenzone; Parabens,Yes,No,1271,4.4,Available,87
DERMA-0100,The Derma Co Shea Butter Rich Balm Vitamin Body Moisturizer,The Derma Co,Body Moisturizer,Normal,Hyperpigmentation,Medium,Vitamin C; Licorice Extract; Allantoin,Parabens,No,No,276,3.4,Available,69
DERMA-0101,Dr. Sheth's Cica Recovery Sheet Clay Face Mask,Dr. Sheth's,Face Mask,Sensitive,Excess Oil,Medium,Clay; Green Tea Extract,Phthalates; Formaldehyde Releasers; Silicones,Yes,Yes,3382,4.6,Available,90
DERMA-0102,Pilgrim Peptide Follicle Booster Madecassoside Scalp Care,Pilgrim,Scalp Care,Combination,Redness,High,Madecassoside; Allantoin; Squalane; Panthenol,Lanolin; Phthalates; Mineral Oil,No,Yes,568,4.0,Available,85
DERMA-0103,Bioderma Peptide Follicle Booster Hyaluronic Scalp Care,Bioderma,Scalp Care,Sensitive,No Major Concern,Medium,Hyaluronic Acid; Panthenol; Tocopherol (Vitamin E),Oxybenzone; Denatured Alcohol,No,Yes,474,4.1,Available,78
DERMA-0104,Avene Ketoconazole & Zinc Scalp Defense Niacinamide Anti-Dandruff Shampoo,Avene,Anti-Dandruff Shampoo,Dry,Excess Oil,Low,Niacinamide; Squalane,Lanolin; Phthalates,No,Yes,740,4.8,Available,86
DERMA-0105,Dot & Key Cica Calming Essence Witch Toner,Dot & Key,Toner,Normal,Excess Oil,Medium,Witch Hazel; Niacinamide; Tocopherol (Vitamin E),Lanolin; Parabens; Artificial Fragrance,No,Yes,2220,4.3,Available,79
DERMA-0106,Fixderma Ceramide Barrier Zinc Moisturizer,Fixderma,Moisturizer,Combination,Acne,Low,Zinc PCA; Tea Tree Oil; Panthenol; Squalane,Phthalates; Denatured Alcohol; Essential Oils,Yes,Yes,573,4.1,Available,93
DERMA-0107,WishCare Ceramide Barrier Glycerin Moisturizer,WishCare,Moisturizer,Oily,No Major Concern,Low,Glycerin; Aloe Vera; Centella Asiatica,Mineral Oil; Sulfates; Silicones,Yes,Yes,270,3.0,Available,88
DERMA-0108,La Roche-Posay Clarifying Liquid Exfoliant Mandelic Exfoliant,La Roche-Posay,Exfoliant,Sensitive,Whiteheads,High,Mandelic Acid; AHA; Glycolic Acid; Aloe Vera,Artificial Fragrance; Silicones,Yes,Yes,2773,4.4,Available,86
DERMA-0109,Biotique Rapid Action Spot Corrector Niacinamide Acne Treatment,Biotique,Acne Treatment,Combination,Hyperpigmentation,Low,Niacinamide; Kojic Acid; Tranexamic Acid; Tocopherol (Vitamin E); Squalane,Oxybenzone,Yes,Yes,1835,3.6,Available,87
DERMA-0110,Neutrogena Clarifying Foaming Retinol Cleanser,Neutrogena,Cleanser,Sensitive,Uneven Skin Tone,High,Retinol; Niacinamide; Alpha Arbutin; Allantoin; Centella Asiatica,Parabens; Phthalates,Yes,Yes,1067,4.1,Available,93
DERMA-0111,Deconstruct Clarifying Scalp Scrub Centella Scalp Care,Deconstruct,Scalp Care,Oily,Redness,High,Centella Asiatica; Colloidal Oatmeal; Panthenol; Aloe Vera; Glycerin,Parabens; Sulfates; Phthalates,Yes,Yes,291,4.3,Unavailable,98
DERMA-0112,Dr. Sheth's Clarifying Drying Lotion Witch Acne Treatment,Dr. Sheth's,Acne Treatment,Normal,Excess Oil,High,Witch Hazel; Clay; Zinc PCA; Allantoin; Aloe Vera,Silicones; Formaldehyde Releasers; Artificial Fragrance,No,Yes,1514,3.4,Available,71
DERMA-0113,Deconstruct Peptide Follicle Booster Panthenol Scalp Care,Deconstruct,Scalp Care,Combination,No Major Concern,Low,Panthenol; Squalane,Parabens,Yes,Yes,616,4.2,Available,92
DERMA-0114,Avene Tea Tree Scalp Detox Ketoconazole Scalp Care,Avene,Scalp Care,Dry,Dandruff,Medium,Ketoconazole; Centella Asiatica,Lanolin,Yes,Yes,505,4.4,Available,95
DERMA-0115,Forest Essentials Clear Pore Screen Alpha Sunscreen,Forest Essentials,Sunscreen,Combination,Hyperpigmentation,High,Alpha Arbutin; Niacinamide; Squalane,Phthalates; Parabens; Mineral Oil,Yes,Yes,926,4.0,Available,82
DERMA-0116,Suganda Cica Recovery Sheet Centella Face Mask,Suganda,Face Mask,Normal,Redness,Medium,Centella Asiatica; Green Tea Extract; Tocopherol (Vitamin E); Squalane,Artificial Fragrance; Silicones; Essential Oils,Yes,No,530,3.7,Available,84
DERMA-0117,Kama Ayurveda Micellar Foaming Green Face Wash,Kama Ayurveda,Face Wash,Sensitive,No Major Concern,Medium,Green Tea Extract; Hyaluronic Acid; Aloe Vera; Centella Asiatica,Oxybenzone; Formaldehyde Releasers; Essential Oils,Yes,Yes,369,3.8,Available,90
DERMA-0118,Pilgrim Gentle Soothing Green Face Wash,Pilgrim,Face Wash,Normal,Redness,Medium,Green Tea Extract; Aloe Vera; Panthenol,Phthalates; Formaldehyde Releasers,No,Yes,383,5.0,Available,86
DERMA-0119,Deconstruct Gentle Soothing BHA Face Wash,Deconstruct,Face Wash,Normal,Blackheads,High,BHA; Zinc PCA; Salicylic Acid; Squalane; Panthenol,Essential Oils,Yes,Yes,490,4.5,Available,99
DERMA-0120,Forest Essentials 2% Hyaluronic Acid Glow Glycerin Serum,Forest Essentials,Serum,Normal,No Major Concern,Medium,Glycerin; Aloe Vera; Panthenol; Green Tea Extract,Parabens; Formaldehyde Releasers; Lanolin,Yes,Yes,1698,3.7,Available,85
DERMA-0121,Plum Tea Tree Scalp Detox Niacinamide Scalp Care,Plum,Scalp Care,Oily,Excess Oil,Medium,Niacinamide; Clay; Aloe Vera; Glycerin,Formaldehyde Releasers,Yes,Yes,207,3.8,Unavailable,89
DERMA-0122,Simple Piroctone Olamine Soothing Wash Green Anti-Dandruff Shampoo,Simple,Anti-Dandruff Shampoo,Dry,No Major Concern,Low,Green Tea Extract; Aloe Vera; Panthenol,Silicones; Sulfates,Yes,Yes,3380,4.1,Available,89
DERMA-0123,La Roche-Posay 10% Vitamin C Radiance Peptides Serum,La Roche-Posay,Serum,Oily,Skin Barrier Damage,Low,Peptides; Squalane; Glycerin; Green Tea Extract,Lanolin,Yes,Yes,421,3.9,Unavailable,90
DERMA-0124,Simple Gentle Hydrating Centella Cleanser,Simple,Cleanser,Dry,Redness,Low,Centella Asiatica; Colloidal Oatmeal; Green Tea Extract; Aloe Vera,Parabens; Artificial Fragrance; Mineral Oil,No,Yes,3904,3.8,Available,83
DERMA-0125,WishCare Revitalizing Fruit Enzyme Ferulic Toner,WishCare,Toner,Oily,Dullness,Low,Ferulic Acid; Papaya Enzyme; Squalane; Aloe Vera,Artificial Fragrance; Sulfates; Formaldehyde Releasers,Yes,Yes,1719,4.5,Available,91
DERMA-0126,Suganda Daily Hydrating Lotion Lactic Body Moisturizer,Suganda,Body Moisturizer,Sensitive,Whiteheads,Low,Lactic Acid; AHA; Squalane; Tocopherol (Vitamin E),Oxybenzone,Yes,Yes,687,4.4,Available,95
DERMA-0127,La Roche-Posay Ketoconazole & Zinc Scalp Defense Piroctone Anti-Dandruff Shampoo,La Roche-Posay,Anti-Dandruff Shampoo,Oily,Dandruff,Low,Piroctone Olamine; Green Tea Extract; Panthenol,Sulfates,Yes,Yes,3321,3.9,Available,84
DERMA-0128,Dr. Sheth's Clarifying Liquid Exfoliant Niacinamide Exfoliant,Dr. Sheth's,Exfoliant,Normal,Hyperpigmentation,Low,Niacinamide; Kojic Acid; Tranexamic Acid; Centella Asiatica,Silicones; Sulfates,Yes,Yes,2494,4.5,Available,88
DERMA-0129,Chemist at Play Exfoliating Glow Tranexamic Toner,Chemist at Play,Toner,Dry,Hyperpigmentation,Low,Tranexamic Acid; Squalane; Panthenol,Sulfates; Mineral Oil,Yes,Yes,3530,3.9,Available,85
DERMA-0130,Minimalist Cica Calming Essence Piroctone Toner,Minimalist,Toner,Combination,Dandruff,Low,Piroctone Olamine; Tea Tree Oil; Centella Asiatica,Synthetic Dyes; Essential Oils,No,Yes,402,4.0,Unavailable,85
DERMA-0131,Pilgrim Ketoconazole & Zinc Scalp Defense Panthenol Anti-Dandruff Shampoo,Pilgrim,Anti-Dandruff Shampoo,Combination,No Major Concern,Medium,Panthenol; Hyaluronic Acid; Green Tea Extract,Artificial Fragrance; Oxybenzone; Formaldehyde Releasers,Yes,Yes,3390,4.5,Available,91
DERMA-0132,WishCare Brightening Gel Centella Face Wash,WishCare,Face Wash,Normal,Skin Barrier Damage,High,Centella Asiatica; Peptides; Hyaluronic Acid; Tocopherol (Vitamin E),Phthalates; Synthetic Dyes; Silicones,Yes,Yes,1409,4.1,Unavailable,94
DERMA-0133,Cosrx 10% Urea Repair Squalane Body Moisturizer,Cosrx,Body Moisturizer,Oily,Dryness,Medium,Squalane; Hyaluronic Acid; Shea Butter; Aloe Vera; Tocopherol (Vitamin E),Parabens,Yes,Yes,460,4.2,Available,92
DERMA-0134,Deconstruct Clarifying Drying Lotion Niacinamide Acne Treatment,Deconstruct,Acne Treatment,Normal,Excess Oil,Medium,Niacinamide; Green Tea Extract; Panthenol,Sulfates; Lanolin,Yes,Yes,358,3.6,Available,93
DERMA-0135,Re'equil Moisture Surge Jelly Salicylic Face Mask,Re'equil,Face Mask,Normal,Blackheads,Low,Salicylic Acid; Niacinamide; Allantoin,Mineral Oil,Yes,Yes,283,4.9,Available,98
DERMA-0136,Dot & Key Rapid Action Spot Corrector Vitamin Acne Treatment,Dot & Key,Acne Treatment,Normal,Hyperpigmentation,High,Vitamin C; Squalane; Glycerin,Synthetic Dyes; Essential Oils; Phthalates,Yes,Yes,201,3.8,Available,84
DERMA-0137,CeraVe Intensive Anti-Dandruff Treatment Zinc Anti-Dandruff Shampoo,CeraVe,Anti-Dandruff Shampoo,Combination,Dandruff,Low,Zinc Pyrithione; Selenium Sulfide; Centella Asiatica,Phthalates; Formaldehyde Releasers; Mineral Oil,No,Yes,399,3.8,Available,86
DERMA-0138,Dot & Key Tea Tree Scalp Detox Allantoin Scalp Care,Dot & Key,Scalp Care,Combination,Redness,High,Allantoin; Panthenol,Lanolin; Artificial Fragrance,Yes,Yes,504,4.0,Available,92
DERMA-0139,Dr. Sheth's Cica Soothing Hyaluronic Moisturizer,Dr. Sheth's,Moisturizer,Normal,Skin Barrier Damage,High,Hyaluronic Acid; Aloe Vera,Artificial Fragrance; Lanolin,No,No,1719,5.0,Available,68
DERMA-0140,Sebamed Cica Recovery Sheet Peptides Face Mask,Sebamed,Face Mask,Sensitive,Skin Barrier Damage,High,Peptides; Centella Asiatica; Green Tea Extract,Essential Oils,Yes,Yes,314,3.3,Available,88
DERMA-0141,Suganda Lactic Acid Smoothing Serum Kojic Exfoliant,Suganda,Exfoliant,Normal,Hyperpigmentation,Medium,Kojic Acid; Niacinamide; Alpha Arbutin; Tocopherol (Vitamin E); Aloe Vera,Lanolin,Yes,Yes,215,3.8,Available,92
DERMA-0142,Neutrogena Barrier Defense SPF 50 Niacinamide Sunscreen,Neutrogena,Sunscreen,Dry,No Major Concern,Medium,Niacinamide; Glycerin; Green Tea Extract; Panthenol,Synthetic Dyes,Yes,No,1211,4.3,Available,83
DERMA-0143,WishCare 10% Vitamin C Radiance Ketoconazole Serum,WishCare,Serum,Combination,Dandruff,Low,Ketoconazole; Zinc Pyrithione; Selenium Sulfide; Centella Asiatica,Artificial Fragrance; Lanolin; Essential Oils,No,No,1448,4.2,Available,76
DERMA-0144,Bioderma Tea Tree Scalp Detox Panthenol Scalp Care,Bioderma,Scalp Care,Sensitive,Redness,High,Panthenol; Squalane; Tocopherol (Vitamin E),Phthalates; Mineral Oil,Yes,Yes,595,5.0,Available,96
DERMA-0145,Pilgrim Clarifying Liquid Exfoliant Glycolic Exfoliant,Pilgrim,Exfoliant,Sensitive,Dullness,Medium,Glycolic Acid; Niacinamide; Green Tea Extract; Squalane,Mineral Oil; Formaldehyde Releasers,Yes,Yes,447,4.5,Available,92
DERMA-0146,Neutrogena Clarifying Scalp Scrub Niacinamide Scalp Care,Neutrogena,Scalp Care,Oily,No Major Concern,Low,Niacinamide; Panthenol,Denatured Alcohol; Artificial Fragrance; Lanolin,No,Yes,856,3.2,Available,79
DERMA-0147,Foxtale Ceramide Barrier Niacinamide Moisturizer,Foxtale,Moisturizer,Oily,Whiteheads,Medium,Niacinamide; Glycolic Acid; Glycerin,Phthalates,No,Yes,314,3.7,Available,78
DERMA-0148,Neutrogena Hydrating Milky Niacinamide Toner,Neutrogena,Toner,Dry,Excess Oil,Low,Niacinamide; Green Tea Extract; Panthenol,Silicones,Yes,Yes,1293,4.1,Available,91
DERMA-0149,Bioderma Deep Cleansing Centella Cleanser,Bioderma,Cleanser,Sensitive,Skin Barrier Damage,High,Centella Asiatica; Peptides; Hyaluronic Acid; Glycerin,Artificial Fragrance,Yes,Yes,993,3.9,Available,89
DERMA-0150,CeraVe Exfoliating Scalp Serum Ketoconazole Scalp Care,CeraVe,Scalp Care,Dry,Dandruff,Medium,Ketoconazole; Salicylic Acid; Zinc Pyrithione; Squalane,Oxybenzone; Parabens,No,Yes,715,4.6,Available,84
DERMA-0151,Avene Clear Glow Tea Face Wash,Avene,Face Wash,Sensitive,Acne,Low,Tea Tree Oil; Zinc PCA; Niacinamide; Allantoin; Glycerin,Sulfates; Parabens; Denatured Alcohol,No,Yes,229,4.7,Available,92
DERMA-0152,Simple Hydrating Milky Panthenol Toner,Simple,Toner,Normal,No Major Concern,Low,Panthenol; Tocopherol (Vitamin E),Formaldehyde Releasers,No,Yes,2136,4.0,Available,78
DERMA-0153,Bioderma Tea Tree Scalp Detox Zinc Scalp Care,Bioderma,Scalp Care,Normal,Dandruff,Medium,Zinc Pyrithione; Squalane,Phthalates,No,No,916,3.8,Available,65
DERMA-0154,WishCare Multi-Peptide Recovery Kojic Moisturizer,WishCare,Moisturizer,Oily,Hyperpigmentation,Low,Kojic Acid; Vitamin C; Licorice Extract; Centella Asiatica,Sulfates; Parabens; Mineral Oil,Yes,Yes,231,3.6,Available,93
DERMA-0155,Foxtale Oil Control Salicylic Face Wash,Foxtale,Face Wash,Normal,Excess Oil,Medium,Salicylic Acid; Centella Asiatica,Synthetic Dyes,Yes,Yes,459,5.0,Available,92
DERMA-0156,Fixderma Rapid Action Spot Corrector Witch Acne Treatment,Fixderma,Acne Treatment,Combination,Excess Oil,Low,Witch Hazel; Green Tea Extract; Zinc PCA; Allantoin; Tocopherol (Vitamin E),Mineral Oil; Denatured Alcohol; Sulfates,No,Yes,456,4.2,Available,85
DERMA-0157,Dot & Key Mineral Broad Spectrum Zinc Sunscreen,Dot & Key,Sunscreen,Sensitive,Acne,Low,Zinc PCA; Benzoyl Peroxide; Aloe Vera,Mineral Oil,Yes,Yes,354,4.2,Available,94
DERMA-0158,Suganda Invisible Fluid Allantoin Sunscreen,Suganda,Sunscreen,Sensitive,Redness,High,Allantoin; Centella Asiatica; Colloidal Oatmeal; Aloe Vera,Lanolin; Denatured Alcohol,No,Yes,320,3.8,Available,77
DERMA-0159,Plum Tea Tree Anti-Flake Cleanser Colloidal Anti-Dandruff Shampoo,Plum,Anti-Dandruff Shampoo,Oily,Redness,High,Colloidal Oatmeal; Allantoin; Squalane; Glycerin,Sulfates; Formaldehyde Releasers; Artificial Fragrance,Yes,Yes,489,4.9,Available,91
DERMA-0160,CeraVe BHA Clarifying Concentrate Zinc Acne Treatment,CeraVe,Acne Treatment,Sensitive,Excess Oil,High,Zinc PCA; Panthenol,Artificial Fragrance,Yes,Yes,1016,4.5,Available,90
DERMA-0161,Suganda Mineral Broad Spectrum Lactic Sunscreen,Suganda,Sunscreen,Normal,Dullness,Low,Lactic Acid; Papaya Enzyme; Vitamin C; Green Tea Extract,Sulfates,No,Yes,3123,3.5,Available,76
DERMA-0162,Minimalist Hydrating Milky Niacinamide Toner,Minimalist,Toner,Normal,Uneven Skin Tone,Medium,Niacinamide; Glycerin,Artificial Fragrance,Yes,Yes,3024,4.1,Available,86
DERMA-0163,Cetaphil Shea Butter Rich Balm Ferulic Body Moisturizer,Cetaphil,Body Moisturizer,Sensitive,Dullness,Low,Ferulic Acid; Panthenol; Glycerin,Sulfates; Parabens,Yes,No,492,3.5,Available,83
DERMA-0164,Chemist at Play Cica Calming Essence Salicylic Toner,Chemist at Play,Toner,Dry,Blackheads,Low,Salicylic Acid; Centella Asiatica,Silicones; Formaldehyde Releasers,Yes,Yes,342,4.5,Available,93
DERMA-0165,Re'equil Exfoliating Scalp Serum Green Scalp Care,Re'equil,Scalp Care,Combination,Excess Oil,Medium,Green Tea Extract; Clay; Panthenol; Centella Asiatica,Mineral Oil; Silicones; Denatured Alcohol,No,Yes,504,4.4,Available,81
DERMA-0166,Fixderma Overnight Hydration Sleep Zinc Face Mask,Fixderma,Face Mask,Combination,Dandruff,High,Zinc Pyrithione; Salicylic Acid; Ketoconazole; Squalane,Artificial Fragrance; Lanolin,No,Yes,1425,5.0,Available,82
DERMA-0167,Bioderma Gentle Hydrating Tea Cleanser,Bioderma,Cleanser,Combination,Dandruff,Medium,Tea Tree Oil; Salicylic Acid; Aloe Vera,Sulfates,Yes,Yes,311,4.8,Available,97
DERMA-0168,Re'equil Cica Soothing Hyaluronic Moisturizer,Re'equil,Moisturizer,Combination,No Major Concern,Low,Hyaluronic Acid; Panthenol,Formaldehyde Releasers,No,Yes,3030,4.3,Available,81
DERMA-0169,Sebamed Lactic Acid Body Smooth Zinc Body Moisturizer,Sebamed,Body Moisturizer,Oily,Blackheads,Low,Zinc PCA; Kaolin Clay; Panthenol; Green Tea Extract,Lanolin; Synthetic Dyes; Mineral Oil,Yes,Yes,1434,4.4,Available,91
DERMA-0170,Dot & Key Piroctone Olamine Soothing Wash Zinc Anti-Dandruff Shampoo,Dot & Key,Anti-Dandruff Shampoo,Combination,Dandruff,Low,Zinc Pyrithione; Tocopherol (Vitamin E); Green Tea Extract,Sulfates; Phthalates; Artificial Fragrance,No,No,843,4.6,Available,78
DERMA-0171,Dot & Key Peptide Follicle Booster Salicylic Scalp Care,Dot & Key,Scalp Care,Normal,Dandruff,Low,Salicylic Acid; Allantoin; Green Tea Extract,Parabens,Yes,Yes,413,5.0,Available,98
DERMA-0172,Kama Ayurveda Cica Recovery Sheet Ceramides Face Mask,Kama Ayurveda,Face Mask,Normal,Dryness,Medium,Ceramides; Colloidal Oatmeal; Shea Butter; Glycerin,Parabens; Mineral Oil,No,Yes,1803,4.0,Available,76
DERMA-0173,Dot & Key Ketoconazole & Zinc Scalp Defense Selenium Anti-Dandruff Shampoo,Dot & Key,Anti-Dandruff Shampoo,Combination,Dandruff,High,Selenium Sulfide; Ketoconazole; Piroctone Olamine; Squalane,Parabens,No,Yes,296,3.7,Unavailable,80
DERMA-0174,CeraVe Tea Tree Scalp Detox Madecassoside Scalp Care,CeraVe,Scalp Care,Normal,Redness,High,Madecassoside; Centella Asiatica; Glycerin; Tocopherol (Vitamin E),Denatured Alcohol,Yes,Yes,699,4.5,Available,95
DERMA-0175,Foxtale Alpha Arbutin Pigment Correct Witch Serum,Foxtale,Serum,Oily,Excess Oil,Medium,Witch Hazel; Salicylic Acid; Squalane,Mineral Oil,Yes,Yes,427,4.7,Available,98
DERMA-0176,CeraVe Daily Hydrating Lotion Niacinamide Body Moisturizer,CeraVe,Body Moisturizer,Oily,Hyperpigmentation,Medium,Niacinamide; Tranexamic Acid; Glycerin,Formaldehyde Releasers; Silicones,Yes,Yes,1086,4.3,Available,88
DERMA-0177,Fixderma 2% Salicylic Acid Clarifying Salicylic Serum,Fixderma,Serum,Oily,Whiteheads,High,Salicylic Acid; Niacinamide; AHA; Aloe Vera,Artificial Fragrance,Yes,Yes,2016,4.4,Available,82
DERMA-0178,Foxtale Ultra Repair Niacinamide Moisturizer,Foxtale,Moisturizer,Sensitive,Dullness,High,Niacinamide; Green Tea Extract; Squalane,Formaldehyde Releasers; Phthalates,Yes,Yes,1238,4.3,Available,88
DERMA-0179,Dr. Sheth's Brightening Gel Alpha Face Wash,Dr. Sheth's,Face Wash,Normal,Hyperpigmentation,Low,Alpha Arbutin; Centella Asiatica,Mineral Oil; Silicones; Denatured Alcohol,Yes,No,1185,4.1,Available,79
DERMA-0180,Avene Ceramide Intensive Cream Benzoyl Body Moisturizer,Avene,Body Moisturizer,Normal,Acne,Low,Benzoyl Peroxide; Centella Asiatica; Panthenol,Mineral Oil,No,Yes,450,4.1,Available,88
DERMA-0181,Neutrogena Soothing Sun Gel Ferulic Sunscreen,Neutrogena,Sunscreen,Dry,Dullness,High,Ferulic Acid; Niacinamide; Tocopherol (Vitamin E),Essential Oils; Silicones,Yes,Yes,1488,4.1,Available,81
DERMA-0182,Biotique Ketoconazole & Zinc Scalp Defense Glycerin Anti-Dandruff Shampoo,Biotique,Anti-Dandruff Shampoo,Dry,No Major Concern,Medium,Glycerin; Aloe Vera,Essential Oils,Yes,Yes,969,4.3,Available,87
DERMA-0183,Kama Ayurveda Enzyme Resurfacing Scrub Tranexamic Exfoliant,Kama Ayurveda,Exfoliant,Normal,Hyperpigmentation,Medium,Tranexamic Acid; Niacinamide; Panthenol; Squalane,Synthetic Dyes; Formaldehyde Releasers,Yes,Yes,331,4.2,Available,94
DERMA-0184,The Derma Co Oil-Free Hydro Gel Colloidal Moisturizer,The Derma Co,Moisturizer,Sensitive,Redness,Medium,Colloidal Oatmeal; Panthenol; Aloe Vera,Parabens; Phthalates; Artificial Fragrance,Yes,Yes,608,3.4,Available,90
DERMA-0185,Biotique Ketoconazole & Zinc Scalp Defense Panthenol Anti-Dandruff Shampoo,Biotique,Anti-Dandruff Shampoo,Sensitive,Redness,Medium,Panthenol; Squalane; Green Tea Extract,Silicones; Synthetic Dyes; Sulfates,No,Yes,1278,5.0,Available,84
DERMA-0186,Avene Alpha Arbutin Pigment Correct Panthenol Serum,Avene,Serum,Combination,Skin Barrier Damage,High,Panthenol; Squalane; Hyaluronic Acid; Allantoin; Aloe Vera,Essential Oils; Parabens; Synthetic Dyes,Yes,No,1297,4.0,Available,82
DERMA-0187,Foxtale Clarifying Liquid Exfoliant Niacinamide Exfoliant,Foxtale,Exfoliant,Sensitive,Whiteheads,Low,Niacinamide; Salicylic Acid; AHA; Tocopherol (Vitamin E); Green Tea Extract,Oxybenzone; Phthalates; Mineral Oil,Yes,Yes,286,4.8,Available,95
DERMA-0188,Fixderma Daily Hydrating Panthenol Moisturizer,Fixderma,Moisturizer,Combination,No Major Concern,Medium,Panthenol; Hyaluronic Acid; Glycerin; Tocopherol (Vitamin E); Centella Asiatica,Mineral Oil; Lanolin,No,Yes,1074,3.3,Available,75
DERMA-0189,The Derma Co Exfoliating Scalp Serum Tea Scalp Care,The Derma Co,Scalp Care,Sensitive,Dandruff,Medium,Tea Tree Oil; Salicylic Acid; Glycerin; Squalane,Artificial Fragrance,Yes,No,490,5.0,Available,94
DERMA-0190,WishCare Oil-Free Hydro Gel Niacinamide Moisturizer,WishCare,Moisturizer,Oily,Excess Oil,Low,Niacinamide; Centella Asiatica; Allantoin,Synthetic Dyes,No,Yes,1381,3.3,Available,77
DERMA-0191,Avene Hydrating Milky AHA Toner,Avene,Toner,Normal,Whiteheads,Low,AHA; Mandelic Acid; Glycolic Acid; Tocopherol (Vitamin E); Glycerin,Parabens; Oxybenzone; Essential Oils,Yes,Yes,952,4.1,Available,90
DERMA-0192,Dot & Key Brightening Gel Lactic Face Wash,Dot & Key,Face Wash,Oily,Dullness,High,Lactic Acid; Niacinamide; Glycolic Acid; Aloe Vera; Panthenol,Artificial Fragrance,Yes,Yes,313,4.4,Available,95
DERMA-0193,Re'equil Ketoconazole & Zinc Scalp Defense Selenium Anti-Dandruff Shampoo,Re'equil,Anti-Dandruff Shampoo,Combination,Dandruff,Medium,Selenium Sulfide; Glycerin; Centella Asiatica,Oxybenzone,Yes,Yes,620,4.4,Available,91
DERMA-0194,Cosrx 2% Hyaluronic Acid Glow Niacinamide Serum,Cosrx,Serum,Normal,No Major Concern,Low,Niacinamide; Hyaluronic Acid; Panthenol; Tocopherol (Vitamin E),Formaldehyde Releasers,No,Yes,253,4.3,Available,89
DERMA-0195,Re'equil 2% Hyaluronic Acid Glow Panthenol Serum,Re'equil,Serum,Sensitive,Redness,High,Panthenol; Madecassoside; Colloidal Oatmeal; Allantoin; Glycerin,Oxybenzone,Yes,Yes,3851,4.1,Available,90
DERMA-0196,Cetaphil Piroctone Olamine Soothing Wash Selenium Anti-Dandruff Shampoo,Cetaphil,Anti-Dandruff Shampoo,Normal,Dandruff,Medium,Selenium Sulfide; Ketoconazole; Panthenol,Denatured Alcohol,Yes,No,2780,4.0,Available,76
DERMA-0197,Neutrogena Pore Refining Niacinamide Cleanser,Neutrogena,Cleanser,Oily,Hyperpigmentation,Medium,Niacinamide; Kojic Acid; Green Tea Extract,Artificial Fragrance; Sulfates,Yes,Yes,432,4.1,Available,95
DERMA-0198,Dr. Sheth's Tea Tree Scalp Detox Niacinamide Scalp Care,Dr. Sheth's,Scalp Care,Oily,Excess Oil,Low,Niacinamide; Aloe Vera; Squalane,Oxybenzone; Phthalates; Artificial Fragrance,No,No,382,4.7,Available,85
DERMA-0199,Chemist at Play Intensive Anti-Dandruff Treatment Niacinamide Anti-Dandruff Shampoo,Chemist at Play,Anti-Dandruff Shampoo,Sensitive,Excess Oil,Low,Niacinamide; Green Tea Extract; Glycerin,Oxybenzone; Formaldehyde Releasers; Synthetic Dyes,Yes,Yes,541,4.6,Available,97
DERMA-0200,Neutrogena Cica Calming Essence Clay Toner,Neutrogena,Toner,Dry,Excess Oil,Low,Clay; Niacinamide; Witch Hazel; Aloe Vera,Artificial Fragrance; Sulfates,Yes,Yes,368,3.8,Unavailable,90
DERMA-0201,Simple Soothing Sun Gel Hyaluronic Sunscreen,Simple,Sunscreen,Sensitive,Skin Barrier Damage,High,Hyaluronic Acid; Peptides; Aloe Vera,Mineral Oil; Sulfates,Yes,Yes,618,4.6,Available,87
DERMA-0202,Cetaphil Ceramide Intensive Cream Peptides Body Moisturizer,Cetaphil,Body Moisturizer,Sensitive,Skin Barrier Damage,High,Peptides; Panthenol; Hyaluronic Acid; Aloe Vera,Phthalates,Yes,Yes,1234,4.5,Available,96
DERMA-0203,Chemist at Play Overnight Blemish Paste Lactic Acne Treatment,Chemist at Play,Acne Treatment,Normal,Dullness,Low,Lactic Acid; Ferulic Acid; Allantoin; Glycerin,Phthalates,No,Yes,3176,4.7,Available,87
DERMA-0204,Sebamed Ultra Matte Dry Touch Colloidal Sunscreen,Sebamed,Sunscreen,Normal,Redness,Medium,Colloidal Oatmeal; Green Tea Extract; Centella Asiatica; Tocopherol (Vitamin E); Squalane,Artificial Fragrance; Phthalates; Parabens,Yes,Yes,1043,4.6,Available,93
DERMA-0205,Simple Water Gel Niacinamide Moisturizer,Simple,Moisturizer,Sensitive,Hyperpigmentation,Medium,Niacinamide; Kojic Acid; Tranexamic Acid; Tocopherol (Vitamin E); Panthenol,Mineral Oil; Denatured Alcohol,Yes,Yes,2065,3.5,Available,83
DERMA-0206,WishCare Brightening Enzyme Sheet Green Face Mask,WishCare,Face Mask,Combination,No Major Concern,Medium,Green Tea Extract; Squalane; Panthenol,Artificial Fragrance; Oxybenzone; Lanolin,Yes,Yes,1252,4.6,Available,89
DERMA-0207,Suganda BHA Clarifying Concentrate Licorice Acne Treatment,Suganda,Acne Treatment,Normal,Hyperpigmentation,Medium,Licorice Extract; Niacinamide; Kojic Acid; Glycerin; Centella Asiatica,Parabens,No,No,542,4.6,Available,77
DERMA-0208,Chemist at Play Alpha Arbutin Pigment Correct Zinc Serum,Chemist at Play,Serum,Dry,Acne,Medium,Zinc PCA; Allantoin; Centella Asiatica,Lanolin; Formaldehyde Releasers; Essential Oils,Yes,Yes,555,4.3,Available,95
DERMA-0209,The Derma Co Revitalizing Fruit Enzyme Glycolic Toner,The Derma Co,Toner,Normal,Whiteheads,High,Glycolic Acid; Niacinamide; Mandelic Acid; Aloe Vera,Oxybenzone,No,Yes,976,4.2,Available,82
DERMA-0210,Pilgrim Daily Dew Gel Witch Sunscreen,Pilgrim,Sunscreen,Combination,Excess Oil,Low,Witch Hazel; Squalane,Silicones,Yes,Yes,733,3.6,Available,89
DERMA-0211,CeraVe Soothe & Purify Clay Cleanser,CeraVe,Cleanser,Combination,Excess Oil,Medium,Clay; Niacinamide; Aloe Vera; Squalane,Formaldehyde Releasers; Mineral Oil; Sulfates,Yes,Yes,788,3.3,Available,87
DERMA-0212,Cosrx Revitalizing Fruit Enzyme Niacinamide Toner,Cosrx,Toner,Oily,Blackheads,Low,Niacinamide; BHA; Glycerin; Aloe Vera,Mineral Oil; Phthalates; Essential Oils,Yes,Yes,1236,4.1,Available,88
DERMA-0213,Chemist at Play Spot Clearing Gel Salicylic Acne Treatment,Chemist at Play,Acne Treatment,Oily,Excess Oil,Low,Salicylic Acid; Clay; Green Tea Extract; Glycerin; Panthenol,Essential Oils; Mineral Oil; Formaldehyde Releasers,Yes,Yes,2185,5.0,Available,95
DERMA-0214,Cetaphil Ultra Matte Dry Touch Squalane Sunscreen,Cetaphil,Sunscreen,Dry,Skin Barrier Damage,High,Squalane; Peptides; Ceramides; Glycerin,Lanolin; Mineral Oil,Yes,Yes,226,4.0,Available,94
DERMA-0215,Cosrx Oil Control Panthenol Face Wash,Cosrx,Face Wash,Sensitive,Redness,Low,Panthenol; Allantoin; Green Tea Extract,Sulfates; Formaldehyde Releasers; Parabens,Yes,Yes,1199,5.0,Available,96
DERMA-0216,Neutrogena Alpha Arbutin Pigment Correct Piroctone Serum,Neutrogena,Serum,Combination,Dandruff,Low,Piroctone Olamine; Ketoconazole; Panthenol; Centella Asiatica,Artificial Fragrance,No,Yes,1469,4.5,Available,88
DERMA-0217,Plum Azelaic & Cica Calming Azelaic Serum,Plum,Serum,Combination,Acne,Medium,Azelaic Acid; Allantoin; Panthenol,Lanolin,Yes,Yes,529,4.4,Available,95
DERMA-0218,CeraVe Soothing Sun Gel Tranexamic Sunscreen,CeraVe,Sunscreen,Oily,Hyperpigmentation,Medium,Tranexamic Acid; Niacinamide; Alpha Arbutin; Allantoin; Panthenol,Essential Oils,Yes,Yes,2962,4.0,Available,89
DERMA-0219,La Roche-Posay Daily Refresh Tea Face Wash,La Roche-Posay,Face Wash,Combination,Dandruff,Low,Tea Tree Oil; Salicylic Acid; Green Tea Extract,Silicones; Artificial Fragrance,Yes,Yes,312,4.0,Available,92
DERMA-0220,Plum Clarifying Scalp Scrub Centella Scalp Care,Plum,Scalp Care,Sensitive,Redness,High,Centella Asiatica; Madecassoside; Colloidal Oatmeal; Aloe Vera; Allantoin,Essential Oils; Denatured Alcohol; Sulfates,Yes,Yes,3577,3.5,Available,89
DERMA-0221,Bioderma Shea Butter Rich Balm Selenium Body Moisturizer,Bioderma,Body Moisturizer,Normal,Dandruff,Low,Selenium Sulfide; Zinc Pyrithione; Salicylic Acid; Tocopherol (Vitamin E); Squalane,Lanolin; Denatured Alcohol; Artificial Fragrance,Yes,Yes,692,3.7,Available,95
DERMA-0222,Avene Soothing Scalp Tonic Witch Scalp Care,Avene,Scalp Care,Combination,Excess Oil,Low,Witch Hazel; Zinc PCA; Green Tea Extract; Glycerin; Allantoin,Essential Oils; Sulfates,Yes,Yes,220,4.6,Available,98
DERMA-0223,Kama Ayurveda Revitalizing Fruit Enzyme Witch Toner,Kama Ayurveda,Toner,Normal,Excess Oil,High,Witch Hazel; Centella Asiatica; Aloe Vera,Synthetic Dyes; Artificial Fragrance; Silicones,Yes,Yes,499,3.7,Available,92
DERMA-0224,La Roche-Posay Moisture Surge Jelly Salicylic Face Mask,La Roche-Posay,Face Mask,Normal,Blackheads,Medium,Salicylic Acid; Activated Charcoal; BHA; Panthenol; Allantoin,Formaldehyde Releasers,Yes,Yes,275,3.4,Available,89
DERMA-0225,Avene Ketoconazole & Zinc Scalp Defense Selenium Anti-Dandruff Shampoo,Avene,Anti-Dandruff Shampoo,Dry,Dandruff,Low,Selenium Sulfide; Piroctone Olamine; Zinc Pyrithione; Squalane,Essential Oils,Yes,Yes,502,4.6,Available,98
DERMA-0226,Plum Barrier Defense Ferulic Cleanser,Plum,Cleanser,Dry,Dullness,High,Ferulic Acid; Vitamin C; Lactic Acid; Tocopherol (Vitamin E),Synthetic Dyes; Phthalates,Yes,Yes,409,4.8,Available,95
DERMA-0227,Bioderma Ceramide Barrier Hyaluronic Moisturizer,Bioderma,Moisturizer,Sensitive,Skin Barrier Damage,High,Hyaluronic Acid; Squalane; Allantoin,Silicones; Artificial Fragrance,Yes,Yes,466,4.6,Available,88
DERMA-0228,Avene Brightening Gel Clay Face Wash,Avene,Face Wash,Dry,Excess Oil,High,Clay; Niacinamide; Witch Hazel; Panthenol; Centella Asiatica,Parabens; Oxybenzone; Silicones,Yes,No,221,3.7,Available,86
DERMA-0229,La Roche-Posay Enzyme Resurfacing Scrub Clay Exfoliant,La Roche-Posay,Exfoliant,Sensitive,Excess Oil,High,Clay; Niacinamide; Green Tea Extract; Panthenol,Essential Oils; Sulfates,Yes,Yes,1156,3.9,Available,94
DERMA-0230,Minimalist Ceramide Intensive Cream Shea Body Moisturizer,Minimalist,Body Moisturizer,Sensitive,Dryness,High,Shea Butter; Glycerin; Panthenol,Oxybenzone; Synthetic Dyes,Yes,Yes,473,4.4,Available,95
DERMA-0231,Avene 2% Hyaluronic Acid Glow Green Serum Pro 1,Avene,Serum,Normal,Redness,High,Green Tea Extract; Colloidal Oatmeal; Panthenol; Aloe Vera,Mineral Oil; Silicones; Artificial Fragrance,Yes,Yes,1057,4.5,Available,95
DERMA-0232,Sebamed Overnight Blemish Paste Vitamin Acne Treatment,Sebamed,Acne Treatment,Oily,Hyperpigmentation,Low,Vitamin C; Squalane; Glycerin,Denatured Alcohol,No,Yes,510,3.0,Available,81
DERMA-0233,Sebamed Daily Hydrating Lotion Ferulic Body Moisturizer,Sebamed,Body Moisturizer,Sensitive,Dullness,Medium,Ferulic Acid; Aloe Vera; Glycerin,Oxybenzone,Yes,No,216,4.3,Available,87
DERMA-0234,Dot & Key Clarifying Scalp Scrub Selenium Scalp Care,Dot & Key,Scalp Care,Normal,Dandruff,Low,Selenium Sulfide; Salicylic Acid; Squalane; Centella Asiatica,Formaldehyde Releasers,Yes,Yes,670,3.6,Available,93
DERMA-0235,Biotique Intensive Anti-Dandruff Treatment Panthenol Anti-Dandruff Shampoo,Biotique,Anti-Dandruff Shampoo,Normal,Redness,Low,Panthenol; Green Tea Extract; Glycerin,Artificial Fragrance; Silicones,Yes,Yes,236,3.7,Available,92
DERMA-0236,CeraVe Detoxifying Clay Lactic Face Mask,CeraVe,Face Mask,Sensitive,Dullness,Medium,Lactic Acid; Aloe Vera; Centella Asiatica,Phthalates,No,Yes,394,4.2,Available,80
DERMA-0237,Chemist at Play Intensive Anti-Dandruff Treatment Salicylic Anti-Dandruff Shampoo,Chemist at Play,Anti-Dandruff Shampoo,Normal,Excess Oil,Low,Salicylic Acid; Zinc PCA; Witch Hazel; Squalane,Lanolin; Mineral Oil; Sulfates,Yes,Yes,3451,4.1,Available,86
DERMA-0238,Pilgrim Clarifying Scalp Scrub Zinc Scalp Care,Pilgrim,Scalp Care,Sensitive,Excess Oil,Medium,Zinc PCA; Witch Hazel; Tocopherol (Vitamin E),Mineral Oil; Artificial Fragrance; Sulfates,Yes,Yes,3517,4.5,Available,91
DERMA-0239,Cosrx Pore Refining Niacinamide Cleanser,Cosrx,Cleanser,Normal,Blackheads,Medium,Niacinamide; Kaolin Clay; BHA; Squalane; Allantoin,Artificial Fragrance; Parabens; Formaldehyde Releasers,Yes,No,1153,4.7,Available,89
DERMA-0240,Dot & Key Enzyme Resurfacing Scrub Azelaic Exfoliant,Dot & Key,Exfoliant,Normal,Acne,Low,Azelaic Acid; Salicylic Acid; Green Tea Extract; Centella Asiatica,Artificial Fragrance; Formaldehyde Releasers,Yes,Yes,440,4.3,Unavailable,94
DERMA-0241,Kama Ayurveda Daily Hydrating Mandelic Moisturizer,Kama Ayurveda,Moisturizer,Normal,Whiteheads,Low,Mandelic Acid; Lactic Acid; Panthenol,Oxybenzone; Essential Oils; Sulfates,No,Yes,3774,3.8,Available,81
DERMA-0242,Plum Gentle AHA BHA Peel Azelaic Exfoliant,Plum,Exfoliant,Combination,Acne,Low,Azelaic Acid; Benzoyl Peroxide; Zinc PCA; Centella Asiatica; Panthenol,Synthetic Dyes; Parabens; Silicones,Yes,Yes,661,4.4,Available,95
DERMA-0243,Fixderma Tea Tree Scalp Detox Salicylic Scalp Care,Fixderma,Scalp Care,Sensitive,Dandruff,Medium,Salicylic Acid; Piroctone Olamine; Ketoconazole; Allantoin; Panthenol,Synthetic Dyes; Essential Oils; Lanolin,Yes,Yes,1151,4.6,Available,95
DERMA-0244,Simple Lactic Acid Smoothing Serum Glycolic Exfoliant,Simple,Exfoliant,Normal,Dullness,High,Glycolic Acid; Ferulic Acid; Lactic Acid; Squalane; Aloe Vera,Sulfates,Yes,Yes,359,5.0,Available,92
DERMA-0245,WishCare 10% Vitamin C Radiance Squalane Serum,WishCare,Serum,Sensitive,Skin Barrier Damage,High,Squalane; Hyaluronic Acid; Tocopherol (Vitamin E); Allantoin,Parabens,No,Yes,1277,4.2,Available,77
DERMA-0246,Dot & Key Pore Minimizing Shea Toner,Dot & Key,Toner,Oily,Dryness,Low,Shea Butter; Allantoin,Synthetic Dyes; Artificial Fragrance,No,Yes,999,5.0,Available,84
DERMA-0247,Pilgrim Multi-Peptide Elasticity Squalane Serum,Pilgrim,Serum,Normal,Skin Barrier Damage,High,Squalane; Aloe Vera; Panthenol,Phthalates; Formaldehyde Releasers,Yes,Yes,738,5.0,Available,97
DERMA-0248,Deconstruct Soothing Scalp Tonic Green Scalp Care,Deconstruct,Scalp Care,Combination,No Major Concern,Medium,Green Tea Extract; Glycerin; Centella Asiatica,Mineral Oil; Silicones,Yes,No,204,4.1,Available,88
DERMA-0249,Suganda Cica Soothing Lactic Moisturizer,Suganda,Moisturizer,Combination,Dullness,Low,Lactic Acid; Vitamin C; Centella Asiatica; Aloe Vera,Parabens,Yes,No,486,3.9,Available,88
DERMA-0250,Sebamed Hydrating Milky Ferulic Toner,Sebamed,Toner,Dry,Dullness,Low,Ferulic Acid; Lactic Acid; Papaya Enzyme; Squalane; Allantoin,Artificial Fragrance,No,Yes,525,4.3,Available,88
DERMA-0251,CeraVe Ketoconazole & Zinc Scalp Defense Glycerin Anti-Dandruff Shampoo,CeraVe,Anti-Dandruff Shampoo,Dry,No Major Concern,Low,Glycerin; Tocopherol (Vitamin E),Artificial Fragrance; Phthalates,Yes,No,276,4.5,Available,89
DERMA-0252,Fixderma Active Acne SOS Solution Salicylic Acne Treatment,Fixderma,Acne Treatment,Oily,Excess Oil,Low,Salicylic Acid; Allantoin; Centella Asiatica,Artificial Fragrance; Essential Oils,No,No,1551,4.2,Available,77
DERMA-0253,WishCare Ultra Matte Dry Touch Niacinamide Sunscreen,WishCare,Sunscreen,Normal,Excess Oil,Low,Niacinamide; Clay; Zinc PCA; Squalane; Green Tea Extract,Mineral Oil; Artificial Fragrance,No,Yes,1162,3.8,Available,81
DERMA-0254,Kama Ayurveda Barrier Defense Squalane Cleanser,Kama Ayurveda,Cleanser,Dry,Dryness,Low,Squalane; Hyaluronic Acid; Aloe Vera; Allantoin,Parabens,Yes,Yes,758,4.1,Available,88
DERMA-0255,La Roche-Posay Deep Nourishing Hyaluronic Moisturizer,La Roche-Posay,Moisturizer,Normal,Dryness,Medium,Hyaluronic Acid; Colloidal Oatmeal; Glycerin; Squalane,Sulfates; Artificial Fragrance; Phthalates,Yes,No,484,4.4,Available,88
DERMA-0256,Pilgrim Hydra Sun Shield Niacinamide Sunscreen,Pilgrim,Sunscreen,Oily,No Major Concern,Low,Niacinamide; Centella Asiatica; Aloe Vera,Phthalates; Essential Oils; Synthetic Dyes,No,Yes,931,3.4,Available,79
DERMA-0257,Avene Cica Recovery Sheet Glycerin Face Mask,Avene,Face Mask,Dry,Dryness,Medium,Glycerin; Shea Butter; Hyaluronic Acid; Squalane; Panthenol,Synthetic Dyes,Yes,No,844,4.1,Unavailable,86
DERMA-0258,Sebamed Hydra Sun Shield Peptides Sunscreen,Sebamed,Sunscreen,Sensitive,Skin Barrier Damage,High,Peptides; Panthenol; Glycerin,Oxybenzone; Sulfates; Parabens,Yes,Yes,215,4.4,Available,96
DERMA-0259,Re'equil Oil Control Piroctone Face Wash,Re'equil,Face Wash,Oily,Dandruff,Medium,Piroctone Olamine; Tea Tree Oil; Salicylic Acid; Green Tea Extract,Synthetic Dyes,Yes,Yes,305,3.6,Available,91
DERMA-0260,Foxtale Deep Cleansing Niacinamide Cleanser,Foxtale,Cleanser,Combination,Uneven Skin Tone,Medium,Niacinamide; Glycolic Acid; Vitamin C; Allantoin,Sulfates; Essential Oils,No,Yes,317,3.2,Available,76
DERMA-0261,Re'equil Overnight Hydration Sleep Piroctone Face Mask,Re'equil,Face Mask,Dry,Dandruff,Medium,Piroctone Olamine; Ketoconazole; Aloe Vera; Green Tea Extract,Silicones; Sulfates; Artificial Fragrance,Yes,No,1116,4.0,Unavailable,83
DERMA-0262,Kama Ayurveda BHA Clarifying Concentrate Kojic Acne Treatment,Kama Ayurveda,Acne Treatment,Sensitive,Hyperpigmentation,Medium,Kojic Acid; Niacinamide; Vitamin C; Squalane,Lanolin; Denatured Alcohol; Mineral Oil,Yes,Yes,402,4.5,Available,92
DERMA-0263,Biotique Daily Hydrating Lotion Alpha Body Moisturizer,Biotique,Body Moisturizer,Oily,Uneven Skin Tone,Low,Alpha Arbutin; Glycerin; Squalane,Denatured Alcohol; Formaldehyde Releasers; Oxybenzone,No,Yes,1185,4.3,Available,82
DERMA-0264,CeraVe Clarifying Drying Lotion Niacinamide Acne Treatment,CeraVe,Acne Treatment,Combination,Hyperpigmentation,Low,Niacinamide; Vitamin C; Green Tea Extract,Artificial Fragrance; Phthalates,No,Yes,1439,4.3,Available,85
DERMA-0265,Foxtale 10% Niacinamide + Zinc Panthenol Serum,Foxtale,Serum,Oily,No Major Concern,Medium,Panthenol; Niacinamide; Aloe Vera; Glycerin,Lanolin,Yes,Yes,1247,3.9,Available,90
DERMA-0266,Bioderma Oil-Free Hydro Gel Retinol Moisturizer,Bioderma,Moisturizer,Combination,Uneven Skin Tone,Medium,Retinol; Glycolic Acid; Tocopherol (Vitamin E),Denatured Alcohol; Silicones,Yes,Yes,241,4.5,Available,96
DERMA-0267,The Derma Co Overnight Hydration Sleep Glycolic Face Mask,The Derma Co,Face Mask,Normal,Dullness,Low,Glycolic Acid; Tocopherol (Vitamin E); Aloe Vera,Oxybenzone; Synthetic Dyes,Yes,No,1353,3.8,Available,82
DERMA-0268,Forest Essentials Tea Tree Scalp Detox Salicylic Scalp Care,Forest Essentials,Scalp Care,Oily,Dandruff,Medium,Salicylic Acid; Tea Tree Oil; Centella Asiatica,Mineral Oil,Yes,Yes,3311,4.1,Available,86
DERMA-0269,The Derma Co Barrier Defense SPF 50 Squalane Sunscreen,The Derma Co,Sunscreen,Dry,Skin Barrier Damage,High,Squalane; Allantoin,Artificial Fragrance; Denatured Alcohol; Parabens,Yes,No,713,4.0,Available,77
DERMA-0270,Cosrx Daily Dew Gel Alpha Sunscreen,Cosrx,Sunscreen,Dry,Uneven Skin Tone,Medium,Alpha Arbutin; Niacinamide; Retinol; Centella Asiatica,Parabens,Yes,Yes,555,4.7,Available,93
DERMA-0271,Deconstruct Soothing Scalp Tonic Salicylic Scalp Care,Deconstruct,Scalp Care,Oily,Dandruff,Low,Salicylic Acid; Ketoconazole; Tea Tree Oil; Squalane; Allantoin,Formaldehyde Releasers; Sulfates,Yes,Yes,1211,3.9,Available,90
DERMA-0272,Cosrx Salicylic Acid Flake Control Piroctone Anti-Dandruff Shampoo,Cosrx,Anti-Dandruff Shampoo,Oily,Dandruff,Low,Piroctone Olamine; Zinc Pyrithione; Green Tea Extract,Mineral Oil; Lanolin; Denatured Alcohol,Yes,Yes,3553,4.1,Available,84
DERMA-0273,Foxtale Alpha Arbutin Pigment Correct Tea Serum,Foxtale,Serum,Normal,Acne,High,Tea Tree Oil; Niacinamide; Squalane,Oxybenzone; Synthetic Dyes; Essential Oils,No,Yes,277,3.8,Available,79
DERMA-0274,Cosrx Oil-Free Hydro Gel Panthenol Moisturizer,Cosrx,Moisturizer,Dry,Skin Barrier Damage,High,Panthenol; Centella Asiatica,Oxybenzone,Yes,Yes,484,4.4,Available,96
DERMA-0275,Neutrogena Oil-Free Hydro Gel Tranexamic Moisturizer,Neutrogena,Moisturizer,Combination,Hyperpigmentation,Medium,Tranexamic Acid; Kojic Acid; Centella Asiatica; Allantoin,Sulfates,No,Yes,589,4.9,Available,87
DERMA-0276,La Roche-Posay Shea Butter Rich Balm Madecassoside Body Moisturizer,La Roche-Posay,Body Moisturizer,Dry,Redness,Medium,Madecassoside; Green Tea Extract; Squalane; Aloe Vera,Artificial Fragrance; Silicones,Yes,No,767,4.1,Available,80
DERMA-0277,Dr. Sheth's Calming Cream Glycolic Cleanser,Dr. Sheth's,Cleanser,Combination,Whiteheads,Low,Glycolic Acid; Aloe Vera,Phthalates; Mineral Oil; Lanolin,Yes,Yes,596,5.0,Available,95
DERMA-0278,Sebamed Daily Hydrating Lotion Tea Body Moisturizer,Sebamed,Body Moisturizer,Sensitive,Dandruff,High,Tea Tree Oil; Aloe Vera,Parabens; Essential Oils,Yes,Yes,1352,4.4,Available,84
DERMA-0279,Simple Tea Tree Scalp Detox Selenium Scalp Care,Simple,Scalp Care,Dry,Dandruff,Low,Selenium Sulfide; Zinc Pyrithione; Centella Asiatica; Aloe Vera,Lanolin,Yes,Yes,3398,4.5,Available,87
DERMA-0280,Dot & Key Nourishing Oat Milk Niacinamide Body Moisturizer,Dot & Key,Body Moisturizer,Sensitive,Hyperpigmentation,High,Niacinamide; Vitamin C; Allantoin; Panthenol,Lanolin; Oxybenzone,Yes,Yes,1335,3.7,Available,87
DERMA-0281,Neutrogena Salicylic Acid Flake Control Green Anti-Dandruff Shampoo,Neutrogena,Anti-Dandruff Shampoo,Normal,No Major Concern,Low,Green Tea Extract; Glycerin; Niacinamide; Allantoin; Panthenol,Synthetic Dyes; Oxybenzone,No,No,273,4.5,Available,81
DERMA-0282,Pilgrim Mandelic Radiance Solution Mandelic Exfoliant,Pilgrim,Exfoliant,Combination,Whiteheads,Low,Mandelic Acid; Glycolic Acid; Lactic Acid; Aloe Vera; Centella Asiatica,Synthetic Dyes,Yes,Yes,500,4.9,Available,98
DERMA-0283,Dr. Sheth's Gentle AHA BHA Peel Niacinamide Exfoliant,Dr. Sheth's,Exfoliant,Oily,Acne,Low,Niacinamide; Salicylic Acid; Benzoyl Peroxide; Glycerin,Mineral Oil; Parabens; Artificial Fragrance,Yes,Yes,1458,3.8,Available,87
DERMA-0284,Dr. Sheth's Multi-Peptide Recovery Hyaluronic Moisturizer,Dr. Sheth's,Moisturizer,Dry,Skin Barrier Damage,High,Hyaluronic Acid; Centella Asiatica; Peptides; Glycerin; Aloe Vera,Mineral Oil; Lanolin,Yes,Yes,3250,3.9,Available,85
DERMA-0285,Biotique Enzyme Resurfacing Scrub BHA Exfoliant,Biotique,Exfoliant,Oily,Blackheads,Medium,BHA; Zinc PCA; Salicylic Acid; Allantoin,Lanolin; Synthetic Dyes,Yes,Yes,361,4.2,Available,92
DERMA-0286,Avene Nourishing Oat Milk Alpha Body Moisturizer,Avene,Body Moisturizer,Normal,Uneven Skin Tone,Medium,Alpha Arbutin; Vitamin C; Licorice Extract; Allantoin,Phthalates,Yes,No,1355,4.9,Available,90
DERMA-0287,Avene Exfoliating Glow Benzoyl Toner,Avene,Toner,Normal,Acne,Low,Benzoyl Peroxide; Centella Asiatica,Sulfates; Denatured Alcohol,Yes,Yes,931,4.2,Available,89
DERMA-0288,Pilgrim Shea Butter Rich Balm Tea Body Moisturizer,Pilgrim,Body Moisturizer,Sensitive,Acne,Medium,Tea Tree Oil; Benzoyl Peroxide; Salicylic Acid; Aloe Vera,Oxybenzone,Yes,Yes,3699,4.0,Available,87
DERMA-0289,Dr. Sheth's Tea Tree Anti-Flake Cleanser Ketoconazole Anti-Dandruff Shampoo,Dr. Sheth's,Anti-Dandruff Shampoo,Combination,Dandruff,Low,Ketoconazole; Zinc Pyrithione; Salicylic Acid; Allantoin; Aloe Vera,Parabens; Mineral Oil,No,Yes,1462,4.5,Available,83
DERMA-0290,Suganda Multi-Peptide Elasticity Panthenol Serum,Suganda,Serum,Combination,No Major Concern,Low,Panthenol; Aloe Vera; Tocopherol (Vitamin E),Formaldehyde Releasers,Yes,Yes,390,4.8,Available,100
DERMA-0291,Re'equil Hydra Boost Vitamin Face Wash,Re'equil,Face Wash,Normal,Uneven Skin Tone,Low,Vitamin C; Centella Asiatica; Squalane,Artificial Fragrance; Sulfates,Yes,Yes,217,3.4,Available,87
DERMA-0292,Biotique Micellar Balancing Colloidal Cleanser,Biotique,Cleanser,Sensitive,Dryness,High,Colloidal Oatmeal; Glycerin; Hyaluronic Acid; Squalane; Panthenol,Essential Oils; Lanolin,No,Yes,362,4.4,Available,92
DERMA-0293,Neutrogena 10% Vitamin C Radiance Alpha Serum,Neutrogena,Serum,Dry,Hyperpigmentation,Low,Alpha Arbutin; Vitamin C; Kojic Acid; Centella Asiatica; Allantoin,Denatured Alcohol; Synthetic Dyes; Essential Oils,Yes,Yes,512,4.7,Available,94
DERMA-0294,Fixderma Tea Tree Scalp Detox Tea Scalp Care,Fixderma,Scalp Care,Oily,Dandruff,Low,Tea Tree Oil; Piroctone Olamine; Selenium Sulfide; Centella Asiatica; Panthenol,Lanolin,Yes,Yes,585,3.8,Available,94
DERMA-0295,Plum Hydra Boost Shea Face Wash,Plum,Face Wash,Normal,Dryness,Low,Shea Butter; Ceramides; Panthenol,Denatured Alcohol; Mineral Oil; Silicones,No,No,1281,3.7,Available,74
DERMA-0296,Minimalist Oil Control Squalane Face Wash,Minimalist,Face Wash,Normal,Dryness,Low,Squalane; Colloidal Oatmeal; Centella Asiatica,Silicones,Yes,Yes,531,5.0,Available,97
DERMA-0297,Cosrx Enzyme Resurfacing Scrub Green Exfoliant,Cosrx,Exfoliant,Normal,Excess Oil,Low,Green Tea Extract; Niacinamide; Allantoin; Squalane,Silicones; Lanolin; Synthetic Dyes,Yes,Yes,841,4.5,Available,95
DERMA-0298,Bioderma Gentle AHA BHA Peel Tea Exfoliant,Bioderma,Exfoliant,Normal,Acne,Low,Tea Tree Oil; Salicylic Acid; Squalane,Phthalates; Oxybenzone,Yes,Yes,270,4.9,Available,100
DERMA-0299,Foxtale Deep Cleansing Peptides Cleanser,Foxtale,Cleanser,Dry,Skin Barrier Damage,High,Peptides; Centella Asiatica; Hyaluronic Acid; Panthenol; Green Tea Extract,Denatured Alcohol; Silicones; Mineral Oil,Yes,Yes,1226,4.7,Available,94
DERMA-0300,The Derma Co BHA Clarifying Concentrate Kojic Acne Treatment,The Derma Co,Acne Treatment,Oily,Hyperpigmentation,Low,Kojic Acid; Tocopherol (Vitamin E),Lanolin; Synthetic Dyes,Yes,No,1328,4.2,Available,82
DERMA-0301,Dr. Sheth's Detoxifying Clay Peptides Face Mask,Dr. Sheth's,Face Mask,Dry,Skin Barrier Damage,High,Peptides; Centella Asiatica; Aloe Vera; Squalane,Artificial Fragrance,Yes,Yes,207,4.8,Available,97
DERMA-0302,Cetaphil Multi-Peptide Recovery Zinc Moisturizer,Cetaphil,Moisturizer,Normal,Excess Oil,High,Zinc PCA; Green Tea Extract; Clay; Tocopherol (Vitamin E); Panthenol,Artificial Fragrance,Yes,No,1191,5.0,Available,92
DERMA-0303,La Roche-Posay Tea Tree Anti-Flake Cleanser Green Anti-Dandruff Shampoo,La Roche-Posay,Anti-Dandruff Shampoo,Sensitive,Redness,Low,Green Tea Extract; Squalane; Panthenol,Synthetic Dyes,Yes,Yes,1827,4.7,Unavailable,93
DERMA-0304,Suganda Retinol Night Renewal Licorice Serum,Suganda,Serum,Normal,Uneven Skin Tone,Low,Licorice Extract; Niacinamide; Glycerin; Panthenol,Parabens; Phthalates; Oxybenzone,No,Yes,939,4.8,Available,91
DERMA-0305,Biotique Multi-Peptide Elasticity Zinc Serum,Biotique,Serum,Dry,Acne,Medium,Zinc PCA; Salicylic Acid; Tea Tree Oil; Glycerin,Denatured Alcohol; Synthetic Dyes; Parabens,Yes,Yes,729,3.2,Available,84
DERMA-0306,Avene 10% Niacinamide + Zinc Ferulic Serum,Avene,Serum,Combination,Dullness,Low,Ferulic Acid; Glycolic Acid; Niacinamide; Panthenol; Aloe Vera,Essential Oils; Phthalates; Artificial Fragrance,Yes,Yes,242,4.2,Unavailable,96
DERMA-0307,Plum Lactic Acid Smoothing Serum Clay Exfoliant,Plum,Exfoliant,Normal,Excess Oil,Low,Clay; Glycerin; Green Tea Extract,Sulfates; Parabens,Yes,Yes,1087,3.9,Available,90
DERMA-0308,La Roche-Posay Balancing BHA Green Toner,La Roche-Posay,Toner,Normal,Excess Oil,Low,Green Tea Extract; Witch Hazel; Centella Asiatica; Squalane,Sulfates,Yes,Yes,1464,5.0,Available,98
DERMA-0309,CeraVe Rapid Action Spot Corrector Niacinamide Acne Treatment,CeraVe,Acne Treatment,Sensitive,Whiteheads,Medium,Niacinamide; AHA; Green Tea Extract,Lanolin; Artificial Fragrance; Mineral Oil,Yes,Yes,203,4.2,Available,90
DERMA-0310,Chemist at Play Lactic Acid Smoothing Serum Glycolic Exfoliant,Chemist at Play,Exfoliant,Combination,Whiteheads,Medium,Glycolic Acid; Niacinamide; AHA; Allantoin,Synthetic Dyes,Yes,Yes,590,4.1,Available,94
DERMA-0311,Dot & Key Daily Refresh Lactic Face Wash,Dot & Key,Face Wash,Dry,Dullness,Low,Lactic Acid; Niacinamide; Centella Asiatica; Allantoin,Denatured Alcohol,No,Yes,369,4.6,Available,88
DERMA-0312,Deconstruct Oil Control Green Face Wash,Deconstruct,Face Wash,Normal,Redness,Medium,Green Tea Extract; Allantoin; Centella Asiatica,Sulfates; Phthalates; Denatured Alcohol,Yes,Yes,235,4.2,Available,92
DERMA-0313,Suganda Mandelic Radiance Solution Tea Exfoliant,Suganda,Exfoliant,Normal,Acne,Low,Tea Tree Oil; Zinc PCA; Niacinamide; Squalane; Centella Asiatica,Formaldehyde Releasers,Yes,No,1013,4.7,Available,88
DERMA-0314,La Roche-Posay Deep Cleansing Panthenol Cleanser,La Roche-Posay,Cleanser,Normal,No Major Concern,Medium,Panthenol; Aloe Vera; Glycerin; Squalane,Formaldehyde Releasers; Mineral Oil,Yes,Yes,2687,3.5,Available,82
DERMA-0315,Cosrx Clarifying Foaming Squalane Cleanser,Cosrx,Cleanser,Normal,Skin Barrier Damage,High,Squalane; Panthenol; Peptides; Aloe Vera,Lanolin; Essential Oils,Yes,No,211,4.1,Available,85
DERMA-0316,Cosrx Exfoliating Scalp Serum Centella Scalp Care,Cosrx,Scalp Care,Sensitive,Redness,High,Centella Asiatica; Glycerin; Panthenol,Parabens; Silicones; Sulfates,Yes,Yes,3642,3.5,Available,87
DERMA-0317,Cosrx Ultra Repair Centella Moisturizer,Cosrx,Moisturizer,Sensitive,Redness,Low,Centella Asiatica; Panthenol; Colloidal Oatmeal; Aloe Vera,Artificial Fragrance; Parabens; Lanolin,Yes,Yes,1898,3.9,Available,90
DERMA-0318,Neutrogena Clear Glow Salicylic Face Wash,Neutrogena,Face Wash,Normal,Dandruff,Medium,Salicylic Acid; Selenium Sulfide; Allantoin; Green Tea Extract,Formaldehyde Releasers; Artificial Fragrance; Mineral Oil,Yes,No,1207,4.3,Available,81
DERMA-0319,Neutrogena Alpha Arbutin Pigment Correct Salicylic Serum Pro 1,Neutrogena,Serum,Dry,Whiteheads,Low,Salicylic Acid; Panthenol,Oxybenzone,Yes,Yes,616,4.3,Available,89
DERMA-0320,WishCare Exfoliating Scalp Serum Madecassoside Scalp Care,WishCare,Scalp Care,Sensitive,Redness,Medium,Madecassoside; Centella Asiatica,Phthalates; Silicones; Essential Oils,Yes,Yes,638,4.1,Available,92
DERMA-0321,Fixderma Lactic Acid Body Smooth Centella Body Moisturizer,Fixderma,Body Moisturizer,Oily,Skin Barrier Damage,Medium,Centella Asiatica; Squalane; Ceramides; Green Tea Extract,Formaldehyde Releasers; Lanolin,Yes,Yes,1241,4.0,Available,93
DERMA-0322,Plum Clarifying Scalp Scrub Panthenol Scalp Care,Plum,Scalp Care,Sensitive,No Major Concern,High,Panthenol; Aloe Vera; Glycerin; Centella Asiatica; Squalane,Phthalates; Parabens; Sulfates,Yes,Yes,2220,3.9,Available,85
DERMA-0323,Fixderma Overnight Hydration Sleep Shea Face Mask,Fixderma,Face Mask,Oily,Dryness,High,Shea Butter; Ceramides; Tocopherol (Vitamin E); Squalane,Mineral Oil,Yes,Yes,576,3.9,Available,91
DERMA-0324,Fixderma Ceramide Intensive Cream Niacinamide Body Moisturizer,Fixderma,Body Moisturizer,Normal,Acne,High,Niacinamide; Tea Tree Oil; Panthenol; Tocopherol (Vitamin E),Essential Oils; Oxybenzone; Mineral Oil,Yes,No,264,4.4,Available,91
DERMA-0325,The Derma Co 2% Salicylic Acid Clarifying Ceramides Serum,The Derma Co,Serum,Dry,Dryness,High,Ceramides; Glycerin; Aloe Vera,Synthetic Dyes; Artificial Fragrance; Lanolin,Yes,Yes,466,2.6,Available,90
DERMA-0326,Deconstruct 10% Niacinamide + Zinc Green Serum,Deconstruct,Serum,Oily,No Major Concern,Low,Green Tea Extract; Glycerin; Squalane,Silicones,No,Yes,439,4.3,Available,88
DERMA-0327,The Derma Co Hydrating Milky Lactic Toner,The Derma Co,Toner,Sensitive,Whiteheads,High,Lactic Acid; AHA; Glycerin,Lanolin; Silicones; Essential Oils,Yes,Yes,321,4.1,Available,86
DERMA-0328,Dot & Key Ketoconazole & Zinc Scalp Defense Aloe Anti-Dandruff Shampoo,Dot & Key,Anti-Dandruff Shampoo,Combination,No Major Concern,Medium,Aloe Vera; Allantoin; Panthenol,Phthalates; Oxybenzone; Parabens,Yes,Yes,552,4.0,Available,89
DERMA-0329,Biotique Cica Calming Essence Hyaluronic Toner,Biotique,Toner,Combination,No Major Concern,High,Hyaluronic Acid; Green Tea Extract; Panthenol; Squalane,Mineral Oil; Parabens; Sulfates,Yes,Yes,515,4.7,Available,100
DERMA-0330,Cetaphil Brightening Enzyme Sheet Licorice Face Mask,Cetaphil,Face Mask,Dry,Hyperpigmentation,High,Licorice Extract; Niacinamide; Tocopherol (Vitamin E),Mineral Oil; Denatured Alcohol,Yes,Yes,883,4.3,Available,84
DERMA-0331,Kama Ayurveda Gentle AHA BHA Peel Green Exfoliant,Kama Ayurveda,Exfoliant,Oily,Excess Oil,Low,Green Tea Extract; Clay; Aloe Vera; Squalane,Sulfates; Essential Oils; Phthalates,Yes,Yes,290,3.9,Available,92
DERMA-0332,Neutrogena Ketoconazole & Zinc Scalp Defense Salicylic Anti-Dandruff Shampoo,Neutrogena,Anti-Dandruff Shampoo,Sensitive,Excess Oil,High,Salicylic Acid; Panthenol; Tocopherol (Vitamin E),Silicones; Phthalates,Yes,No,231,5.0,Available,95
DERMA-0333,La Roche-Posay Cica Recovery Sheet Salicylic Face Mask,La Roche-Posay,Face Mask,Combination,Whiteheads,Medium,Salicylic Acid; Niacinamide; Aloe Vera; Panthenol,Artificial Fragrance; Denatured Alcohol; Lanolin,Yes,Yes,389,5.0,Available,97
DERMA-0334,Biotique Clarifying Liquid Exfoliant Zinc Exfoliant,Biotique,Exfoliant,Combination,Blackheads,Medium,Zinc PCA; BHA; Activated Charcoal; Allantoin,Mineral Oil,Yes,No,332,4.0,Available,84
DERMA-0335,Cosrx Tea Tree Anti-Flake Cleanser Tea Anti-Dandruff Shampoo,Cosrx,Anti-Dandruff Shampoo,Normal,Dandruff,High,Tea Tree Oil; Allantoin; Glycerin,Phthalates; Artificial Fragrance,Yes,Yes,2139,5.0,Unavailable,85
DERMA-0336,Foxtale Intensive Anti-Dandruff Treatment Colloidal Anti-Dandruff Shampoo,Foxtale,Anti-Dandruff Shampoo,Sensitive,Redness,Medium,Colloidal Oatmeal; Madecassoside; Panthenol; Squalane; Glycerin,Phthalates; Parabens; Artificial Fragrance,No,Yes,211,4.2,Available,86
DERMA-0337,La Roche-Posay Clarifying Liquid Exfoliant AHA Exfoliant,La Roche-Posay,Exfoliant,Oily,Whiteheads,Low,AHA; Mandelic Acid; Niacinamide; Allantoin,Phthalates; Oxybenzone; Sulfates,Yes,Yes,450,3.9,Unavailable,95
DERMA-0338,Kama Ayurveda Revitalizing Fruit Enzyme Panthenol Toner,Kama Ayurveda,Toner,Dry,No Major Concern,High,Panthenol; Aloe Vera; Centella Asiatica; Green Tea Extract,Essential Oils,Yes,Yes,3202,4.8,Available,92
DERMA-0339,Dot & Key Tea Tree Anti-Flake Cleanser Panthenol Anti-Dandruff Shampoo,Dot & Key,Anti-Dandruff Shampoo,Sensitive,No Major Concern,High,Panthenol; Aloe Vera; Green Tea Extract,Sulfates; Synthetic Dyes,Yes,Yes,408,3.9,Available,93
DERMA-0340,WishCare 10% Urea Repair Allantoin Body Moisturizer,WishCare,Body Moisturizer,Dry,Redness,High,Allantoin; Centella Asiatica; Green Tea Extract,Phthalates; Essential Oils; Parabens,Yes,Yes,352,3.9,Unavailable,96
DERMA-0341,Foxtale Enzyme Resurfacing Scrub Salicylic Exfoliant,Foxtale,Exfoliant,Sensitive,Acne,High,Salicylic Acid; Centella Asiatica,Sulfates; Synthetic Dyes,Yes,Yes,1179,3.8,Available,90
DERMA-0342,Neutrogena Clarifying Drying Lotion Tranexamic Acne Treatment,Neutrogena,Acne Treatment,Oily,Hyperpigmentation,Medium,Tranexamic Acid; Vitamin C; Panthenol; Glycerin,Mineral Oil; Silicones,Yes,Yes,2958,4.4,Available,88
DERMA-0343,Simple Tea Tree Scalp Detox Zinc Scalp Care,Simple,Scalp Care,Combination,Dandruff,Low,Zinc Pyrithione; Tea Tree Oil; Salicylic Acid; Centella Asiatica; Panthenol,Lanolin; Mineral Oil; Sulfates,Yes,Yes,1443,4.4,Available,96
DERMA-0344,Fixderma Hydrating Milky Niacinamide Toner,Fixderma,Toner,Combination,Hyperpigmentation,Low,Niacinamide; Squalane,Sulfates; Lanolin,Yes,Yes,3464,4.4,Available,89
DERMA-0345,Kama Ayurveda Oil-Free Hydro Gel Ketoconazole Moisturizer,Kama Ayurveda,Moisturizer,Normal,Dandruff,Medium,Ketoconazole; Piroctone Olamine; Panthenol,Artificial Fragrance; Essential Oils; Denatured Alcohol,No,Yes,239,3.4,Available,75
DERMA-0346,Suganda Gentle AHA BHA Peel Niacinamide Exfoliant,Suganda,Exfoliant,Oily,Excess Oil,Low,Niacinamide; Green Tea Extract; Witch Hazel; Glycerin; Aloe Vera,Oxybenzone; Parabens,Yes,Yes,1216,4.6,Available,92
DERMA-0347,Dot & Key Clarifying Scalp Scrub Allantoin Scalp Care,Dot & Key,Scalp Care,Oily,Redness,High,Allantoin; Colloidal Oatmeal; Madecassoside; Green Tea Extract,Sulfates; Lanolin; Synthetic Dyes,Yes,No,1332,4.3,Available,80
DERMA-0348,Minimalist Salicylic Acid Flake Control Tea Anti-Dandruff Shampoo,Minimalist,Anti-Dandruff Shampoo,Dry,Dandruff,High,Tea Tree Oil; Zinc Pyrithione; Selenium Sulfide; Panthenol,Silicones; Lanolin,No,Yes,1017,4.6,Available,87
DERMA-0349,Neutrogena Enzyme Resurfacing Scrub Salicylic Exfoliant,Neutrogena,Exfoliant,Combination,Acne,Low,Salicylic Acid; Benzoyl Peroxide; Zinc PCA; Allantoin; Tocopherol (Vitamin E),Phthalates; Synthetic Dyes,Yes,Yes,1461,3.6,Available,92
DERMA-0350,Dr. Sheth's Clear Pore Screen Green Sunscreen,Dr. Sheth's,Sunscreen,Oily,Excess Oil,High,Green Tea Extract; Niacinamide; Witch Hazel; Centella Asiatica; Squalane,Sulfates; Lanolin; Artificial Fragrance,Yes,Yes,501,4.4,Unavailable,99
DERMA-0351,Dot & Key Brightening Gel Madecassoside Face Wash,Dot & Key,Face Wash,Combination,Redness,High,Madecassoside; Aloe Vera; Panthenol,Synthetic Dyes; Lanolin; Denatured Alcohol,Yes,No,540,3.8,Available,85
DERMA-0352,Plum Gentle AHA BHA Peel Salicylic Exfoliant,Plum,Exfoliant,Oily,Acne,Low,Salicylic Acid; Glycerin,Phthalates,Yes,Yes,3067,3.9,Available,83
DERMA-0353,Plum 10% Niacinamide + Zinc Selenium Serum,Plum,Serum,Sensitive,Dandruff,High,Selenium Sulfide; Zinc Pyrithione; Aloe Vera; Tocopherol (Vitamin E),Denatured Alcohol; Formaldehyde Releasers; Mineral Oil,Yes,Yes,1629,5.0,Available,87
DERMA-0354,Forest Essentials Cica Calming Essence Witch Toner,Forest Essentials,Toner,Normal,Excess Oil,Low,Witch Hazel; Zinc PCA; Squalane; Allantoin,Lanolin; Silicones,Yes,Yes,1182,4.1,Available,93
DERMA-0355,Cosrx Clarifying Scalp Scrub Niacinamide Scalp Care,Cosrx,Scalp Care,Sensitive,No Major Concern,High,Niacinamide; Green Tea Extract; Centella Asiatica; Squalane,Denatured Alcohol; Mineral Oil,Yes,Yes,222,4.5,Available,98
DERMA-0356,Minimalist Clarifying Scalp Scrub Centella Scalp Care,Minimalist,Scalp Care,Sensitive,Redness,High,Centella Asiatica; Madecassoside; Allantoin,Denatured Alcohol; Synthetic Dyes; Sulfates,Yes,Yes,1968,4.5,Available,87
DERMA-0357,Cosrx Active Acne SOS Solution Zinc Acne Treatment,Cosrx,Acne Treatment,Normal,Acne,Medium,Zinc PCA; Salicylic Acid; Glycerin; Panthenol,Synthetic Dyes; Silicones,Yes,Yes,1427,3.4,Available,87
DERMA-0358,Simple Tea Tree Scalp Detox Colloidal Scalp Care,Simple,Scalp Care,Dry,Redness,Medium,Colloidal Oatmeal; Centella Asiatica; Panthenol,Parabens; Denatured Alcohol,Yes,Yes,314,4.3,Available,90
DERMA-0359,WishCare Shea Butter Rich Balm Selenium Body Moisturizer,WishCare,Body Moisturizer,Oily,Dandruff,Low,Selenium Sulfide; Zinc Pyrithione; Allantoin; Green Tea Extract,Formaldehyde Releasers; Denatured Alcohol,Yes,Yes,920,4.4,Available,93
DERMA-0360,Chemist at Play Overnight Hydration Sleep Niacinamide Face Mask,Chemist at Play,Face Mask,Dry,Acne,Medium,Niacinamide; Tea Tree Oil; Squalane; Centella Asiatica,Oxybenzone; Parabens; Formaldehyde Releasers,Yes,Yes,274,4.7,Available,98
DERMA-0361,Chemist at Play 2% Salicylic Acid Clarifying Lactic Serum,Chemist at Play,Serum,Normal,Whiteheads,Low,Lactic Acid; Centella Asiatica; Green Tea Extract,Denatured Alcohol,No,Yes,257,4.3,Available,86
DERMA-0362,Deconstruct Mandelic Radiance Solution Vitamin Exfoliant,Deconstruct,Exfoliant,Normal,Hyperpigmentation,Low,Vitamin C; Alpha Arbutin; Centella Asiatica; Green Tea Extract,Artificial Fragrance; Oxybenzone; Parabens,No,Yes,656,4.3,Available,85
DERMA-0363,Forest Essentials Daily Hydrating Lotion Hyaluronic Body Moisturizer,Forest Essentials,Body Moisturizer,Combination,Dryness,High,Hyaluronic Acid; Shea Butter; Ceramides; Allantoin,Lanolin; Formaldehyde Releasers; Sulfates,Yes,Yes,1194,5.0,Available,94
DERMA-0364,La Roche-Posay Lactic Acid Body Smooth Zinc Body Moisturizer,La Roche-Posay,Body Moisturizer,Oily,Blackheads,Low,Zinc PCA; BHA; Kaolin Clay; Panthenol,Artificial Fragrance,Yes,Yes,3300,3.8,Available,90
DERMA-0365,Bioderma Micellar Balancing Retinol Cleanser,Bioderma,Cleanser,Normal,Uneven Skin Tone,Low,Retinol; Alpha Arbutin; Panthenol; Aloe Vera,Lanolin; Mineral Oil,No,Yes,509,5.0,Available,89
DERMA-0366,WishCare Soothing Scalp Tonic Witch Scalp Care,WishCare,Scalp Care,Normal,Excess Oil,Medium,Witch Hazel; Niacinamide; Aloe Vera,Parabens; Silicones,Yes,No,586,4.4,Available,85
DERMA-0367,Dot & Key Enzyme Resurfacing Scrub Lactic Exfoliant,Dot & Key,Exfoliant,Sensitive,Dullness,Medium,Lactic Acid; Aloe Vera,Lanolin; Silicones,Yes,Yes,1497,4.4,Available,88
DERMA-0368,Simple Daily Refresh Niacinamide Face Wash,Simple,Face Wash,Combination,Whiteheads,Medium,Niacinamide; Glycolic Acid; Panthenol,Phthalates; Oxybenzone; Artificial Fragrance,No,Yes,520,4.1,Available,82
DERMA-0369,Cetaphil Anti-Acne Purifying Green Face Wash,Cetaphil,Face Wash,Dry,Redness,High,Green Tea Extract; Aloe Vera; Panthenol,Phthalates; Artificial Fragrance,No,Yes,502,4.6,Available,90
DERMA-0370,Kama Ayurveda Oil-Free Hydro Gel Salicylic Moisturizer,Kama Ayurveda,Moisturizer,Normal,Whiteheads,High,Salicylic Acid; Allantoin,Essential Oils; Denatured Alcohol,No,Yes,515,3.4,Available,74
DERMA-0371,Plum Anti-Acne Purifying Tranexamic Face Wash,Plum,Face Wash,Combination,Hyperpigmentation,High,Tranexamic Acid; Licorice Extract; Tocopherol (Vitamin E),Essential Oils; Lanolin; Denatured Alcohol,Yes,Yes,991,4.9,Available,91
DERMA-0372,Biotique Ketoconazole & Zinc Scalp Defense Zinc Anti-Dandruff Shampoo,Biotique,Anti-Dandruff Shampoo,Sensitive,Excess Oil,High,Zinc PCA; Clay; Tocopherol (Vitamin E); Panthenol,Oxybenzone; Lanolin; Phthalates,Yes,Yes,267,4.9,Available,100
DERMA-0373,Sebamed Soothing Scalp Tonic Clay Scalp Care,Sebamed,Scalp Care,Sensitive,Excess Oil,Medium,Clay; Glycerin,Essential Oils; Phthalates,Yes,Yes,3950,4.0,Available,85
DERMA-0374,Avene Cica Calming Essence Salicylic Toner,Avene,Toner,Combination,Whiteheads,Medium,Salicylic Acid; Centella Asiatica,Formaldehyde Releasers,Yes,Yes,3417,3.3,Available,79
DERMA-0375,WishCare Charcoal Pore Clearing Kojic Face Mask,WishCare,Face Mask,Normal,Hyperpigmentation,Low,Kojic Acid; Licorice Extract; Centella Asiatica; Panthenol,Denatured Alcohol; Formaldehyde Releasers; Mineral Oil,Yes,No,2792,4.2,Unavailable,83
DERMA-0376,Chemist at Play Soothing Scalp Tonic Panthenol Scalp Care,Chemist at Play,Scalp Care,Oily,No Major Concern,Low,Panthenol; Glycerin; Green Tea Extract; Allantoin,Parabens; Phthalates,Yes,Yes,3797,3.6,Available,86
DERMA-0377,Neutrogena Intensive Anti-Dandruff Treatment Witch Anti-Dandruff Shampoo,Neutrogena,Anti-Dandruff Shampoo,Oily,Excess Oil,Low,Witch Hazel; Tocopherol (Vitamin E); Centella Asiatica,Formaldehyde Releasers,Yes,Yes,238,4.2,Available,93
DERMA-0378,Minimalist Multi-Peptide Elasticity AHA Serum,Minimalist,Serum,Oily,Whiteheads,Low,AHA; Glycolic Acid; Aloe Vera,Oxybenzone; Phthalates; Lanolin,No,Yes,605,4.8,Available,87
DERMA-0379,Foxtale 10% Urea Repair BHA Body Moisturizer,Foxtale,Body Moisturizer,Normal,Blackheads,High,BHA; Zinc PCA; Salicylic Acid; Green Tea Extract; Squalane,Lanolin,No,No,1216,3.8,Available,73
DERMA-0380,Sebamed Oil Control Madecassoside Face Wash,Sebamed,Face Wash,Oily,Redness,High,Madecassoside; Centella Asiatica; Allantoin; Green Tea Extract; Tocopherol (Vitamin E),Synthetic Dyes; Artificial Fragrance; Mineral Oil,Yes,Yes,3599,4.5,Available,91
DERMA-0381,Sebamed Lactic Acid Smoothing Serum Lactic Exfoliant,Sebamed,Exfoliant,Normal,Whiteheads,Low,Lactic Acid; Allantoin; Glycerin,Mineral Oil; Phthalates; Essential Oils,Yes,Yes,3659,3.8,Available,86
DERMA-0382,Cetaphil Gentle AHA BHA Peel Salicylic Exfoliant,Cetaphil,Exfoliant,Combination,Whiteheads,High,Salicylic Acid; Centella Asiatica; Aloe Vera,Formaldehyde Releasers,Yes,Yes,3602,3.8,Available,87
DERMA-0383,Dr. Sheth's Brightening Gel Ceramides Face Wash,Dr. Sheth's,Face Wash,Normal,Skin Barrier Damage,Medium,Ceramides; Hyaluronic Acid; Squalane; Green Tea Extract,Phthalates; Artificial Fragrance; Oxybenzone,No,Yes,412,4.5,Available,84
DERMA-0384,Suganda Peptide Follicle Booster Glycerin Scalp Care,Suganda,Scalp Care,Combination,No Major Concern,Medium,Glycerin; Allantoin,Synthetic Dyes; Denatured Alcohol; Sulfates,Yes,No,605,3.9,Available,79
DERMA-0385,Dot & Key Exfoliating Scalp Serum Aloe Scalp Care,Dot & Key,Scalp Care,Sensitive,No Major Concern,Medium,Aloe Vera; Niacinamide; Panthenol; Squalane; Centella Asiatica,Sulfates; Artificial Fragrance,No,No,256,4.5,Available,74
DERMA-0386,Re'equil Lactic Acid Smoothing Serum Glycolic Exfoliant,Re'equil,Exfoliant,Combination,Dullness,Medium,Glycolic Acid; Vitamin C; Lactic Acid; Panthenol; Tocopherol (Vitamin E),Parabens; Sulfates,Yes,Yes,3323,3.5,Unavailable,84
DERMA-0387,Minimalist Mandelic Radiance Solution Kojic Exfoliant,Minimalist,Exfoliant,Combination,Hyperpigmentation,Low,Kojic Acid; Allantoin,Lanolin; Silicones; Oxybenzone,Yes,Yes,1210,4.0,Available,88
DERMA-0388,Fixderma Cica Recovery Sheet Glycerin Face Mask,Fixderma,Face Mask,Sensitive,No Major Concern,Medium,Glycerin; Hyaluronic Acid; Centella Asiatica,Mineral Oil; Formaldehyde Releasers; Sulfates,Yes,Yes,3208,2.4,Available,75
DERMA-0389,Fixderma Daily Hydrating Lotion Green Body Moisturizer,Fixderma,Body Moisturizer,Combination,Excess Oil,Medium,Green Tea Extract; Tocopherol (Vitamin E); Allantoin,Essential Oils; Synthetic Dyes; Mineral Oil,Yes,Yes,3418,4.5,Available,88
DERMA-0390,Chemist at Play Tea Tree Scalp Detox Colloidal Scalp Care,Chemist at Play,Scalp Care,Sensitive,Redness,Medium,Colloidal Oatmeal; Centella Asiatica; Allantoin; Aloe Vera,Artificial Fragrance,Yes,Yes,1412,4.5,Available,92
DERMA-0391,Biotique Clear Pore Screen Licorice Sunscreen,Biotique,Sunscreen,Dry,Uneven Skin Tone,Low,Licorice Extract; Alpha Arbutin; Glycerin,Mineral Oil,Yes,No,315,4.5,Available,87
DERMA-0392,Kama Ayurveda Deep Cleansing Ferulic Cleanser,Kama Ayurveda,Cleanser,Sensitive,Dullness,Medium,Ferulic Acid; Vitamin C; Papaya Enzyme; Aloe Vera; Squalane,Sulfates,No,No,1671,4.4,Available,69
DERMA-0393,Foxtale Clear Glow Kaolin Face Wash,Foxtale,Face Wash,Dry,Blackheads,Low,Kaolin Clay; Salicylic Acid; BHA; Green Tea Extract; Squalane,Sulfates,Yes,Yes,411,4.2,Available,95
DERMA-0394,Forest Essentials Alpha Arbutin Pigment Correct Licorice Serum,Forest Essentials,Serum,Sensitive,Hyperpigmentation,High,Licorice Extract; Vitamin C; Squalane,Artificial Fragrance,Yes,Yes,408,4.1,Available,90
DERMA-0395,Simple Clarifying Scalp Scrub Centella Scalp Care,Simple,Scalp Care,Oily,Redness,High,Centella Asiatica; Colloidal Oatmeal; Allantoin; Green Tea Extract; Panthenol,Parabens; Silicones,Yes,Yes,1256,4.6,Unavailable,97
DERMA-0396,Chemist at Play Overnight Hydration Sleep Niacinamide Face Mask Pro 1,Chemist at Play,Face Mask,Combination,Whiteheads,Low,Niacinamide; Mandelic Acid; Glycerin; Squalane,Formaldehyde Releasers; Synthetic Dyes,Yes,Yes,1056,4.7,Available,95
DERMA-0397,Avene Daily Hydrating Lotion Panthenol Body Moisturizer,Avene,Body Moisturizer,Normal,No Major Concern,Low,Panthenol; Glycerin,Mineral Oil; Silicones; Artificial Fragrance,No,Yes,2662,4.3,Available,78
DERMA-0398,Suganda Soothing Scalp Tonic Salicylic Scalp Care,Suganda,Scalp Care,Oily,Excess Oil,Low,Salicylic Acid; Allantoin; Green Tea Extract,Mineral Oil,No,Yes,962,4.8,Available,90
DERMA-0399,Foxtale Hydra Boost Ferulic Face Wash,Foxtale,Face Wash,Normal,Dullness,Medium,Ferulic Acid; Green Tea Extract,Denatured Alcohol; Oxybenzone,Yes,Yes,1132,4.2,Available,86
DERMA-0400,Suganda Spot Clearing Gel Niacinamide Acne Treatment,Suganda,Acne Treatment,Oily,Excess Oil,Low,Niacinamide; Panthenol; Tocopherol (Vitamin E),Phthalates,Yes,Yes,468,4.0,Available,94
DERMA-0401,Simple Hydrating Milky Piroctone Toner,Simple,Toner,Combination,Dandruff,Low,Piroctone Olamine; Selenium Sulfide; Panthenol,Artificial Fragrance; Phthalates; Oxybenzone,Yes,Yes,3602,4.4,Available,89
DERMA-0402,The Derma Co Piroctone Olamine Soothing Wash Niacinamide Anti-Dandruff Shampoo,The Derma Co,Anti-Dandruff Shampoo,Combination,Excess Oil,Low,Niacinamide; Witch Hazel; Centella Asiatica; Glycerin,Artificial Fragrance; Sulfates; Mineral Oil,No,Yes,2742,4.0,Available,78
DERMA-0403,Plum Multi-Peptide Recovery AHA Moisturizer,Plum,Moisturizer,Sensitive,Whiteheads,High,AHA; Glycerin; Aloe Vera,Mineral Oil; Sulfates; Parabens,No,No,917,3.2,Available,66
DERMA-0404,Pilgrim Ceramide Intensive Cream Vitamin Body Moisturizer,Pilgrim,Body Moisturizer,Dry,Hyperpigmentation,Medium,Vitamin C; Kojic Acid; Squalane,Essential Oils; Silicones,Yes,Yes,1286,3.8,Available,90
DERMA-0405,CeraVe Tea Tree Scalp Detox Salicylic Scalp Care,CeraVe,Scalp Care,Dry,Dandruff,Medium,Salicylic Acid; Tea Tree Oil; Ketoconazole; Tocopherol (Vitamin E),Formaldehyde Releasers; Synthetic Dyes; Parabens,Yes,No,1368,3.1,Available,79
DERMA-0406,Dot & Key Gentle Hydrating Centella Cleanser,Dot & Key,Cleanser,Combination,Redness,High,Centella Asiatica; Green Tea Extract; Tocopherol (Vitamin E); Squalane,Phthalates,Yes,No,291,4.4,Available,93
DERMA-0407,Simple Overnight Blemish Paste Zinc Acne Treatment,Simple,Acne Treatment,Sensitive,Excess Oil,High,Zinc PCA; Witch Hazel; Allantoin; Aloe Vera,Silicones; Oxybenzone,No,Yes,365,4.5,Available,80
DERMA-0408,Forest Essentials Multi-Peptide Recovery BHA Moisturizer,Forest Essentials,Moisturizer,Normal,Blackheads,Low,BHA; Tocopherol (Vitamin E),Formaldehyde Releasers; Lanolin,No,Yes,2603,4.9,Available,82
DERMA-0409,Cosrx Balancing BHA Salicylic Toner,Cosrx,Toner,Oily,Excess Oil,Low,Salicylic Acid; Tocopherol (Vitamin E),Oxybenzone; Artificial Fragrance; Denatured Alcohol,Yes,No,241,4.5,Available,84
DERMA-0410,Kama Ayurveda Detoxifying Clay Centella Face Mask,Kama Ayurveda,Face Mask,Dry,Redness,High,Centella Asiatica; Colloidal Oatmeal; Aloe Vera; Green Tea Extract,Oxybenzone; Artificial Fragrance,Yes,No,445,3.7,Available,85
DERMA-0411,Chemist at Play Revitalizing Fruit Enzyme Squalane Toner,Chemist at Play,Toner,Combination,Skin Barrier Damage,High,Squalane; Panthenol,Silicones,Yes,Yes,270,3.9,Available,89
DERMA-0412,Avene Detoxifying Clay Peptides Face Mask,Avene,Face Mask,Combination,Skin Barrier Damage,Low,Peptides; Panthenol; Centella Asiatica; Tocopherol (Vitamin E); Allantoin,Synthetic Dyes; Mineral Oil,Yes,No,2047,2.4,Available,70
DERMA-0413,Avene Enzyme Resurfacing Scrub Tea Exfoliant,Avene,Exfoliant,Oily,Acne,Medium,Tea Tree Oil; Benzoyl Peroxide; Salicylic Acid; Glycerin,Phthalates; Oxybenzone; Sulfates,Yes,Yes,3041,4.4,Available,92
DERMA-0414,WishCare Calming Cream Niacinamide Cleanser,WishCare,Cleanser,Oily,Excess Oil,Low,Niacinamide; Salicylic Acid; Clay; Allantoin,Oxybenzone; Denatured Alcohol; Essential Oils,Yes,Yes,2986,3.8,Available,87
DERMA-0415,WishCare Intensive Anti-Dandruff Treatment Clay Anti-Dandruff Shampoo,WishCare,Anti-Dandruff Shampoo,Oily,Excess Oil,Low,Clay; Witch Hazel; Panthenol; Centella Asiatica,Oxybenzone,No,Yes,1217,4.0,Available,81
DERMA-0416,Plum Azelaic & Cica Calming Centella Serum,Plum,Serum,Sensitive,Redness,Medium,Centella Asiatica; Green Tea Extract; Allantoin; Glycerin; Squalane,Oxybenzone; Lanolin; Parabens,Yes,Yes,407,4.1,Available,95
DERMA-0417,Simple Lactic Acid Smoothing Serum Salicylic Exfoliant,Simple,Exfoliant,Sensitive,Excess Oil,High,Salicylic Acid; Aloe Vera; Panthenol,Silicones,Yes,Yes,491,4.7,Available,99
DERMA-0418,Dr. Sheth's Clear Glow Centella Face Wash,Dr. Sheth's,Face Wash,Dry,Redness,High,Centella Asiatica; Tocopherol (Vitamin E); Glycerin,Oxybenzone; Mineral Oil; Denatured Alcohol,Yes,Yes,321,2.8,Unavailable,91
DERMA-0419,The Derma Co BHA Clarifying Concentrate Licorice Acne Treatment,The Derma Co,Acne Treatment,Combination,Hyperpigmentation,High,Licorice Extract; Allantoin; Glycerin,Parabens,Yes,Yes,554,4.4,Available,89
DERMA-0420,The Derma Co 10% Niacinamide + Zinc Panthenol Serum,The Derma Co,Serum,Sensitive,Skin Barrier Damage,High,Panthenol; Centella Asiatica; Glycerin,Silicones; Essential Oils; Synthetic Dyes,Yes,Yes,1075,4.3,Available,93
DERMA-0421,Avene Oil Control Hyaluronic Face Wash,Avene,Face Wash,Combination,Skin Barrier Damage,Low,Hyaluronic Acid; Centella Asiatica; Glycerin,Synthetic Dyes,No,Yes,1460,4.4,Available,84
DERMA-0422,Kama Ayurveda Exfoliating Glow Hyaluronic Toner,Kama Ayurveda,Toner,Normal,No Major Concern,Medium,Hyaluronic Acid; Centella Asiatica,Silicones; Formaldehyde Releasers; Mineral Oil,Yes,Yes,1154,4.8,Available,89
DERMA-0423,Fixderma 2% Salicylic Acid Clarifying Zinc Serum,Fixderma,Serum,Sensitive,Blackheads,High,Zinc PCA; BHA; Salicylic Acid; Glycerin,Mineral Oil; Essential Oils,No,Yes,806,4.3,Available,81
DERMA-0424,WishCare Lactic Acid Smoothing Serum Tranexamic Exfoliant,WishCare,Exfoliant,Sensitive,Hyperpigmentation,Medium,Tranexamic Acid; Kojic Acid; Allantoin,Parabens; Phthalates,Yes,Yes,2413,3.8,Available,85
DERMA-0425,Avene Ultra Matte Dry Touch Green Sunscreen,Avene,Sunscreen,Dry,Excess Oil,Medium,Green Tea Extract; Zinc PCA; Witch Hazel; Aloe Vera,Mineral Oil,No,Yes,214,3.9,Available,83
DERMA-0426,Bioderma Overnight Blemish Paste Benzoyl Acne Treatment,Bioderma,Acne Treatment,Oily,Acne,Low,Benzoyl Peroxide; Niacinamide; Tocopherol (Vitamin E); Allantoin,Parabens,Yes,Yes,1914,4.1,Available,90
DERMA-0427,Plum Hydrating Milky Zinc Toner,Plum,Toner,Oily,Blackheads,High,Zinc PCA; BHA; Allantoin; Glycerin,Artificial Fragrance,Yes,Yes,392,4.1,Available,90
DERMA-0428,La Roche-Posay Deep Cleansing Zinc Cleanser,La Roche-Posay,Cleanser,Sensitive,Dandruff,High,Zinc Pyrithione; Ketoconazole; Panthenol; Squalane,Synthetic Dyes; Phthalates; Essential Oils,Yes,Yes,1409,3.8,Available,88
DERMA-0429,Dot & Key Charcoal Pore Clearing Panthenol Face Mask,Dot & Key,Face Mask,Normal,Skin Barrier Damage,Medium,Panthenol; Green Tea Extract; Squalane,Lanolin; Phthalates,Yes,Yes,404,3.6,Available,88
DERMA-0430,La Roche-Posay Soothing Sun Gel Madecassoside Sunscreen,La Roche-Posay,Sunscreen,Normal,Redness,High,Madecassoside; Allantoin; Green Tea Extract; Panthenol,Denatured Alcohol,Yes,No,835,3.5,Available,82
DERMA-0431,Simple Nourishing Oat Milk Mandelic Body Moisturizer,Simple,Body Moisturizer,Combination,Whiteheads,Low,Mandelic Acid; Niacinamide; Glycerin; Allantoin,Essential Oils; Denatured Alcohol,Yes,Yes,241,4.0,Available,91
DERMA-0432,CeraVe Hydra Sun Shield Colloidal Sunscreen,CeraVe,Sunscreen,Oily,Dryness,Low,Colloidal Oatmeal; Centella Asiatica; Panthenol,Oxybenzone; Denatured Alcohol; Essential Oils,Yes,Yes,3724,4.8,Available,88
DERMA-0433,Suganda 2% Salicylic Acid Clarifying Zinc Serum,Suganda,Serum,Combination,Blackheads,Medium,Zinc PCA; Salicylic Acid; Kaolin Clay; Squalane,Essential Oils,Yes,Yes,1128,3.7,Available,91
DERMA-0434,Deconstruct Overnight Blemish Paste Niacinamide Acne Treatment,Deconstruct,Acne Treatment,Sensitive,Acne,Medium,Niacinamide; Tea Tree Oil; Glycerin; Panthenol,Synthetic Dyes,Yes,No,576,3.9,Available,88
DERMA-0435,Chemist at Play Active Acne SOS Solution Salicylic Acne Treatment,Chemist at Play,Acne Treatment,Combination,Whiteheads,Low,Salicylic Acid; Mandelic Acid; Niacinamide; Glycerin,Artificial Fragrance,Yes,Yes,1418,3.7,Available,89
DERMA-0436,Re'equil Balancing BHA Licorice Toner,Re'equil,Toner,Oily,Uneven Skin Tone,Low,Licorice Extract; Vitamin C; Panthenol,Oxybenzone,Yes,Yes,551,3.8,Available,89
DERMA-0437,Dot & Key Clear Pore Screen Lactic Sunscreen,Dot & Key,Sunscreen,Oily,Whiteheads,Low,Lactic Acid; Green Tea Extract,Parabens; Artificial Fragrance; Mineral Oil,Yes,Yes,255,4.6,Available,94
DERMA-0438,Re'equil Water Gel Papaya Moisturizer,Re'equil,Moisturizer,Dry,Dullness,Low,Papaya Enzyme; Lactic Acid; Glycolic Acid; Centella Asiatica; Allantoin,Artificial Fragrance,No,Yes,403,4.6,Available,88
DERMA-0439,Simple Overnight Blemish Paste Licorice Acne Treatment,Simple,Acne Treatment,Normal,Hyperpigmentation,Low,Licorice Extract; Tranexamic Acid; Centella Asiatica; Tocopherol (Vitamin E),Artificial Fragrance; Silicones; Essential Oils,Yes,No,3269,3.1,Available,77
DERMA-0440,Neutrogena Pore Minimizing Allantoin Toner,Neutrogena,Toner,Oily,Redness,Medium,Allantoin; Centella Asiatica; Madecassoside; Green Tea Extract; Squalane,Mineral Oil,Yes,Yes,1116,4.5,Available,91
DERMA-0441,Dr. Sheth's Gentle AHA BHA Peel Zinc Exfoliant,Dr. Sheth's,Exfoliant,Sensitive,Blackheads,High,Zinc PCA; Kaolin Clay; Activated Charcoal; Squalane; Aloe Vera,Silicones,Yes,Yes,257,4.1,Available,88
DERMA-0442,Fixderma Gentle AHA BHA Peel Tea Exfoliant,Fixderma,Exfoliant,Oily,Acne,Medium,Tea Tree Oil; Panthenol; Allantoin,Synthetic Dyes,Yes,No,262,3.9,Available,84
DERMA-0443,Dot & Key Brightening Gel Ceramides Face Wash,Dot & Key,Face Wash,Oily,Skin Barrier Damage,High,Ceramides; Hyaluronic Acid; Centella Asiatica; Squalane; Glycerin,Formaldehyde Releasers; Oxybenzone; Sulfates,Yes,Yes,1054,4.2,Available,96
DERMA-0444,Re'equil Hydra Sun Shield Allantoin Sunscreen,Re'equil,Sunscreen,Combination,Redness,High,Allantoin; Squalane,Sulfates; Essential Oils; Lanolin,Yes,Yes,645,4.2,Available,83
DERMA-0445,Forest Essentials Spot Clearing Gel Alpha Acne Treatment,Forest Essentials,Acne Treatment,Combination,Hyperpigmentation,Medium,Alpha Arbutin; Vitamin C; Allantoin,Mineral Oil; Artificial Fragrance,No,Yes,360,4.5,Available,85
DERMA-0446,CeraVe Exfoliating Scalp Serum Panthenol Scalp Care,CeraVe,Scalp Care,Oily,Redness,High,Panthenol; Centella Asiatica; Madecassoside; Glycerin; Squalane,Oxybenzone; Silicones,Yes,Yes,524,4.2,Available,98
DERMA-0447,Forest Essentials Clarifying Scalp Scrub Green Scalp Care Pro 1,Forest Essentials,Scalp Care,Oily,No Major Concern,Low,Green Tea Extract; Glycerin; Panthenol,Synthetic Dyes,Yes,Yes,576,3.9,Available,90
DERMA-0448,Kama Ayurveda Clarifying Liquid Exfoliant Salicylic Exfoliant,Kama Ayurveda,Exfoliant,Combination,Whiteheads,Low,Salicylic Acid; Lactic Acid; Mandelic Acid; Centella Asiatica,Oxybenzone; Parabens,Yes,Yes,1024,4.4,Available,92
DERMA-0449,Suganda Deep Cleansing Glycerin Cleanser,Suganda,Cleanser,Dry,No Major Concern,Low,Glycerin; Aloe Vera; Niacinamide; Panthenol; Centella Asiatica,Parabens; Sulfates; Phthalates,Yes,Yes,1713,4.0,Available,85
DERMA-0450,Dot & Key Lactic Acid Body Smooth Madecassoside Body Moisturizer,Dot & Key,Body Moisturizer,Sensitive,Redness,High,Madecassoside; Colloidal Oatmeal; Squalane,Synthetic Dyes,Yes,Yes,494,4.0,Available,89
DERMA-0451,Re'equil Alpha Arbutin Pigment Correct Shea Serum,Re'equil,Serum,Normal,Dryness,High,Shea Butter; Colloidal Oatmeal; Panthenol; Squalane,Parabens; Silicones,Yes,Yes,2729,4.0,Available,88
DERMA-0452,Sebamed Gentle AHA BHA Peel AHA Exfoliant,Sebamed,Exfoliant,Normal,Whiteheads,Low,AHA; Lactic Acid; Panthenol,Parabens,Yes,Yes,3032,4.0,Available,87
DERMA-0453,Sebamed Piroctone Olamine Soothing Wash Centella Anti-Dandruff Shampoo,Sebamed,Anti-Dandruff Shampoo,Sensitive,Redness,High,Centella Asiatica; Colloidal Oatmeal; Green Tea Extract; Allantoin,Silicones,Yes,Yes,1369,4.1,Available,94
DERMA-0454,Kama Ayurveda Salicylic Acid Flake Control Salicylic Anti-Dandruff Shampoo,Kama Ayurveda,Anti-Dandruff Shampoo,Sensitive,Dandruff,Low,Salicylic Acid; Panthenol,Synthetic Dyes; Phthalates,Yes,Yes,507,3.6,Available,91
DERMA-0455,Dot & Key Pore Refining Hyaluronic Cleanser,Dot & Key,Cleanser,Oily,Dryness,Medium,Hyaluronic Acid; Squalane; Ceramides; Allantoin; Tocopherol (Vitamin E),Lanolin; Denatured Alcohol,No,Yes,1351,3.3,Available,72
DERMA-0456,Neutrogena Peptide Follicle Booster Allantoin Scalp Care,Neutrogena,Scalp Care,Dry,Redness,High,Allantoin; Centella Asiatica; Madecassoside; Glycerin; Aloe Vera,Lanolin,Yes,Yes,1270,4.7,Available,95
DERMA-0457,Dot & Key Oil-Free Hydro Gel Tranexamic Moisturizer,Dot & Key,Moisturizer,Combination,Hyperpigmentation,Medium,Tranexamic Acid; Panthenol,Parabens,Yes,Yes,2285,4.1,Available,86
DERMA-0458,Avene Daily Refresh Hyaluronic Face Wash,Avene,Face Wash,Dry,Dryness,Low,Hyaluronic Acid; Squalane; Tocopherol (Vitamin E),Oxybenzone; Sulfates,Yes,Yes,583,5.0,Unavailable,100
DERMA-0459,Bioderma Soothe & Purify Panthenol Cleanser,Bioderma,Cleanser,Oily,Redness,High,Panthenol; Colloidal Oatmeal; Green Tea Extract; Centella Asiatica,Mineral Oil; Oxybenzone,Yes,Yes,2481,4.9,Available,90
DERMA-0460,Kama Ayurveda Rapid Action Spot Corrector Salicylic Acne Treatment,Kama Ayurveda,Acne Treatment,Oily,Acne,Low,Salicylic Acid; Centella Asiatica,Essential Oils; Mineral Oil; Phthalates,Yes,Yes,1490,3.9,Available,87
DERMA-0461,Chemist at Play Invisible Fluid Ceramides Sunscreen,Chemist at Play,Sunscreen,Oily,Skin Barrier Damage,Low,Ceramides; Panthenol; Allantoin; Green Tea Extract,Silicones; Synthetic Dyes,No,Yes,442,5.0,Available,94
DERMA-0462,Sebamed Retinol Night Renewal Green Serum,Sebamed,Serum,Sensitive,Redness,Medium,Green Tea Extract; Centella Asiatica; Madecassoside; Glycerin; Panthenol,Formaldehyde Releasers; Phthalates; Artificial Fragrance,No,No,3474,4.1,Available,67
DERMA-0463,La Roche-Posay Daily Dew Gel Centella Sunscreen,La Roche-Posay,Sunscreen,Dry,Skin Barrier Damage,Medium,Centella Asiatica; Tocopherol (Vitamin E); Panthenol,Lanolin,Yes,No,1286,4.4,Available,86
DERMA-0464,Fixderma Oil Control Allantoin Face Wash,Fixderma,Face Wash,Combination,Redness,Low,Allantoin; Panthenol; Green Tea Extract; Tocopherol (Vitamin E); Aloe Vera,Sulfates; Denatured Alcohol,No,Yes,373,4.4,Available,87
DERMA-0465,Pilgrim Hydra Boost Salicylic Face Wash,Pilgrim,Face Wash,Sensitive,Blackheads,High,Salicylic Acid; Niacinamide; Zinc PCA; Squalane,Mineral Oil; Lanolin,Yes,Yes,1216,4.0,Available,88
DERMA-0466,Deconstruct BHA Clarifying Concentrate Niacinamide Acne Treatment,Deconstruct,Acne Treatment,Sensitive,Blackheads,Medium,Niacinamide; BHA; Salicylic Acid; Centella Asiatica; Aloe Vera,Sulfates; Denatured Alcohol; Synthetic Dyes,Yes,Yes,820,4.1,Available,92
DERMA-0467,Sebamed Micellar Balancing Licorice Cleanser,Sebamed,Cleanser,Combination,Hyperpigmentation,Medium,Licorice Extract; Panthenol,Lanolin; Silicones,Yes,Yes,2152,4.8,Available,90
DERMA-0468,Fixderma Clarifying Drying Lotion Witch Acne Treatment,Fixderma,Acne Treatment,Normal,Excess Oil,Low,Witch Hazel; Allantoin; Aloe Vera,Synthetic Dyes; Parabens,No,Yes,534,4.2,Available,85
DERMA-0469,Deconstruct Tea Tree Anti-Flake Cleanser Aloe Anti-Dandruff Shampoo,Deconstruct,Anti-Dandruff Shampoo,Normal,No Major Concern,High,Aloe Vera; Panthenol,Synthetic Dyes; Sulfates; Artificial Fragrance,Yes,Yes,3249,4.1,Available,85
DERMA-0470,Fixderma Multi-Peptide Recovery Colloidal Moisturizer,Fixderma,Moisturizer,Oily,Dryness,High,Colloidal Oatmeal; Tocopherol (Vitamin E); Glycerin,Essential Oils,Yes,Yes,1304,3.9,Available,81
DERMA-0471,Foxtale Ketoconazole & Zinc Scalp Defense Aloe Anti-Dandruff Shampoo,Foxtale,Anti-Dandruff Shampoo,Oily,No Major Concern,Medium,Aloe Vera; Niacinamide; Glycerin; Squalane,Sulfates,No,Yes,1284,4.5,Available,82
DERMA-0472,Fixderma 10% Vitamin C Radiance Salicylic Serum,Fixderma,Serum,Oily,Dandruff,Low,Salicylic Acid; Tea Tree Oil; Allantoin,Sulfates; Formaldehyde Releasers,Yes,Yes,557,4.0,Available,94
DERMA-0473,Cosrx Charcoal Pore Clearing Hyaluronic Face Mask,Cosrx,Face Mask,Normal,Dryness,Medium,Hyaluronic Acid; Ceramides; Colloidal Oatmeal; Panthenol,Formaldehyde Releasers,Yes,No,2003,4.8,Available,81
DERMA-0474,Cosrx Multi-Peptide Elasticity Ceramides Serum,Cosrx,Serum,Oily,Dryness,High,Ceramides; Shea Butter; Hyaluronic Acid; Centella Asiatica,Formaldehyde Releasers,Yes,Yes,1055,4.4,Available,94
DERMA-0475,WishCare Rapid Action Spot Corrector Alpha Acne Treatment,WishCare,Acne Treatment,Sensitive,Hyperpigmentation,Medium,Alpha Arbutin; Vitamin C; Licorice Extract; Panthenol,Essential Oils; Artificial Fragrance,Yes,Yes,1205,4.0,Available,87
DERMA-0476,Cosrx Multi-Peptide Elasticity Niacinamide Serum,Cosrx,Serum,Combination,Whiteheads,Medium,Niacinamide; Lactic Acid; Tocopherol (Vitamin E),Oxybenzone,Yes,Yes,2289,4.4,Available,89
DERMA-0477,Chemist at Play Clarifying Scalp Scrub Niacinamide Scalp Care,Chemist at Play,Scalp Care,Sensitive,Excess Oil,Medium,Niacinamide; Clay; Allantoin,Sulfates; Formaldehyde Releasers,Yes,Yes,1016,4.9,Available,92
DERMA-0478,Suganda Multi-Peptide Elasticity Panthenol Serum Pro 1,Suganda,Serum,Dry,Redness,High,Panthenol; Aloe Vera,Artificial Fragrance,Yes,No,1426,4.5,Available,85
DERMA-0479,Kama Ayurveda Tea Tree Anti-Flake Cleanser Panthenol Anti-Dandruff Shampoo,Kama Ayurveda,Anti-Dandruff Shampoo,Combination,Redness,High,Panthenol; Madecassoside; Aloe Vera; Squalane,Formaldehyde Releasers; Lanolin; Synthetic Dyes,Yes,Yes,730,4.2,Available,95
DERMA-0480,Plum Daily Hydrating Piroctone Moisturizer,Plum,Moisturizer,Normal,Dandruff,Medium,Piroctone Olamine; Zinc Pyrithione; Aloe Vera; Allantoin,Mineral Oil; Phthalates,Yes,No,418,5.0,Available,93
DERMA-0481,La Roche-Posay 10% Niacinamide + Zinc Vitamin Serum,La Roche-Posay,Serum,Oily,Dullness,Low,Vitamin C; Allantoin,Synthetic Dyes,Yes,Yes,345,3.7,Available,89
DERMA-0482,Chemist at Play Detoxifying Clay Witch Face Mask,Chemist at Play,Face Mask,Dry,Excess Oil,Low,Witch Hazel; Niacinamide; Green Tea Extract; Centella Asiatica,Lanolin,Yes,Yes,1319,4.0,Available,90
DERMA-0483,La Roche-Posay Tea Tree Anti-Flake Cleanser Zinc Anti-Dandruff Shampoo,La Roche-Posay,Anti-Dandruff Shampoo,Combination,Dandruff,Low,Zinc Pyrithione; Piroctone Olamine; Ketoconazole; Panthenol; Centella Asiatica,Parabens; Silicones,Yes,No,390,4.6,Available,93
DERMA-0484,Cosrx Daily Refresh Papaya Face Wash,Cosrx,Face Wash,Combination,Dullness,Low,Papaya Enzyme; Niacinamide; Glycolic Acid; Glycerin; Tocopherol (Vitamin E),Phthalates; Parabens; Mineral Oil,Yes,Yes,936,4.1,Available,88
DERMA-0485,Minimalist Spot Clearing Gel Vitamin Acne Treatment,Minimalist,Acne Treatment,Combination,Dullness,Low,Vitamin C; Squalane,Phthalates,Yes,Yes,535,4.2,Available,91
DERMA-0486,Dr. Sheth's Ceramide Barrier Glycolic Moisturizer,Dr. Sheth's,Moisturizer,Sensitive,Dullness,High,Glycolic Acid; Squalane; Glycerin,Lanolin; Essential Oils,Yes,Yes,219,4.8,Available,91
DERMA-0487,Pilgrim BHA Clarifying Concentrate Salicylic Acne Treatment,Pilgrim,Acne Treatment,Combination,Acne,Medium,Salicylic Acid; Tea Tree Oil; Aloe Vera; Squalane,Lanolin; Artificial Fragrance; Mineral Oil,No,No,1359,4.5,Available,71
DERMA-0488,Minimalist Multi-Peptide Recovery Niacinamide Moisturizer,Minimalist,Moisturizer,Dry,Blackheads,Medium,Niacinamide; Kaolin Clay; Salicylic Acid; Aloe Vera; Panthenol,Phthalates; Sulfates,No,Yes,277,3.8,Available,79
DERMA-0489,La Roche-Posay 10% Vitamin C Radiance Niacinamide Serum,La Roche-Posay,Serum,Oily,Dullness,High,Niacinamide; Panthenol,Synthetic Dyes,Yes,Yes,266,3.9,Available,89
DERMA-0490,Dr. Sheth's Pore Refining Colloidal Cleanser,Dr. Sheth's,Cleanser,Sensitive,Redness,High,Colloidal Oatmeal; Madecassoside; Green Tea Extract,Phthalates; Parabens,Yes,Yes,911,4.4,Available,85
DERMA-0491,CeraVe Spot Clearing Gel Vitamin Acne Treatment,CeraVe,Acne Treatment,Normal,Dullness,Low,Vitamin C; Tocopherol (Vitamin E); Panthenol,Denatured Alcohol; Synthetic Dyes,No,Yes,328,4.7,Available,86
DERMA-0492,Chemist at Play Pore Refining Niacinamide Cleanser,Chemist at Play,Cleanser,Sensitive,Hyperpigmentation,High,Niacinamide; Licorice Extract; Kojic Acid; Centella Asiatica,Synthetic Dyes,Yes,Yes,253,4.0,Available,97
DERMA-0493,Avene Micellar Foaming Piroctone Face Wash,Avene,Face Wash,Oily,Dandruff,High,Piroctone Olamine; Allantoin; Glycerin,Synthetic Dyes; Mineral Oil; Denatured Alcohol,No,Yes,2327,3.9,Available,73
DERMA-0494,Cosrx Piroctone Olamine Soothing Wash Centella Anti-Dandruff Shampoo,Cosrx,Anti-Dandruff Shampoo,Combination,Redness,Low,Centella Asiatica; Panthenol; Colloidal Oatmeal; Green Tea Extract; Squalane,Parabens; Artificial Fragrance; Synthetic Dyes,No,Yes,732,4.1,Available,85
DERMA-0495,The Derma Co Piroctone Olamine Soothing Wash Zinc Anti-Dandruff Shampoo,The Derma Co,Anti-Dandruff Shampoo,Sensitive,Excess Oil,High,Zinc PCA; Squalane; Centella Asiatica,Silicones; Synthetic Dyes,Yes,Yes,200,4.4,Available,99
DERMA-0496,Simple Lactic Acid Smoothing Serum Alpha Exfoliant,Simple,Exfoliant,Sensitive,Hyperpigmentation,High,Alpha Arbutin; Vitamin C; Niacinamide; Tocopherol (Vitamin E),Parabens; Oxybenzone,Yes,Yes,2637,4.5,Unavailable,83
DERMA-0497,The Derma Co Clarifying Scalp Scrub Salicylic Scalp Care,The Derma Co,Scalp Care,Dry,Excess Oil,Medium,Salicylic Acid; Witch Hazel; Niacinamide; Panthenol; Tocopherol (Vitamin E),Denatured Alcohol; Mineral Oil; Parabens,Yes,Yes,2398,4.2,Available,85
DERMA-0498,Cosrx Peptide Follicle Booster Tea Scalp Care,Cosrx,Scalp Care,Sensitive,Dandruff,Low,Tea Tree Oil; Zinc Pyrithione; Selenium Sulfide; Green Tea Extract,Essential Oils; Synthetic Dyes,Yes,Yes,317,3.8,Available,93
DERMA-0499,Kama Ayurveda Oil-Free Hydro Gel Ceramides Moisturizer,Kama Ayurveda,Moisturizer,Normal,Dryness,Low,Ceramides; Panthenol; Green Tea Extract,Parabens; Denatured Alcohol,Yes,No,3114,4.1,Available,80
DERMA-0500,La Roche-Posay Gentle AHA BHA Peel Papaya Exfoliant,La Roche-Posay,Exfoliant,Normal,Dullness,Low,Papaya Enzyme; Squalane,Parabens; Sulfates,Yes,No,1259,3.9,Unavailable,78
DERMA-0501,La Roche-Posay Micellar Foaming Alpha Face Wash,La Roche-Posay,Face Wash,Combination,Hyperpigmentation,High,Alpha Arbutin; Allantoin; Aloe Vera,Phthalates,Yes,Yes,2759,4.1,Available,83
DERMA-0502,CeraVe Peptide Follicle Booster Selenium Scalp Care,CeraVe,Scalp Care,Oily,Dandruff,Medium,Selenium Sulfide; Zinc Pyrithione; Ketoconazole; Glycerin,Silicones,Yes,Yes,534,4.5,Available,97
DERMA-0503,Sebamed Tea Tree Scalp Detox Salicylic Scalp Care,Sebamed,Scalp Care,Sensitive,Dandruff,High,Salicylic Acid; Ketoconazole; Allantoin; Panthenol,Parabens,Yes,Yes,418,3.5,Available,90
DERMA-0504,Chemist at Play Exfoliating Scalp Serum Colloidal Scalp Care,Chemist at Play,Scalp Care,Combination,Redness,Medium,Colloidal Oatmeal; Allantoin; Aloe Vera; Squalane,Parabens,Yes,Yes,750,4.1,Available,90
DERMA-0505,Deconstruct Tea Tree Anti-Flake Cleanser Hyaluronic Anti-Dandruff Shampoo,Deconstruct,Anti-Dandruff Shampoo,Oily,No Major Concern,Low,Hyaluronic Acid; Panthenol; Allantoin,Mineral Oil; Lanolin,Yes,Yes,554,4.9,Available,95
DERMA-0506,Foxtale Barrier Defense SPF 50 AHA Sunscreen,Foxtale,Sunscreen,Normal,Whiteheads,Medium,AHA; Lactic Acid; Glycolic Acid; Tocopherol (Vitamin E); Green Tea Extract,Essential Oils,Yes,Yes,207,4.1,Available,93
DERMA-0507,Plum Clear Glow Niacinamide Face Wash,Plum,Face Wash,Oily,Blackheads,Low,Niacinamide; Panthenol; Squalane,Silicones; Essential Oils; Oxybenzone,No,Yes,269,4.8,Available,92
DERMA-0508,Minimalist Salicylic Acid Flake Control Green Anti-Dandruff Shampoo,Minimalist,Anti-Dandruff Shampoo,Normal,No Major Concern,Low,Green Tea Extract; Glycerin; Panthenol,Artificial Fragrance; Sulfates,Yes,Yes,490,4.7,Available,96
DERMA-0509,Plum Oil-Free Hydro Gel Niacinamide Moisturizer,Plum,Moisturizer,Normal,No Major Concern,Low,Niacinamide; Panthenol; Aloe Vera; Squalane,Parabens; Denatured Alcohol; Sulfates,Yes,No,527,5.0,Available,89
DERMA-0510,Sebamed Cica Calming Essence Licorice Toner,Sebamed,Toner,Normal,Uneven Skin Tone,Medium,Licorice Extract; Alpha Arbutin; Panthenol; Aloe Vera,Formaldehyde Releasers,Yes,Yes,2012,4.4,Available,89
DERMA-0511,Avene Clarifying Foaming Niacinamide Cleanser,Avene,Cleanser,Dry,Whiteheads,Low,Niacinamide; Aloe Vera; Panthenol,Oxybenzone; Silicones; Lanolin,No,Yes,389,4.0,Available,83
DERMA-0512,Kama Ayurveda Lactic Acid Body Smooth Azelaic Body Moisturizer,Kama Ayurveda,Body Moisturizer,Combination,Acne,Low,Azelaic Acid; Centella Asiatica,Formaldehyde Releasers,Yes,Yes,633,3.9,Available,87
DERMA-0513,Bioderma Lactic Acid Body Smooth Salicylic Body Moisturizer,Bioderma,Body Moisturizer,Oily,Dandruff,High,Salicylic Acid; Green Tea Extract,Silicones; Formaldehyde Releasers,Yes,Yes,399,4.0,Available,82
DERMA-0514,Forest Essentials Revitalizing Fruit Enzyme Shea Toner,Forest Essentials,Toner,Sensitive,Dryness,High,Shea Butter; Squalane; Panthenol,Artificial Fragrance,Yes,Yes,1240,2.9,Available,87
DERMA-0515,La Roche-Posay Clear Pore Screen Green Sunscreen,La Roche-Posay,Sunscreen,Dry,No Major Concern,Low,Green Tea Extract; Aloe Vera; Panthenol; Allantoin; Tocopherol (Vitamin E),Mineral Oil; Synthetic Dyes,No,Yes,563,4.3,Available,89
DERMA-0516,Avene Gentle Soothing Salicylic Face Wash,Avene,Face Wash,Dry,Dandruff,Medium,Salicylic Acid; Aloe Vera,Phthalates,Yes,No,350,3.7,Available,80
DERMA-0517,Bioderma Active Acne SOS Solution Mandelic Acne Treatment,Bioderma,Acne Treatment,Oily,Whiteheads,Low,Mandelic Acid; Lactic Acid; Allantoin,Phthalates; Parabens; Mineral Oil,No,Yes,516,4.4,Available,91
DERMA-0518,Avene Active Acne SOS Solution Glycolic Acne Treatment,Avene,Acne Treatment,Oily,Whiteheads,Medium,Glycolic Acid; Salicylic Acid; Niacinamide; Glycerin,Sulfates,Yes,Yes,490,4.1,Available,90
DERMA-0519,La Roche-Posay Cica Calming Essence Ceramides Toner,La Roche-Posay,Toner,Normal,Skin Barrier Damage,High,Ceramides; Squalane; Green Tea Extract,Silicones,Yes,Yes,367,4.6,Available,95
DERMA-0520,WishCare Tea Tree Anti-Flake Cleanser Glycerin Anti-Dandruff Shampoo,WishCare,Anti-Dandruff Shampoo,Oily,No Major Concern,Low,Glycerin; Aloe Vera; Green Tea Extract; Allantoin,Silicones; Parabens; Mineral Oil,Yes,Yes,2374,4.4,Available,93
DERMA-0521,Minimalist Soothing Scalp Tonic Niacinamide Scalp Care,Minimalist,Scalp Care,Normal,No Major Concern,Low,Niacinamide; Hyaluronic Acid; Aloe Vera; Squalane,Formaldehyde Releasers; Essential Oils,Yes,Yes,226,5.0,Available,100
DERMA-0522,Biotique Deep Nourishing Zinc Moisturizer,Biotique,Moisturizer,Dry,Blackheads,High,Zinc PCA; Green Tea Extract; Aloe Vera,Silicones; Parabens; Formaldehyde Releasers,Yes,Yes,540,4.8,Available,89
DERMA-0523,Forest Essentials Peptide Follicle Booster Centella Scalp Care,Forest Essentials,Scalp Care,Oily,Redness,High,Centella Asiatica; Panthenol; Squalane; Glycerin,Artificial Fragrance; Oxybenzone,Yes,Yes,1192,4.5,Unavailable,94
DERMA-0524,WishCare Moisture Surge Jelly Tea Face Mask,WishCare,Face Mask,Dry,Dandruff,Low,Tea Tree Oil; Ketoconazole; Salicylic Acid; Glycerin; Panthenol,Formaldehyde Releasers; Sulfates,Yes,No,1066,4.4,Available,85
DERMA-0525,Kama Ayurveda Moisture Surge Jelly Retinol Face Mask,Kama Ayurveda,Face Mask,Normal,Uneven Skin Tone,High,Retinol; Vitamin C; Panthenol,Silicones; Lanolin; Denatured Alcohol,Yes,No,1047,3.7,Unavailable,85
DERMA-0526,Neutrogena Daily Refresh Colloidal Face Wash,Neutrogena,Face Wash,Oily,Dryness,Medium,Colloidal Oatmeal; Squalane; Green Tea Extract,Formaldehyde Releasers; Synthetic Dyes,Yes,Yes,1472,3.6,Available,85
DERMA-0527,Suganda Enzyme Resurfacing Scrub Tranexamic Exfoliant,Suganda,Exfoliant,Normal,Hyperpigmentation,Low,Tranexamic Acid; Licorice Extract; Glycerin; Panthenol,Formaldehyde Releasers,No,No,536,4.1,Available,80
DERMA-0528,Chemist at Play Clear Pore Screen Niacinamide Sunscreen,Chemist at Play,Sunscreen,Oily,Whiteheads,Low,Niacinamide; Salicylic Acid; Mandelic Acid; Panthenol; Centella Asiatica,Essential Oils; Formaldehyde Releasers,Yes,Yes,528,5.0,Available,96
DERMA-0529,Bioderma Revitalizing Fruit Enzyme Hyaluronic Toner,Bioderma,Toner,Dry,Skin Barrier Damage,High,Hyaluronic Acid; Centella Asiatica; Allantoin; Glycerin,Artificial Fragrance; Formaldehyde Releasers; Sulfates,Yes,Yes,1001,4.6,Available,96
DERMA-0530,Dot & Key Overnight Blemish Paste BHA Acne Treatment,Dot & Key,Acne Treatment,Oily,Blackheads,Low,BHA; Salicylic Acid; Activated Charcoal; Glycerin; Green Tea Extract,Artificial Fragrance; Phthalates; Mineral Oil,Yes,Yes,312,3.6,Available,93
DERMA-0531,La Roche-Posay Piroctone Olamine Soothing Wash Hyaluronic Anti-Dandruff Shampoo,La Roche-Posay,Anti-Dandruff Shampoo,Normal,No Major Concern,Medium,Hyaluronic Acid; Green Tea Extract; Aloe Vera; Tocopherol (Vitamin E),Sulfates; Lanolin; Artificial Fragrance,Yes,No,291,4.7,Available,92
DERMA-0532,Re'equil Exfoliating Glow Niacinamide Toner,Re'equil,Toner,Oily,Excess Oil,Medium,Niacinamide; Zinc PCA; Green Tea Extract; Panthenol; Squalane,Artificial Fragrance; Lanolin,Yes,Yes,290,4.5,Available,97
DERMA-0533,Avene Clarifying Foaming Salicylic Cleanser,Avene,Cleanser,Oily,Blackheads,High,Salicylic Acid; BHA; Niacinamide; Tocopherol (Vitamin E),Parabens; Formaldehyde Releasers; Lanolin,Yes,Yes,385,4.5,Available,88
DERMA-0534,Cetaphil Salicylic Acid Flake Control Clay Anti-Dandruff Shampoo,Cetaphil,Anti-Dandruff Shampoo,Normal,Excess Oil,Low,Clay; Salicylic Acid; Green Tea Extract; Tocopherol (Vitamin E); Centella Asiatica,Essential Oils; Denatured Alcohol,Yes,Yes,566,4.4,Available,96
DERMA-0535,Neutrogena Shea Butter Rich Balm Niacinamide Body Moisturizer,Neutrogena,Body Moisturizer,Sensitive,Dullness,High,Niacinamide; Ferulic Acid; Green Tea Extract; Centella Asiatica,Synthetic Dyes,Yes,Yes,489,3.6,Available,93
DERMA-0536,Dot & Key Pore Refining Papaya Cleanser,Dot & Key,Cleanser,Sensitive,Dullness,High,Papaya Enzyme; Lactic Acid; Niacinamide; Allantoin,Mineral Oil,Yes,Yes,966,5.0,Available,88
DERMA-0537,Chemist at Play Spot Clearing Gel Niacinamide Acne Treatment,Chemist at Play,Acne Treatment,Combination,Whiteheads,Medium,Niacinamide; Tocopherol (Vitamin E); Aloe Vera,Mineral Oil; Essential Oils; Formaldehyde Releasers,Yes,Yes,507,4.3,Available,95
DERMA-0538,Avene Soothing Scalp Tonic Salicylic Scalp Care,Avene,Scalp Care,Combination,Dandruff,High,Salicylic Acid; Zinc Pyrithione; Glycerin,Phthalates; Parabens,Yes,Yes,262,4.5,Available,90
DERMA-0539,Forest Essentials Daily Hydrating Lotion Centella Body Moisturizer,Forest Essentials,Body Moisturizer,Normal,Redness,High,Centella Asiatica; Panthenol; Allantoin; Squalane,Formaldehyde Releasers,Yes,Yes,529,4.8,Available,99
DERMA-0540,Pilgrim Retinol Night Renewal Kaolin Serum,Pilgrim,Serum,Combination,Blackheads,Medium,Kaolin Clay; Activated Charcoal; Squalane,Lanolin; Phthalates,Yes,Yes,1997,4.3,Available,88
DERMA-0541,Neutrogena Soothe & Purify Benzoyl Cleanser,Neutrogena,Cleanser,Dry,Acne,Medium,Benzoyl Peroxide; Tea Tree Oil; Niacinamide; Allantoin,Lanolin,Yes,No,3701,5.0,Available,84
DERMA-0542,The Derma Co Gentle Soothing Lactic Face Wash,The Derma Co,Face Wash,Oily,Dullness,Low,Lactic Acid; Glycolic Acid; Aloe Vera,Artificial Fragrance,Yes,Yes,3892,4.1,Available,87
DERMA-0543,Foxtale Enzyme Resurfacing Scrub Lactic Exfoliant,Foxtale,Exfoliant,Oily,Dullness,Medium,Lactic Acid; Ferulic Acid; Tocopherol (Vitamin E); Glycerin,Denatured Alcohol; Sulfates,Yes,Yes,1493,4.2,Available,93
DERMA-0544,Cetaphil Gentle Soothing Niacinamide Face Wash,Cetaphil,Face Wash,Normal,Acne,Low,Niacinamide; Tea Tree Oil; Green Tea Extract,Synthetic Dyes,Yes,Yes,919,4.9,Available,96
DERMA-0545,Plum Moisture Surge Jelly Niacinamide Face Mask,Plum,Face Mask,Oily,Hyperpigmentation,Low,Niacinamide; Vitamin C; Tranexamic Acid; Allantoin,Silicones; Artificial Fragrance,Yes,No,494,4.0,Available,89
DERMA-0546,Neutrogena Hydra Sun Shield Salicylic Sunscreen,Neutrogena,Sunscreen,Oily,Excess Oil,Low,Salicylic Acid; Witch Hazel; Allantoin,Silicones; Essential Oils,Yes,Yes,419,4.0,Available,90
DERMA-0547,Deconstruct Multi-Peptide Elasticity Glycerin Serum,Deconstruct,Serum,Combination,Dryness,Low,Glycerin; Centella Asiatica,Synthetic Dyes,Yes,No,1105,4.0,Available,79
DERMA-0548,Neutrogena Daily Dew Gel Salicylic Sunscreen,Neutrogena,Sunscreen,Oily,Acne,High,Salicylic Acid; Zinc PCA; Niacinamide; Squalane; Tocopherol (Vitamin E),Essential Oils,Yes,Yes,775,4.2,Available,85
DERMA-0549,Foxtale 10% Vitamin C Radiance Papaya Serum,Foxtale,Serum,Sensitive,Dullness,Medium,Papaya Enzyme; Niacinamide; Lactic Acid; Panthenol,Oxybenzone; Sulfates,Yes,Yes,432,4.3,Available,93
DERMA-0550,Minimalist Ceramide Barrier Shea Moisturizer,Minimalist,Moisturizer,Combination,Dryness,Low,Shea Butter; Squalane; Tocopherol (Vitamin E),Phthalates,No,Yes,207,4.3,Available,86
DERMA-0551,La Roche-Posay Charcoal Pore Clearing Kojic Face Mask,La Roche-Posay,Face Mask,Sensitive,Hyperpigmentation,Medium,Kojic Acid; Tranexamic Acid; Niacinamide; Centella Asiatica; Green Tea Extract,Denatured Alcohol; Mineral Oil,Yes,Yes,379,4.1,Available,95
DERMA-0552,Avene Mandelic Radiance Solution Niacinamide Exfoliant,Avene,Exfoliant,Sensitive,Acne,Medium,Niacinamide; Benzoyl Peroxide; Aloe Vera; Glycerin,Synthetic Dyes,Yes,Yes,580,4.6,Available,96
DERMA-0553,Foxtale Clear Glow Centella Face Wash,Foxtale,Face Wash,Combination,Skin Barrier Damage,Medium,Centella Asiatica; Panthenol; Hyaluronic Acid; Green Tea Extract; Squalane,Denatured Alcohol; Lanolin,No,Yes,465,3.9,Available,84
DERMA-0554,Deconstruct Ceramide Intensive Cream Niacinamide Body Moisturizer,Deconstruct,Body Moisturizer,Combination,Dullness,Low,Niacinamide; Centella Asiatica,Formaldehyde Releasers; Oxybenzone; Artificial Fragrance,Yes,No,666,3.3,Available,77
DERMA-0555,Deconstruct Micellar Balancing Niacinamide Cleanser,Deconstruct,Cleanser,Dry,Dullness,Medium,Niacinamide; Glycerin; Aloe Vera,Artificial Fragrance; Mineral Oil,Yes,Yes,1114,3.8,Available,85
DERMA-0556,WishCare Alpha Arbutin Pigment Correct Hyaluronic Serum,WishCare,Serum,Dry,No Major Concern,Low,Hyaluronic Acid; Green Tea Extract; Allantoin,Oxybenzone; Silicones; Lanolin,Yes,Yes,1901,3.5,Available,83
DERMA-0557,Avene 2% Salicylic Acid Clarifying Piroctone Serum,Avene,Serum,Dry,Dandruff,Low,Piroctone Olamine; Centella Asiatica,Silicones,No,No,242,3.9,Available,74
DERMA-0558,Sebamed Pore Minimizing Licorice Toner,Sebamed,Toner,Oily,Hyperpigmentation,Medium,Licorice Extract; Kojic Acid; Tranexamic Acid; Squalane; Tocopherol (Vitamin E),Silicones; Phthalates,Yes,Yes,1608,5.0,Unavailable,92
DERMA-0559,Cetaphil Ultra Repair Papaya Moisturizer,Cetaphil,Moisturizer,Sensitive,Dullness,Medium,Papaya Enzyme; Ferulic Acid; Lactic Acid; Squalane,Silicones,Yes,Yes,1381,4.6,Available,90
DERMA-0560,CeraVe Exfoliating Scalp Serum Salicylic Scalp Care,CeraVe,Scalp Care,Normal,Dandruff,Medium,Salicylic Acid; Ketoconazole; Tea Tree Oil; Tocopherol (Vitamin E),Artificial Fragrance; Formaldehyde Releasers; Phthalates,No,Yes,544,3.8,Available,79
DERMA-0561,Biotique Clarifying Scalp Scrub Centella Scalp Care,Biotique,Scalp Care,Oily,Redness,Medium,Centella Asiatica; Green Tea Extract,Formaldehyde Releasers,Yes,Yes,252,3.3,Available,83
DERMA-0562,Neutrogena 10% Niacinamide + Zinc Salicylic Serum,Neutrogena,Serum,Normal,Excess Oil,High,Salicylic Acid; Clay; Green Tea Extract; Tocopherol (Vitamin E),Oxybenzone,Yes,Yes,580,4.4,Available,88
DERMA-0563,Simple Tea Tree Anti-Flake Cleanser Green Anti-Dandruff Shampoo,Simple,Anti-Dandruff Shampoo,Sensitive,Excess Oil,High,Green Tea Extract; Salicylic Acid; Clay; Tocopherol (Vitamin E); Squalane,Phthalates,Yes,Yes,2106,4.7,Available,82
DERMA-0564,Bioderma 2% Salicylic Acid Clarifying Centella Serum,Bioderma,Serum,Oily,Skin Barrier Damage,Medium,Centella Asiatica; Peptides; Panthenol; Glycerin,Mineral Oil,Yes,Yes,560,4.3,Available,95
DERMA-0565,Cetaphil Oil-Free Hydro Gel Niacinamide Moisturizer,Cetaphil,Moisturizer,Dry,Blackheads,Medium,Niacinamide; Squalane; Glycerin,Phthalates; Silicones; Lanolin,Yes,Yes,1119,4.3,Available,89
DERMA-0566,Bioderma Nourishing Oat Milk Zinc Body Moisturizer,Bioderma,Body Moisturizer,Combination,Dandruff,Medium,Zinc Pyrithione; Piroctone Olamine; Ketoconazole; Aloe Vera,Phthalates; Mineral Oil; Essential Oils,Yes,Yes,707,3.6,Available,86
DERMA-0567,Pilgrim Cica Calming Essence Hyaluronic Toner,Pilgrim,Toner,Normal,Dryness,Low,Hyaluronic Acid; Shea Butter; Glycerin; Panthenol,Sulfates; Phthalates,Yes,Yes,525,3.9,Available,93
DERMA-0568,Chemist at Play 10% Vitamin C Radiance Centella Serum,Chemist at Play,Serum,Dry,Redness,Medium,Centella Asiatica; Squalane,Sulfates; Essential Oils; Parabens,Yes,Yes,2972,4.1,Available,85
DERMA-0569,Cosrx Micellar Foaming Tranexamic Face Wash,Cosrx,Face Wash,Combination,Hyperpigmentation,Medium,Tranexamic Acid; Vitamin C; Niacinamide; Green Tea Extract; Panthenol,Formaldehyde Releasers; Artificial Fragrance; Sulfates,No,Yes,391,4.7,Available,86
DERMA-0570,Biotique Anti-Acne Purifying Salicylic Face Wash,Biotique,Face Wash,Oily,Excess Oil,Low,Salicylic Acid; Squalane; Green Tea Extract,Sulfates; Artificial Fragrance,Yes,Yes,493,3.7,Available,92
DERMA-0571,Avene Cica Recovery Sheet Lactic Face Mask,Avene,Face Mask,Combination,Whiteheads,Medium,Lactic Acid; Mandelic Acid; Glycolic Acid; Green Tea Extract,Denatured Alcohol; Essential Oils,Yes,Yes,1743,4.6,Available,93
DERMA-0572,Chemist at Play Gentle Hydrating Niacinamide Cleanser,Chemist at Play,Cleanser,Dry,Excess Oil,Low,Niacinamide; Salicylic Acid; Witch Hazel; Allantoin; Centella Asiatica,Artificial Fragrance; Denatured Alcohol,No,No,453,4.7,Available,85
DERMA-0573,Kama Ayurveda Cica Calming Essence Vitamin Toner,Kama Ayurveda,Toner,Normal,Dullness,Medium,Vitamin C; Squalane,Oxybenzone; Parabens; Formaldehyde Releasers,No,Yes,591,4.0,Available,80
DERMA-0574,Plum Daily Refresh Glycerin Face Wash,Plum,Face Wash,Normal,Dryness,High,Glycerin; Allantoin; Panthenol,Sulfates,No,Yes,581,4.4,Available,92
DERMA-0575,Cosrx Ceramide Intensive Cream Niacinamide Body Moisturizer,Cosrx,Body Moisturizer,Oily,Acne,High,Niacinamide; Panthenol; Aloe Vera,Mineral Oil,Yes,Yes,850,4.5,Available,95
DERMA-0576,Neutrogena Tea Tree Scalp Detox Salicylic Scalp Care,Neutrogena,Scalp Care,Oily,Dandruff,Low,Salicylic Acid; Zinc Pyrithione; Selenium Sulfide; Green Tea Extract; Squalane,Denatured Alcohol; Oxybenzone; Essential Oils,Yes,Yes,2806,4.2,Available,90
DERMA-0577,Neutrogena Soothe & Purify AHA Cleanser,Neutrogena,Cleanser,Combination,Whiteheads,Medium,AHA; Centella Asiatica,Formaldehyde Releasers; Essential Oils; Sulfates,Yes,Yes,1406,5.0,Available,94
DERMA-0578,Suganda Mandelic Radiance Solution Zinc Exfoliant,Suganda,Exfoliant,Oily,Acne,Low,Zinc PCA; Salicylic Acid; Centella Asiatica,Silicones; Phthalates; Parabens,Yes,Yes,221,5.0,Available,98
DERMA-0579,Dot & Key Tea Tree Scalp Detox Hyaluronic Scalp Care,Dot & Key,Scalp Care,Combination,No Major Concern,Low,Hyaluronic Acid; Green Tea Extract; Aloe Vera; Panthenol,Essential Oils; Parabens; Mineral Oil,Yes,Yes,417,4.4,Available,99
DERMA-0580,Neutrogena Overnight Hydration Sleep Niacinamide Face Mask,Neutrogena,Face Mask,Normal,No Major Concern,High,Niacinamide; Aloe Vera; Panthenol; Centella Asiatica,Lanolin; Essential Oils,Yes,No,2649,3.1,Available,76
DERMA-0581,Cetaphil Barrier Defense SPF 50 Lactic Sunscreen,Cetaphil,Sunscreen,Sensitive,Dullness,High,Lactic Acid; Ferulic Acid; Allantoin,Synthetic Dyes; Oxybenzone,Yes,Yes,2232,4.1,Available,78
DERMA-0582,Kama Ayurveda Lactic Acid Smoothing Serum Papaya Exfoliant,Kama Ayurveda,Exfoliant,Combination,Dullness,Low,Papaya Enzyme; Lactic Acid; Vitamin C; Panthenol; Aloe Vera,Denatured Alcohol; Phthalates,Yes,Yes,288,4.2,Available,96
DERMA-0583,Foxtale Micellar Balancing Squalane Cleanser,Foxtale,Cleanser,Dry,Dryness,Medium,Squalane; Glycerin; Green Tea Extract,Essential Oils; Parabens; Denatured Alcohol,Yes,Yes,379,4.1,Available,89
DERMA-0584,Cetaphil Cica Recovery Sheet Colloidal Face Mask,Cetaphil,Face Mask,Normal,Dryness,Medium,Colloidal Oatmeal; Shea Butter; Squalane,Artificial Fragrance; Parabens,Yes,Yes,968,4.2,Available,90
DERMA-0585,Foxtale Clarifying Drying Lotion Clay Acne Treatment,Foxtale,Acne Treatment,Sensitive,Excess Oil,Medium,Clay; Allantoin,Essential Oils; Mineral Oil; Formaldehyde Releasers,Yes,Yes,1120,4.4,Unavailable,89
DERMA-0586,Bioderma Barrier Defense Salicylic Cleanser,Bioderma,Cleanser,Dry,Whiteheads,Medium,Salicylic Acid; Allantoin; Squalane,Parabens; Synthetic Dyes; Phthalates,No,No,298,3.4,Available,70
DERMA-0587,La Roche-Posay Clarifying Drying Lotion BHA Acne Treatment,La Roche-Posay,Acne Treatment,Sensitive,Blackheads,High,BHA; Kaolin Clay; Activated Charcoal; Allantoin; Panthenol,Formaldehyde Releasers; Sulfates; Mineral Oil,Yes,No,835,3.7,Available,86
DERMA-0588,Plum Overnight Hydration Sleep Mandelic Face Mask,Plum,Face Mask,Dry,Whiteheads,Medium,Mandelic Acid; Niacinamide; Allantoin,Silicones; Formaldehyde Releasers,No,Yes,1247,4.4,Available,78
DERMA-0589,Dot & Key Gentle AHA BHA Peel Benzoyl Exfoliant,Dot & Key,Exfoliant,Combination,Acne,Low,Benzoyl Peroxide; Salicylic Acid; Glycerin,Parabens; Artificial Fragrance,Yes,Yes,470,5.0,Available,98
DERMA-0590,WishCare Moisture Surge Jelly Green Face Mask,WishCare,Face Mask,Dry,No Major Concern,Low,Green Tea Extract; Aloe Vera; Squalane,Sulfates,Yes,No,3338,3.7,Available,80
DERMA-0591,Deconstruct Tea Tree Anti-Flake Cleanser Green Anti-Dandruff Shampoo,Deconstruct,Anti-Dandruff Shampoo,Normal,No Major Concern,Medium,Green Tea Extract; Aloe Vera; Hyaluronic Acid; Glycerin,Synthetic Dyes; Mineral Oil; Phthalates,No,No,289,3.5,Unavailable,69
DERMA-0592,La Roche-Posay 10% Niacinamide + Zinc Kaolin Serum,La Roche-Posay,Serum,Normal,Blackheads,Low,Kaolin Clay; Niacinamide; Activated Charcoal; Green Tea Extract; Squalane,Artificial Fragrance,Yes,Yes,2362,4.2,Available,88
DERMA-0593,Bioderma Lactic Acid Body Smooth Shea Body Moisturizer,Bioderma,Body Moisturizer,Combination,Dryness,Low,Shea Butter; Ceramides; Centella Asiatica,Synthetic Dyes; Sulfates,Yes,Yes,744,4.7,Available,91
DERMA-0594,Minimalist Lactic Acid Body Smooth Vitamin Body Moisturizer,Minimalist,Body Moisturizer,Oily,Uneven Skin Tone,Medium,Vitamin C; Centella Asiatica,Silicones; Phthalates; Formaldehyde Releasers,Yes,Yes,2708,4.6,Available,89
DERMA-0595,WishCare Oil Control Niacinamide Face Wash,WishCare,Face Wash,Normal,Whiteheads,Low,Niacinamide; Glycolic Acid; Allantoin; Green Tea Extract,Lanolin,Yes,Yes,458,3.9,Available,95
DERMA-0596,Suganda Brightening Gel Niacinamide Face Wash,Suganda,Face Wash,Combination,Acne,Low,Niacinamide; Azelaic Acid; Glycerin,Artificial Fragrance,No,Yes,2401,4.7,Available,82
DERMA-0597,Fixderma Deep Nourishing Niacinamide Moisturizer,Fixderma,Moisturizer,Normal,Hyperpigmentation,Medium,Niacinamide; Glycerin,Sulfates; Phthalates,Yes,Yes,639,3.9,Available,90
DERMA-0598,La Roche-Posay Tea Tree Scalp Detox Allantoin Scalp Care,La Roche-Posay,Scalp Care,Sensitive,Redness,High,Allantoin; Centella Asiatica; Squalane,Synthetic Dyes; Mineral Oil,No,No,698,4.4,Available,78
DERMA-0599,Suganda Retinol Night Renewal Salicylic Serum,Suganda,Serum,Normal,Excess Oil,Low,Salicylic Acid; Niacinamide; Squalane; Green Tea Extract,Phthalates,Yes,Yes,1303,4.2,Available,95
DERMA-0600,Dr. Sheth's Soothe & Purify Kaolin Cleanser,Dr. Sheth's,Cleanser,Sensitive,Blackheads,High,Kaolin Clay; Zinc PCA; Glycerin; Panthenol,Lanolin; Essential Oils,Yes,Yes,646,4.6,Available,98
DERMA-0601,La Roche-Posay Ceramide Intensive Cream Glycolic Body Moisturizer,La Roche-Posay,Body Moisturizer,Dry,Uneven Skin Tone,Low,Glycolic Acid; Vitamin C; Alpha Arbutin; Glycerin,Sulfates; Mineral Oil,No,No,1166,4.3,Available,79
DERMA-0602,Re'equil Ultra Repair Mandelic Moisturizer,Re'equil,Moisturizer,Sensitive,Whiteheads,Medium,Mandelic Acid; Lactic Acid; Tocopherol (Vitamin E),Parabens,Yes,Yes,1139,4.3,Available,90
DERMA-0603,Fixderma Clarifying Foaming Vitamin Cleanser,Fixderma,Cleanser,Dry,Dullness,Low,Vitamin C; Allantoin; Squalane,Oxybenzone; Silicones,Yes,No,2605,4.3,Available,83
DERMA-0604,Suganda Intensive Anti-Dandruff Treatment Hyaluronic Anti-Dandruff Shampoo,Suganda,Anti-Dandruff Shampoo,Oily,No Major Concern,Low,Hyaluronic Acid; Tocopherol (Vitamin E); Squalane,Denatured Alcohol; Mineral Oil; Silicones,No,Yes,909,4.0,Available,81
DERMA-0605,Neutrogena 10% Niacinamide + Zinc Clay Serum,Neutrogena,Serum,Sensitive,Excess Oil,High,Clay; Salicylic Acid; Centella Asiatica; Green Tea Extract,Formaldehyde Releasers; Essential Oils; Silicones,Yes,Yes,3112,5.0,Available,94
DERMA-0606,La Roche-Posay Lactic Acid Body Smooth Niacinamide Body Moisturizer,La Roche-Posay,Body Moisturizer,Oily,Whiteheads,Medium,Niacinamide; Green Tea Extract; Allantoin,Sulfates; Lanolin; Formaldehyde Releasers,Yes,Yes,449,3.9,Available,88
DERMA-0607,Plum Exfoliating Glow Green Toner,Plum,Toner,Sensitive,Excess Oil,High,Green Tea Extract; Tocopherol (Vitamin E); Panthenol,Mineral Oil; Artificial Fragrance; Parabens,Yes,Yes,1213,4.2,Available,95
DERMA-0608,Cosrx Gentle AHA BHA Peel Tranexamic Exfoliant,Cosrx,Exfoliant,Normal,Hyperpigmentation,Low,Tranexamic Acid; Niacinamide; Alpha Arbutin; Squalane,Sulfates; Silicones; Artificial Fragrance,No,Yes,582,4.2,Available,86
DERMA-0609,Deconstruct Anti-Acne Purifying Niacinamide Face Wash,Deconstruct,Face Wash,Oily,Whiteheads,Low,Niacinamide; Squalane; Glycerin,Sulfates; Silicones,Yes,Yes,1292,4.1,Available,91
DERMA-0610,Foxtale Oil-Free Hydro Gel Lactic Moisturizer,Foxtale,Moisturizer,Dry,Dullness,Medium,Lactic Acid; Papaya Enzyme; Ferulic Acid; Aloe Vera; Allantoin,Lanolin; Artificial Fragrance,Yes,Yes,1449,4.6,Available,92
DERMA-0611,Dr. Sheth's Water Gel Zinc Moisturizer,Dr. Sheth's,Moisturizer,Dry,Excess Oil,Low,Zinc PCA; Aloe Vera,Sulfates; Parabens,No,Yes,668,3.8,Available,85
DERMA-0612,Minimalist Invisible Fluid Lactic Sunscreen,Minimalist,Sunscreen,Combination,Dullness,Medium,Lactic Acid; Papaya Enzyme; Centella Asiatica; Aloe Vera,Oxybenzone; Lanolin; Essential Oils,No,Yes,705,4.7,Available,81
DERMA-0613,Dot & Key 10% Niacinamide + Zinc Glycerin Serum,Dot & Key,Serum,Sensitive,Dryness,High,Glycerin; Squalane; Aloe Vera; Green Tea Extract,Phthalates; Essential Oils; Artificial Fragrance,Yes,Yes,821,5.0,Available,88
DERMA-0614,Fixderma Pore Refining Shea Cleanser,Fixderma,Cleanser,Combination,Dryness,High,Shea Butter; Colloidal Oatmeal; Centella Asiatica; Aloe Vera,Essential Oils,Yes,Yes,396,4.7,Available,97
DERMA-0615,Biotique Charcoal Pore Clearing Licorice Face Mask,Biotique,Face Mask,Combination,Uneven Skin Tone,Low,Licorice Extract; Panthenol; Squalane,Formaldehyde Releasers; Phthalates,Yes,Yes,856,3.9,Available,88
DERMA-0616,Dot & Key Barrier Defense Clay Cleanser,Dot & Key,Cleanser,Combination,Excess Oil,Medium,Clay; Zinc PCA; Green Tea Extract; Allantoin; Squalane,Essential Oils,Yes,Yes,298,3.6,Available,90
DERMA-0617,Forest Essentials Daily Refresh Lactic Face Wash,Forest Essentials,Face Wash,Combination,Dullness,Medium,Lactic Acid; Niacinamide; Papaya Enzyme; Centella Asiatica,Oxybenzone; Parabens,Yes,Yes,3428,4.9,Available,91
DERMA-0618,Pilgrim Peptide Follicle Booster Piroctone Scalp Care,Pilgrim,Scalp Care,Oily,Dandruff,Low,Piroctone Olamine; Zinc Pyrithione; Tea Tree Oil; Squalane,Parabens,Yes,Yes,663,4.2,Available,98
DERMA-0619,Cosrx 2% Hyaluronic Acid Glow Squalane Serum,Cosrx,Serum,Dry,Skin Barrier Damage,Medium,Squalane; Centella Asiatica; Green Tea Extract; Glycerin,Silicones; Lanolin; Parabens,Yes,No,588,3.4,Available,83
DERMA-0620,The Derma Co Retinol Night Renewal Allantoin Serum,The Derma Co,Serum,Sensitive,Redness,Medium,Allantoin; Green Tea Extract; Tocopherol (Vitamin E),Mineral Oil,Yes,Yes,1313,4.2,Available,90
DERMA-0621,Cetaphil Clear Glow Vitamin Face Wash,Cetaphil,Face Wash,Oily,Hyperpigmentation,Medium,Vitamin C; Tocopherol (Vitamin E),Mineral Oil; Phthalates; Sulfates,Yes,Yes,547,3.5,Available,90
DERMA-0622,Pilgrim Daily Hydrating Zinc Moisturizer,Pilgrim,Moisturizer,Combination,Acne,Low,Zinc PCA; Tea Tree Oil; Niacinamide; Centella Asiatica,Artificial Fragrance,Yes,Yes,424,3.4,Available,91
DERMA-0623,Kama Ayurveda Lactic Acid Body Smooth BHA Body Moisturizer,Kama Ayurveda,Body Moisturizer,Combination,Blackheads,Medium,BHA; Salicylic Acid; Kaolin Clay; Tocopherol (Vitamin E),Silicones; Mineral Oil; Denatured Alcohol,Yes,Yes,456,3.4,Available,91
DERMA-0624,Suganda Clear Pore Screen Colloidal Sunscreen,Suganda,Sunscreen,Combination,Redness,High,Colloidal Oatmeal; Madecassoside; Panthenol; Centella Asiatica,Mineral Oil; Lanolin; Synthetic Dyes,Yes,Yes,634,3.9,Available,91
DERMA-0625,Foxtale Spot Clearing Gel Niacinamide Acne Treatment,Foxtale,Acne Treatment,Combination,Acne,Low,Niacinamide; Centella Asiatica; Allantoin,Formaldehyde Releasers; Artificial Fragrance,Yes,Yes,514,3.6,Available,91
DERMA-0626,Fixderma Clear Pore Screen Hyaluronic Sunscreen,Fixderma,Sunscreen,Combination,No Major Concern,Low,Hyaluronic Acid; Glycerin; Centella Asiatica,Denatured Alcohol; Synthetic Dyes,Yes,Yes,767,4.4,Available,91
DERMA-0627,Avene Salicylic Acid Flake Control Niacinamide Anti-Dandruff Shampoo,Avene,Anti-Dandruff Shampoo,Combination,Excess Oil,Medium,Niacinamide; Panthenol; Squalane,Phthalates; Silicones,Yes,Yes,1274,4.8,Available,90
DERMA-0628,Dot & Key Clear Pore Screen Glycolic Sunscreen,Dot & Key,Sunscreen,Dry,Whiteheads,Low,Glycolic Acid; Lactic Acid; Green Tea Extract,Phthalates,Yes,No,1083,5.0,Available,91
DERMA-0629,Deconstruct Tea Tree Anti-Flake Cleanser Salicylic Anti-Dandruff Shampoo,Deconstruct,Anti-Dandruff Shampoo,Oily,Excess Oil,Low,Salicylic Acid; Witch Hazel; Squalane; Centella Asiatica,Mineral Oil,Yes,No,1200,5.0,Available,87
DERMA-0630,Kama Ayurveda BHA Clarifying Concentrate AHA Acne Treatment,Kama Ayurveda,Acne Treatment,Oily,Whiteheads,Medium,AHA; Niacinamide; Lactic Acid; Glycerin,Denatured Alcohol,No,No,395,4.4,Available,77
DERMA-0631,Plum 2% Hyaluronic Acid Glow AHA Serum,Plum,Serum,Combination,Whiteheads,Medium,AHA; Niacinamide; Allantoin; Tocopherol (Vitamin E),Mineral Oil,Yes,Yes,1014,4.2,Available,92
DERMA-0632,Simple Balancing BHA Zinc Toner,Simple,Toner,Normal,Acne,Low,Zinc PCA; Centella Asiatica; Green Tea Extract,Sulfates; Synthetic Dyes; Phthalates,No,Yes,441,4.1,Available,89
DERMA-0633,Cosrx Spot Clearing Gel Salicylic Acne Treatment,Cosrx,Acne Treatment,Combination,Acne,High,Salicylic Acid; Niacinamide; Benzoyl Peroxide; Centella Asiatica; Allantoin,Synthetic Dyes; Phthalates; Silicones,Yes,Yes,640,4.6,Available,99
DERMA-0634,Chemist at Play Clarifying Drying Lotion Mandelic Acne Treatment,Chemist at Play,Acne Treatment,Normal,Whiteheads,Low,Mandelic Acid; AHA; Niacinamide; Squalane; Glycerin,Mineral Oil; Denatured Alcohol,Yes,No,256,4.6,Available,87
DERMA-0635,Cosrx Salicylic Acid Flake Control Aloe Anti-Dandruff Shampoo,Cosrx,Anti-Dandruff Shampoo,Dry,No Major Concern,Low,Aloe Vera; Tocopherol (Vitamin E); Panthenol,Phthalates; Synthetic Dyes,Yes,Yes,3644,4.1,Available,84
DERMA-0636,Plum Shea Butter Rich Balm Niacinamide Body Moisturizer,Plum,Body Moisturizer,Oily,Whiteheads,Medium,Niacinamide; Mandelic Acid; Lactic Acid; Glycerin; Allantoin,Denatured Alcohol; Oxybenzone; Sulfates,No,Yes,2284,4.1,Available,75
DERMA-0637,Avene Brightening Enzyme Sheet Panthenol Face Mask,Avene,Face Mask,Sensitive,Redness,Medium,Panthenol; Squalane; Aloe Vera,Denatured Alcohol,Yes,Yes,1219,3.9,Available,85
DERMA-0638,Dr. Sheth's Daily Dew Gel Mandelic Sunscreen,Dr. Sheth's,Sunscreen,Oily,Whiteheads,Medium,Mandelic Acid; Glycolic Acid; AHA; Glycerin,Mineral Oil; Essential Oils; Sulfates,Yes,Yes,1223,4.4,Available,93
DERMA-0639,Dr. Sheth's Exfoliating Scalp Serum Allantoin Scalp Care,Dr. Sheth's,Scalp Care,Combination,Redness,High,Allantoin; Colloidal Oatmeal; Panthenol; Centella Asiatica,Phthalates; Essential Oils; Formaldehyde Releasers,No,Yes,861,3.6,Available,80
DERMA-0640,Foxtale Clarifying Liquid Exfoliant Kojic Exfoliant,Foxtale,Exfoliant,Sensitive,Hyperpigmentation,High,Kojic Acid; Licorice Extract; Aloe Vera; Glycerin,Synthetic Dyes,Yes,Yes,379,4.6,Available,91
DERMA-0641,Suganda Deep Cleansing Alpha Cleanser,Suganda,Cleanser,Combination,Uneven Skin Tone,Medium,Alpha Arbutin; Retinol; Niacinamide; Squalane,Essential Oils,No,Yes,782,4.8,Unavailable,83
DERMA-0642,Cosrx Cica Calming Essence Colloidal Toner,Cosrx,Toner,Combination,Redness,High,Colloidal Oatmeal; Centella Asiatica; Green Tea Extract; Aloe Vera,Silicones; Essential Oils; Lanolin,Yes,Yes,893,3.6,Available,90
DERMA-0643,Dot & Key Ultra Repair Glycolic Moisturizer,Dot & Key,Moisturizer,Normal,Dullness,Low,Glycolic Acid; Vitamin C; Niacinamide; Squalane; Tocopherol (Vitamin E),Oxybenzone,No,No,741,3.7,Available,76
DERMA-0644,Pilgrim Exfoliating Glow Salicylic Toner,Pilgrim,Toner,Oily,Blackheads,Medium,Salicylic Acid; Niacinamide; Zinc PCA; Tocopherol (Vitamin E); Squalane,Phthalates,Yes,Yes,845,3.8,Available,91
DERMA-0645,Re'equil Rapid Action Spot Corrector BHA Acne Treatment,Re'equil,Acne Treatment,Sensitive,Blackheads,High,BHA; Activated Charcoal; Tocopherol (Vitamin E); Squalane,Phthalates,Yes,Yes,1422,3.8,Unavailable,82
DERMA-0646,La Roche-Posay Gentle AHA BHA Peel Niacinamide Exfoliant,La Roche-Posay,Exfoliant,Oily,Dullness,Low,Niacinamide; Ferulic Acid; Vitamin C; Centella Asiatica; Green Tea Extract,Sulfates; Synthetic Dyes; Formaldehyde Releasers,Yes,Yes,570,3.9,Available,96
DERMA-0647,Sebamed Salicylic Acid Flake Control Selenium Anti-Dandruff Shampoo,Sebamed,Anti-Dandruff Shampoo,Normal,Dandruff,Low,Selenium Sulfide; Ketoconazole; Panthenol,Synthetic Dyes; Sulfates,No,Yes,535,3.6,Available,82
DERMA-0648,CeraVe Anti-Acne Purifying Panthenol Face Wash,CeraVe,Face Wash,Combination,Skin Barrier Damage,Medium,Panthenol; Tocopherol (Vitamin E); Squalane,Mineral Oil; Phthalates,Yes,Yes,1208,5.0,Available,92
DERMA-0649,Plum Overnight Hydration Sleep Zinc Face Mask,Plum,Face Mask,Combination,Acne,Low,Zinc PCA; Niacinamide; Aloe Vera; Green Tea Extract,Oxybenzone; Denatured Alcohol,Yes,Yes,1311,4.7,Available,93
DERMA-0650,Foxtale Hydra Sun Shield Colloidal Sunscreen,Foxtale,Sunscreen,Oily,Redness,High,Colloidal Oatmeal; Green Tea Extract; Tocopherol (Vitamin E); Centella Asiatica,Mineral Oil,Yes,Yes,1113,4.7,Available,94
DERMA-0651,Sebamed Lactic Acid Smoothing Serum Vitamin Exfoliant,Sebamed,Exfoliant,Combination,Dullness,High,Vitamin C; Ferulic Acid; Tocopherol (Vitamin E); Panthenol,Essential Oils,Yes,Yes,597,4.2,Available,96
DERMA-0652,Deconstruct Ceramide Intensive Cream Aloe Body Moisturizer,Deconstruct,Body Moisturizer,Oily,No Major Concern,Medium,Aloe Vera; Panthenol,Parabens; Silicones; Sulfates,No,Yes,877,3.9,Available,76
DERMA-0653,Pilgrim Detoxifying Clay Niacinamide Face Mask,Pilgrim,Face Mask,Oily,Acne,Low,Niacinamide; Benzoyl Peroxide; Azelaic Acid; Panthenol; Glycerin,Denatured Alcohol; Formaldehyde Releasers; Lanolin,Yes,Yes,1350,4.3,Available,93
DERMA-0654,Biotique Deep Cleansing Green Cleanser,Biotique,Cleanser,Dry,Redness,High,Green Tea Extract; Panthenol,Sulfates; Essential Oils; Phthalates,Yes,Yes,442,4.0,Available,93
DERMA-0655,Bioderma Daily Dew Gel Witch Sunscreen,Bioderma,Sunscreen,Sensitive,Excess Oil,High,Witch Hazel; Tocopherol (Vitamin E); Centella Asiatica,Synthetic Dyes; Phthalates; Parabens,Yes,Yes,1215,4.1,Available,91
DERMA-0656,Simple Retinol Night Renewal Papaya Serum,Simple,Serum,Combination,Dullness,High,Papaya Enzyme; Lactic Acid; Niacinamide; Panthenol,Parabens; Mineral Oil,Yes,Yes,783,4.9,Available,96
DERMA-0657,Chemist at Play Azelaic & Cica Calming Niacinamide Serum,Chemist at Play,Serum,Oily,Excess Oil,Low,Niacinamide; Tocopherol (Vitamin E),Formaldehyde Releasers; Denatured Alcohol,Yes,Yes,1083,4.5,Available,91
DERMA-0658,Chemist at Play Multi-Peptide Recovery Niacinamide Moisturizer,Chemist at Play,Moisturizer,Combination,Hyperpigmentation,Low,Niacinamide; Green Tea Extract,Phthalates; Oxybenzone; Synthetic Dyes,Yes,Yes,875,4.5,Available,89
DERMA-0659,Fixderma 10% Niacinamide + Zinc Tranexamic Serum,Fixderma,Serum,Combination,Hyperpigmentation,Low,Tranexamic Acid; Kojic Acid; Squalane; Aloe Vera,Parabens; Silicones,No,Yes,2948,4.0,Available,80
DERMA-0660,Minimalist Intensive Anti-Dandruff Treatment Salicylic Anti-Dandruff Shampoo,Minimalist,Anti-Dandruff Shampoo,Dry,Excess Oil,Medium,Salicylic Acid; Squalane; Panthenol,Formaldehyde Releasers; Essential Oils; Oxybenzone,Yes,Yes,1476,4.0,Available,86
DERMA-0661,La Roche-Posay Multi-Peptide Recovery Aloe Moisturizer,La Roche-Posay,Moisturizer,Combination,No Major Concern,Low,Aloe Vera; Green Tea Extract; Squalane,Essential Oils; Denatured Alcohol,No,Yes,227,3.9,Available,84
DERMA-0662,Neutrogena Lactic Acid Smoothing Serum BHA Exfoliant,Neutrogena,Exfoliant,Oily,Blackheads,Low,BHA; Tocopherol (Vitamin E); Centella Asiatica,Phthalates,No,Yes,478,3.9,Available,84
DERMA-0663,Cosrx Charcoal Pore Clearing Aloe Face Mask,Cosrx,Face Mask,Combination,No Major Concern,Low,Aloe Vera; Panthenol; Green Tea Extract; Allantoin; Squalane,Phthalates; Essential Oils,No,Yes,300,3.9,Available,88
DERMA-0664,Minimalist Multi-Peptide Recovery Hyaluronic Moisturizer,Minimalist,Moisturizer,Oily,Skin Barrier Damage,High,Hyaluronic Acid; Green Tea Extract,Synthetic Dyes,Yes,Yes,3565,3.5,Available,75
DERMA-0665,Cosrx Mandelic Radiance Solution Glycolic Exfoliant,Cosrx,Exfoliant,Sensitive,Whiteheads,Medium,Glycolic Acid; Salicylic Acid; AHA; Aloe Vera,Oxybenzone; Essential Oils; Sulfates,Yes,Yes,3407,3.2,Available,85
DERMA-0666,Forest Essentials Clear Glow Peptides Face Wash,Forest Essentials,Face Wash,Dry,Skin Barrier Damage,High,Peptides; Ceramides; Squalane; Glycerin; Centella Asiatica,Parabens; Lanolin,Yes,Yes,276,4.5,Available,95
DERMA-0667,Bioderma Exfoliating Scalp Serum Allantoin Scalp Care,Bioderma,Scalp Care,Combination,Redness,High,Allantoin; Green Tea Extract; Madecassoside; Panthenol,Denatured Alcohol,Yes,Yes,472,3.4,Available,93
DERMA-0668,Kama Ayurveda Micellar Foaming Kaolin Face Wash,Kama Ayurveda,Face Wash,Combination,Blackheads,High,Kaolin Clay; Tocopherol (Vitamin E); Allantoin,Parabens; Artificial Fragrance,Yes,Yes,391,3.6,Available,88
DERMA-0669,Pilgrim Salicylic Acid Flake Control Clay Anti-Dandruff Shampoo,Pilgrim,Anti-Dandruff Shampoo,Sensitive,Excess Oil,High,Clay; Niacinamide; Panthenol,Synthetic Dyes; Formaldehyde Releasers; Sulfates,Yes,Yes,723,5.0,Available,95
DERMA-0670,Dr. Sheth's Invisible Fluid Shea Sunscreen,Dr. Sheth's,Sunscreen,Dry,Dryness,Medium,Shea Butter; Glycerin,Silicones; Lanolin,Yes,Yes,357,3.9,Available,89
DERMA-0671,Foxtale 10% Niacinamide + Zinc Hyaluronic Serum,Foxtale,Serum,Dry,No Major Concern,Low,Hyaluronic Acid; Panthenol; Glycerin; Allantoin,Artificial Fragrance,No,Yes,278,4.6,Available,91
DERMA-0672,Re'equil Salicylic Acid Flake Control Green Anti-Dandruff Shampoo,Re'equil,Anti-Dandruff Shampoo,Normal,Redness,Medium,Green Tea Extract; Squalane,Artificial Fragrance; Mineral Oil; Sulfates,No,Yes,303,4.6,Available,84
DERMA-0673,Kama Ayurveda 10% Vitamin C Radiance Salicylic Serum,Kama Ayurveda,Serum,Sensitive,Blackheads,High,Salicylic Acid; BHA; Glycerin; Centella Asiatica,Synthetic Dyes; Formaldehyde Releasers,Yes,Yes,206,4.0,Available,92
DERMA-0674,Neutrogena Clarifying Liquid Exfoliant Witch Exfoliant,Neutrogena,Exfoliant,Normal,Excess Oil,High,Witch Hazel; Niacinamide; Salicylic Acid; Aloe Vera; Panthenol,Mineral Oil,Yes,Yes,513,4.5,Available,94
DERMA-0675,Fixderma Gentle AHA BHA Peel Glycolic Exfoliant,Fixderma,Exfoliant,Combination,Dullness,Low,Glycolic Acid; Allantoin,Silicones; Denatured Alcohol; Synthetic Dyes,Yes,Yes,327,4.5,Available,93
DERMA-0676,Chemist at Play Nourishing Oat Milk Vitamin Body Moisturizer,Chemist at Play,Body Moisturizer,Sensitive,Uneven Skin Tone,High,Vitamin C; Green Tea Extract; Aloe Vera,Synthetic Dyes,No,Yes,1640,4.9,Available,81
DERMA-0677,Sebamed Exfoliating Scalp Serum Zinc Scalp Care,Sebamed,Scalp Care,Dry,Dandruff,High,Zinc Pyrithione; Green Tea Extract; Glycerin,Phthalates; Lanolin; Mineral Oil,Yes,Yes,1436,4.7,Unavailable,87
DERMA-0678,Avene 2% Hyaluronic Acid Glow Salicylic Serum,Avene,Serum,Sensitive,Excess Oil,High,Salicylic Acid; Zinc PCA; Green Tea Extract; Squalane,Formaldehyde Releasers; Phthalates,Yes,Yes,950,4.1,Available,84
DERMA-0679,Cetaphil BHA Clarifying Concentrate Niacinamide Acne Treatment,Cetaphil,Acne Treatment,Oily,Excess Oil,High,Niacinamide; Witch Hazel; Panthenol; Squalane,Denatured Alcohol; Phthalates,Yes,Yes,684,5.0,Available,100
DERMA-0680,Simple Barrier Defense SPF 50 Hyaluronic Sunscreen,Simple,Sunscreen,Dry,Skin Barrier Damage,High,Hyaluronic Acid; Squalane; Centella Asiatica,Formaldehyde Releasers; Parabens; Lanolin,Yes,Yes,1310,3.9,Unavailable,91
DERMA-0681,Dot & Key Spot Clearing Gel Zinc Acne Treatment,Dot & Key,Acne Treatment,Oily,Blackheads,Medium,Zinc PCA; Squalane,Denatured Alcohol,Yes,Yes,3141,3.9,Unavailable,83
DERMA-0682,Deconstruct BHA Clarifying Concentrate BHA Acne Treatment,Deconstruct,Acne Treatment,Sensitive,Blackheads,High,BHA; Activated Charcoal; Glycerin,Artificial Fragrance; Lanolin,Yes,Yes,2493,5.0,Available,84
DERMA-0683,Foxtale Hydrating Milky Zinc Toner,Foxtale,Toner,Normal,Dandruff,Low,Zinc Pyrithione; Selenium Sulfide; Panthenol,Phthalates,No,Yes,1378,3.9,Available,83
DERMA-0684,Neutrogena Peptide Follicle Booster Green Scalp Care,Neutrogena,Scalp Care,Dry,No Major Concern,Medium,Green Tea Extract; Niacinamide; Glycerin; Aloe Vera,Denatured Alcohol; Parabens,Yes,Yes,2546,4.8,Available,91
DERMA-0685,Dr. Sheth's Lactic Acid Body Smooth Green Body Moisturizer,Dr. Sheth's,Body Moisturizer,Dry,No Major Concern,Medium,Green Tea Extract; Glycerin,Synthetic Dyes; Lanolin; Mineral Oil,No,No,3525,4.9,Available,72
DERMA-0686,Neutrogena Retinol Night Renewal Lactic Serum,Neutrogena,Serum,Combination,Dullness,Medium,Lactic Acid; Vitamin C; Allantoin,Phthalates; Essential Oils; Synthetic Dyes,Yes,Yes,421,3.1,Available,84
DERMA-0687,Suganda Salicylic Acid Flake Control Niacinamide Anti-Dandruff Shampoo,Suganda,Anti-Dandruff Shampoo,Combination,No Major Concern,Medium,Niacinamide; Hyaluronic Acid; Green Tea Extract; Centella Asiatica,Sulfates,Yes,Yes,543,4.0,Available,95
DERMA-0688,Pilgrim Deep Cleansing Ceramides Cleanser,Pilgrim,Cleanser,Combination,Skin Barrier Damage,Medium,Ceramides; Peptides; Hyaluronic Acid; Tocopherol (Vitamin E),Artificial Fragrance; Parabens; Mineral Oil,No,Yes,410,3.5,Available,81
DERMA-0689,Deconstruct Azelaic & Cica Calming Ceramides Serum,Deconstruct,Serum,Combination,Skin Barrier Damage,High,Ceramides; Panthenol; Squalane; Aloe Vera,Artificial Fragrance; Essential Oils,No,Yes,1371,3.7,Available,86
DERMA-0690,Cetaphil BHA Clarifying Concentrate Niacinamide Acne Treatment Pro 1,Cetaphil,Acne Treatment,Combination,Whiteheads,Low,Niacinamide; Green Tea Extract; Centella Asiatica,Oxybenzone; Artificial Fragrance,Yes,No,561,4.9,Available,89
DERMA-0691,Deconstruct Spot Clearing Gel Zinc Acne Treatment,Deconstruct,Acne Treatment,Combination,Blackheads,Low,Zinc PCA; Activated Charcoal; Niacinamide; Squalane,Lanolin; Sulfates; Essential Oils,Yes,Yes,505,4.8,Available,96
DERMA-0692,WishCare Rapid Action Spot Corrector Kojic Acne Treatment,WishCare,Acne Treatment,Sensitive,Hyperpigmentation,High,Kojic Acid; Niacinamide; Alpha Arbutin; Tocopherol (Vitamin E); Aloe Vera,Essential Oils,No,Yes,339,3.8,Available,78
DERMA-0693,WishCare Mineral Broad Spectrum Madecassoside Sunscreen,WishCare,Sunscreen,Dry,Redness,High,Madecassoside; Centella Asiatica; Aloe Vera; Tocopherol (Vitamin E),Formaldehyde Releasers; Lanolin,Yes,Yes,464,3.6,Available,93
DERMA-0694,Pilgrim 2% Salicylic Acid Clarifying Lactic Serum,Pilgrim,Serum,Combination,Dullness,Low,Lactic Acid; Allantoin; Green Tea Extract,Mineral Oil,Yes,No,1192,3.9,Available,85
DERMA-0695,Simple Tea Tree Anti-Flake Cleanser Panthenol Anti-Dandruff Shampoo,Simple,Anti-Dandruff Shampoo,Combination,No Major Concern,Low,Panthenol; Green Tea Extract; Glycerin; Centella Asiatica; Allantoin,Synthetic Dyes; Phthalates,No,Yes,666,4.5,Available,90
DERMA-0696,Foxtale Barrier Defense Witch Cleanser,Foxtale,Cleanser,Combination,Excess Oil,High,Witch Hazel; Centella Asiatica; Green Tea Extract,Lanolin,Yes,Yes,590,4.1,Unavailable,94
DERMA-0697,Re'equil Soothing Scalp Tonic Green Scalp Care,Re'equil,Scalp Care,Normal,No Major Concern,Medium,Green Tea Extract; Niacinamide; Glycerin; Allantoin; Squalane,Lanolin,No,Yes,1393,4.9,Available,85
DERMA-0698,Dot & Key Tea Tree Anti-Flake Cleanser Niacinamide Anti-Dandruff Shampoo,Dot & Key,Anti-Dandruff Shampoo,Dry,Excess Oil,High,Niacinamide; Allantoin; Panthenol,Sulfates,Yes,No,1301,4.1,Available,84
DERMA-0699,Sebamed Piroctone Olamine Soothing Wash Aloe Anti-Dandruff Shampoo,Sebamed,Anti-Dandruff Shampoo,Dry,No Major Concern,Medium,Aloe Vera; Panthenol; Tocopherol (Vitamin E),Artificial Fragrance,Yes,Yes,315,3.8,Available,91
DERMA-0700,Suganda Daily Refresh Ferulic Face Wash,Suganda,Face Wash,Sensitive,Dullness,High,Ferulic Acid; Allantoin; Aloe Vera,Formaldehyde Releasers,Yes,No,395,4.8,Available,87
DERMA-0701,Bioderma Lactic Acid Body Smooth Squalane Body Moisturizer,Bioderma,Body Moisturizer,Combination,Dryness,High,Squalane; Panthenol,Oxybenzone,Yes,Yes,1187,4.4,Available,94
DERMA-0702,Dot & Key Overnight Hydration Sleep Salicylic Face Mask,Dot & Key,Face Mask,Dry,Excess Oil,Low,Salicylic Acid; Allantoin; Panthenol,Artificial Fragrance; Synthetic Dyes; Formaldehyde Releasers,Yes,Yes,3538,4.7,Available,88
DERMA-0703,Avene BHA Clarifying Concentrate Salicylic Acne Treatment,Avene,Acne Treatment,Normal,Excess Oil,Medium,Salicylic Acid; Green Tea Extract,Essential Oils,No,Yes,405,4.4,Unavailable,81
DERMA-0704,Chemist at Play Salicylic Acid Flake Control Tea Anti-Dandruff Shampoo,Chemist at Play,Anti-Dandruff Shampoo,Combination,Dandruff,Low,Tea Tree Oil; Piroctone Olamine; Selenium Sulfide; Centella Asiatica,Artificial Fragrance; Phthalates,Yes,No,519,4.2,Available,88
DERMA-0705,Sebamed Oil Control Zinc Face Wash,Sebamed,Face Wash,Normal,Acne,Low,Zinc PCA; Tea Tree Oil; Glycerin; Centella Asiatica,Essential Oils,Yes,Yes,499,4.2,Available,94
DERMA-0706,Pilgrim Clarifying Foaming Salicylic Cleanser,Pilgrim,Cleanser,Sensitive,Acne,High,Salicylic Acid; Tea Tree Oil; Niacinamide; Glycerin; Allantoin,Phthalates,Yes,Yes,2811,3.5,Available,77
DERMA-0707,Fixderma Mineral Broad Spectrum Ceramides Sunscreen,Fixderma,Sunscreen,Sensitive,Skin Barrier Damage,Medium,Ceramides; Panthenol; Squalane; Aloe Vera,Artificial Fragrance; Silicones,Yes,Yes,404,4.5,Available,97
DERMA-0708,CeraVe Hydrating Milky Aloe Toner,CeraVe,Toner,Sensitive,No Major Concern,Medium,Aloe Vera; Panthenol; Niacinamide; Centella Asiatica,Silicones; Denatured Alcohol,Yes,Yes,3499,4.3,Available,85
DERMA-0709,Foxtale Ketoconazole & Zinc Scalp Defense Hyaluronic Anti-Dandruff Shampoo,Foxtale,Anti-Dandruff Shampoo,Oily,No Major Concern,Medium,Hyaluronic Acid; Allantoin,Phthalates,Yes,Yes,366,4.6,Unavailable,95
DERMA-0710,WishCare Balancing BHA Retinol Toner,WishCare,Toner,Combination,Uneven Skin Tone,Low,Retinol; Allantoin,Phthalates; Essential Oils; Artificial Fragrance,No,Yes,3420,4.9,Available,79
DERMA-0711,La Roche-Posay Calming Cream Niacinamide Cleanser,La Roche-Posay,Cleanser,Normal,Hyperpigmentation,Low,Niacinamide; Kojic Acid; Panthenol; Tocopherol (Vitamin E),Parabens; Oxybenzone; Formaldehyde Releasers,No,Yes,1342,3.9,Unavailable,82
DERMA-0712,CeraVe Deep Nourishing Salicylic Moisturizer,CeraVe,Moisturizer,Combination,Excess Oil,Low,Salicylic Acid; Tocopherol (Vitamin E),Oxybenzone,Yes,Yes,568,4.8,Available,98
DERMA-0713,Deconstruct Hydra Boost Ketoconazole Face Wash,Deconstruct,Face Wash,Dry,Dandruff,Medium,Ketoconazole; Piroctone Olamine; Squalane,Formaldehyde Releasers; Parabens; Synthetic Dyes,Yes,Yes,929,4.0,Available,87
DERMA-0714,Minimalist Cica Calming Essence Piroctone Toner Pro 1,Minimalist,Toner,Oily,Dandruff,Low,Piroctone Olamine; Allantoin,Oxybenzone,Yes,Yes,3081,4.4,Available,88
DERMA-0715,Sebamed Lactic Acid Smoothing Serum Niacinamide Exfoliant,Sebamed,Exfoliant,Combination,Dullness,Medium,Niacinamide; Ferulic Acid; Glycolic Acid; Green Tea Extract; Allantoin,Denatured Alcohol,Yes,Yes,3091,5.0,Available,89
DERMA-0716,Dr. Sheth's Alpha Arbutin Pigment Correct Tea Serum,Dr. Sheth's,Serum,Dry,Acne,Low,Tea Tree Oil; Green Tea Extract,Silicones,No,Yes,3386,4.2,Available,79
DERMA-0717,Sebamed Enzyme Resurfacing Scrub AHA Exfoliant,Sebamed,Exfoliant,Sensitive,Whiteheads,High,AHA; Tocopherol (Vitamin E),Essential Oils; Oxybenzone; Synthetic Dyes,Yes,Yes,3745,4.8,Available,82
DERMA-0718,Re'equil Balancing BHA Green Toner,Re'equil,Toner,Dry,Excess Oil,Low,Green Tea Extract; Niacinamide; Zinc PCA; Panthenol,Artificial Fragrance; Oxybenzone; Silicones,Yes,Yes,425,3.5,Available,89
DERMA-0719,Sebamed Nourishing Oat Milk Niacinamide Body Moisturizer,Sebamed,Body Moisturizer,Dry,Dullness,High,Niacinamide; Papaya Enzyme; Glycolic Acid; Squalane,Phthalates; Essential Oils,Yes,Yes,448,3.7,Available,88
DERMA-0720,Foxtale Calming Cream Glycerin Cleanser,Foxtale,Cleanser,Oily,Dryness,Low,Glycerin; Tocopherol (Vitamin E),Essential Oils; Artificial Fragrance,Yes,Yes,232,5.0,Available,95
DERMA-0721,Bioderma Clarifying Liquid Exfoliant Zinc Exfoliant,Bioderma,Exfoliant,Sensitive,Excess Oil,Medium,Zinc PCA; Witch Hazel; Clay; Allantoin; Centella Asiatica,Silicones; Artificial Fragrance; Formaldehyde Releasers,Yes,Yes,1316,5.0,Available,92
DERMA-0722,Chemist at Play Oil-Free Hydro Gel Shea Moisturizer,Chemist at Play,Moisturizer,Normal,Dryness,Medium,Shea Butter; Ceramides; Green Tea Extract,Synthetic Dyes; Lanolin,Yes,Yes,209,4.1,Unavailable,94
DERMA-0723,Bioderma Active Acne SOS Solution Niacinamide Acne Treatment,Bioderma,Acne Treatment,Oily,Whiteheads,High,Niacinamide; Lactic Acid; Allantoin,Essential Oils; Oxybenzone; Mineral Oil,Yes,Yes,1405,4.8,Available,85
DERMA-0724,Avene Shea Butter Rich Balm Alpha Body Moisturizer,Avene,Body Moisturizer,Normal,Hyperpigmentation,Low,Alpha Arbutin; Tranexamic Acid; Kojic Acid; Glycerin,Essential Oils; Denatured Alcohol; Oxybenzone,Yes,Yes,2882,4.5,Available,92
DERMA-0725,Suganda Clarifying Scalp Scrub Hyaluronic Scalp Care,Suganda,Scalp Care,Oily,No Major Concern,Low,Hyaluronic Acid; Green Tea Extract; Aloe Vera; Tocopherol (Vitamin E); Allantoin,Silicones; Lanolin,Yes,Yes,876,4.1,Available,94
DERMA-0726,Dr. Sheth's Balancing BHA Kojic Toner,Dr. Sheth's,Toner,Combination,Hyperpigmentation,High,Kojic Acid; Licorice Extract; Aloe Vera,Sulfates; Oxybenzone; Mineral Oil,Yes,Yes,1594,3.8,Available,83
DERMA-0727,Suganda Oil Control Hyaluronic Face Wash,Suganda,Face Wash,Dry,Dryness,Low,Hyaluronic Acid; Glycerin,Parabens; Mineral Oil; Synthetic Dyes,Yes,Yes,519,5.0,Available,95
DERMA-0728,Chemist at Play Clear Glow Ceramides Face Wash,Chemist at Play,Face Wash,Sensitive,Dryness,High,Ceramides; Allantoin,Silicones,Yes,No,566,3.9,Available,83
DERMA-0729,Foxtale Detoxifying Clay Zinc Face Mask,Foxtale,Face Mask,Dry,Excess Oil,Medium,Zinc PCA; Green Tea Extract; Salicylic Acid; Tocopherol (Vitamin E),Formaldehyde Releasers,No,Yes,300,4.1,Available,80
DERMA-0730,WishCare Brightening Gel Panthenol Face Wash,WishCare,Face Wash,Oily,Redness,High,Panthenol; Green Tea Extract; Centella Asiatica,Oxybenzone; Denatured Alcohol; Essential Oils,Yes,No,375,5.0,Available,93
DERMA-0731,Minimalist Soothing Scalp Tonic Colloidal Scalp Care,Minimalist,Scalp Care,Normal,Redness,Medium,Colloidal Oatmeal; Centella Asiatica; Glycerin; Squalane,Phthalates; Parabens; Sulfates,Yes,Yes,970,4.0,Unavailable,91
DERMA-0732,CeraVe Tea Tree Anti-Flake Cleanser Panthenol Anti-Dandruff Shampoo,CeraVe,Anti-Dandruff Shampoo,Sensitive,Redness,High,Panthenol; Allantoin; Tocopherol (Vitamin E),Artificial Fragrance; Parabens; Mineral Oil,Yes,Yes,1072,3.6,Available,92
DERMA-0733,Sebamed Gentle AHA BHA Peel Zinc Exfoliant,Sebamed,Exfoliant,Normal,Excess Oil,Low,Zinc PCA; Squalane; Aloe Vera,Artificial Fragrance; Silicones; Mineral Oil,No,Yes,537,4.4,Unavailable,86
DERMA-0734,Neutrogena Pore Refining Zinc Cleanser,Neutrogena,Cleanser,Normal,Excess Oil,Low,Zinc PCA; Salicylic Acid; Tocopherol (Vitamin E); Allantoin,Synthetic Dyes; Phthalates,Yes,Yes,280,4.0,Available,96
DERMA-0735,The Derma Co Clarifying Drying Lotion Niacinamide Acne Treatment,The Derma Co,Acne Treatment,Oily,Acne,High,Niacinamide; Tocopherol (Vitamin E); Aloe Vera,Parabens; Denatured Alcohol,Yes,Yes,521,3.9,Available,87
DERMA-0736,Plum Overnight Hydration Sleep Activated Face Mask,Plum,Face Mask,Combination,Blackheads,Medium,Activated Charcoal; Kaolin Clay; Glycerin,Mineral Oil; Silicones,No,Yes,366,4.8,Available,88
DERMA-0737,Forest Essentials Exfoliating Scalp Serum Glycerin Scalp Care,Forest Essentials,Scalp Care,Normal,No Major Concern,Medium,Glycerin; Aloe Vera; Squalane,Essential Oils; Synthetic Dyes; Oxybenzone,Yes,Yes,2520,3.6,Available,85
DERMA-0738,Neutrogena Exfoliating Glow Salicylic Toner,Neutrogena,Toner,Dry,Dandruff,Low,Salicylic Acid; Ketoconazole; Selenium Sulfide; Tocopherol (Vitamin E); Squalane,Lanolin; Artificial Fragrance,Yes,Yes,1741,4.2,Available,87
DERMA-0739,Foxtale Deep Cleansing Niacinamide Cleanser Pro 1,Foxtale,Cleanser,Combination,Blackheads,Medium,Niacinamide; Kaolin Clay; Tocopherol (Vitamin E); Squalane,Essential Oils; Synthetic Dyes; Oxybenzone,Yes,Yes,230,4.2,Available,93
DERMA-0740,La Roche-Posay Exfoliating Glow Panthenol Toner,La Roche-Posay,Toner,Normal,No Major Concern,Medium,Panthenol; Glycerin,Oxybenzone; Silicones; Sulfates,Yes,Yes,751,3.9,Available,86
DERMA-0741,Cosrx Ceramide Barrier Zinc Moisturizer,Cosrx,Moisturizer,Sensitive,Excess Oil,Medium,Zinc PCA; Clay; Centella Asiatica; Allantoin,Artificial Fragrance; Mineral Oil; Parabens,Yes,Yes,366,3.7,Available,93
DERMA-0742,Sebamed Moisture Surge Jelly Ceramides Face Mask,Sebamed,Face Mask,Oily,Skin Barrier Damage,High,Ceramides; Panthenol; Hyaluronic Acid; Green Tea Extract,Lanolin,Yes,Yes,1108,4.0,Available,89
DERMA-0743,Plum Multi-Peptide Recovery Vitamin Moisturizer,Plum,Moisturizer,Oily,Uneven Skin Tone,Low,Vitamin C; Licorice Extract; Squalane,Sulfates; Phthalates,No,Yes,1137,3.4,Available,81
DERMA-0744,Cetaphil Ultra Matte Dry Touch Alpha Sunscreen,Cetaphil,Sunscreen,Normal,Hyperpigmentation,Low,Alpha Arbutin; Glycerin,Lanolin; Essential Oils; Phthalates,No,Yes,587,4.6,Available,85
DERMA-0745,Plum Detoxifying Clay Niacinamide Face Mask,Plum,Face Mask,Combination,Blackheads,Low,Niacinamide; Kaolin Clay; Salicylic Acid; Allantoin; Glycerin,Synthetic Dyes,Yes,Yes,497,3.7,Available,91
DERMA-0746,Simple Cica Soothing Allantoin Moisturizer,Simple,Moisturizer,Normal,Redness,High,Allantoin; Colloidal Oatmeal; Green Tea Extract; Panthenol; Aloe Vera,Denatured Alcohol; Mineral Oil; Essential Oils,Yes,Yes,3108,4.2,Available,89
DERMA-0747,Deconstruct Calming Cream Zinc Cleanser,Deconstruct,Cleanser,Normal,Dandruff,High,Zinc Pyrithione; Glycerin,Sulfates; Essential Oils,Yes,Yes,1353,4.2,Available,84
DERMA-0748,Biotique Overnight Blemish Paste Zinc Acne Treatment,Biotique,Acne Treatment,Oily,Excess Oil,Medium,Zinc PCA; Clay; Centella Asiatica,Essential Oils,Yes,Yes,2345,3.3,Available,84
DERMA-0749,Sebamed Ketoconazole & Zinc Scalp Defense Panthenol Anti-Dandruff Shampoo,Sebamed,Anti-Dandruff Shampoo,Sensitive,Redness,Low,Panthenol; Green Tea Extract; Aloe Vera; Allantoin,Synthetic Dyes,Yes,Yes,1627,3.5,Unavailable,82
DERMA-0750,Biotique Enzyme Resurfacing Scrub Witch Exfoliant,Biotique,Exfoliant,Combination,Excess Oil,Low,Witch Hazel; Salicylic Acid; Centella Asiatica,Oxybenzone; Parabens,Yes,Yes,722,3.5,Available,86
DERMA-0751,Deconstruct Daily Dew Gel Centella Sunscreen,Deconstruct,Sunscreen,Oily,Skin Barrier Damage,Medium,Centella Asiatica; Ceramides; Glycerin,Essential Oils; Phthalates; Synthetic Dyes,Yes,Yes,558,4.0,Available,90
DERMA-0752,Cetaphil Revitalizing Fruit Enzyme Salicylic Toner,Cetaphil,Toner,Normal,Acne,Low,Salicylic Acid; Allantoin,Lanolin; Denatured Alcohol,Yes,Yes,1421,4.1,Available,90
DERMA-0753,CeraVe Invisible Fluid Niacinamide Sunscreen,CeraVe,Sunscreen,Dry,No Major Concern,Low,Niacinamide; Green Tea Extract; Aloe Vera; Squalane,Parabens; Denatured Alcohol; Mineral Oil,Yes,No,1067,4.5,Available,85
DERMA-0754,Pilgrim Charcoal Pore Clearing Tranexamic Face Mask,Pilgrim,Face Mask,Sensitive,Hyperpigmentation,High,Tranexamic Acid; Kojic Acid; Licorice Extract; Centella Asiatica; Allantoin,Phthalates; Oxybenzone; Formaldehyde Releasers,Yes,Yes,420,3.6,Available,92
DERMA-0755,Plum Overnight Blemish Paste Mandelic Acne Treatment,Plum,Acne Treatment,Normal,Whiteheads,Low,Mandelic Acid; Green Tea Extract,Oxybenzone; Artificial Fragrance; Synthetic Dyes,Yes,No,2343,4.4,Available,77
DERMA-0756,Simple Brightening Enzyme Sheet Alpha Face Mask,Simple,Face Mask,Oily,Uneven Skin Tone,Low,Alpha Arbutin; Licorice Extract; Vitamin C; Allantoin; Panthenol,Mineral Oil; Formaldehyde Releasers; Silicones,Yes,No,1002,3.8,Available,82
DERMA-0757,Pilgrim Revitalizing Fruit Enzyme Colloidal Toner,Pilgrim,Toner,Oily,Redness,Medium,Colloidal Oatmeal; Allantoin,Artificial Fragrance; Sulfates,Yes,Yes,2490,4.2,Available,87
DERMA-0758,Neutrogena Ultra Matte Dry Touch Salicylic Sunscreen,Neutrogena,Sunscreen,Oily,Acne,Low,Salicylic Acid; Benzoyl Peroxide; Zinc PCA; Allantoin; Tocopherol (Vitamin E),Oxybenzone; Silicones,Yes,Yes,907,3.8,Available,89
DERMA-0759,Re'equil Multi-Peptide Elasticity Piroctone Serum,Re'equil,Serum,Normal,Dandruff,Medium,Piroctone Olamine; Glycerin; Tocopherol (Vitamin E),Mineral Oil; Parabens,Yes,Yes,1481,4.4,Available,91
DERMA-0760,WishCare 10% Urea Repair Salicylic Body Moisturizer,WishCare,Body Moisturizer,Sensitive,Blackheads,Low,Salicylic Acid; Kaolin Clay; Aloe Vera,Formaldehyde Releasers; Sulfates,Yes,No,565,3.4,Available,80
DERMA-0761,Deconstruct Balancing BHA Colloidal Toner,Deconstruct,Toner,Combination,Redness,Medium,Colloidal Oatmeal; Panthenol; Madecassoside; Glycerin; Aloe Vera,Artificial Fragrance; Synthetic Dyes; Parabens,Yes,Yes,456,4.4,Available,98
DERMA-0762,Cosrx Exfoliating Scalp Serum Salicylic Scalp Care,Cosrx,Scalp Care,Normal,Dandruff,Medium,Salicylic Acid; Zinc Pyrithione; Centella Asiatica,Mineral Oil; Silicones; Sulfates,No,Yes,1814,4.6,Available,78
DERMA-0763,La Roche-Posay Barrier Defense Panthenol Cleanser,La Roche-Posay,Cleanser,Normal,No Major Concern,Medium,Panthenol; Allantoin,Oxybenzone; Synthetic Dyes,No,No,426,4.6,Available,73
DERMA-0764,Plum Multi-Peptide Recovery Ketoconazole Moisturizer,Plum,Moisturizer,Sensitive,Dandruff,High,Ketoconazole; Tea Tree Oil; Allantoin; Tocopherol (Vitamin E),Parabens; Denatured Alcohol,Yes,Yes,1032,3.1,Available,77
DERMA-0765,CeraVe Exfoliating Scalp Serum Centella Scalp Care,CeraVe,Scalp Care,Sensitive,Redness,High,Centella Asiatica; Allantoin,Synthetic Dyes,No,No,1056,3.9,Available,67
DERMA-0766,Cetaphil Clarifying Scalp Scrub Salicylic Scalp Care,Cetaphil,Scalp Care,Combination,Excess Oil,Low,Salicylic Acid; Squalane,Mineral Oil,Yes,Yes,612,3.7,Available,91
DERMA-0767,CeraVe Lactic Acid Body Smooth Tea Body Moisturizer,CeraVe,Body Moisturizer,Sensitive,Acne,High,Tea Tree Oil; Tocopherol (Vitamin E),Phthalates; Lanolin; Oxybenzone,Yes,Yes,397,3.5,Available,79
DERMA-0768,Plum Exfoliating Scalp Serum Clay Scalp Care,Plum,Scalp Care,Combination,Excess Oil,Low,Clay; Tocopherol (Vitamin E),Silicones; Oxybenzone; Mineral Oil,No,Yes,3164,4.0,Available,78
DERMA-0769,The Derma Co Overnight Blemish Paste Clay Acne Treatment,The Derma Co,Acne Treatment,Oily,Excess Oil,Low,Clay; Zinc PCA; Aloe Vera,Formaldehyde Releasers; Silicones; Artificial Fragrance,No,Yes,894,4.0,Available,83
DERMA-0770,Cetaphil Brightening Enzyme Sheet Panthenol Face Mask,Cetaphil,Face Mask,Oily,No Major Concern,High,Panthenol; Niacinamide; Centella Asiatica; Squalane,Denatured Alcohol; Formaldehyde Releasers,Yes,Yes,356,4.2,Available,96
DERMA-0771,Simple Clarifying Liquid Exfoliant Clay Exfoliant,Simple,Exfoliant,Combination,Excess Oil,Low,Clay; Witch Hazel; Centella Asiatica,Denatured Alcohol; Lanolin; Oxybenzone,Yes,Yes,920,4.6,Available,91
DERMA-0772,Kama Ayurveda Azelaic & Cica Calming Zinc Serum,Kama Ayurveda,Serum,Dry,Blackheads,Medium,Zinc PCA; BHA; Centella Asiatica,Oxybenzone,Yes,Yes,1166,4.0,Available,92
DERMA-0773,Deconstruct Shea Butter Rich Balm Vitamin Body Moisturizer,Deconstruct,Body Moisturizer,Sensitive,Hyperpigmentation,High,Vitamin C; Panthenol; Green Tea Extract,Mineral Oil; Essential Oils,Yes,Yes,877,4.7,Available,93
DERMA-0774,Avene Anti-Acne Purifying Hyaluronic Face Wash,Avene,Face Wash,Combination,Dryness,High,Hyaluronic Acid; Centella Asiatica,Phthalates; Formaldehyde Releasers,Yes,No,1030,4.0,Available,79
DERMA-0775,Dr. Sheth's Clarifying Scalp Scrub Glycerin Scalp Care,Dr. Sheth's,Scalp Care,Combination,No Major Concern,Low,Glycerin; Tocopherol (Vitamin E),Parabens,Yes,Yes,479,3.9,Available,92
DERMA-0776,Chemist at Play Balancing BHA Azelaic Toner,Chemist at Play,Toner,Dry,Acne,High,Azelaic Acid; Zinc PCA; Squalane; Allantoin,Essential Oils,Yes,Yes,1369,4.1,Available,86
DERMA-0777,Kama Ayurveda Daily Dew Gel Niacinamide Sunscreen,Kama Ayurveda,Sunscreen,Dry,Acne,Medium,Niacinamide; Azelaic Acid; Panthenol,Synthetic Dyes,Yes,Yes,2010,5.0,Available,91
DERMA-0778,Avene Ceramide Barrier Green Moisturizer,Avene,Moisturizer,Dry,Redness,High,Green Tea Extract; Colloidal Oatmeal; Tocopherol (Vitamin E); Allantoin,Sulfates,Yes,Yes,426,4.7,Available,93
DERMA-0779,Sebamed Shea Butter Rich Balm Tea Body Moisturizer,Sebamed,Body Moisturizer,Normal,Acne,Medium,Tea Tree Oil; Azelaic Acid; Green Tea Extract; Glycerin,Formaldehyde Releasers; Synthetic Dyes,Yes,Yes,3984,4.3,Available,91
DERMA-0780,WishCare Exfoliating Scalp Serum Panthenol Scalp Care,WishCare,Scalp Care,Dry,No Major Concern,Medium,Panthenol; Glycerin; Tocopherol (Vitamin E); Green Tea Extract,Phthalates; Parabens; Synthetic Dyes,Yes,Yes,666,4.5,Available,98
DERMA-0781,Minimalist Exfoliating Glow Kaolin Toner,Minimalist,Toner,Sensitive,Blackheads,High,Kaolin Clay; Salicylic Acid; Centella Asiatica; Panthenol,Denatured Alcohol,Yes,Yes,2564,3.9,Available,90
DERMA-0782,Simple Ceramide Intensive Cream Centella Body Moisturizer,Simple,Body Moisturizer,Sensitive,Redness,Medium,Centella Asiatica; Glycerin,Lanolin; Formaldehyde Releasers; Parabens,No,Yes,329,4.2,Available,79
DERMA-0783,Plum Cica Calming Essence Alpha Toner,Plum,Toner,Combination,Hyperpigmentation,Low,Alpha Arbutin; Panthenol,Formaldehyde Releasers; Phthalates,Yes,Yes,2467,5.0,Available,87
DERMA-0784,Cetaphil Gentle Soothing Licorice Face Wash,Cetaphil,Face Wash,Combination,Hyperpigmentation,Medium,Licorice Extract; Vitamin C; Panthenol,Parabens,No,Yes,2615,4.3,Available,73
DERMA-0785,Simple Overnight Hydration Sleep AHA Face Mask,Simple,Face Mask,Oily,Whiteheads,Low,AHA; Centella Asiatica; Tocopherol (Vitamin E),Phthalates,Yes,Yes,1330,4.2,Available,88
DERMA-0786,Sebamed Multi-Peptide Recovery Papaya Moisturizer,Sebamed,Moisturizer,Oily,Dullness,Low,Papaya Enzyme; Ferulic Acid; Aloe Vera; Green Tea Extract,Mineral Oil; Synthetic Dyes; Oxybenzone,No,Yes,1136,4.9,Unavailable,86
DERMA-0787,Simple Enzyme Resurfacing Scrub Salicylic Exfoliant,Simple,Exfoliant,Oily,Blackheads,Low,Salicylic Acid; Activated Charcoal; Squalane; Tocopherol (Vitamin E),Mineral Oil; Parabens,Yes,Yes,1368,4.7,Available,92
DERMA-0788,Deconstruct Ceramide Intensive Cream Peptides Body Moisturizer,Deconstruct,Body Moisturizer,Dry,Skin Barrier Damage,Medium,Peptides; Aloe Vera; Tocopherol (Vitamin E),Lanolin; Phthalates,Yes,Yes,3397,4.3,Available,84
DERMA-0789,La Roche-Posay Cica Soothing Niacinamide Moisturizer,La Roche-Posay,Moisturizer,Oily,Dullness,Low,Niacinamide; Vitamin C; Lactic Acid; Aloe Vera; Glycerin,Sulfates; Mineral Oil,Yes,No,458,5.0,Available,94
DERMA-0790,Cosrx 10% Niacinamide + Zinc Tea Serum,Cosrx,Serum,Oily,Acne,Medium,Tea Tree Oil; Zinc PCA; Green Tea Extract; Centella Asiatica,Denatured Alcohol; Mineral Oil,Yes,Yes,3898,5.0,Available,92
DERMA-0791,Suganda Enzyme Resurfacing Scrub Niacinamide Exfoliant,Suganda,Exfoliant,Oily,Excess Oil,Medium,Niacinamide; Zinc PCA; Green Tea Extract; Squalane; Aloe Vera,Lanolin; Oxybenzone,Yes,Yes,589,4.4,Available,95
DERMA-0792,La Roche-Posay Gentle Hydrating Niacinamide Cleanser,La Roche-Posay,Cleanser,Oily,Dullness,Low,Niacinamide; Squalane,Synthetic Dyes; Denatured Alcohol; Essential Oils,Yes,Yes,2169,4.1,Available,84
DERMA-0793,Pilgrim Clarifying Liquid Exfoliant Salicylic Exfoliant,Pilgrim,Exfoliant,Combination,Acne,Low,Salicylic Acid; Benzoyl Peroxide; Green Tea Extract; Centella Asiatica,Mineral Oil; Phthalates; Denatured Alcohol,No,No,1433,4.2,Available,76
DERMA-0794,Chemist at Play Clarifying Scalp Scrub Panthenol Scalp Care,Chemist at Play,Scalp Care,Combination,Redness,Medium,Panthenol; Allantoin; Squalane; Centella Asiatica,Lanolin; Silicones,Yes,Yes,2730,3.5,Available,83
DERMA-0795,Neutrogena Cica Soothing Madecassoside Moisturizer,Neutrogena,Moisturizer,Sensitive,Redness,Medium,Madecassoside; Centella Asiatica; Tocopherol (Vitamin E); Squalane,Silicones; Synthetic Dyes,Yes,No,323,4.5,Unavailable,85
DERMA-0796,Suganda BHA Clarifying Concentrate Zinc Acne Treatment,Suganda,Acne Treatment,Normal,Acne,Low,Zinc PCA; Allantoin; Panthenol,Phthalates,Yes,Yes,3123,4.7,Available,90
DERMA-0797,Dr. Sheth's Ultra Matte Dry Touch Green Sunscreen,Dr. Sheth's,Sunscreen,Combination,Redness,Medium,Green Tea Extract; Panthenol; Glycerin,Sulfates,Yes,Yes,418,4.0,Unavailable,95
DERMA-0798,WishCare Soothing Scalp Tonic Witch Scalp Care Pro 1,WishCare,Scalp Care,Oily,Excess Oil,Low,Witch Hazel; Salicylic Acid; Glycerin,Denatured Alcohol,Yes,Yes,497,4.2,Available,91
DERMA-0799,Avene Barrier Defense Niacinamide Cleanser,Avene,Cleanser,Dry,Hyperpigmentation,High,Niacinamide; Kojic Acid; Centella Asiatica,Sulfates,Yes,Yes,866,4.7,Available,94
DERMA-0800,Avene Daily Dew Gel Tea Sunscreen,Avene,Sunscreen,Combination,Acne,Low,Tea Tree Oil; Zinc PCA; Centella Asiatica; Green Tea Extract,Silicones; Lanolin; Essential Oils,Yes,Yes,815,4.9,Available,93
DERMA-0801,WishCare Deep Nourishing Ceramides Moisturizer,WishCare,Moisturizer,Oily,Dryness,Low,Ceramides; Colloidal Oatmeal; Centella Asiatica,Lanolin; Mineral Oil,No,Yes,1045,3.2,Available,81
DERMA-0802,Cosrx Tea Tree Anti-Flake Cleanser Madecassoside Anti-Dandruff Shampoo,Cosrx,Anti-Dandruff Shampoo,Dry,Redness,Medium,Madecassoside; Allantoin; Glycerin,Denatured Alcohol,No,Yes,453,4.8,Available,85
DERMA-0803,WishCare BHA Clarifying Concentrate Salicylic Acne Treatment,WishCare,Acne Treatment,Combination,Excess Oil,Medium,Salicylic Acid; Clay; Zinc PCA; Panthenol,Silicones; Sulfates,No,Yes,2870,4.8,Available,81
DERMA-0804,Fixderma 2% Salicylic Acid Clarifying Aloe Serum,Fixderma,Serum,Dry,No Major Concern,Low,Aloe Vera; Panthenol; Tocopherol (Vitamin E); Glycerin,Phthalates,Yes,Yes,369,5.0,Available,100
DERMA-0805,Pilgrim Ketoconazole & Zinc Scalp Defense Madecassoside Anti-Dandruff Shampoo,Pilgrim,Anti-Dandruff Shampoo,Combination,Redness,High,Madecassoside; Panthenol; Centella Asiatica; Aloe Vera; Squalane,Denatured Alcohol; Formaldehyde Releasers; Phthalates,Yes,Yes,208,3.6,Available,93
DERMA-0806,Dr. Sheth's Clarifying Liquid Exfoliant Kojic Exfoliant,Dr. Sheth's,Exfoliant,Combination,Hyperpigmentation,High,Kojic Acid; Alpha Arbutin; Centella Asiatica,Denatured Alcohol; Parabens,Yes,Yes,312,4.6,Unavailable,97
DERMA-0807,La Roche-Posay Exfoliating Glow Salicylic Toner,La Roche-Posay,Toner,Oily,Whiteheads,Low,Salicylic Acid; Lactic Acid; Glycolic Acid; Glycerin; Tocopherol (Vitamin E),Essential Oils; Formaldehyde Releasers; Oxybenzone,Yes,Yes,1475,4.3,Available,91
DERMA-0808,Dot & Key Cica Recovery Sheet Salicylic Face Mask,Dot & Key,Face Mask,Dry,Acne,Medium,Salicylic Acid; Benzoyl Peroxide; Centella Asiatica,Oxybenzone,Yes,Yes,1025,5.0,Available,94
DERMA-0809,Re'equil Salicylic Acid Flake Control Witch Anti-Dandruff Shampoo,Re'equil,Anti-Dandruff Shampoo,Normal,Excess Oil,Low,Witch Hazel; Clay; Niacinamide; Panthenol,Parabens,No,Yes,593,4.5,Unavailable,86
DERMA-0810,Suganda Lactic Acid Smoothing Serum Glycolic Exfoliant,Suganda,Exfoliant,Oily,Whiteheads,Medium,Glycolic Acid; Lactic Acid; Mandelic Acid; Green Tea Extract,Mineral Oil,No,Yes,295,3.0,Available,76
DERMA-0811,Pilgrim Pore Refining Colloidal Cleanser,Pilgrim,Cleanser,Sensitive,Dryness,Low,Colloidal Oatmeal; Squalane; Ceramides; Aloe Vera; Green Tea Extract,Parabens; Mineral Oil,Yes,Yes,1042,4.7,Available,92
DERMA-0812,Dot & Key Ultra Matte Dry Touch Centella Sunscreen,Dot & Key,Sunscreen,Sensitive,Skin Barrier Damage,High,Centella Asiatica; Peptides; Hyaluronic Acid; Panthenol; Squalane,Essential Oils; Parabens,Yes,Yes,603,4.6,Available,95
DERMA-0813,Chemist at Play Rapid Action Spot Corrector Vitamin Acne Treatment,Chemist at Play,Acne Treatment,Sensitive,Dullness,High,Vitamin C; Glycolic Acid; Allantoin,Artificial Fragrance; Phthalates; Oxybenzone,Yes,No,2895,4.9,Available,80
DERMA-0814,Forest Essentials Barrier Defense SPF 50 Vitamin Sunscreen,Forest Essentials,Sunscreen,Combination,Uneven Skin Tone,Medium,Vitamin C; Centella Asiatica,Artificial Fragrance; Denatured Alcohol,Yes,Yes,1804,4.8,Unavailable,87
DERMA-0815,Cetaphil Enzyme Resurfacing Scrub Niacinamide Exfoliant,Cetaphil,Exfoliant,Sensitive,Whiteheads,High,Niacinamide; Panthenol,Synthetic Dyes; Lanolin; Sulfates,Yes,Yes,334,4.2,Available,94
DERMA-0816,Re'equil Shea Butter Rich Balm Centella Body Moisturizer,Re'equil,Body Moisturizer,Oily,Redness,High,Centella Asiatica; Green Tea Extract; Allantoin; Glycerin; Squalane,Denatured Alcohol,Yes,Yes,369,3.8,Available,91
DERMA-0817,Plum Clear Glow Selenium Face Wash,Plum,Face Wash,Oily,Dandruff,Low,Selenium Sulfide; Tea Tree Oil; Centella Asiatica,Synthetic Dyes,No,Yes,285,4.6,Available,86
DERMA-0818,Foxtale Barrier Defense Green Cleanser,Foxtale,Cleanser,Normal,Redness,Medium,Green Tea Extract; Madecassoside; Panthenol; Aloe Vera,Denatured Alcohol; Synthetic Dyes; Essential Oils,Yes,No,660,5.0,Available,92
DERMA-0819,Chemist at Play Cica Calming Essence Glycolic Toner,Chemist at Play,Toner,Dry,Uneven Skin Tone,Low,Glycolic Acid; Vitamin C; Tocopherol (Vitamin E); Centella Asiatica,Lanolin,Yes,No,508,2.8,Available,79
DERMA-0820,Pilgrim 10% Vitamin C Radiance Zinc Serum,Pilgrim,Serum,Dry,Dandruff,Low,Zinc Pyrithione; Piroctone Olamine; Ketoconazole; Tocopherol (Vitamin E),Parabens; Sulfates; Silicones,No,Yes,2632,4.2,Unavailable,83
DERMA-0821,Minimalist Soothing Scalp Tonic Green Scalp Care,Minimalist,Scalp Care,Oily,Excess Oil,Medium,Green Tea Extract; Allantoin,Oxybenzone; Sulfates; Mineral Oil,Yes,Yes,3051,3.8,Available,81
DERMA-0822,Foxtale Water Gel AHA Moisturizer,Foxtale,Moisturizer,Dry,Whiteheads,Low,AHA; Lactic Acid; Salicylic Acid; Squalane; Glycerin,Parabens; Silicones,No,No,599,3.6,Available,75
DERMA-0823,Pilgrim Enzyme Resurfacing Scrub Kojic Exfoliant,Pilgrim,Exfoliant,Sensitive,Hyperpigmentation,High,Kojic Acid; Vitamin C; Glycerin; Tocopherol (Vitamin E),Sulfates; Synthetic Dyes; Phthalates,Yes,Yes,313,3.5,Available,85
DERMA-0824,Sebamed 2% Hyaluronic Acid Glow Witch Serum,Sebamed,Serum,Dry,Excess Oil,Low,Witch Hazel; Squalane; Allantoin,Formaldehyde Releasers; Oxybenzone; Artificial Fragrance,No,Yes,388,4.4,Available,90
DERMA-0825,Neutrogena 10% Vitamin C Radiance Glycolic Serum,Neutrogena,Serum,Sensitive,Dullness,Medium,Glycolic Acid; Centella Asiatica; Squalane,Oxybenzone,Yes,Yes,1141,5.0,Available,96
DERMA-0826,Suganda Brightening Enzyme Sheet Salicylic Face Mask,Suganda,Face Mask,Normal,Dandruff,Low,Salicylic Acid; Selenium Sulfide; Piroctone Olamine; Tocopherol (Vitamin E); Green Tea Extract,Oxybenzone; Synthetic Dyes,Yes,Yes,698,4.2,Available,96
DERMA-0827,Re'equil Hydra Sun Shield Zinc Sunscreen,Re'equil,Sunscreen,Combination,Acne,High,Zinc PCA; Tea Tree Oil; Niacinamide; Glycerin; Green Tea Extract,Sulfates,Yes,Yes,221,4.3,Unavailable,86
DERMA-0828,Neutrogena Tea Tree Scalp Detox Panthenol Scalp Care,Neutrogena,Scalp Care,Dry,No Major Concern,Low,Panthenol; Green Tea Extract,Sulfates; Denatured Alcohol,Yes,Yes,2356,4.7,Available,86
DERMA-0829,Avene Daily Refresh Vitamin Face Wash,Avene,Face Wash,Oily,Dullness,Medium,Vitamin C; Centella Asiatica; Aloe Vera,Oxybenzone,Yes,Yes,3505,4.3,Available,86
DERMA-0830,Neutrogena Daily Refresh Salicylic Face Wash,Neutrogena,Face Wash,Sensitive,Dandruff,High,Salicylic Acid; Piroctone Olamine; Selenium Sulfide; Glycerin,Sulfates; Oxybenzone; Synthetic Dyes,Yes,Yes,797,3.9,Available,82
DERMA-0831,La Roche-Posay Salicylic Acid Flake Control Ketoconazole Anti-Dandruff Shampoo,La Roche-Posay,Anti-Dandruff Shampoo,Dry,Dandruff,Low,Ketoconazole; Selenium Sulfide; Panthenol,Sulfates,Yes,Yes,586,4.5,Available,93
DERMA-0832,WishCare Oil Control Witch Face Wash,WishCare,Face Wash,Dry,Excess Oil,Low,Witch Hazel; Allantoin; Glycerin,Essential Oils,Yes,Yes,254,3.9,Available,94
DERMA-0833,Dot & Key Retinol Night Renewal Green Serum,Dot & Key,Serum,Sensitive,No Major Concern,High,Green Tea Extract; Panthenol; Niacinamide; Squalane,Oxybenzone; Synthetic Dyes; Essential Oils,Yes,No,511,4.5,Available,91
DERMA-0834,Re'equil Intensive Anti-Dandruff Treatment Tea Anti-Dandruff Shampoo,Re'equil,Anti-Dandruff Shampoo,Dry,Dandruff,Low,Tea Tree Oil; Panthenol,Essential Oils,Yes,Yes,1963,3.7,Available,83
DERMA-0835,Foxtale Daily Hydrating Lotion Niacinamide Body Moisturizer,Foxtale,Body Moisturizer,Dry,Acne,Medium,Niacinamide; Allantoin,Formaldehyde Releasers,Yes,Yes,467,3.8,Available,87
DERMA-0836,Dot & Key Deep Cleansing Witch Cleanser,Dot & Key,Cleanser,Normal,Excess Oil,High,Witch Hazel; Panthenol,Phthalates; Sulfates; Silicones,Yes,Yes,929,4.1,Available,91
DERMA-0837,CeraVe Spot Clearing Gel Salicylic Acne Treatment,CeraVe,Acne Treatment,Oily,Acne,Medium,Salicylic Acid; Benzoyl Peroxide; Azelaic Acid; Panthenol; Squalane,Oxybenzone; Synthetic Dyes; Sulfates,No,Yes,1092,4.4,Available,82
DERMA-0838,Foxtale Overnight Blemish Paste Salicylic Acne Treatment,Foxtale,Acne Treatment,Oily,Acne,Medium,Salicylic Acid; Azelaic Acid; Zinc PCA; Centella Asiatica; Allantoin,Formaldehyde Releasers,No,Yes,1190,4.1,Available,78
DERMA-0839,Fixderma Detoxifying Clay Kojic Face Mask,Fixderma,Face Mask,Oily,Hyperpigmentation,Low,Kojic Acid; Aloe Vera; Glycerin,Silicones; Phthalates; Parabens,No,Yes,602,3.7,Available,86
DERMA-0840,Forest Essentials Gentle Soothing Hyaluronic Face Wash,Forest Essentials,Face Wash,Combination,No Major Concern,Medium,Hyaluronic Acid; Glycerin; Niacinamide; Aloe Vera,Formaldehyde Releasers; Essential Oils,Yes,Yes,224,3.3,Available,92
DERMA-0841,Dot & Key Daily Hydrating Lotion Niacinamide Body Moisturizer,Dot & Key,Body Moisturizer,Normal,No Major Concern,Low,Niacinamide; Tocopherol (Vitamin E),Synthetic Dyes; Lanolin,No,Yes,963,4.2,Available,84
DERMA-0842,Simple Daily Hydrating Glycerin Moisturizer,Simple,Moisturizer,Dry,Dryness,Low,Glycerin; Squalane; Green Tea Extract,Lanolin; Parabens; Denatured Alcohol,No,No,2226,4.1,Available,73
DERMA-0843,Fixderma Daily Dew Gel Panthenol Sunscreen,Fixderma,Sunscreen,Sensitive,Redness,High,Panthenol; Allantoin; Aloe Vera,Sulfates; Artificial Fragrance; Silicones,Yes,Yes,1134,3.5,Available,88
DERMA-0844,Biotique Water Gel Colloidal Moisturizer,Biotique,Moisturizer,Oily,Redness,Medium,Colloidal Oatmeal; Green Tea Extract; Panthenol; Glycerin,Denatured Alcohol; Sulfates,No,Yes,3098,3.9,Available,77
DERMA-0845,Sebamed Ultra Repair BHA Moisturizer,Sebamed,Moisturizer,Combination,Blackheads,Medium,BHA; Niacinamide; Panthenol; Aloe Vera,Lanolin,No,Yes,1081,3.8,Available,77
DERMA-0846,Simple Shea Butter Rich Balm Vitamin Body Moisturizer,Simple,Body Moisturizer,Sensitive,Uneven Skin Tone,Low,Vitamin C; Panthenol,Mineral Oil; Artificial Fragrance,Yes,Yes,1313,4.6,Available,93
DERMA-0847,Forest Essentials Micellar Balancing Centella Cleanser,Forest Essentials,Cleanser,Combination,Skin Barrier Damage,Medium,Centella Asiatica; Aloe Vera,Essential Oils; Formaldehyde Releasers,No,Yes,1325,4.8,Available,83
DERMA-0848,Neutrogena Oil Control Green Face Wash,Neutrogena,Face Wash,Oily,No Major Concern,Medium,Green Tea Extract; Centella Asiatica,Essential Oils,Yes,Yes,802,4.8,Available,89
DERMA-0849,Sebamed Tea Tree Scalp Detox Centella Scalp Care,Sebamed,Scalp Care,Dry,Redness,High,Centella Asiatica; Aloe Vera; Panthenol,Sulfates; Phthalates,Yes,Yes,3763,4.1,Available,86
DERMA-0850,Re'equil Barrier Defense Tea Cleanser,Re'equil,Cleanser,Oily,Dandruff,Low,Tea Tree Oil; Tocopherol (Vitamin E),Silicones; Mineral Oil; Phthalates,No,Yes,344,3.6,Available,83
DERMA-0851,Neutrogena Intensive Anti-Dandruff Treatment Panthenol Anti-Dandruff Shampoo,Neutrogena,Anti-Dandruff Shampoo,Oily,No Major Concern,High,Panthenol; Glycerin; Hyaluronic Acid; Centella Asiatica,Sulfates; Lanolin; Formaldehyde Releasers,Yes,Yes,475,4.1,Available,94
DERMA-0852,Minimalist Ceramide Intensive Cream Salicylic Body Moisturizer,Minimalist,Body Moisturizer,Dry,Whiteheads,Low,Salicylic Acid; Allantoin,Phthalates,No,Yes,413,4.6,Available,86
DERMA-0853,The Derma Co Ketoconazole & Zinc Scalp Defense Colloidal Anti-Dandruff Shampoo,The Derma Co,Anti-Dandruff Shampoo,Dry,Redness,High,Colloidal Oatmeal; Centella Asiatica; Allantoin; Tocopherol (Vitamin E),Silicones; Lanolin,Yes,Yes,698,4.4,Available,94
DERMA-0854,The Derma Co Mineral Broad Spectrum Niacinamide Sunscreen,The Derma Co,Sunscreen,Oily,Uneven Skin Tone,High,Niacinamide; Licorice Extract; Retinol; Aloe Vera,Mineral Oil,Yes,Yes,288,4.4,Available,89
DERMA-0855,Forest Essentials Active Acne SOS Solution Benzoyl Acne Treatment,Forest Essentials,Acne Treatment,Normal,Acne,Medium,Benzoyl Peroxide; Tea Tree Oil; Panthenol; Centella Asiatica,Formaldehyde Releasers,Yes,Yes,219,4.5,Available,98
DERMA-0856,Simple Enzyme Resurfacing Scrub Zinc Exfoliant,Simple,Exfoliant,Sensitive,Blackheads,High,Zinc PCA; Activated Charcoal; BHA; Glycerin; Allantoin,Oxybenzone,Yes,Yes,727,4.5,Available,89
DERMA-0857,Kama Ayurveda Lactic Acid Smoothing Serum Papaya Exfoliant Pro 1,Kama Ayurveda,Exfoliant,Oily,Dullness,Medium,Papaya Enzyme; Vitamin C; Lactic Acid; Panthenol; Glycerin,Phthalates; Denatured Alcohol; Synthetic Dyes,Yes,Yes,505,4.0,Available,96
DERMA-0858,Avene Nourishing Oat Milk Squalane Body Moisturizer,Avene,Body Moisturizer,Normal,Skin Barrier Damage,High,Squalane; Peptides; Ceramides; Allantoin; Centella Asiatica,Synthetic Dyes; Silicones,Yes,Yes,2516,3.5,Available,87
DERMA-0859,Neutrogena Multi-Peptide Elasticity Alpha Serum,Neutrogena,Serum,Oily,Uneven Skin Tone,High,Alpha Arbutin; Allantoin,Essential Oils,Yes,Yes,1394,4.7,Available,82
DERMA-0860,Dr. Sheth's Daily Hydrating Lotion Niacinamide Body Moisturizer,Dr. Sheth's,Body Moisturizer,Oily,Uneven Skin Tone,Low,Niacinamide; Retinol; Tocopherol (Vitamin E),Formaldehyde Releasers; Essential Oils,Yes,Yes,933,4.1,Available,91
DERMA-0861,Kama Ayurveda Soothing Scalp Tonic Niacinamide Scalp Care,Kama Ayurveda,Scalp Care,Combination,Excess Oil,Low,Niacinamide; Salicylic Acid; Allantoin; Aloe Vera,Synthetic Dyes; Lanolin; Silicones,No,Yes,274,3.5,Available,82
DERMA-0862,Dr. Sheth's Exfoliating Scalp Serum Colloidal Scalp Care,Dr. Sheth's,Scalp Care,Oily,Redness,Medium,Colloidal Oatmeal; Centella Asiatica; Glycerin,Phthalates; Silicones; Sulfates,Yes,Yes,1426,4.7,Available,93
DERMA-0863,Forest Essentials Clear Glow Allantoin Face Wash,Forest Essentials,Face Wash,Combination,Redness,Medium,Allantoin; Green Tea Extract; Colloidal Oatmeal; Glycerin,Phthalates,Yes,Yes,540,4.5,Available,95
DERMA-0864,Cetaphil Deep Cleansing Mandelic Cleanser,Cetaphil,Cleanser,Oily,Whiteheads,Medium,Mandelic Acid; Glycolic Acid; Salicylic Acid; Squalane,Parabens; Synthetic Dyes; Denatured Alcohol,Yes,Yes,509,3.8,Available,94
DERMA-0865,Forest Essentials Micellar Balancing Lactic Cleanser,Forest Essentials,Cleanser,Normal,Whiteheads,Medium,Lactic Acid; Niacinamide; AHA; Green Tea Extract,Oxybenzone,No,Yes,452,3.6,Available,77
DERMA-0866,WishCare Mandelic Radiance Solution Niacinamide Exfoliant Pro 1,WishCare,Exfoliant,Normal,Blackheads,Medium,Niacinamide; Allantoin,Phthalates; Oxybenzone; Lanolin,Yes,Yes,2159,4.4,Available,87
DERMA-0867,Cetaphil 10% Vitamin C Radiance AHA Serum,Cetaphil,Serum,Oily,Whiteheads,High,AHA; Aloe Vera,Sulfates,Yes,Yes,2786,3.5,Available,76
DERMA-0868,Neutrogena Gentle AHA BHA Peel Licorice Exfoliant,Neutrogena,Exfoliant,Oily,Hyperpigmentation,Low,Licorice Extract; Allantoin,Artificial Fragrance; Parabens; Silicones,Yes,No,415,5.0,Available,90
DERMA-0869,Chemist at Play Rapid Action Spot Corrector BHA Acne Treatment,Chemist at Play,Acne Treatment,Normal,Blackheads,Low,BHA; Aloe Vera,Oxybenzone,Yes,Yes,334,3.5,Available,89
DERMA-0870,Forest Essentials Micellar Balancing Mandelic Cleanser,Forest Essentials,Cleanser,Dry,Whiteheads,Low,Mandelic Acid; Niacinamide; Tocopherol (Vitamin E),Essential Oils; Oxybenzone,Yes,No,3131,3.8,Available,76
DERMA-0871,Plum Lactic Acid Smoothing Serum Glycolic Exfoliant,Plum,Exfoliant,Normal,Dullness,Medium,Glycolic Acid; Aloe Vera,Formaldehyde Releasers; Artificial Fragrance; Sulfates,Yes,Yes,413,4.5,Available,92
DERMA-0872,Pilgrim Peptide Follicle Booster Glycerin Scalp Care,Pilgrim,Scalp Care,Dry,No Major Concern,Medium,Glycerin; Hyaluronic Acid; Aloe Vera; Centella Asiatica; Allantoin,Essential Oils; Synthetic Dyes,No,Yes,1593,4.8,Available,82
DERMA-0873,Bioderma Detoxifying Clay Glycolic Face Mask,Bioderma,Face Mask,Normal,Whiteheads,Medium,Glycolic Acid; Lactic Acid; Salicylic Acid; Squalane,Artificial Fragrance; Parabens; Mineral Oil,No,Yes,272,5.0,Available,89
DERMA-0874,Kama Ayurveda Overnight Blemish Paste Vitamin Acne Treatment,Kama Ayurveda,Acne Treatment,Combination,Dullness,Low,Vitamin C; Lactic Acid; Allantoin; Green Tea Extract,Silicones; Synthetic Dyes,Yes,Yes,1135,4.7,Available,92
DERMA-0875,Cetaphil Daily Hydrating Lotion Activated Body Moisturizer,Cetaphil,Body Moisturizer,Dry,Blackheads,Medium,Activated Charcoal; Tocopherol (Vitamin E); Aloe Vera,Synthetic Dyes; Formaldehyde Releasers; Denatured Alcohol,No,Yes,2148,5.0,Available,83
DERMA-0876,The Derma Co Daily Hydrating Lotion Squalane Body Moisturizer,The Derma Co,Body Moisturizer,Dry,Skin Barrier Damage,Medium,Squalane; Panthenol; Hyaluronic Acid; Tocopherol (Vitamin E),Mineral Oil; Synthetic Dyes; Formaldehyde Releasers,Yes,No,1262,5.0,Available,87
DERMA-0877,Deconstruct Exfoliating Scalp Serum Glycerin Scalp Care,Deconstruct,Scalp Care,Oily,No Major Concern,Medium,Glycerin; Centella Asiatica; Aloe Vera,Essential Oils; Formaldehyde Releasers,Yes,Yes,514,3.7,Available,91
DERMA-0878,Cetaphil Salicylic Acid Flake Control Green Anti-Dandruff Shampoo,Cetaphil,Anti-Dandruff Shampoo,Sensitive,No Major Concern,Medium,Green Tea Extract; Niacinamide; Aloe Vera; Allantoin,Formaldehyde Releasers; Synthetic Dyes,Yes,Yes,1367,4.3,Available,93
DERMA-0879,Cosrx Active Acne SOS Solution Lactic Acne Treatment,Cosrx,Acne Treatment,Oily,Dullness,Low,Lactic Acid; Centella Asiatica,Oxybenzone,Yes,Yes,999,3.7,Available,87
DERMA-0880,The Derma Co Pore Refining Kojic Cleanser,The Derma Co,Cleanser,Oily,Hyperpigmentation,Low,Kojic Acid; Licorice Extract; Panthenol; Centella Asiatica,Phthalates; Synthetic Dyes,Yes,Yes,379,4.7,Available,98
DERMA-0881,Biotique Oil-Free Hydro Gel Peptides Moisturizer,Biotique,Moisturizer,Dry,Skin Barrier Damage,Low,Peptides; Centella Asiatica; Green Tea Extract,Sulfates; Mineral Oil; Silicones,No,No,549,4.0,Available,78
DERMA-0882,Pilgrim Enzyme Resurfacing Scrub BHA Exfoliant,Pilgrim,Exfoliant,Sensitive,Blackheads,High,BHA; Zinc PCA; Niacinamide; Allantoin; Aloe Vera,Sulfates; Formaldehyde Releasers; Silicones,No,Yes,529,3.8,Available,79
DERMA-0883,Sebamed Detoxifying Clay Zinc Face Mask,Sebamed,Face Mask,Combination,Acne,Medium,Zinc PCA; Niacinamide; Tocopherol (Vitamin E),Oxybenzone; Synthetic Dyes,No,Yes,3598,4.3,Available,76
DERMA-0884,Avene Enzyme Resurfacing Scrub Niacinamide Exfoliant,Avene,Exfoliant,Oily,Blackheads,Low,Niacinamide; Allantoin,Essential Oils; Silicones,No,Yes,349,4.0,Available,83
DERMA-0885,Forest Essentials Ultra Matte Dry Touch Panthenol Sunscreen,Forest Essentials,Sunscreen,Oily,Redness,Medium,Panthenol; Green Tea Extract; Allantoin,Phthalates; Mineral Oil,Yes,Yes,516,4.1,Available,94
DERMA-0886,Neutrogena Azelaic & Cica Calming Salicylic Serum,Neutrogena,Serum,Oily,Acne,Medium,Salicylic Acid; Azelaic Acid; Tea Tree Oil; Panthenol,Parabens; Denatured Alcohol,Yes,Yes,462,5.0,Available,100
DERMA-0887,Suganda BHA Clarifying Concentrate Green Acne Treatment,Suganda,Acne Treatment,Combination,Excess Oil,High,Green Tea Extract; Niacinamide; Aloe Vera; Centella Asiatica,Silicones; Phthalates; Formaldehyde Releasers,No,Yes,284,4.7,Available,86
DERMA-0888,Chemist at Play 2% Hyaluronic Acid Glow Squalane Serum,Chemist at Play,Serum,Sensitive,Skin Barrier Damage,High,Squalane; Hyaluronic Acid; Allantoin; Centella Asiatica,Denatured Alcohol,Yes,No,3253,4.8,Unavailable,83
DERMA-0889,Plum Deep Cleansing Benzoyl Cleanser,Plum,Cleanser,Oily,Acne,Low,Benzoyl Peroxide; Niacinamide; Salicylic Acid; Panthenol,Sulfates; Mineral Oil; Oxybenzone,Yes,Yes,364,4.1,Available,96
DERMA-0890,Dr. Sheth's Moisture Surge Jelly Hyaluronic Face Mask,Dr. Sheth's,Face Mask,Dry,Skin Barrier Damage,High,Hyaluronic Acid; Peptides; Squalane; Allantoin; Tocopherol (Vitamin E),Essential Oils; Silicones; Phthalates,Yes,No,1336,4.3,Unavailable,81
DERMA-0891,Dr. Sheth's Ceramide Barrier Kojic Moisturizer,Dr. Sheth's,Moisturizer,Oily,Hyperpigmentation,Low,Kojic Acid; Tocopherol (Vitamin E); Glycerin,Essential Oils; Artificial Fragrance; Formaldehyde Releasers,Yes,Yes,794,4.3,Available,94
DERMA-0892,Foxtale Calming Cream Tea Cleanser,Foxtale,Cleanser,Combination,Dandruff,Low,Tea Tree Oil; Squalane,Phthalates; Artificial Fragrance,Yes,Yes,1074,4.0,Available,89
DERMA-0893,Dot & Key Enzyme Resurfacing Scrub Green Exfoliant,Dot & Key,Exfoliant,Oily,Excess Oil,Medium,Green Tea Extract; Witch Hazel; Panthenol; Squalane,Formaldehyde Releasers; Oxybenzone,Yes,Yes,988,4.6,Available,91
DERMA-0894,Avene Hydra Boost Squalane Face Wash,Avene,Face Wash,Sensitive,Skin Barrier Damage,Medium,Squalane; Tocopherol (Vitamin E),Formaldehyde Releasers,Yes,Yes,723,4.7,Available,88
DERMA-0895,Cetaphil Lactic Acid Smoothing Serum Ferulic Exfoliant,Cetaphil,Exfoliant,Combination,Dullness,Low,Ferulic Acid; Papaya Enzyme; Glycolic Acid; Green Tea Extract,Artificial Fragrance,No,Yes,1180,4.5,Available,84
DERMA-0896,Neutrogena Piroctone Olamine Soothing Wash Green Anti-Dandruff Shampoo,Neutrogena,Anti-Dandruff Shampoo,Normal,No Major Concern,Medium,Green Tea Extract; Allantoin,Mineral Oil,Yes,Yes,850,4.0,Available,90
DERMA-0897,Cosrx Ultra Matte Dry Touch Licorice Sunscreen,Cosrx,Sunscreen,Combination,Uneven Skin Tone,High,Licorice Extract; Retinol; Glycolic Acid; Panthenol,Denatured Alcohol; Essential Oils,Yes,Yes,867,4.6,Unavailable,95
DERMA-0898,Avene Ketoconazole & Zinc Scalp Defense Selenium Anti-Dandruff Shampoo Pro 1,Avene,Anti-Dandruff Shampoo,Dry,Dandruff,High,Selenium Sulfide; Ketoconazole; Zinc Pyrithione; Aloe Vera,Artificial Fragrance,Yes,Yes,540,3.7,Available,86
DERMA-0899,Suganda Moisture Surge Jelly Glycerin Face Mask,Suganda,Face Mask,Normal,No Major Concern,Low,Glycerin; Green Tea Extract; Panthenol,Parabens,Yes,No,700,4.5,Available,87
DERMA-0900,The Derma Co Moisture Surge Jelly Niacinamide Face Mask,The Derma Co,Face Mask,Dry,Hyperpigmentation,Low,Niacinamide; Tranexamic Acid; Green Tea Extract; Aloe Vera,Lanolin,Yes,No,1499,4.6,Available,88
DERMA-0901,Kama Ayurveda Ceramide Barrier Centella Moisturizer,Kama Ayurveda,Moisturizer,Dry,Skin Barrier Damage,High,Centella Asiatica; Panthenol,Essential Oils; Silicones,No,Yes,3850,4.0,Available,82
DERMA-0902,Dot & Key Daily Dew Gel Squalane Sunscreen,Dot & Key,Sunscreen,Sensitive,Dryness,High,Squalane; Glycerin; Hyaluronic Acid; Tocopherol (Vitamin E),Phthalates,Yes,Yes,1352,4.7,Available,85
DERMA-0903,Avene Hydra Sun Shield Selenium Sunscreen,Avene,Sunscreen,Oily,Dandruff,Low,Selenium Sulfide; Ketoconazole; Tea Tree Oil; Squalane,Oxybenzone,Yes,Yes,718,4.3,Available,94
DERMA-0904,Deconstruct Pore Minimizing Ceramides Toner,Deconstruct,Toner,Normal,Skin Barrier Damage,High,Ceramides; Squalane; Hyaluronic Acid; Tocopherol (Vitamin E); Glycerin,Artificial Fragrance,Yes,Yes,568,4.4,Available,95
DERMA-0905,Pilgrim Rapid Action Spot Corrector Glycolic Acne Treatment,Pilgrim,Acne Treatment,Normal,Dullness,High,Glycolic Acid; Vitamin C; Lactic Acid; Squalane,Mineral Oil; Essential Oils,Yes,Yes,290,3.2,Available,87
DERMA-0906,Simple Anti-Acne Purifying Ferulic Face Wash,Simple,Face Wash,Dry,Dullness,Low,Ferulic Acid; Niacinamide; Glycolic Acid; Glycerin; Centella Asiatica,Mineral Oil; Artificial Fragrance; Oxybenzone,Yes,Yes,207,4.5,Available,97
DERMA-0907,Re'equil Salicylic Acid Flake Control Colloidal Anti-Dandruff Shampoo,Re'equil,Anti-Dandruff Shampoo,Normal,Redness,Medium,Colloidal Oatmeal; Centella Asiatica; Madecassoside; Allantoin; Squalane,Phthalates; Parabens; Sulfates,No,Yes,1985,4.4,Unavailable,79
DERMA-0908,Forest Essentials Charcoal Pore Clearing Mandelic Face Mask,Forest Essentials,Face Mask,Combination,Whiteheads,Low,Mandelic Acid; Panthenol,Artificial Fragrance,No,Yes,3230,4.5,Available,81
DERMA-0909,Dot & Key Lactic Acid Smoothing Serum Zinc Exfoliant,Dot & Key,Exfoliant,Normal,Blackheads,Low,Zinc PCA; Salicylic Acid; Squalane; Aloe Vera,Parabens; Silicones; Essential Oils,Yes,Yes,343,3.0,Available,88
DERMA-0910,CeraVe Water Gel Centella Moisturizer,CeraVe,Moisturizer,Oily,Redness,Medium,Centella Asiatica; Green Tea Extract,Silicones; Phthalates,No,Yes,356,4.0,Available,78
DERMA-0911,Deconstruct 10% Urea Repair Kaolin Body Moisturizer,Deconstruct,Body Moisturizer,Combination,Blackheads,Low,Kaolin Clay; Salicylic Acid; Centella Asiatica,Silicones; Parabens,No,No,229,4.3,Available,77
DERMA-0912,Re'equil Deep Cleansing Retinol Cleanser,Re'equil,Cleanser,Normal,Uneven Skin Tone,Low,Retinol; Squalane,Parabens; Formaldehyde Releasers; Lanolin,Yes,Yes,3000,3.3,Available,79
DERMA-0913,Bioderma Calming Cream Kaolin Cleanser,Bioderma,Cleanser,Oily,Blackheads,Medium,Kaolin Clay; Allantoin; Aloe Vera,Phthalates,Yes,Yes,223,4.4,Unavailable,93
DERMA-0914,Fixderma Retinol Night Renewal Lactic Serum,Fixderma,Serum,Dry,Whiteheads,Low,Lactic Acid; AHA; Mandelic Acid; Aloe Vera; Tocopherol (Vitamin E),Silicones; Synthetic Dyes; Denatured Alcohol,No,Yes,260,3.8,Available,85
DERMA-0915,Re'equil Tea Tree Scalp Detox Salicylic Scalp Care,Re'equil,Scalp Care,Combination,Excess Oil,Low,Salicylic Acid; Green Tea Extract; Tocopherol (Vitamin E); Allantoin,Mineral Oil,No,No,322,4.6,Available,80
DERMA-0916,The Derma Co 2% Hyaluronic Acid Glow Glycolic Serum,The Derma Co,Serum,Normal,Whiteheads,Low,Glycolic Acid; Niacinamide; Salicylic Acid; Aloe Vera,Phthalates; Oxybenzone; Lanolin,Yes,Yes,1652,3.5,Available,87
DERMA-0917,CeraVe 10% Urea Repair Licorice Body Moisturizer,CeraVe,Body Moisturizer,Dry,Uneven Skin Tone,Medium,Licorice Extract; Vitamin C; Niacinamide; Tocopherol (Vitamin E); Green Tea Extract,Sulfates; Mineral Oil; Artificial Fragrance,Yes,No,510,3.3,Available,85
DERMA-0918,Avene Mandelic Radiance Solution Green Exfoliant,Avene,Exfoliant,Normal,Excess Oil,Medium,Green Tea Extract; Niacinamide; Witch Hazel; Centella Asiatica; Aloe Vera,Denatured Alcohol; Sulfates; Silicones,Yes,Yes,2108,4.2,Available,87
DERMA-0919,The Derma Co Enzyme Resurfacing Scrub Zinc Exfoliant,The Derma Co,Exfoliant,Sensitive,Excess Oil,High,Zinc PCA; Witch Hazel; Allantoin; Centella Asiatica,Parabens; Sulfates,Yes,Yes,419,4.9,Available,97
DERMA-0920,Deconstruct Gentle Hydrating Green Cleanser,Deconstruct,Cleanser,Sensitive,Excess Oil,Medium,Green Tea Extract; Aloe Vera,Oxybenzone,Yes,Yes,1276,3.2,Available,80
DERMA-0921,Cosrx Daily Refresh Activated Face Wash,Cosrx,Face Wash,Dry,Blackheads,Medium,Activated Charcoal; Zinc PCA; Kaolin Clay; Allantoin,Phthalates,No,Yes,1150,3.5,Available,78
DERMA-0922,Simple Calming Cream Alpha Cleanser,Simple,Cleanser,Oily,Uneven Skin Tone,High,Alpha Arbutin; Aloe Vera,Formaldehyde Releasers; Lanolin,No,Yes,1050,4.2,Unavailable,75
DERMA-0923,Deconstruct Pore Refining Tranexamic Cleanser,Deconstruct,Cleanser,Sensitive,Hyperpigmentation,High,Tranexamic Acid; Kojic Acid; Allantoin; Squalane,Essential Oils,Yes,Yes,906,4.0,Available,82
DERMA-0924,Dot & Key Cica Recovery Sheet Peptides Face Mask,Dot & Key,Face Mask,Normal,Skin Barrier Damage,Medium,Peptides; Hyaluronic Acid; Centella Asiatica; Squalane; Tocopherol (Vitamin E),Oxybenzone; Phthalates; Parabens,Yes,Yes,380,4.1,Available,90
DERMA-0925,CeraVe Gentle Soothing Niacinamide Face Wash,CeraVe,Face Wash,Sensitive,Whiteheads,High,Niacinamide; AHA; Salicylic Acid; Centella Asiatica; Green Tea Extract,Formaldehyde Releasers; Lanolin; Essential Oils,Yes,Yes,962,5.0,Available,100
DERMA-0926,Chemist at Play Soothing Scalp Tonic Aloe Scalp Care,Chemist at Play,Scalp Care,Dry,No Major Concern,Low,Aloe Vera; Panthenol; Centella Asiatica; Green Tea Extract,Lanolin,Yes,Yes,3258,4.9,Available,92
DERMA-0927,Simple 10% Vitamin C Radiance Ceramides Serum,Simple,Serum,Dry,Dryness,Low,Ceramides; Colloidal Oatmeal; Tocopherol (Vitamin E); Squalane,Silicones; Denatured Alcohol; Formaldehyde Releasers,Yes,Yes,492,5.0,Available,99
DERMA-0928,Cosrx Ketoconazole & Zinc Scalp Defense Green Anti-Dandruff Shampoo,Cosrx,Anti-Dandruff Shampoo,Combination,Excess Oil,Low,Green Tea Extract; Zinc PCA; Centella Asiatica; Aloe Vera,Silicones,Yes,No,664,4.0,Available,84
DERMA-0929,Re'equil Brightening Gel Glycerin Face Wash,Re'equil,Face Wash,Sensitive,No Major Concern,High,Glycerin; Aloe Vera; Niacinamide; Panthenol,Phthalates,Yes,No,2899,4.3,Available,82
DERMA-0930,Cosrx Detoxifying Clay Mandelic Face Mask,Cosrx,Face Mask,Oily,Whiteheads,Low,Mandelic Acid; Centella Asiatica; Tocopherol (Vitamin E),Denatured Alcohol,No,Yes,1039,4.5,Available,82
DERMA-0931,Re'equil Intensive Anti-Dandruff Treatment Panthenol Anti-Dandruff Shampoo,Re'equil,Anti-Dandruff Shampoo,Normal,Redness,High,Panthenol; Squalane; Glycerin,Artificial Fragrance; Denatured Alcohol; Synthetic Dyes,Yes,Yes,1159,3.8,Unavailable,92
DERMA-0932,Minimalist Exfoliating Glow Glycolic Toner,Minimalist,Toner,Normal,Uneven Skin Tone,Low,Glycolic Acid; Niacinamide; Green Tea Extract,Artificial Fragrance; Silicones; Oxybenzone,Yes,Yes,1231,3.7,Available,89
DERMA-0933,La Roche-Posay Ketoconazole & Zinc Scalp Defense Panthenol Anti-Dandruff Shampoo,La Roche-Posay,Anti-Dandruff Shampoo,Combination,No Major Concern,Medium,Panthenol; Hyaluronic Acid; Aloe Vera; Green Tea Extract; Tocopherol (Vitamin E),Oxybenzone; Parabens,Yes,Yes,268,4.1,Available,95
DERMA-0934,Suganda Clarifying Liquid Exfoliant Glycolic Exfoliant,Suganda,Exfoliant,Combination,Whiteheads,Medium,Glycolic Acid; Niacinamide; Allantoin; Tocopherol (Vitamin E),Lanolin; Parabens; Essential Oils,Yes,Yes,1389,3.5,Available,87
DERMA-0935,Re'equil Pore Minimizing Green Toner,Re'equil,Toner,Combination,Redness,High,Green Tea Extract; Allantoin; Colloidal Oatmeal; Squalane; Glycerin,Phthalates; Parabens,Yes,Yes,534,4.0,Available,89
DERMA-0936,Bioderma Alpha Arbutin Pigment Correct Benzoyl Serum,Bioderma,Serum,Dry,Acne,Low,Benzoyl Peroxide; Azelaic Acid; Squalane; Tocopherol (Vitamin E),Parabens; Mineral Oil,Yes,Yes,206,3.9,Available,92
DERMA-0937,Forest Essentials Hydrating Milky Green Toner,Forest Essentials,Toner,Combination,Excess Oil,Medium,Green Tea Extract; Salicylic Acid; Clay; Allantoin,Synthetic Dyes; Parabens; Silicones,Yes,Yes,599,3.6,Available,94
DERMA-0938,Plum Peptide Follicle Booster Salicylic Scalp Care,Plum,Scalp Care,Sensitive,Excess Oil,High,Salicylic Acid; Clay; Witch Hazel; Glycerin,Lanolin,Yes,Yes,294,4.9,Available,90
DERMA-0939,Biotique Ceramide Barrier Lactic Moisturizer,Biotique,Moisturizer,Normal,Whiteheads,High,Lactic Acid; AHA; Allantoin; Tocopherol (Vitamin E),Sulfates,Yes,Yes,562,4.4,Available,93
DERMA-0940,Simple 2% Salicylic Acid Clarifying Niacinamide Serum,Simple,Serum,Sensitive,Uneven Skin Tone,Medium,Niacinamide; Licorice Extract; Retinol; Aloe Vera; Green Tea Extract,Formaldehyde Releasers; Artificial Fragrance,No,Yes,2208,4.2,Available,76
DERMA-0941,Deconstruct Calming Cream Witch Cleanser,Deconstruct,Cleanser,Combination,Excess Oil,Low,Witch Hazel; Allantoin; Aloe Vera,Sulfates; Artificial Fragrance; Parabens,No,Yes,834,4.1,Available,83
DERMA-0942,Kama Ayurveda Intensive Anti-Dandruff Treatment Glycerin Anti-Dandruff Shampoo,Kama Ayurveda,Anti-Dandruff Shampoo,Combination,No Major Concern,Low,Glycerin; Panthenol; Green Tea Extract; Centella Asiatica,Sulfates,Yes,No,838,3.2,Available,79
DERMA-0943,Kama Ayurveda 2% Hyaluronic Acid Glow Zinc Serum,Kama Ayurveda,Serum,Oily,Acne,Medium,Zinc PCA; Tea Tree Oil; Panthenol; Squalane,Sulfates,Yes,Yes,298,4.6,Available,99
DERMA-0944,Cosrx Shea Butter Rich Balm Peptides Body Moisturizer,Cosrx,Body Moisturizer,Normal,Skin Barrier Damage,Low,Peptides; Squalane; Allantoin,Denatured Alcohol; Oxybenzone; Artificial Fragrance,No,No,297,4.9,Available,84
DERMA-0945,Cosrx Hydrating Milky Hyaluronic Toner,Cosrx,Toner,Dry,Dryness,High,Hyaluronic Acid; Colloidal Oatmeal; Shea Butter; Glycerin,Mineral Oil; Oxybenzone,Yes,Yes,510,5.0,Available,94
DERMA-0946,Simple Daily Hydrating Ketoconazole Moisturizer,Simple,Moisturizer,Combination,Dandruff,High,Ketoconazole; Piroctone Olamine; Allantoin,Silicones; Phthalates; Oxybenzone,Yes,Yes,668,4.2,Available,87
DERMA-0947,Dot & Key 2% Salicylic Acid Clarifying Vitamin Serum,Dot & Key,Serum,Combination,Dullness,High,Vitamin C; Papaya Enzyme; Green Tea Extract,Sulfates; Phthalates; Synthetic Dyes,No,Yes,1403,4.1,Available,80
DERMA-0948,Pilgrim Soothing Scalp Tonic Green Scalp Care,Pilgrim,Scalp Care,Dry,Redness,Medium,Green Tea Extract; Allantoin; Panthenol; Aloe Vera; Tocopherol (Vitamin E),Synthetic Dyes; Parabens; Denatured Alcohol,Yes,Yes,1319,4.2,Available,91
DERMA-0949,Neutrogena 10% Vitamin C Radiance Squalane Serum,Neutrogena,Serum,Normal,Skin Barrier Damage,High,Squalane; Green Tea Extract; Panthenol,Denatured Alcohol,Yes,Yes,3780,3.8,Available,85
DERMA-0950,La Roche-Posay Daily Hydrating Lotion Alpha Body Moisturizer,La Roche-Posay,Body Moisturizer,Oily,Hyperpigmentation,High,Alpha Arbutin; Tranexamic Acid; Tocopherol (Vitamin E),Formaldehyde Releasers,No,Yes,3867,3.7,Available,70
DERMA-0951,Dot & Key Ceramide Barrier Salicylic Moisturizer,Dot & Key,Moisturizer,Oily,Acne,Medium,Salicylic Acid; Squalane,Silicones; Lanolin,Yes,Yes,214,3.5,Available,88
DERMA-0952,Chemist at Play Lactic Acid Smoothing Serum Lactic Exfoliant,Chemist at Play,Exfoliant,Normal,Dullness,Low,Lactic Acid; Allantoin; Panthenol,Lanolin,Yes,No,2685,4.2,Unavailable,83
DERMA-0953,La Roche-Posay Soothing Scalp Tonic Tea Scalp Care,La Roche-Posay,Scalp Care,Combination,Dandruff,Medium,Tea Tree Oil; Zinc Pyrithione; Green Tea Extract,Silicones; Synthetic Dyes,Yes,Yes,1900,4.5,Available,85
DERMA-0954,Deconstruct Pore Minimizing Azelaic Toner,Deconstruct,Toner,Dry,Acne,Low,Azelaic Acid; Tea Tree Oil; Benzoyl Peroxide; Green Tea Extract,Lanolin,No,No,541,4.3,Available,80
DERMA-0955,Cetaphil Anti-Acne Purifying Ceramides Face Wash,Cetaphil,Face Wash,Oily,Skin Barrier Damage,High,Ceramides; Centella Asiatica; Panthenol; Green Tea Extract,Mineral Oil; Sulfates; Silicones,Yes,No,1080,4.9,Available,90
DERMA-0956,Suganda Mineral Broad Spectrum Niacinamide Sunscreen,Suganda,Sunscreen,Normal,Whiteheads,Medium,Niacinamide; Salicylic Acid; Lactic Acid; Squalane,Phthalates; Parabens; Formaldehyde Releasers,Yes,Yes,1171,4.4,Available,94
DERMA-0957,Bioderma Micellar Foaming Niacinamide Face Wash,Bioderma,Face Wash,Normal,Uneven Skin Tone,High,Niacinamide; Vitamin C; Licorice Extract; Squalane; Allantoin,Phthalates; Sulfates,Yes,Yes,1595,4.1,Available,79
DERMA-0958,Plum Pore Minimizing Green Toner,Plum,Toner,Combination,Excess Oil,Medium,Green Tea Extract; Panthenol,Formaldehyde Releasers,Yes,Yes,1185,3.9,Available,84
DERMA-0959,Cetaphil Clarifying Liquid Exfoliant Lactic Exfoliant,Cetaphil,Exfoliant,Sensitive,Whiteheads,High,Lactic Acid; Mandelic Acid; Panthenol,Denatured Alcohol; Silicones,No,Yes,237,4.8,Available,92
DERMA-0960,Plum 2% Hyaluronic Acid Glow Zinc Serum,Plum,Serum,Oily,Dandruff,Medium,Zinc Pyrithione; Piroctone Olamine; Aloe Vera,Formaldehyde Releasers; Synthetic Dyes,Yes,Yes,561,4.6,Available,94
DERMA-0961,Pilgrim Ketoconazole & Zinc Scalp Defense Allantoin Anti-Dandruff Shampoo,Pilgrim,Anti-Dandruff Shampoo,Normal,Redness,Low,Allantoin; Colloidal Oatmeal; Panthenol; Centella Asiatica,Formaldehyde Releasers; Artificial Fragrance,Yes,Yes,2079,4.9,Available,89
DERMA-0962,WishCare Lactic Acid Body Smooth Panthenol Body Moisturizer,WishCare,Body Moisturizer,Oily,No Major Concern,Low,Panthenol; Niacinamide; Aloe Vera; Centella Asiatica,Essential Oils,Yes,Yes,439,4.9,Unavailable,99
DERMA-0963,Dot & Key Detoxifying Clay Salicylic Face Mask,Dot & Key,Face Mask,Sensitive,Blackheads,Medium,Salicylic Acid; Panthenol; Allantoin,Denatured Alcohol; Phthalates; Essential Oils,No,Yes,413,5.0,Available,89
DERMA-0964,Suganda Overnight Blemish Paste Benzoyl Acne Treatment,Suganda,Acne Treatment,Normal,Acne,Low,Benzoyl Peroxide; Salicylic Acid; Azelaic Acid; Green Tea Extract,Synthetic Dyes,No,No,1947,4.7,Unavailable,79
DERMA-0965,Cetaphil Spot Clearing Gel Kaolin Acne Treatment,Cetaphil,Acne Treatment,Normal,Blackheads,Low,Kaolin Clay; Panthenol,Parabens,No,Yes,1429,3.8,Available,80
DERMA-0966,CeraVe Piroctone Olamine Soothing Wash Salicylic Anti-Dandruff Shampoo,CeraVe,Anti-Dandruff Shampoo,Combination,Dandruff,Medium,Salicylic Acid; Zinc Pyrithione; Tea Tree Oil; Squalane; Centella Asiatica,Synthetic Dyes; Essential Oils; Silicones,Yes,Yes,330,4.4,Available,95
DERMA-0967,Suganda Daily Refresh Niacinamide Face Wash,Suganda,Face Wash,Normal,No Major Concern,Low,Niacinamide; Centella Asiatica,Sulfates; Essential Oils; Lanolin,No,No,222,4.7,Available,80
DERMA-0968,La Roche-Posay Tea Tree Scalp Detox Salicylic Scalp Care,La Roche-Posay,Scalp Care,Oily,Excess Oil,Low,Salicylic Acid; Green Tea Extract; Witch Hazel; Panthenol,Silicones,Yes,No,338,4.9,Unavailable,91
DERMA-0969,The Derma Co Salicylic Acid Flake Control Panthenol Anti-Dandruff Shampoo,The Derma Co,Anti-Dandruff Shampoo,Sensitive,No Major Concern,High,Panthenol; Green Tea Extract; Squalane,Artificial Fragrance; Mineral Oil,Yes,No,521,4.6,Available,91
DERMA-0970,The Derma Co Active Acne SOS Solution Lactic Acne Treatment,The Derma Co,Acne Treatment,Oily,Whiteheads,Low,Lactic Acid; Aloe Vera; Centella Asiatica,Mineral Oil; Sulfates,Yes,Yes,2153,4.1,Available,85
DERMA-0971,Pilgrim Deep Cleansing Salicylic Cleanser,Pilgrim,Cleanser,Sensitive,Acne,High,Salicylic Acid; Centella Asiatica; Green Tea Extract,Oxybenzone,Yes,Yes,1908,5.0,Available,94
DERMA-0972,Sebamed Brightening Gel Squalane Face Wash,Sebamed,Face Wash,Sensitive,Skin Barrier Damage,High,Squalane; Peptides; Green Tea Extract,Artificial Fragrance; Lanolin; Parabens,Yes,Yes,979,3.7,Available,81
DERMA-0973,CeraVe Salicylic Acid Flake Control Selenium Anti-Dandruff Shampoo,CeraVe,Anti-Dandruff Shampoo,Dry,Dandruff,High,Selenium Sulfide; Green Tea Extract; Squalane,Parabens,No,Yes,1707,4.4,Available,78
DERMA-0974,Dot & Key Overnight Blemish Paste Lactic Acne Treatment,Dot & Key,Acne Treatment,Sensitive,Dullness,High,Lactic Acid; Vitamin C; Allantoin; Squalane,Lanolin; Essential Oils,No,Yes,1163,4.3,Available,78
DERMA-0975,WishCare Salicylic Acid Flake Control Centella Anti-Dandruff Shampoo,WishCare,Anti-Dandruff Shampoo,Oily,Redness,Low,Centella Asiatica; Panthenol; Squalane,Essential Oils; Denatured Alcohol; Parabens,Yes,Yes,1192,4.5,Available,89
DERMA-0976,Re'equil Hydrating Milky Glycolic Toner,Re'equil,Toner,Oily,Uneven Skin Tone,Medium,Glycolic Acid; Allantoin; Aloe Vera,Mineral Oil; Synthetic Dyes; Oxybenzone,No,Yes,2971,4.5,Available,80
DERMA-0977,La Roche-Posay Rapid Action Spot Corrector Niacinamide Acne Treatment,La Roche-Posay,Acne Treatment,Sensitive,Dullness,High,Niacinamide; Glycerin; Green Tea Extract,Silicones,Yes,Yes,479,4.8,Available,91
DERMA-0978,CeraVe Calming Cream Witch Cleanser,CeraVe,Cleanser,Dry,Excess Oil,Medium,Witch Hazel; Centella Asiatica,Synthetic Dyes; Mineral Oil,Yes,Yes,400,4.4,Available,92
DERMA-0979,Suganda Multi-Peptide Recovery Salicylic Moisturizer,Suganda,Moisturizer,Combination,Blackheads,Low,Salicylic Acid; Tocopherol (Vitamin E); Aloe Vera,Denatured Alcohol; Artificial Fragrance,Yes,Yes,253,3.8,Available,94
DERMA-0980,Dot & Key Soothing Scalp Tonic Niacinamide Scalp Care,Dot & Key,Scalp Care,Dry,Excess Oil,Medium,Niacinamide; Glycerin,Silicones; Oxybenzone; Parabens,Yes,Yes,525,4.3,Available,92
DERMA-0981,Cosrx Pore Minimizing Niacinamide Toner,Cosrx,Toner,Sensitive,Dullness,High,Niacinamide; Aloe Vera; Allantoin,Synthetic Dyes,Yes,No,546,3.5,Available,76
DERMA-0982,Suganda Lactic Acid Body Smooth Alpha Body Moisturizer,Suganda,Body Moisturizer,Sensitive,Uneven Skin Tone,High,Alpha Arbutin; Centella Asiatica; Allantoin,Parabens; Essential Oils,No,No,290,5.0,Available,80
DERMA-0983,Plum Enzyme Resurfacing Scrub Glycolic Exfoliant,Plum,Exfoliant,Sensitive,Whiteheads,High,Glycolic Acid; Salicylic Acid; Glycerin,Sulfates; Lanolin,Yes,Yes,2424,4.1,Available,81
DERMA-0984,WishCare Multi-Peptide Recovery Hyaluronic Moisturizer,WishCare,Moisturizer,Oily,Skin Barrier Damage,Medium,Hyaluronic Acid; Ceramides; Glycerin; Green Tea Extract,Synthetic Dyes; Sulfates,No,Yes,256,3.6,Available,78
DERMA-0985,Cosrx Spot Clearing Gel Niacinamide Acne Treatment,Cosrx,Acne Treatment,Oily,Whiteheads,Medium,Niacinamide; Lactic Acid; Allantoin,Formaldehyde Releasers; Lanolin,No,Yes,1368,4.7,Available,82
DERMA-0986,Suganda Ketoconazole & Zinc Scalp Defense Clay Anti-Dandruff Shampoo,Suganda,Anti-Dandruff Shampoo,Oily,Excess Oil,Medium,Clay; Green Tea Extract; Zinc PCA; Panthenol; Aloe Vera,Oxybenzone,Yes,No,2065,4.2,Available,84
DERMA-0987,Fixderma Ceramide Barrier Benzoyl Moisturizer,Fixderma,Moisturizer,Oily,Acne,Low,Benzoyl Peroxide; Panthenol,Artificial Fragrance; Parabens; Denatured Alcohol,Yes,Yes,448,4.9,Available,97
DERMA-0988,Simple Salicylic Acid Flake Control Piroctone Anti-Dandruff Shampoo,Simple,Anti-Dandruff Shampoo,Oily,Dandruff,Low,Piroctone Olamine; Zinc Pyrithione; Ketoconazole; Glycerin,Parabens,No,Yes,2634,4.1,Unavailable,83
DERMA-0989,Plum Ultra Matte Dry Touch Licorice Sunscreen,Plum,Sunscreen,Dry,Hyperpigmentation,Medium,Licorice Extract; Tocopherol (Vitamin E),Lanolin; Essential Oils,Yes,No,2035,3.7,Available,75
DERMA-0990,CeraVe Hydrating Milky Niacinamide Toner,CeraVe,Toner,Dry,Acne,Medium,Niacinamide; Tea Tree Oil; Azelaic Acid; Green Tea Extract; Tocopherol (Vitamin E),Sulfates; Synthetic Dyes; Formaldehyde Releasers,No,Yes,235,4.2,Available,85
DERMA-0991,Dot & Key Nourishing Oat Milk Lactic Body Moisturizer,Dot & Key,Body Moisturizer,Oily,Whiteheads,Medium,Lactic Acid; Squalane; Aloe Vera,Parabens; Artificial Fragrance; Synthetic Dyes,No,No,2393,4.8,Available,75
DERMA-0992,Pilgrim Detoxifying Clay Ceramides Face Mask,Pilgrim,Face Mask,Combination,Dryness,Medium,Ceramides; Squalane,Parabens; Formaldehyde Releasers,Yes,Yes,484,4.8,Available,97
DERMA-0993,Dr. Sheth's Balancing BHA Azelaic Toner,Dr. Sheth's,Toner,Normal,Acne,Low,Azelaic Acid; Green Tea Extract; Panthenol,Denatured Alcohol,No,No,589,4.3,Available,80
DERMA-0994,Sebamed Hydra Sun Shield Ketoconazole Sunscreen,Sebamed,Sunscreen,Combination,Dandruff,Medium,Ketoconazole; Salicylic Acid; Panthenol; Tocopherol (Vitamin E),Artificial Fragrance,No,Yes,421,3.8,Available,78
DERMA-0995,Cetaphil Retinol Night Renewal Lactic Serum,Cetaphil,Serum,Dry,Dullness,Low,Lactic Acid; Papaya Enzyme; Ferulic Acid; Panthenol; Glycerin,Formaldehyde Releasers; Lanolin; Parabens,Yes,Yes,3933,4.9,Available,92
DERMA-0996,Plum Soothing Scalp Tonic Witch Scalp Care,Plum,Scalp Care,Normal,Excess Oil,High,Witch Hazel; Green Tea Extract; Salicylic Acid; Allantoin,Mineral Oil; Essential Oils; Artificial Fragrance,Yes,Yes,2264,4.0,Available,84
DERMA-0997,The Derma Co Active Acne SOS Solution Licorice Acne Treatment,The Derma Co,Acne Treatment,Combination,Hyperpigmentation,Low,Licorice Extract; Allantoin,Lanolin,Yes,Yes,3666,4.1,Unavailable,84
DERMA-0998,Kama Ayurveda Enzyme Resurfacing Scrub Niacinamide Exfoliant,Kama Ayurveda,Exfoliant,Normal,Dullness,High,Niacinamide; Ferulic Acid; Green Tea Extract; Allantoin,Essential Oils; Silicones,Yes,Yes,1477,4.2,Available,86
DERMA-0999,Pilgrim Daily Hydrating Lotion AHA Body Moisturizer,Pilgrim,Body Moisturizer,Sensitive,Whiteheads,Low,AHA; Glycolic Acid; Green Tea Extract,Mineral Oil; Parabens,Yes,Yes,608,3.2,Unavailable,88
DERMA-1000,Simple Clear Glow Niacinamide Face Wash,Simple,Face Wash,Combination,Hyperpigmentation,Medium,Niacinamide; Tranexamic Acid; Centella Asiatica; Squalane,Artificial Fragrance; Sulfates,Yes,Yes,340,3.7,Available,90
DERMA-1001,Suganda Ketoconazole & Zinc Scalp Defense Piroctone Anti-Dandruff Shampoo,Suganda,Anti-Dandruff Shampoo,Normal,Dandruff,Low,Piroctone Olamine; Tocopherol (Vitamin E); Allantoin,Silicones,Yes,No,361,4.5,Available,88
DERMA-1002,Bioderma Pore Minimizing Ceramides Toner,Bioderma,Toner,Dry,Skin Barrier Damage,Medium,Ceramides; Squalane; Hyaluronic Acid; Centella Asiatica; Panthenol,Artificial Fragrance,Yes,No,572,4.0,Available,83
DERMA-1003,Cosrx 10% Niacinamide + Zinc Vitamin Serum,Cosrx,Serum,Combination,Hyperpigmentation,Low,Vitamin C; Tranexamic Acid; Niacinamide; Centella Asiatica; Squalane,Oxybenzone; Lanolin; Phthalates,No,Yes,298,4.0,Available,90
DERMA-1004,Chemist at Play Pore Refining Lactic Cleanser,Chemist at Play,Cleanser,Sensitive,Whiteheads,Medium,Lactic Acid; Aloe Vera; Allantoin,Silicones; Lanolin; Mineral Oil,No,Yes,438,4.0,Available,80
DERMA-1005,The Derma Co Clarifying Scalp Scrub Ketoconazole Scalp Care,The Derma Co,Scalp Care,Normal,Dandruff,Medium,Ketoconazole; Green Tea Extract; Aloe Vera,Oxybenzone; Parabens; Lanolin,No,No,3481,4.4,Available,69
DERMA-1006,Dot & Key Overnight Blemish Paste Witch Acne Treatment,Dot & Key,Acne Treatment,Combination,Excess Oil,Low,Witch Hazel; Niacinamide; Zinc PCA; Allantoin; Tocopherol (Vitamin E),Parabens,Yes,Yes,392,4.0,Available,93
DERMA-1007,WishCare Cica Soothing Salicylic Moisturizer,WishCare,Moisturizer,Sensitive,Whiteheads,High,Salicylic Acid; Tocopherol (Vitamin E); Panthenol,Lanolin,Yes,Yes,2942,4.7,Available,89
DERMA-1008,Plum Cica Soothing Centella Moisturizer,Plum,Moisturizer,Dry,Skin Barrier Damage,Medium,Centella Asiatica; Hyaluronic Acid; Squalane; Panthenol,Phthalates; Essential Oils,No,Yes,315,3.3,Available,75
DERMA-1009,Simple Overnight Blemish Paste Salicylic Acne Treatment,Simple,Acne Treatment,Normal,Acne,Low,Salicylic Acid; Azelaic Acid; Squalane,Phthalates; Sulfates; Formaldehyde Releasers,No,Yes,2318,4.0,Available,78
DERMA-1010,Sebamed Anti-Acne Purifying Squalane Face Wash,Sebamed,Face Wash,Combination,Skin Barrier Damage,Medium,Squalane; Hyaluronic Acid; Centella Asiatica; Tocopherol (Vitamin E),Oxybenzone; Silicones; Denatured Alcohol,No,Yes,1089,4.4,Available,81
DERMA-1011,Suganda Azelaic & Cica Calming Vitamin Serum,Suganda,Serum,Dry,Hyperpigmentation,Low,Vitamin C; Licorice Extract; Niacinamide; Allantoin,Denatured Alcohol; Lanolin; Artificial Fragrance,No,Yes,1286,4.6,Available,89
DERMA-1012,Chemist at Play Peptide Follicle Booster Clay Scalp Care,Chemist at Play,Scalp Care,Dry,Excess Oil,Medium,Clay; Tocopherol (Vitamin E); Panthenol,Parabens; Silicones; Essential Oils,Yes,Yes,2502,3.7,Available,86
DERMA-1013,Neutrogena Cica Recovery Sheet Vitamin Face Mask,Neutrogena,Face Mask,Oily,Dullness,Low,Vitamin C; Green Tea Extract; Allantoin,Denatured Alcohol; Sulfates; Formaldehyde Releasers,No,Yes,536,5.0,Available,93
DERMA-1014,The Derma Co Cica Recovery Sheet Panthenol Face Mask,The Derma Co,Face Mask,Combination,Skin Barrier Damage,High,Panthenol; Peptides; Ceramides; Squalane; Tocopherol (Vitamin E),Parabens; Mineral Oil,Yes,Yes,236,4.6,Available,100
DERMA-1015,Chemist at Play Brightening Gel Colloidal Face Wash,Chemist at Play,Face Wash,Combination,Dryness,Low,Colloidal Oatmeal; Glycerin; Squalane; Tocopherol (Vitamin E); Allantoin,Oxybenzone; Sulfates; Synthetic Dyes,No,Yes,816,3.7,Available,85
DERMA-1016,Dot & Key Clarifying Foaming Benzoyl Cleanser,Dot & Key,Cleanser,Normal,Acne,Medium,Benzoyl Peroxide; Allantoin,Oxybenzone; Phthalates; Sulfates,Yes,Yes,691,3.9,Available,86
DERMA-1017,Re'equil Lactic Acid Body Smooth Green Body Moisturizer,Re'equil,Body Moisturizer,Dry,No Major Concern,Low,Green Tea Extract; Niacinamide; Aloe Vera; Centella Asiatica,Phthalates; Essential Oils; Sulfates,No,Yes,446,4.3,Unavailable,86
DERMA-1018,Plum Enzyme Resurfacing Scrub Papaya Exfoliant,Plum,Exfoliant,Normal,Dullness,Medium,Papaya Enzyme; Ferulic Acid; Niacinamide; Green Tea Extract; Allantoin,Essential Oils; Oxybenzone; Synthetic Dyes,Yes,No,507,5.0,Available,94
DERMA-1019,Sebamed Overnight Blemish Paste Niacinamide Acne Treatment,Sebamed,Acne Treatment,Combination,Whiteheads,Low,Niacinamide; Mandelic Acid; AHA; Allantoin,Parabens,Yes,Yes,234,4.1,Available,97
DERMA-1020,Sebamed Retinol Night Renewal Piroctone Serum,Sebamed,Serum,Combination,Dandruff,Medium,Piroctone Olamine; Glycerin,Silicones,No,Yes,357,4.3,Available,83
DERMA-1021,Dr. Sheth's Enzyme Resurfacing Scrub Green Exfoliant,Dr. Sheth's,Exfoliant,Sensitive,Excess Oil,High,Green Tea Extract; Tocopherol (Vitamin E),Silicones; Parabens,Yes,No,1635,4.6,Available,73
DERMA-1022,Fixderma Hydra Sun Shield Zinc Sunscreen,Fixderma,Sunscreen,Oily,Dandruff,Medium,Zinc Pyrithione; Selenium Sulfide; Tea Tree Oil; Allantoin,Synthetic Dyes; Oxybenzone; Mineral Oil,No,Yes,989,4.3,Available,78
DERMA-1023,The Derma Co Tea Tree Anti-Flake Cleanser Madecassoside Anti-Dandruff Shampoo,The Derma Co,Anti-Dandruff Shampoo,Combination,Redness,High,Madecassoside; Aloe Vera,Oxybenzone; Essential Oils,Yes,Yes,239,4.6,Available,89
DERMA-1024,Cosrx Ceramide Intensive Cream Zinc Body Moisturizer,Cosrx,Body Moisturizer,Combination,Dandruff,Low,Zinc Pyrithione; Salicylic Acid; Centella Asiatica; Squalane,Lanolin; Essential Oils,No,Yes,1404,3.7,Available,81
DERMA-1025,Avene Anti-Acne Purifying Piroctone Face Wash,Avene,Face Wash,Normal,Dandruff,High,Piroctone Olamine; Centella Asiatica; Aloe Vera,Denatured Alcohol; Essential Oils,Yes,Yes,2580,5.0,Available,95
DERMA-1026,Cosrx Ultra Repair Colloidal Moisturizer,Cosrx,Moisturizer,Dry,Redness,High,Colloidal Oatmeal; Panthenol; Madecassoside; Glycerin; Allantoin,Sulfates,Yes,Yes,3838,4.3,Available,87
DERMA-1027,WishCare Oil-Free Hydro Gel Salicylic Moisturizer,WishCare,Moisturizer,Oily,Excess Oil,Medium,Salicylic Acid; Zinc PCA; Witch Hazel; Green Tea Extract; Panthenol,Synthetic Dyes; Artificial Fragrance,Yes,Yes,204,4.6,Available,95
DERMA-1028,Sebamed Micellar Foaming Aloe Face Wash,Sebamed,Face Wash,Dry,No Major Concern,Medium,Aloe Vera; Glycerin; Allantoin,Essential Oils,Yes,No,400,4.3,Available,87
DERMA-1029,WishCare Nourishing Oat Milk Centella Body Moisturizer,WishCare,Body Moisturizer,Normal,Redness,High,Centella Asiatica; Green Tea Extract; Glycerin; Squalane,Essential Oils; Sulfates; Denatured Alcohol,Yes,Yes,351,4.5,Available,95
DERMA-1030,Cetaphil Clear Glow Alpha Face Wash,Cetaphil,Face Wash,Dry,Uneven Skin Tone,Medium,Alpha Arbutin; Panthenol; Green Tea Extract,Artificial Fragrance; Parabens; Essential Oils,Yes,Yes,348,4.9,Available,96
DERMA-1031,Re'equil Tea Tree Scalp Detox Tea Scalp Care,Re'equil,Scalp Care,Oily,Dandruff,Low,Tea Tree Oil; Selenium Sulfide; Glycerin,Oxybenzone; Mineral Oil; Artificial Fragrance,Yes,Yes,3062,4.2,Available,91
DERMA-1032,Foxtale Clear Glow Salicylic Face Wash,Foxtale,Face Wash,Normal,Excess Oil,High,Salicylic Acid; Green Tea Extract,Artificial Fragrance,Yes,Yes,1410,2.9,Available,73
DERMA-1033,Dot & Key Oil-Free Hydro Gel Salicylic Moisturizer,Dot & Key,Moisturizer,Sensitive,Dandruff,Low,Salicylic Acid; Zinc Pyrithione; Tocopherol (Vitamin E),Formaldehyde Releasers,Yes,Yes,839,4.3,Available,92
DERMA-1034,Neutrogena Soothing Sun Gel Tea Sunscreen,Neutrogena,Sunscreen,Dry,Acne,Low,Tea Tree Oil; Salicylic Acid; Squalane,Mineral Oil; Parabens,Yes,Yes,2081,4.2,Available,89
DERMA-1035,Avene Rapid Action Spot Corrector AHA Acne Treatment,Avene,Acne Treatment,Combination,Whiteheads,High,AHA; Glycolic Acid; Panthenol,Lanolin,Yes,Yes,864,4.3,Available,91
DERMA-1036,WishCare Cica Soothing Licorice Moisturizer,WishCare,Moisturizer,Oily,Hyperpigmentation,Medium,Licorice Extract; Alpha Arbutin; Niacinamide; Panthenol; Allantoin,Artificial Fragrance; Denatured Alcohol; Parabens,Yes,No,568,3.9,Available,88
DERMA-1037,CeraVe Peptide Follicle Booster Panthenol Scalp Care,CeraVe,Scalp Care,Oily,No Major Concern,Medium,Panthenol; Aloe Vera; Glycerin; Green Tea Extract,Artificial Fragrance; Denatured Alcohol; Parabens,Yes,Yes,476,4.3,Available,97
DERMA-1038,Chemist at Play Enzyme Resurfacing Scrub Lactic Exfoliant,Chemist at Play,Exfoliant,Combination,Dullness,Low,Lactic Acid; Green Tea Extract,Silicones; Formaldehyde Releasers,No,Yes,1119,5.0,Available,84
DERMA-1039,La Roche-Posay Gentle AHA BHA Peel Salicylic Exfoliant,La Roche-Posay,Exfoliant,Combination,Blackheads,Low,Salicylic Acid; Allantoin,Parabens,No,Yes,1125,4.9,Unavailable,86
DERMA-1040,Dr. Sheth's Intensive Anti-Dandruff Treatment Piroctone Anti-Dandruff Shampoo,Dr. Sheth's,Anti-Dandruff Shampoo,Oily,Dandruff,Low,Piroctone Olamine; Ketoconazole; Panthenol,Sulfates; Synthetic Dyes,Yes,Yes,1311,4.4,Available,93
DERMA-1041,Forest Essentials Ketoconazole & Zinc Scalp Defense Piroctone Anti-Dandruff Shampoo,Forest Essentials,Anti-Dandruff Shampoo,Sensitive,Dandruff,High,Piroctone Olamine; Salicylic Acid; Tocopherol (Vitamin E),Phthalates; Artificial Fragrance; Oxybenzone,Yes,No,347,4.3,Available,83
DERMA-1042,Forest Essentials Soothing Scalp Tonic Colloidal Scalp Care,Forest Essentials,Scalp Care,Combination,Redness,Medium,Colloidal Oatmeal; Tocopherol (Vitamin E),Denatured Alcohol,Yes,No,208,4.4,Available,88
DERMA-1043,Simple Mandelic Radiance Solution Kojic Exfoliant,Simple,Exfoliant,Sensitive,Hyperpigmentation,High,Kojic Acid; Green Tea Extract; Glycerin,Mineral Oil; Essential Oils; Phthalates,Yes,Yes,558,4.6,Available,88
DERMA-1044,Dot & Key 10% Urea Repair Mandelic Body Moisturizer,Dot & Key,Body Moisturizer,Combination,Whiteheads,Low,Mandelic Acid; AHA; Green Tea Extract,Artificial Fragrance; Parabens; Silicones,Yes,No,2930,3.9,Available,77
DERMA-1045,Avene Oil-Free Hydro Gel Panthenol Moisturizer,Avene,Moisturizer,Oily,Skin Barrier Damage,High,Panthenol; Ceramides; Hyaluronic Acid; Aloe Vera; Centella Asiatica,Parabens,Yes,Yes,923,4.2,Available,93
DERMA-1046,La Roche-Posay Enzyme Resurfacing Scrub Ferulic Exfoliant,La Roche-Posay,Exfoliant,Combination,Dullness,Medium,Ferulic Acid; Glycolic Acid; Squalane,Sulfates; Mineral Oil,Yes,Yes,627,3.4,Available,90
DERMA-1047,Forest Essentials Hydra Boost Centella Face Wash,Forest Essentials,Face Wash,Dry,Redness,Medium,Centella Asiatica; Green Tea Extract; Aloe Vera,Lanolin,Yes,Yes,527,5.0,Available,100
DERMA-1048,Dot & Key Daily Refresh Panthenol Face Wash,Dot & Key,Face Wash,Combination,No Major Concern,Low,Panthenol; Green Tea Extract; Glycerin; Aloe Vera; Squalane,Phthalates; Silicones; Denatured Alcohol,Yes,Yes,497,4.7,Available,96
DERMA-1049,CeraVe Charcoal Pore Clearing Salicylic Face Mask,CeraVe,Face Mask,Sensitive,Acne,High,Salicylic Acid; Benzoyl Peroxide; Tea Tree Oil; Aloe Vera,Oxybenzone; Formaldehyde Releasers,No,Yes,359,3.3,Unavailable,79
DERMA-1050,Sebamed 10% Vitamin C Radiance Glycerin Serum,Sebamed,Serum,Normal,No Major Concern,Low,Glycerin; Aloe Vera; Panthenol; Allantoin,Artificial Fragrance; Silicones; Lanolin,No,Yes,292,4.1,Available,89
DERMA-1051,Cetaphil Clarifying Foaming Kojic Cleanser,Cetaphil,Cleanser,Combination,Hyperpigmentation,Medium,Kojic Acid; Allantoin; Glycerin,Synthetic Dyes; Phthalates,Yes,Yes,3164,3.6,Available,85
DERMA-1052,WishCare Moisture Surge Jelly Ceramides Face Mask,WishCare,Face Mask,Oily,Skin Barrier Damage,High,Ceramides; Squalane; Centella Asiatica; Tocopherol (Vitamin E); Aloe Vera,Lanolin,Yes,Yes,1323,3.8,Available,88
DERMA-1053,Kama Ayurveda Mineral Broad Spectrum Niacinamide Sunscreen,Kama Ayurveda,Sunscreen,Dry,Uneven Skin Tone,Low,Niacinamide; Glycerin; Panthenol,Denatured Alcohol,Yes,Yes,2462,4.2,Available,90
DERMA-1054,Dot & Key Hydrating Milky Tranexamic Toner,Dot & Key,Toner,Sensitive,Hyperpigmentation,Medium,Tranexamic Acid; Squalane; Allantoin,Silicones; Essential Oils,Yes,Yes,483,4.2,Unavailable,91
DERMA-1055,Simple Shea Butter Rich Balm Peptides Body Moisturizer,Simple,Body Moisturizer,Normal,Skin Barrier Damage,Medium,Peptides; Ceramides; Allantoin; Green Tea Extract,Silicones; Artificial Fragrance; Lanolin,No,Yes,421,3.0,Available,74
DERMA-1056,Re'equil Ceramide Barrier Licorice Moisturizer,Re'equil,Moisturizer,Sensitive,Hyperpigmentation,High,Licorice Extract; Green Tea Extract,Phthalates,Yes,Yes,933,3.8,Available,84
DERMA-1057,Pilgrim Piroctone Olamine Soothing Wash Ketoconazole Anti-Dandruff Shampoo,Pilgrim,Anti-Dandruff Shampoo,Sensitive,Dandruff,Low,Ketoconazole; Selenium Sulfide; Salicylic Acid; Glycerin,Formaldehyde Releasers; Lanolin; Sulfates,Yes,Yes,237,3.8,Available,93
DERMA-1058,Neutrogena Mandelic Radiance Solution Licorice Exfoliant,Neutrogena,Exfoliant,Oily,Hyperpigmentation,Low,Licorice Extract; Vitamin C; Kojic Acid; Aloe Vera; Allantoin,Oxybenzone; Parabens; Artificial Fragrance,Yes,Yes,555,3.8,Unavailable,93
DERMA-1059,Cosrx Exfoliating Glow Selenium Toner,Cosrx,Toner,Dry,Dandruff,High,Selenium Sulfide; Zinc Pyrithione; Panthenol; Aloe Vera,Essential Oils; Synthetic Dyes,Yes,Yes,1243,3.6,Available,88
DERMA-1060,Bioderma 10% Urea Repair Green Body Moisturizer,Bioderma,Body Moisturizer,Oily,Excess Oil,Low,Green Tea Extract; Clay; Glycerin; Tocopherol (Vitamin E),Synthetic Dyes; Silicones; Phthalates,Yes,Yes,1166,3.6,Available,89
DERMA-1061,Biotique Tea Tree Scalp Detox Niacinamide Scalp Care,Biotique,Scalp Care,Normal,No Major Concern,Medium,Niacinamide; Panthenol; Green Tea Extract,Synthetic Dyes,No,No,1960,3.9,Available,68
DERMA-1062,Foxtale Rapid Action Spot Corrector Niacinamide Acne Treatment,Foxtale,Acne Treatment,Normal,Blackheads,Medium,Niacinamide; Activated Charcoal; Centella Asiatica,Mineral Oil; Parabens,Yes,Yes,526,4.4,Available,94
DERMA-1063,Minimalist Rapid Action Spot Corrector Kaolin Acne Treatment,Minimalist,Acne Treatment,Oily,Blackheads,Medium,Kaolin Clay; Squalane,Denatured Alcohol; Formaldehyde Releasers,No,Yes,1574,4.4,Available,74
DERMA-1064,Kama Ayurveda Brightening Enzyme Sheet Colloidal Face Mask,Kama Ayurveda,Face Mask,Oily,Redness,High,Colloidal Oatmeal; Green Tea Extract,Denatured Alcohol; Oxybenzone,No,Yes,1233,3.9,Available,74
DERMA-1065,CeraVe Ketoconazole & Zinc Scalp Defense Selenium Anti-Dandruff Shampoo,CeraVe,Anti-Dandruff Shampoo,Combination,Dandruff,Low,Selenium Sulfide; Glycerin; Aloe Vera,Essential Oils,No,Yes,1337,3.6,Available,84
DERMA-1066,Suganda Daily Hydrating Lotion Panthenol Body Moisturizer,Suganda,Body Moisturizer,Combination,Skin Barrier Damage,High,Panthenol; Ceramides; Aloe Vera; Green Tea Extract,Phthalates,No,No,901,4.7,Available,82
DERMA-1067,The Derma Co Overnight Hydration Sleep Niacinamide Face Mask,The Derma Co,Face Mask,Normal,No Major Concern,High,Niacinamide; Glycerin,Oxybenzone,Yes,Yes,551,4.5,Available,86
DERMA-1068,CeraVe Oil-Free Hydro Gel Selenium Moisturizer,CeraVe,Moisturizer,Sensitive,Dandruff,Low,Selenium Sulfide; Tea Tree Oil; Green Tea Extract; Allantoin,Parabens; Silicones,Yes,Yes,729,4.5,Available,92
DERMA-1069,Avene Nourishing Oat Milk Zinc Body Moisturizer,Avene,Body Moisturizer,Normal,Excess Oil,Low,Zinc PCA; Glycerin,Essential Oils; Lanolin,No,Yes,901,4.1,Available,81
DERMA-1070,Sebamed Retinol Night Renewal Niacinamide Serum,Sebamed,Serum,Sensitive,Dullness,Medium,Niacinamide; Lactic Acid; Glycolic Acid; Tocopherol (Vitamin E),Essential Oils; Mineral Oil; Parabens,Yes,Yes,2061,4.2,Available,90
DERMA-1071,Kama Ayurveda Hydra Sun Shield Licorice Sunscreen,Kama Ayurveda,Sunscreen,Oily,Hyperpigmentation,Medium,Licorice Extract; Squalane,Oxybenzone,No,Yes,1778,5.0,Available,81
DERMA-1072,Foxtale Daily Hydrating Witch Moisturizer,Foxtale,Moisturizer,Normal,Excess Oil,Low,Witch Hazel; Zinc PCA; Salicylic Acid; Green Tea Extract; Centella Asiatica,Artificial Fragrance; Lanolin,No,Yes,376,3.8,Available,89
DERMA-1073,Forest Essentials Daily Refresh Shea Face Wash,Forest Essentials,Face Wash,Normal,Dryness,High,Shea Butter; Glycerin,Parabens; Formaldehyde Releasers,Yes,Yes,505,4.7,Available,88
DERMA-1074,La Roche-Posay Overnight Blemish Paste Ferulic Acne Treatment,La Roche-Posay,Acne Treatment,Combination,Dullness,Low,Ferulic Acid; Lactic Acid; Vitamin C; Allantoin; Panthenol,Denatured Alcohol; Synthetic Dyes; Phthalates,Yes,Yes,507,4.5,Available,95
DERMA-1075,La Roche-Posay Mandelic Radiance Solution Alpha Exfoliant,La Roche-Posay,Exfoliant,Oily,Hyperpigmentation,Low,Alpha Arbutin; Tocopherol (Vitamin E),Formaldehyde Releasers; Synthetic Dyes; Artificial Fragrance,Yes,Yes,3601,3.6,Available,84
DERMA-1076,Cetaphil BHA Clarifying Concentrate Kaolin Acne Treatment,Cetaphil,Acne Treatment,Normal,Blackheads,Medium,Kaolin Clay; BHA; Niacinamide; Green Tea Extract,Sulfates,Yes,Yes,1018,4.3,Available,93
DERMA-1077,Re'equil Overnight Blemish Paste Papaya Acne Treatment,Re'equil,Acne Treatment,Combination,Dullness,Low,Papaya Enzyme; Green Tea Extract,Oxybenzone; Phthalates,No,Yes,394,3.4,Available,81
DERMA-1078,Dot & Key 10% Urea Repair Zinc Body Moisturizer,Dot & Key,Body Moisturizer,Normal,Dandruff,High,Zinc Pyrithione; Tea Tree Oil; Squalane; Green Tea Extract,Denatured Alcohol; Mineral Oil,No,Yes,1188,4.2,Available,76
DERMA-1079,WishCare Pore Refining Salicylic Cleanser,WishCare,Cleanser,Oily,Acne,Medium,Salicylic Acid; Azelaic Acid; Niacinamide; Panthenol; Glycerin,Sulfates; Formaldehyde Releasers; Synthetic Dyes,Yes,Yes,897,4.5,Available,91
DERMA-1080,Pilgrim Moisture Surge Jelly Ferulic Face Mask,Pilgrim,Face Mask,Sensitive,Dullness,Medium,Ferulic Acid; Niacinamide; Lactic Acid; Panthenol; Centella Asiatica,Phthalates; Mineral Oil,No,Yes,956,4.0,Available,77
DERMA-1081,Simple Tea Tree Anti-Flake Cleanser Selenium Anti-Dandruff Shampoo,Simple,Anti-Dandruff Shampoo,Combination,Dandruff,Low,Selenium Sulfide; Tea Tree Oil; Ketoconazole; Centella Asiatica,Formaldehyde Releasers; Essential Oils; Synthetic Dyes,Yes,Yes,3392,4.6,Available,90
DERMA-1082,CeraVe Overnight Blemish Paste Azelaic Acne Treatment,CeraVe,Acne Treatment,Sensitive,Acne,Medium,Azelaic Acid; Allantoin; Glycerin,Lanolin,Yes,Yes,814,4.2,Available,89
DERMA-1083,Suganda Revitalizing Fruit Enzyme Squalane Toner,Suganda,Toner,Sensitive,Dryness,Medium,Squalane; Hyaluronic Acid; Panthenol; Centella Asiatica,Parabens,Yes,Yes,1272,5.0,Available,97
DERMA-1084,Dot & Key Gentle Soothing Green Face Wash,Dot & Key,Face Wash,Normal,Excess Oil,Medium,Green Tea Extract; Clay; Allantoin,Sulfates; Oxybenzone,Yes,Yes,1151,3.6,Available,90
DERMA-1085,Pilgrim Clarifying Liquid Exfoliant Niacinamide Exfoliant,Pilgrim,Exfoliant,Oily,Dullness,Medium,Niacinamide; Vitamin C; Papaya Enzyme; Tocopherol (Vitamin E),Sulfates; Parabens; Essential Oils,Yes,Yes,492,4.6,Available,95
DERMA-1086,Kama Ayurveda Hydra Boost Green Face Wash,Kama Ayurveda,Face Wash,Dry,No Major Concern,Low,Green Tea Extract; Hyaluronic Acid; Glycerin,Mineral Oil; Parabens,Yes,No,564,4.2,Available,87
DERMA-1087,Cetaphil Active Acne SOS Solution Vitamin Acne Treatment,Cetaphil,Acne Treatment,Normal,Dullness,Low,Vitamin C; Glycolic Acid; Squalane; Centella Asiatica,Essential Oils,No,Yes,515,4.3,Available,87
DERMA-1088,Suganda Cica Calming Essence Zinc Toner,Suganda,Toner,Oily,Blackheads,Medium,Zinc PCA; Squalane; Aloe Vera,Essential Oils; Synthetic Dyes,Yes,Yes,965,4.2,Available,87
DERMA-1089,Neutrogena Pore Minimizing Green Toner,Neutrogena,Toner,Combination,Redness,High,Green Tea Extract; Tocopherol (Vitamin E),Artificial Fragrance; Phthalates,Yes,Yes,3731,2.8,Available,73
DERMA-1090,Minimalist Clarifying Drying Lotion Salicylic Acne Treatment,Minimalist,Acne Treatment,Sensitive,Blackheads,High,Salicylic Acid; Kaolin Clay; Glycerin,Synthetic Dyes,Yes,Yes,931,3.3,Available,78
DERMA-1091,Forest Essentials Overnight Hydration Sleep Glycolic Face Mask,Forest Essentials,Face Mask,Combination,Whiteheads,Medium,Glycolic Acid; Glycerin,Phthalates,Yes,Yes,272,3.9,Available,92
DERMA-1092,Simple Brightening Gel Centella Face Wash,Simple,Face Wash,Combination,Skin Barrier Damage,High,Centella Asiatica; Hyaluronic Acid; Panthenol; Glycerin,Silicones; Synthetic Dyes; Parabens,Yes,Yes,866,4.2,Available,96
DERMA-1093,Chemist at Play Nourishing Oat Milk Tea Body Moisturizer,Chemist at Play,Body Moisturizer,Oily,Dandruff,Low,Tea Tree Oil; Piroctone Olamine; Centella Asiatica; Squalane,Mineral Oil; Sulfates,Yes,Yes,591,3.8,Available,96
DERMA-1094,Fixderma Clear Glow Papaya Face Wash,Fixderma,Face Wash,Normal,Dullness,High,Papaya Enzyme; Vitamin C; Ferulic Acid; Centella Asiatica; Squalane,Parabens; Essential Oils; Denatured Alcohol,Yes,No,1378,4.9,Available,86
DERMA-1095,Simple Mandelic Radiance Solution Zinc Exfoliant,Simple,Exfoliant,Normal,Blackheads,Low,Zinc PCA; Tocopherol (Vitamin E),Denatured Alcohol; Phthalates,No,No,327,4.9,Available,82
DERMA-1096,Neutrogena Overnight Blemish Paste Niacinamide Acne Treatment,Neutrogena,Acne Treatment,Normal,Blackheads,High,Niacinamide; Panthenol; Glycerin,Sulfates; Oxybenzone,Yes,Yes,2452,4.6,Available,92
DERMA-1097,The Derma Co Ketoconazole & Zinc Scalp Defense Centella Anti-Dandruff Shampoo,The Derma Co,Anti-Dandruff Shampoo,Sensitive,Redness,High,Centella Asiatica; Squalane,Phthalates; Synthetic Dyes; Denatured Alcohol,Yes,Yes,763,4.0,Available,90
DERMA-1098,Foxtale Hydra Boost Zinc Face Wash,Foxtale,Face Wash,Oily,Dandruff,Low,Zinc Pyrithione; Piroctone Olamine; Salicylic Acid; Glycerin; Centella Asiatica,Lanolin; Formaldehyde Releasers; Phthalates,Yes,Yes,861,5.0,Available,97
DERMA-1099,Dr. Sheth's Hydra Sun Shield Vitamin Sunscreen,Dr. Sheth's,Sunscreen,Dry,Hyperpigmentation,Low,Vitamin C; Glycerin; Panthenol,Oxybenzone; Lanolin; Essential Oils,No,No,254,3.5,Available,75
DERMA-1100,Sebamed Detoxifying Clay Squalane Face Mask,Sebamed,Face Mask,Normal,Dryness,Medium,Squalane; Tocopherol (Vitamin E); Green Tea Extract,Artificial Fragrance; Parabens; Lanolin,Yes,Yes,370,4.1,Available,90
DERMA-1101,Sebamed Pore Minimizing Hyaluronic Toner,Sebamed,Toner,Dry,Dryness,Medium,Hyaluronic Acid; Colloidal Oatmeal; Glycerin; Centella Asiatica; Green Tea Extract,Parabens; Lanolin,Yes,No,739,3.8,Unavailable,79
DERMA-1102,Deconstruct Clear Pore Screen Zinc Sunscreen,Deconstruct,Sunscreen,Sensitive,Excess Oil,High,Zinc PCA; Witch Hazel; Allantoin,Formaldehyde Releasers,Yes,Yes,1361,5.0,Available,86
DERMA-1103,Foxtale Hydrating Milky Licorice Toner,Foxtale,Toner,Normal,Hyperpigmentation,Low,Licorice Extract; Kojic Acid; Allantoin; Tocopherol (Vitamin E),Synthetic Dyes,Yes,No,670,4.1,Available,85
DERMA-1104,Dr. Sheth's Soothe & Purify Madecassoside Cleanser,Dr. Sheth's,Cleanser,Dry,Redness,Medium,Madecassoside; Panthenol; Glycerin,Silicones; Parabens; Artificial Fragrance,Yes,No,499,4.2,Available,83
DERMA-1105,Plum Piroctone Olamine Soothing Wash Zinc Anti-Dandruff Shampoo,Plum,Anti-Dandruff Shampoo,Combination,Dandruff,Low,Zinc Pyrithione; Selenium Sulfide; Tocopherol (Vitamin E),Artificial Fragrance; Silicones; Mineral Oil,No,Yes,265,4.0,Available,89
DERMA-1106,Biotique Intensive Anti-Dandruff Treatment Tea Anti-Dandruff Shampoo,Biotique,Anti-Dandruff Shampoo,Dry,Dandruff,Low,Tea Tree Oil; Salicylic Acid; Ketoconazole; Glycerin; Allantoin,Sulfates,Yes,No,927,4.2,Unavailable,86
DERMA-1107,Bioderma Hydra Boost Niacinamide Face Wash,Bioderma,Face Wash,Dry,Whiteheads,Medium,Niacinamide; Salicylic Acid; Centella Asiatica; Tocopherol (Vitamin E),Silicones; Formaldehyde Releasers; Lanolin,Yes,No,393,5.0,Available,90
DERMA-1108,Biotique Lactic Acid Smoothing Serum Glycolic Exfoliant,Biotique,Exfoliant,Oily,Whiteheads,Medium,Glycolic Acid; Salicylic Acid; Niacinamide; Aloe Vera,Synthetic Dyes; Lanolin,Yes,Yes,352,4.2,Available,94
DERMA-1109,Bioderma Piroctone Olamine Soothing Wash Salicylic Anti-Dandruff Shampoo,Bioderma,Anti-Dandruff Shampoo,Sensitive,Excess Oil,Medium,Salicylic Acid; Centella Asiatica,Denatured Alcohol; Formaldehyde Releasers; Silicones,Yes,Yes,219,4.0,Available,91
DERMA-1110,Dr. Sheth's Active Acne SOS Solution AHA Acne Treatment,Dr. Sheth's,Acne Treatment,Normal,Whiteheads,Low,AHA; Aloe Vera,Lanolin; Artificial Fragrance; Parabens,No,Yes,1506,4.2,Available,82
DERMA-1111,Re'equil Gentle Hydrating Benzoyl Cleanser,Re'equil,Cleanser,Oily,Acne,Low,Benzoyl Peroxide; Tea Tree Oil; Tocopherol (Vitamin E); Centella Asiatica,Synthetic Dyes,Yes,Yes,465,3.4,Unavailable,88
DERMA-1112,CeraVe Micellar Foaming Azelaic Face Wash,CeraVe,Face Wash,Normal,Acne,Low,Azelaic Acid; Niacinamide; Panthenol,Phthalates; Essential Oils; Lanolin,No,Yes,1232,3.8,Available,79
DERMA-1113,Cosrx Intensive Anti-Dandruff Treatment Panthenol Anti-Dandruff Shampoo,Cosrx,Anti-Dandruff Shampoo,Normal,Redness,High,Panthenol; Colloidal Oatmeal; Allantoin; Tocopherol (Vitamin E); Glycerin,Parabens,Yes,Yes,3914,3.4,Available,83
DERMA-1114,Neutrogena Salicylic Acid Flake Control Niacinamide Anti-Dandruff Shampoo,Neutrogena,Anti-Dandruff Shampoo,Sensitive,Excess Oil,High,Niacinamide; Clay; Centella Asiatica; Panthenol,Artificial Fragrance; Synthetic Dyes; Denatured Alcohol,Yes,No,2274,4.1,Available,85
DERMA-1115,Chemist at Play Micellar Balancing Salicylic Cleanser,Chemist at Play,Cleanser,Oily,Blackheads,Low,Salicylic Acid; Kaolin Clay; Squalane; Centella Asiatica,Synthetic Dyes; Denatured Alcohol; Oxybenzone,No,Yes,3269,3.5,Available,79
DERMA-1116,Plum 10% Vitamin C Radiance Vitamin Serum,Plum,Serum,Oily,Hyperpigmentation,Medium,Vitamin C; Licorice Extract; Niacinamide; Centella Asiatica; Glycerin,Silicones,Yes,Yes,376,4.5,Available,92
DERMA-1117,Fixderma 10% Niacinamide + Zinc Tranexamic Serum Pro 1,Fixderma,Serum,Combination,Hyperpigmentation,Low,Tranexamic Acid; Panthenol; Allantoin,Phthalates; Parabens,No,Yes,280,3.1,Available,79
DERMA-1118,Cosrx Ketoconazole & Zinc Scalp Defense Madecassoside Anti-Dandruff Shampoo,Cosrx,Anti-Dandruff Shampoo,Oily,Redness,High,Madecassoside; Allantoin; Green Tea Extract; Tocopherol (Vitamin E),Silicones; Sulfates; Parabens,Yes,No,777,3.1,Available,72
DERMA-1119,Dr. Sheth's Balancing BHA Salicylic Toner,Dr. Sheth's,Toner,Oily,Acne,Low,Salicylic Acid; Benzoyl Peroxide; Panthenol,Artificial Fragrance,Yes,Yes,1242,3.8,Available,91
DERMA-1120,CeraVe Overnight Hydration Sleep Benzoyl Face Mask,CeraVe,Face Mask,Combination,Acne,Low,Benzoyl Peroxide; Centella Asiatica; Tocopherol (Vitamin E),Parabens; Denatured Alcohol; Artificial Fragrance,Yes,Yes,3216,4.4,Unavailable,92
DERMA-1121,Foxtale 2% Salicylic Acid Clarifying Tea Serum,Foxtale,Serum,Normal,Acne,Low,Tea Tree Oil; Niacinamide; Aloe Vera; Squalane,Denatured Alcohol,Yes,Yes,414,5.0,Available,97
DERMA-1122,Forest Essentials Hydra Boost Clay Face Wash,Forest Essentials,Face Wash,Dry,Excess Oil,Medium,Clay; Squalane; Green Tea Extract,Mineral Oil; Silicones,Yes,Yes,2630,5.0,Unavailable,92
DERMA-1123,Deconstruct Pore Minimizing Green Toner,Deconstruct,Toner,Sensitive,Excess Oil,High,Green Tea Extract; Witch Hazel; Squalane,Synthetic Dyes,Yes,Yes,970,4.7,Unavailable,90
DERMA-1124,Simple Alpha Arbutin Pigment Correct Salicylic Serum,Simple,Serum,Sensitive,Dandruff,High,Salicylic Acid; Tocopherol (Vitamin E); Panthenol,Denatured Alcohol,Yes,Yes,3049,4.2,Available,86
DERMA-1125,Plum Anti-Acne Purifying Centella Face Wash,Plum,Face Wash,Combination,Skin Barrier Damage,High,Centella Asiatica; Panthenol; Squalane; Allantoin,Silicones,Yes,Yes,1860,4.2,Available,90
DERMA-1126,Suganda Hydra Sun Shield Retinol Sunscreen,Suganda,Sunscreen,Sensitive,Uneven Skin Tone,High,Retinol; Alpha Arbutin; Vitamin C; Green Tea Extract,Synthetic Dyes; Denatured Alcohol; Formaldehyde Releasers,Yes,Yes,1140,4.0,Available,86
DERMA-1127,Dr. Sheth's Cica Recovery Sheet Glycolic Face Mask,Dr. Sheth's,Face Mask,Oily,Whiteheads,Low,Glycolic Acid; Panthenol,Artificial Fragrance,No,Yes,535,4.2,Available,83
DERMA-1128,Minimalist Brightening Gel Niacinamide Face Wash,Minimalist,Face Wash,Normal,Acne,Low,Niacinamide; Panthenol; Glycerin,Lanolin; Oxybenzone; Formaldehyde Releasers,No,Yes,228,4.0,Available,83
DERMA-1129,WishCare Mineral Broad Spectrum Ketoconazole Sunscreen,WishCare,Sunscreen,Oily,Dandruff,Low,Ketoconazole; Centella Asiatica,Parabens,No,Yes,442,4.3,Available,85
DERMA-1130,Pilgrim Oil Control Niacinamide Face Wash,Pilgrim,Face Wash,Sensitive,Excess Oil,Medium,Niacinamide; Green Tea Extract; Zinc PCA; Squalane; Aloe Vera,Parabens; Formaldehyde Releasers; Denatured Alcohol,Yes,Yes,891,3.9,Available,91
DERMA-1131,Deconstruct Charcoal Pore Clearing Niacinamide Face Mask,Deconstruct,Face Mask,Combination,Blackheads,High,Niacinamide; BHA; Panthenol; Green Tea Extract,Parabens,Yes,Yes,3786,3.2,Available,87
DERMA-1132,Minimalist Clarifying Liquid Exfoliant Kaolin Exfoliant,Minimalist,Exfoliant,Normal,Blackheads,Medium,Kaolin Clay; Squalane,Formaldehyde Releasers,Yes,Yes,514,4.0,Available,93
DERMA-1133,Plum Deep Nourishing Panthenol Moisturizer,Plum,Moisturizer,Dry,Skin Barrier Damage,High,Panthenol; Peptides; Aloe Vera; Glycerin,Essential Oils; Phthalates; Mineral Oil,Yes,Yes,413,4.0,Available,93
DERMA-1134,Biotique Overnight Hydration Sleep Hyaluronic Face Mask,Biotique,Face Mask,Oily,Skin Barrier Damage,Medium,Hyaluronic Acid; Ceramides; Panthenol,Denatured Alcohol; Oxybenzone; Lanolin,Yes,Yes,738,4.1,Available,89
DERMA-1135,Dot & Key Water Gel Lactic Moisturizer,Dot & Key,Moisturizer,Oily,Whiteheads,Medium,Lactic Acid; Salicylic Acid; Mandelic Acid; Centella Asiatica; Tocopherol (Vitamin E),Phthalates; Parabens; Silicones,No,Yes,965,4.8,Available,84
DERMA-1136,Kama Ayurveda Salicylic Acid Flake Control Zinc Anti-Dandruff Shampoo,Kama Ayurveda,Anti-Dandruff Shampoo,Oily,Excess Oil,Low,Zinc PCA; Green Tea Extract; Glycerin,Parabens; Essential Oils,No,Yes,531,4.5,Available,87
DERMA-1137,Dot & Key 2% Salicylic Acid Clarifying Green Serum,Dot & Key,Serum,Dry,No Major Concern,Medium,Green Tea Extract; Panthenol,Denatured Alcohol; Formaldehyde Releasers; Sulfates,Yes,Yes,353,4.9,Available,97
DERMA-1138,Cetaphil Calming Cream Panthenol Cleanser,Cetaphil,Cleanser,Combination,Redness,High,Panthenol; Allantoin; Aloe Vera; Centella Asiatica,Lanolin; Essential Oils,Yes,No,1229,3.8,Available,82
DERMA-1139,Biotique Cica Recovery Sheet Shea Face Mask,Biotique,Face Mask,Oily,Dryness,Low,Shea Butter; Colloidal Oatmeal; Panthenol; Tocopherol (Vitamin E),Synthetic Dyes; Silicones; Sulfates,Yes,Yes,1165,3.8,Available,87
DERMA-1140,Plum Cica Recovery Sheet Clay Face Mask,Plum,Face Mask,Oily,Excess Oil,High,Clay; Aloe Vera; Centella Asiatica,Mineral Oil,Yes,Yes,391,4.9,Available,100
DERMA-1141,The Derma Co Soothing Scalp Tonic Niacinamide Scalp Care,The Derma Co,Scalp Care,Dry,No Major Concern,Low,Niacinamide; Panthenol; Centella Asiatica; Aloe Vera,Artificial Fragrance; Parabens,Yes,Yes,251,4.5,Available,96
DERMA-1142,Neutrogena Active Acne SOS Solution Green Acne Treatment,Neutrogena,Acne Treatment,Sensitive,Excess Oil,Medium,Green Tea Extract; Allantoin,Phthalates,Yes,No,315,4.3,Available,87
DERMA-1143,Dot & Key Mandelic Radiance Solution Niacinamide Exfoliant,Dot & Key,Exfoliant,Oily,Whiteheads,Medium,Niacinamide; AHA; Glycerin; Allantoin,Artificial Fragrance; Mineral Oil; Denatured Alcohol,Yes,Yes,1012,5.0,Available,96
DERMA-1144,Biotique Calming Cream Niacinamide Cleanser,Biotique,Cleanser,Normal,Whiteheads,Low,Niacinamide; AHA; Aloe Vera,Lanolin,Yes,Yes,2352,4.1,Available,87
DERMA-1145,Fixderma Cica Calming Essence Activated Toner,Fixderma,Toner,Dry,Blackheads,Medium,Activated Charcoal; Kaolin Clay; Salicylic Acid; Glycerin; Squalane,Formaldehyde Releasers; Lanolin,Yes,Yes,839,4.5,Available,95
DERMA-1146,La Roche-Posay 10% Niacinamide + Zinc BHA Serum,La Roche-Posay,Serum,Oily,Blackheads,Medium,BHA; Kaolin Clay; Zinc PCA; Allantoin; Panthenol,Phthalates; Silicones; Denatured Alcohol,Yes,No,548,4.9,Available,89
DERMA-1147,Dr. Sheth's Gentle AHA BHA Peel Zinc Exfoliant Pro 1,Dr. Sheth's,Exfoliant,Normal,Acne,Medium,Zinc PCA; Benzoyl Peroxide; Squalane,Synthetic Dyes,No,Yes,599,3.9,Available,78
DERMA-1148,Sebamed Ketoconazole & Zinc Scalp Defense Witch Anti-Dandruff Shampoo,Sebamed,Anti-Dandruff Shampoo,Sensitive,Excess Oil,Medium,Witch Hazel; Aloe Vera,Sulfates,Yes,Yes,3019,4.2,Available,85
DERMA-1149,Dr. Sheth's Daily Hydrating Lotion Clay Body Moisturizer,Dr. Sheth's,Body Moisturizer,Oily,Excess Oil,Low,Clay; Allantoin; Panthenol,Formaldehyde Releasers; Silicones,Yes,Yes,633,3.4,Available,91
DERMA-1150,Minimalist Invisible Fluid Niacinamide Sunscreen,Minimalist,Sunscreen,Sensitive,Hyperpigmentation,High,Niacinamide; Alpha Arbutin; Licorice Extract; Panthenol; Green Tea Extract,Denatured Alcohol; Phthalates,No,Yes,478,5.0,Available,90
DERMA-1151,Deconstruct Lactic Acid Smoothing Serum Salicylic Exfoliant,Deconstruct,Exfoliant,Combination,Acne,Medium,Salicylic Acid; Zinc PCA; Glycerin,Synthetic Dyes; Essential Oils,Yes,No,433,4.7,Available,86
DERMA-1152,Neutrogena Lactic Acid Smoothing Serum Salicylic Exfoliant,Neutrogena,Exfoliant,Sensitive,Blackheads,Medium,Salicylic Acid; Activated Charcoal; BHA; Squalane,Denatured Alcohol; Parabens,Yes,Yes,3752,5.0,Available,94
DERMA-1153,Avene Barrier Defense SPF 50 Madecassoside Sunscreen,Avene,Sunscreen,Sensitive,Redness,High,Madecassoside; Green Tea Extract; Allantoin,Sulfates; Silicones; Essential Oils,Yes,No,905,4.8,Available,79
DERMA-1154,Dr. Sheth's Intensive Anti-Dandruff Treatment Green Anti-Dandruff Shampoo,Dr. Sheth's,Anti-Dandruff Shampoo,Sensitive,No Major Concern,High,Green Tea Extract; Panthenol; Allantoin,Phthalates; Denatured Alcohol; Synthetic Dyes,Yes,Yes,430,4.1,Available,95
DERMA-1155,Cosrx Hydrating Milky Salicylic Toner,Cosrx,Toner,Combination,Acne,Low,Salicylic Acid; Niacinamide; Glycerin,Lanolin; Sulfates; Synthetic Dyes,Yes,Yes,769,4.3,Available,94
DERMA-1156,Biotique Ultra Matte Dry Touch Niacinamide Sunscreen,Biotique,Sunscreen,Sensitive,Acne,High,Niacinamide; Benzoyl Peroxide; Azelaic Acid; Tocopherol (Vitamin E); Allantoin,Artificial Fragrance,Yes,No,2502,4.4,Available,74
DERMA-1157,Plum Rapid Action Spot Corrector Glycolic Acne Treatment,Plum,Acne Treatment,Sensitive,Dullness,High,Glycolic Acid; Lactic Acid; Papaya Enzyme; Glycerin; Allantoin,Synthetic Dyes; Formaldehyde Releasers,No,Yes,2666,4.1,Available,78
DERMA-1158,La Roche-Posay Invisible Fluid Glycolic Sunscreen,La Roche-Posay,Sunscreen,Dry,Dullness,Medium,Glycolic Acid; Vitamin C; Green Tea Extract,Lanolin; Formaldehyde Releasers; Essential Oils,Yes,Yes,336,3.9,Available,88
DERMA-1159,Dot & Key Shea Butter Rich Balm Clay Body Moisturizer,Dot & Key,Body Moisturizer,Oily,Excess Oil,Medium,Clay; Witch Hazel; Zinc PCA; Allantoin,Essential Oils,No,Yes,237,3.8,Available,79
DERMA-1160,Cetaphil Barrier Defense Vitamin Cleanser,Cetaphil,Cleanser,Normal,Hyperpigmentation,Medium,Vitamin C; Tranexamic Acid; Kojic Acid; Panthenol,Silicones,No,Yes,316,4.3,Available,82
DERMA-1161,La Roche-Posay Ketoconazole & Zinc Scalp Defense Glycerin Anti-Dandruff Shampoo,La Roche-Posay,Anti-Dandruff Shampoo,Dry,No Major Concern,High,Glycerin; Green Tea Extract; Tocopherol (Vitamin E); Centella Asiatica,Artificial Fragrance,No,Yes,3243,4.9,Available,76
DERMA-1162,Bioderma 10% Urea Repair Panthenol Body Moisturizer,Bioderma,Body Moisturizer,Dry,Skin Barrier Damage,Medium,Panthenol; Allantoin,Lanolin,Yes,Yes,552,4.8,Available,93
DERMA-1163,Kama Ayurveda Barrier Defense Colloidal Cleanser,Kama Ayurveda,Cleanser,Combination,Dryness,Low,Colloidal Oatmeal; Hyaluronic Acid; Glycerin; Squalane,Formaldehyde Releasers,No,Yes,1205,3.9,Available,81
DERMA-1164,Kama Ayurveda Intensive Anti-Dandruff Treatment Allantoin Anti-Dandruff Shampoo,Kama Ayurveda,Anti-Dandruff Shampoo,Dry,Redness,High,Allantoin; Colloidal Oatmeal; Centella Asiatica; Aloe Vera,Denatured Alcohol,Yes,Yes,642,4.3,Available,98
DERMA-1165,Sebamed Shea Butter Rich Balm Panthenol Body Moisturizer,Sebamed,Body Moisturizer,Dry,Redness,Medium,Panthenol; Allantoin; Centella Asiatica; Aloe Vera; Glycerin,Mineral Oil,No,Yes,1281,4.1,Available,80
DERMA-1166,Forest Essentials Tea Tree Scalp Detox Colloidal Scalp Care,Forest Essentials,Scalp Care,Combination,Redness,High,Colloidal Oatmeal; Panthenol; Allantoin; Centella Asiatica,Parabens,Yes,Yes,445,4.7,Available,99
DERMA-1167,Suganda Oil-Free Hydro Gel Ferulic Moisturizer,Suganda,Moisturizer,Combination,Dullness,High,Ferulic Acid; Lactic Acid; Squalane,Formaldehyde Releasers,No,Yes,378,4.4,Available,84
DERMA-1168,Chemist at Play Exfoliating Scalp Serum Niacinamide Scalp Care,Chemist at Play,Scalp Care,Dry,No Major Concern,Medium,Niacinamide; Glycerin; Panthenol; Aloe Vera,Sulfates,No,Yes,851,4.2,Unavailable,77
DERMA-1169,Biotique Ceramide Intensive Cream Tranexamic Body Moisturizer,Biotique,Body Moisturizer,Sensitive,Hyperpigmentation,High,Tranexamic Acid; Licorice Extract; Vitamin C; Glycerin; Allantoin,Silicones; Parabens,Yes,Yes,2903,4.3,Available,83
DERMA-1170,Re'equil Deep Nourishing Clay Moisturizer,Re'equil,Moisturizer,Oily,Excess Oil,Medium,Clay; Glycerin,Sulfates; Synthetic Dyes; Essential Oils,Yes,Yes,301,4.1,Available,88
DERMA-1171,Plum Oil-Free Hydro Gel Witch Moisturizer,Plum,Moisturizer,Combination,Excess Oil,Low,Witch Hazel; Squalane,Formaldehyde Releasers,No,Yes,1274,4.7,Available,86
DERMA-1172,Pilgrim Hydrating Milky Witch Toner,Pilgrim,Toner,Oily,Excess Oil,High,Witch Hazel; Glycerin; Aloe Vera,Mineral Oil; Essential Oils; Phthalates,No,Yes,415,4.3,Available,84
DERMA-1173,Dr. Sheth's Clarifying Scalp Scrub Green Scalp Care,Dr. Sheth's,Scalp Care,Dry,Excess Oil,Medium,Green Tea Extract; Glycerin,Synthetic Dyes; Denatured Alcohol; Oxybenzone,Yes,Yes,2727,4.4,Available,85
DERMA-1174,CeraVe Multi-Peptide Elasticity Green Serum,CeraVe,Serum,Oily,No Major Concern,Low,Green Tea Extract; Panthenol; Centella Asiatica; Glycerin,Lanolin; Essential Oils,Yes,Yes,784,4.5,Available,90
DERMA-1175,CeraVe Pore Minimizing Niacinamide Toner,CeraVe,Toner,Oily,Excess Oil,Low,Niacinamide; Witch Hazel; Tocopherol (Vitamin E); Allantoin,Lanolin; Artificial Fragrance,Yes,Yes,2675,3.7,Available,85
DERMA-1176,Cetaphil Enzyme Resurfacing Scrub Activated Exfoliant,Cetaphil,Exfoliant,Combination,Blackheads,Low,Activated Charcoal; Centella Asiatica; Tocopherol (Vitamin E),Parabens; Artificial Fragrance; Mineral Oil,Yes,Yes,978,4.0,Available,90
DERMA-1177,Suganda Cica Soothing Glycolic Moisturizer,Suganda,Moisturizer,Normal,Uneven Skin Tone,Medium,Glycolic Acid; Centella Asiatica; Glycerin,Parabens; Lanolin; Synthetic Dyes,Yes,Yes,371,3.9,Available,90
DERMA-1178,Dot & Key Daily Refresh Hyaluronic Face Wash,Dot & Key,Face Wash,Normal,No Major Concern,Low,Hyaluronic Acid; Aloe Vera,Sulfates; Denatured Alcohol; Silicones,Yes,Yes,530,3.9,Available,92
DERMA-1179,Neutrogena Retinol Night Renewal Green Serum,Neutrogena,Serum,Dry,Excess Oil,Medium,Green Tea Extract; Tocopherol (Vitamin E),Silicones; Sulfates; Formaldehyde Releasers,No,Yes,2939,4.5,Available,75
DERMA-1180,Plum Tea Tree Scalp Detox Panthenol Scalp Care,Plum,Scalp Care,Dry,No Major Concern,Low,Panthenol; Squalane; Glycerin,Mineral Oil; Formaldehyde Releasers; Synthetic Dyes,No,No,229,3.9,Available,78
DERMA-1181,WishCare Multi-Peptide Recovery Shea Moisturizer,WishCare,Moisturizer,Sensitive,Dryness,High,Shea Butter; Squalane; Colloidal Oatmeal; Panthenol,Mineral Oil,Yes,Yes,1038,5.0,Available,95
DERMA-1182,Deconstruct 10% Vitamin C Radiance Selenium Serum,Deconstruct,Serum,Normal,Dandruff,Medium,Selenium Sulfide; Zinc Pyrithione; Ketoconazole; Aloe Vera; Green Tea Extract,Formaldehyde Releasers,Yes,Yes,292,4.4,Available,98
DERMA-1183,Fixderma 10% Urea Repair Squalane Body Moisturizer,Fixderma,Body Moisturizer,Combination,Dryness,Medium,Squalane; Shea Butter; Glycerin; Green Tea Extract,Oxybenzone; Synthetic Dyes,No,Yes,583,4.3,Available,86
DERMA-1184,Dot & Key Tea Tree Anti-Flake Cleanser Panthenol Anti-Dandruff Shampoo Pro 1,Dot & Key,Anti-Dandruff Shampoo,Sensitive,No Major Concern,High,Panthenol; Hyaluronic Acid; Aloe Vera; Allantoin,Lanolin,Yes,Yes,530,4.7,Available,98
DERMA-1185,Suganda Salicylic Acid Flake Control Selenium Anti-Dandruff Shampoo,Suganda,Anti-Dandruff Shampoo,Combination,Dandruff,High,Selenium Sulfide; Zinc Pyrithione; Glycerin,Silicones,Yes,Yes,1292,4.3,Available,88
DERMA-1186,Bioderma Shea Butter Rich Balm Alpha Body Moisturizer,Bioderma,Body Moisturizer,Dry,Uneven Skin Tone,Medium,Alpha Arbutin; Retinol; Niacinamide; Squalane,Mineral Oil; Essential Oils; Oxybenzone,Yes,No,576,4.1,Available,83
DERMA-1187,Cosrx Revitalizing Fruit Enzyme Zinc Toner,Cosrx,Toner,Combination,Dandruff,Low,Zinc Pyrithione; Allantoin,Essential Oils; Mineral Oil; Denatured Alcohol,Yes,Yes,3963,4.1,Available,86
DERMA-1188,Avene Balancing BHA Azelaic Toner,Avene,Toner,Normal,Acne,High,Azelaic Acid; Tea Tree Oil; Glycerin,Denatured Alcohol; Synthetic Dyes,Yes,Yes,338,4.0,Available,88
DERMA-1189,Pilgrim Alpha Arbutin Pigment Correct Salicylic Serum,Pilgrim,Serum,Dry,Acne,Medium,Salicylic Acid; Tea Tree Oil; Benzoyl Peroxide; Aloe Vera; Centella Asiatica,Silicones,No,Yes,2610,3.8,Available,77
DERMA-1190,Simple Shea Butter Rich Balm Colloidal Body Moisturizer,Simple,Body Moisturizer,Oily,Dryness,Low,Colloidal Oatmeal; Ceramides; Hyaluronic Acid; Glycerin; Allantoin,Parabens; Sulfates,No,Yes,505,3.6,Unavailable,85
DERMA-1191,Foxtale 10% Vitamin C Radiance Niacinamide Serum,Foxtale,Serum,Oily,Excess Oil,High,Niacinamide; Clay; Witch Hazel; Panthenol; Tocopherol (Vitamin E),Formaldehyde Releasers,Yes,Yes,1024,3.5,Available,92
DERMA-1192,Biotique Charcoal Pore Clearing Benzoyl Face Mask,Biotique,Face Mask,Combination,Acne,Medium,Benzoyl Peroxide; Azelaic Acid; Zinc PCA; Aloe Vera,Denatured Alcohol; Sulfates; Oxybenzone,Yes,Yes,1033,4.0,Unavailable,92
DERMA-1193,Neutrogena Salicylic Acid Flake Control Green Anti-Dandruff Shampoo Pro 1,Neutrogena,Anti-Dandruff Shampoo,Oily,No Major Concern,Low,Green Tea Extract; Centella Asiatica,Parabens,Yes,Yes,1067,5.0,Available,93
DERMA-1194,Re'equil Exfoliating Scalp Serum Colloidal Scalp Care Pro 1,Re'equil,Scalp Care,Normal,Redness,High,Colloidal Oatmeal; Madecassoside; Allantoin; Green Tea Extract; Squalane,Parabens; Sulfates,Yes,Yes,581,4.5,Available,92
DERMA-1195,Chemist at Play Cica Soothing Niacinamide Moisturizer,Chemist at Play,Moisturizer,Combination,Hyperpigmentation,Medium,Niacinamide; Panthenol,Phthalates,Yes,Yes,292,3.8,Available,92
DERMA-1196,WishCare Soothe & Purify Zinc Cleanser,WishCare,Cleanser,Dry,Dandruff,Low,Zinc Pyrithione; Selenium Sulfide; Panthenol; Squalane,Denatured Alcohol; Parabens; Mineral Oil,No,Yes,590,4.1,Available,88
DERMA-1197,Suganda Gentle Soothing Zinc Face Wash,Suganda,Face Wash,Sensitive,Excess Oil,Medium,Zinc PCA; Centella Asiatica; Squalane,Formaldehyde Releasers; Artificial Fragrance; Sulfates,Yes,Yes,3834,3.6,Available,83
DERMA-1198,WishCare Balancing BHA Tranexamic Toner,WishCare,Toner,Normal,Hyperpigmentation,High,Tranexamic Acid; Aloe Vera; Centella Asiatica,Formaldehyde Releasers; Silicones; Denatured Alcohol,No,Yes,389,4.4,Available,83
DERMA-1199,Fixderma Peptide Follicle Booster Green Scalp Care,Fixderma,Scalp Care,Dry,Excess Oil,Medium,Green Tea Extract; Zinc PCA; Clay; Centella Asiatica; Aloe Vera,Parabens,No,Yes,236,5.0,Available,87
DERMA-1200,Dot & Key Soothing Sun Gel Niacinamide Sunscreen,Dot & Key,Sunscreen,Combination,Whiteheads,Medium,Niacinamide; AHA; Salicylic Acid; Green Tea Extract,Lanolin; Phthalates; Silicones,Yes,Yes,1061,3.9,Available,88
DERMA-1201,Minimalist Salicylic Acid 2% Face Cleanser,Minimalist,Face Wash,Oily,Acne,Medium,Salicylic Acid; LHA; Zinc PCA; Allantoin; Panthenol,None,Yes,Yes,299,4.4,Available,92
DERMA-1202,Minimalist 10% Niacinamide Face Serum with Zinc,Minimalist,Serum,Oily,Excess Oil,Low,Niacinamide; Zinc PCA; Eugenol; Aloe Vera Juice,None,Yes,Yes,599,4.5,Available,94
DERMA-1203,Minimalist SPF 50 PA++++ Sunscreen with Multi-Vitamins,Minimalist,Sunscreen,Normal,No Major Concern,Low,Avobenzone; Octocrylene; Niacinamide; Tocopherol (Vitamin E); Panthenol,None,Yes,Yes,399,4.3,Available,90
DERMA-1204,Minimalist Sepicalm 3% + Oat Moisturizer,Minimalist,Moisturizer,Sensitive,Redness,High,Sepicalm; Oat Extract; Squalane; Polyglutamic Acid; Shea Butter,None,Yes,Yes,349,4.4,Available,93
DERMA-1205,Minimalist 16% Vitamin C Face Serum,Minimalist,Serum,Combination,Dullness,Medium,Ethyl Ascorbic Acid; Ferulic Acid; Fullerenes; Hyaluronic Acid,None,Yes,Yes,699,4.3,Available,89
DERMA-1206,Minimalist 2% Alpha Arbutin Serum for Dark Spots,Minimalist,Serum,Combination,Hyperpigmentation,Low,Alpha Arbutin; Hyaluronic Acid; Ferulic Acid; Glycerin,None,Yes,Yes,549,4.4,Available,91
DERMA-1207,Minimalist 0.3% Retinol Face Serum,Minimalist,Serum,Normal,Skin Barrier Damage,Medium,Retinol; Squalane; Tocopherol (Vitamin E); Coenzyme Q10,None,Yes,Yes,599,4.2,Available,87
DERMA-1208,Minimalist 10% AHA BHA Exfoliator Serum,Minimalist,Exfoliant,Combination,Uneven Skin Tone,Medium,Lactic Acid; Glycolic Acid; Salicylic Acid; Aloe Vera; Hyaluronic Acid,None,Yes,Yes,499,4.3,Available,88
DERMA-1209,Minimalist PHA 3% + Biotic Alcohol-Free Daily Face Toner,Minimalist,Toner,Sensitive,Skin Barrier Damage,High,Gluconolactone; Polyhydroxy Acid; Prebiotics; Probiotics; Panthenol,Denatured Alcohol,Yes,Yes,399,4.4,Available,91
DERMA-1210,Minimalist Ceramides 0.3% + Bisabolol Moisturizer,Minimalist,Moisturizer,Dry,Dryness,High,Ceramide NP; Bisabolol; Asiaticoside; Madecassic Acid; Glycerin,None,Yes,Yes,599,4.6,Available,95
DERMA-1211,Cetaphil Gentle Skin Cleanser,Cetaphil,Cleanser,Sensitive,Skin Barrier Damage,High,Niacinamide; Panthenol; Glycerin; Cetearyl Alcohol,Sulfates; Parabens; Artificial Fragrance,Yes,Yes,399,4.6,Available,96
DERMA-1212,Cetaphil Oily Skin Cleanser,Cetaphil,Cleanser,Oily,Excess Oil,Medium,Niacinamide; Panthenol; Glycerin; Zinc Gluconate,Artificial Fragrance,No,Yes,625,4.4,Available,90
DERMA-1213,Cetaphil Moisturizing Cream for Dry Sensitive Skin,Cetaphil,Moisturizer,Dry,Dryness,High,Sweet Almond Oil; Niacinamide; Panthenol; Glycerin; Tocopherol (Vitamin E),Parabens; Artificial Fragrance,Yes,Yes,580,4.6,Available,95
DERMA-1214,Cetaphil Moisturizing Lotion for All Skin Types,Cetaphil,Moisturizer,Normal,Dryness,Low,Avocado Oil; Niacinamide; Panthenol; Glycerin; Tocopherol (Vitamin E),Parabens,Yes,Yes,490,4.5,Available,92
DERMA-1215,Cetaphil Sun SPF 50+ Light Gel,Cetaphil,Sunscreen,Sensitive,No Major Concern,High,Tinosorb S; Tocopherol (Vitamin E); Glycerin,Parabens; Artificial Fragrance,Yes,Yes,1180,4.5,Available,94
DERMA-1216,Cetaphil Bright Healthy Radiance Refresh Toner,Cetaphil,Toner,Sensitive,Hyperpigmentation,Medium,Niacinamide; Sea Daffodil Extract; Glycerin,Artificial Fragrance,Yes,Yes,1050,4.3,Available,88
DERMA-1217,CeraVe Foaming Facial Cleanser for Normal to Oily Skin,CeraVe,Cleanser,Oily,Excess Oil,Medium,Ceramide NP; Ceramide AP; Ceramide EOP; Niacinamide; Hyaluronic Acid,Sulfates; Artificial Fragrance,Yes,Yes,450,4.6,Available,95
DERMA-1218,CeraVe Hydrating Cleanser for Normal to Dry Skin,CeraVe,Cleanser,Dry,Dryness,High,Ceramide NP; Ceramide AP; Ceramide EOP; Hyaluronic Acid; Glycerin,Sulfates; Artificial Fragrance,Yes,Yes,450,4.7,Available,97
DERMA-1219,CeraVe Moisturizing Cream with Ceramides and Hyaluronic Acid,CeraVe,Moisturizer,Dry,Skin Barrier Damage,High,Ceramide NP; Ceramide AP; Ceramide EOP; Hyaluronic Acid; Glycerin; Cholesterol,Parabens; Artificial Fragrance,Yes,Yes,550,4.7,Available,98
DERMA-1220,CeraVe SA Smoothing Cleanser with Salicylic Acid,CeraVe,Cleanser,Combination,Uneven Skin Tone,Medium,Salicylic Acid; Ceramide NP; Ceramide AP; Hyaluronic Acid; Niacinamide,Sulfates; Artificial Fragrance,Yes,Yes,720,4.6,Available,94
DERMA-1221,CeraVe Daily Moisturizing Lotion,CeraVe,Body Moisturizer,Normal,Dryness,Low,Ceramide NP; Ceramide AP; Ceramide EOP; Hyaluronic Acid; Glycerin,Artificial Fragrance,Yes,Yes,650,4.5,Available,93
DERMA-1222,Sebamed Clear Face Care Gel,Sebamed,Moisturizer,Oily,Acne,High,Hyaluronic Acid; Aloe Vera; Panthenol; Allantoin,Artificial Fragrance; Parabens; Silicones,Yes,Yes,470,4.4,Available,92
DERMA-1223,Sebamed Clear Face Cleansing Foam,Sebamed,Face Wash,Oily,Acne,Medium,Montaline C40; Panthenol; Glycerin,Parabens; Sulfates,No,Yes,580,4.3,Available,89
DERMA-1224,Sebamed Anti-Dandruff Shampoo pH 5.5,Sebamed,Anti-Dandruff Shampoo,Combination,Dandruff,Medium,Piroctone Olamine; Glycerin,Parabens; Silicones,No,Yes,630,4.4,Available,90
DERMA-1225,Re'equil Ultra Matte Dry Touch Sunscreen Gel SPF 50 PA++++,Re'equil,Sunscreen,Oily,Excess Oil,Low,Octinoxate; Zinc Oxide; Titanium Dioxide; Tocopherol (Vitamin E),Parabens,No,Yes,780,4.6,Available,96
DERMA-1226,Re'equil Ceramide & Hyaluronic Acid Moisturizer,Re'equil,Moisturizer,Dry,Skin Barrier Damage,High,Ceramide III; Hyaluronic Acid; Mango Seed Butter,Parabens; Sulfates,No,Yes,450,4.5,Available,93
DERMA-1227,Re'equil Fruit AHA Face Wash for Oily Acne-Prone Skin,Re'equil,Face Wash,Oily,Acne,Medium,Alpha Hydroxy Acids; Fruit Extracts; Allantoin,Sulfates; Parabens,No,Yes,495,4.3,Available,88
DERMA-1228,Re'equil Pitstop Gel for Acne Scars & Pits,Re'equil,Acne Treatment,Combination,Acne,Medium,Allium Cepa Bulb Extract; Olea Europaea Leaf Extract; Bellis Perennis,Parabens,No,Yes,595,4.2,Available,86
DERMA-1229,Re'equil Oxybenzone & OMC Free Sunscreen SPF 50,Re'equil,Sunscreen,Sensitive,Redness,High,Tinosorb M; Uvinul A Plus; Aloe Vera Extract,Oxybenzone; OMC; Parabens,Yes,Yes,550,4.4,Available,92
DERMA-1230,The Derma Co 1% Hyaluronic Sunscreen Aqua Gel SPF 50 PA++++,The Derma Co,Sunscreen,Combination,No Major Concern,Low,Hyaluronic Acid; Vitamin E; Titanium Dioxide,Parabens; Artificial Fragrance,Yes,Yes,499,4.5,Available,94
DERMA-1231,The Derma Co 2% Salicylic Acid Face Serum,The Derma Co,Serum,Oily,Acne,Medium,Salicylic Acid; Allantoin; Witch Hazel,Parabens; Artificial Fragrance,Yes,Yes,499,4.3,Available,89
DERMA-1232,The Derma Co 10% Niacinamide Face Serum with Zinc PCA,The Derma Co,Serum,Combination,Hyperpigmentation,Low,Niacinamide; Zinc PCA; Purified Water; Glycerin,Parabens; Artificial Fragrance,Yes,Yes,599,4.4,Available,91
DERMA-1233,The Derma Co 1% Kojic Acid Face Serum,The Derma Co,Serum,Normal,Hyperpigmentation,Medium,Kojic Acid; Alpha Arbutin; Niacinamide,Parabens; Artificial Fragrance,Yes,Yes,499,4.3,Available,88
DERMA-1234,The Derma Co 1% Salicylic Acid Foaming Daily Face Wash,The Derma Co,Face Wash,Oily,Acne,Medium,Salicylic Acid; Zinc PCA; Panthenol,Parabens; Sulfates,Yes,Yes,349,4.2,Available,87
DERMA-1235,Bioderma Sensibio H2O Micellar Water Cleanser,Bioderma,Cleanser,Sensitive,Redness,High,Micellar Esters; Cucumber Extract; Mannitol; Xylitol; Rhamnose,Parabens; Sulfates; Artificial Fragrance; Denatured Alcohol,Yes,Yes,495,4.8,Available,98
DERMA-1236,Bioderma Atoderm Intensive Baume Ultra-Soothing Balm,Bioderma,Moisturizer,Dry,Skin Barrier Damage,High,Ceramides; Zinc Gluconate; PEA (Palmitoylethanolamide); Glycerin; Mineral Oil,Artificial Fragrance; Parabens,Yes,Yes,790,4.7,Available,97
DERMA-1237,Bioderma Sebium Gel Moussant Purifying Cleansing Foaming Gel,Bioderma,Face Wash,Oily,Excess Oil,Medium,Zinc Sulfate; Copper Sulfate; Ginkgo Biloba Leaf Extract,Soap; Parabens,No,Yes,890,4.5,Available,93
DERMA-1238,Bioderma Photoderm Max Aquafluide Sunscreen SPF 50+,Bioderma,Sunscreen,Sensitive,No Major Concern,High,Cellular Bioprotection Patent; Tinosorb M; Octocrylene; Glycerin,Artificial Fragrance; Parabens,Yes,Yes,1050,4.5,Available,94
DERMA-1239,Neutrogena Hydro Boost Water Gel Moisturizer,Neutrogena,Moisturizer,Combination,Dryness,Low,Hyaluronic Acid; Prebiotics; Trehalose; Dimethicone; Glycerin,Parabens,No,Yes,490,4.5,Available,93
DERMA-1240,Neutrogena Ultra Sheer Dry-Touch Sunblock SPF 50+,Neutrogena,Sunscreen,Normal,No Major Concern,Low,Helioplex; Avobenzone; Oxybenzone; Octocrylene; Zinc Oxide,Parabens,No,Yes,315,4.4,Available,90
DERMA-1241,Neutrogena Deep Clean Facial Cleanser,Neutrogena,Face Wash,Oily,Excess Oil,Medium,Salicylic Acid; Glycerin; Purified Water,Denatured Alcohol; Sulfates,No,Yes,160,4.3,Available,87
DERMA-1242,Neutrogena Oil-Free Acne Wash Salicylic Acid Face Wash,Neutrogena,Face Wash,Oily,Acne,Medium,Salicylic Acid 2%; Aloe Barbadensis Leaf Extract; Chamomilla Recutita Flower Extract,Denatured Alcohol; Sulfates,No,Yes,700,4.3,Available,88
DERMA-1243,Simple Kind to Skin Refreshing Facial Wash,Simple,Face Wash,Sensitive,No Major Concern,High,Pro-Vitamin B5; Vitamin E; Triple Purified Water; Glycerin,Artificial Fragrance; Parabens; Denatured Alcohol; Sulfates,Yes,Yes,385,4.6,Available,95
DERMA-1244,Simple Kind to Skin Hydrating Light Moisturiser,Simple,Moisturizer,Sensitive,Dryness,High,Pro-Vitamin B5; Vitamin E; Borage Seed Oil; Glycerin,Artificial Fragrance; Parabens; Denatured Alcohol,Yes,Yes,465,4.5,Available,93
DERMA-1245,Simple Kind to Skin Soothing Facial Toner,Simple,Toner,Sensitive,Redness,High,Pro-Vitamin B5; Chamomile Extract; Witch Hazel; Allantoin,Denatured Alcohol; Artificial Fragrance; Parabens,Yes,Yes,499,4.4,Available,91
DERMA-1246,Simple Kind to Skin Micellar Cleansing Water,Simple,Cleanser,Sensitive,Skin Barrier Damage,High,Hexylene Glycol; Niacinamide; Vitamin B5; Vitamin C,Artificial Fragrance; Parabens; Denatured Alcohol,Yes,Yes,420,4.5,Available,92
DERMA-1247,Cosrx Advanced Snail 96 Mucin Power Essence,Cosrx,Serum,Combination,Skin Barrier Damage,Low,Snail Secretion Filtrate; Sodium Hyaluronate; Panthenol; Allantoin; Arginine,Artificial Fragrance; Parabens; Sulfates,Yes,Yes,1450,4.7,Available,97
DERMA-1248,Cosrx Low pH Good Morning Gel Cleanser,Cosrx,Cleanser,Oily,Acne,Medium,Tea Tree Leaf Oil; Betaine Salicylate; Allantoin; Saccharomyces Ferment,Sulfates; Parabens,No,Yes,850,4.5,Available,92
DERMA-1249,Cosrx BHA Blackhead Power Liquid,Cosrx,Exfoliant,Oily,Blackheads,Medium,Betaine Salicylate; Salix Alba (Willow) Bark Water; Niacinamide; Sodium Hyaluronate,Artificial Fragrance; Parabens; Sulfates,Yes,Yes,1590,4.6,Available,94
DERMA-1250,Cosrx AHA/BHA Clarifying Treatment Toner,Cosrx,Toner,Combination,Uneven Skin Tone,Low,Salix Alba (Willow) Bark Water; Pyrus Malus (Apple) Fruit Water; Glycolic Acid; Betaine Salicylate,Parabens; Artificial Fragrance,Yes,Yes,1090,4.4,Available,90
DERMA-1251,Cosrx Acne Pimple Master Patch,Cosrx,Acne Treatment,Combination,Acne,Low,Hydrocolloid Sheet; Cellulose Gum; Polyurethane Film,None,Yes,Yes,290,4.6,Available,95
DERMA-1252,Fixderma Shadow SPF 50+ Sunscreen Gel,Fixderma,Sunscreen,Oily,Excess Oil,Low,Octinoxate; Titanium Dioxide; Avobenzone; Benzophenone-4,None,No,Yes,495,4.4,Available,91
DERMA-1253,Fixderma Shadow SPF 30+ Sunscreen Gel,Fixderma,Sunscreen,Combination,No Major Concern,Low,Octinoxate; Zinc Oxide; Avobenzone; Glycerin,None,No,Yes,385,4.3,Available,89
DERMA-1254,Fixderma Salyzap Daily Cleanser for Acne,Fixderma,Face Wash,Oily,Acne,Medium,Salicylic Acid; Cinnamon Bark Extract; Green Tea Extract; Tea Tree Oil,Sulfates,No,Yes,425,4.3,Available,88
DERMA-1255,Fixderma Salyzap Acne Body Spray,Fixderma,Acne Treatment,Oily,Acne,Medium,Salicylic Acid; Retinol; Lipacide C8G; Tea Tree Oil,None,No,Yes,395,4.2,Available,87
DERMA-1256,Plum Green Tea Pore Cleansing Face Wash,Plum,Face Wash,Oily,Acne,Low,Green Tea Extract; Glycolic Acid; Cellulose Beads,Parabens; Sulfates; Phthalates,No,Yes,345,4.4,Available,90
DERMA-1257,Plum 15% Vitamin C Face Serum with Mandarin,Plum,Serum,Normal,Dullness,Medium,Ethyl Ascorbic Acid; Japanese Mandarin; Kakadu Plum; Rosa Damascena Flower Water,Artificial Fragrance; Parabens; Sulfates,Yes,Yes,550,4.3,Available,89
DERMA-1258,Plum Green Tea Alcohol-Free Toner,Plum,Toner,Oily,Acne,Low,Green Tea Extract; Glycolic Acid; Glycerin,Denatured Alcohol; Parabens; Phthalates,No,Yes,390,4.4,Available,91
DERMA-1259,Plum Green Tea Renewed Clarity Night Gel,Plum,Moisturizer,Oily,Acne,Low,Green Tea Extract; Glycolic Acid; Licorice Extract; Willow Bark Extract,Parabens; Sulfates,No,Yes,575,4.3,Available,88
DERMA-1260,Dot & Key Watermelon Cooling Sunscreen SPF 50+ PA+++,Dot & Key,Sunscreen,Combination,No Major Concern,Low,Watermelon Extract; Hyaluronic Acid; Zinc Oxide; Titanium Dioxide,Parabens; Sulfates,No,Yes,495,4.4,Available,91
DERMA-1261,Dot & Key Cica Calming Niacinamide Night Gel,Dot & Key,Moisturizer,Oily,Acne,High,Centella Asiatica; Niacinamide; Tea Tree Oil; Hyaluronic Acid,Parabens; Sulfates,No,Yes,595,4.4,Available,90
DERMA-1262,Dot & Key 72HR Hydrating Gel + Probiotics Moisturizer,Dot & Key,Moisturizer,Dry,Dryness,Low,Hyaluronic Acid; Probiotics; Kombucha; Rice Water,Parabens; Sulfates,No,Yes,595,4.3,Available,88
DERMA-1263,Dot & Key Barrier Repair Ceramides Hydrating Face Wash,Dot & Key,Face Wash,Dry,Skin Barrier Damage,High,Ceramides; Hyaluronic Acid; Probiotics; Japanese Rice Water,Sulfates; Parabens,Yes,Yes,345,4.5,Available,92
DERMA-1264,Dr. Sheth's Ceramide & Vitamin C Sunscreen SPF 50+ PA+++,Dr. Sheth's,Sunscreen,Normal,Dullness,Low,Ceramide Complex; Ethyl Ascorbic Acid; Zinc Oxide; Titanium Dioxide; Glycerin,Parabens; Sulfates,Yes,Yes,499,4.5,Available,93
DERMA-1265,Dr. Sheth's Centella & Niacinamide Oil & Acne Control Serum,Dr. Sheth's,Serum,Oily,Acne,Medium,Centella Asiatica Extract; Niacinamide 10%; Zinc PCA,Parabens; Sulfates; Artificial Fragrance,Yes,Yes,599,4.4,Available,91
DERMA-1266,Dr. Sheth's Kesar & Kojic Acid Face Serum,Dr. Sheth's,Serum,Combination,Hyperpigmentation,Low,Kojic Acid; Saffron Extract; Alpha Arbutin; Niacinamide,Parabens; Sulfates,Yes,Yes,649,4.3,Available,89
DERMA-1267,Dr. Sheth's Haldi & Hyaluronic Acid Sleeping Mask,Dr. Sheth's,Face Mask,Dry,Dullness,Low,Turmeric Oil; Hyaluronic Acid; Squalane; Niacinamide,Parabens,No,Yes,850,4.3,Available,87
DERMA-1268,Foxtale Daily Duet Gentle Cleanser,Foxtale,Cleanser,Sensitive,No Major Concern,High,Sodium Hyaluronate; Red Algae Extract; Vitamin B5,Sulfates; Parabens,No,Yes,349,4.5,Available,92
DERMA-1269,Foxtale Cover Up Matte Sunscreen SPF 50+ PA++++,Foxtale,Sunscreen,Oily,Excess Oil,Low,Niacinamide; Vitamin E; Titanium Dioxide; Zinc Oxide,Parabens,No,Yes,595,4.4,Available,90
DERMA-1270,Foxtale Ceramide Supercream Hydrating Moisturizer,Foxtale,Moisturizer,Dry,Skin Barrier Damage,High,Ceramide AP; Ceramide NP; Ceramide EOP; Sodium Hyaluronate; Vitamin E,Sulfates; Parabens,No,Yes,445,4.5,Available,93
DERMA-1271,Chemist at Play 10% Niacinamide + Zinc Face Serum,Chemist at Play,Serum,Oily,Excess Oil,Low,Ceramides; Niacinamide; Zinc PCA; Hyaluronic Acid,Parabens; Artificial Fragrance,Yes,Yes,649,4.4,Available,91
DERMA-1272,Chemist at Play Exfoliating Body Wash with 1% Salicylic Acid,Chemist at Play,Cleanser,Oily,Acne,Medium,Salicylic Acid; Ceramides; Zemea; Betaine,Sulfates; Parabens,No,Yes,399,4.5,Available,92
DERMA-1273,Chemist at Play Daily Glow Face Wash with Ceramides & Vitamin C,Chemist at Play,Face Wash,Combination,Dullness,Low,Ceramides; 3-O-Ethyl Ascorbic Acid; Panthenol,Parabens; Sulfates,No,Yes,399,4.3,Available,89
DERMA-1274,Deconstruct Clearing Serum 2% Alpha Arbutin + 5% Niacinamide,Deconstruct,Serum,Combination,Hyperpigmentation,Low,Alpha Arbutin; Niacinamide; Glycerin,Parabens; Artificial Fragrance,Yes,Yes,699,4.4,Available,92
DERMA-1275,Deconstruct Breakout Control Serum 3.3% Potassium Azeloyl Diglycinate,Deconstruct,Serum,Oily,Acne,High,Potassium Azeloyl Diglycinate; Probiotics; Lactococcus Ferment Lysate,Parabens; Artificial Fragrance,Yes,Yes,699,4.3,Available,90
DERMA-1276,Deconstruct Hydrating Face Wash with Hyaluronic Acid & Amino Acids,Deconstruct,Face Wash,Sensitive,Dryness,High,Hyaluronic Acid; Amino Acid Complex; Panthenol,Sulfates; Parabens; Artificial Fragrance,Yes,Yes,349,4.5,Available,93
DERMA-1277,Saslic DS Foaming Face Wash 2% Salicylic Acid,Cipla,Face Wash,Oily,Acne,Medium,Salicylic Acid 2%; Glycerin,None,No,Yes,465,4.6,Available,96
DERMA-1278,Saslic Foaming Face Wash 1% Salicylic Acid,Cipla,Face Wash,Combination,Blackheads,Low,Salicylic Acid 1%; Glycerin,None,No,Yes,380,4.5,Available,93
DERMA-1279,Episoft OC Cleanser for Oily and Acne Prone Skin,Glenmark,Cleanser,Oily,Excess Oil,High,Cetearyl Alcohol; Propylene Glycol; Sodium Cocoyl Apple Amino Acids,Sulfates; Parabens,Yes,Yes,485,4.5,Available,94
DERMA-1280,Episoft AC Moisturiser with Sunscreen SPF 30,Glenmark,Moisturizer,Oily,Acne,Medium,Octinoxate; Avobenzone; Oxybenzone; Glycerin; Caprylic Triglyceride,Parabens,Yes,Yes,625,4.5,Available,93
DERMA-1281,Emolene Cream for Dry Skin,Universal Twin Labs,Moisturizer,Dry,Dryness,Medium,Propylene Glycol; Diazolidinyl Urea; Carbomer; Mineral Oil,Parabens,Yes,No,340,4.4,Available,89
DERMA-1282,Excela Moisturiser for Oily and Acne Prone Skin,Cipla,Moisturizer,Oily,Acne,High,Niacinamide; Zinc PCA; Enantia Chlorantha Bark Extract; Oleanolic Acid,Parabens; Artificial Fragrance,Yes,Yes,540,4.6,Available,95
DERMA-1283,Acrofy Moisturizer for Acne Prone Skin,Dr. Reddy's,Moisturizer,Oily,Acne,Medium,Sebonorm G; Niacinamide; Nordihydroguaiaretic Acid; Oleanolic Acid,Parabens,Yes,Yes,590,4.4,Available,91
DERMA-1284,Blynds AC Emulgel SPF 50+ Sunscreen,Emcure,Sunscreen,Oily,Excess Oil,Low,Tinosorb M; Tinosorb S; Uvinul A Plus; Octinoxate; Zinc Oxide,Parabens,Yes,Yes,690,4.6,Available,95
DERMA-1285,Suncros 50 Aquagel Sunscreen SPF 50,Sun Pharma,Sunscreen,Sensitive,No Major Concern,High,Zinc Oxide; Vitamin E; Dimethicone,Parabens; Artificial Fragrance,Yes,Yes,499,4.3,Available,89
DERMA-1286,Moisturex Soft Cream with 10% Urea & Lactic Acid,Sun Pharma,Body Moisturizer,Dry,Dryness,Medium,Urea 10%; Lactic Acid; Light Liquid Paraffin; Propylene Glycol,Parabens,No,No,310,4.5,Available,92
DERMA-1287,Nizral 2% Ketoconazole Anti-Dandruff Shampoo,Johnson & Johnson,Anti-Dandruff Shampoo,Combination,Dandruff,High,Ketoconazole 2%; Purified Water,Sulfates,No,Yes,330,4.6,Available,96
DERMA-1288,Scalpe Pro Anti-Dandruff Daily Shampoo,Glenmark,Anti-Dandruff Shampoo,Combination,Dandruff,Medium,Climbazole; ZPTO (Zinc Pyrithione); Piroctone Olamine,Sulfates,No,Yes,295,4.4,Available,92
DERMA-1289,La Roche-Posay Effaclar Purifying Foaming Gel Cleanser,La Roche-Posay,Cleanser,Oily,Acne,High,La Roche-Posay Thermal Spring Water; Zinc PCA; Sodium Laureth Sulfate,Soap; Denatured Alcohol; Parabens,No,Yes,1100,4.7,Available,97
DERMA-1290,La Roche-Posay Effaclar Duo+ Anti-Imperfections Treatment,La Roche-Posay,Acne Treatment,Oily,Acne,High,Niacinamide; LHA; Salicylic Acid; Zinc PCA; Procerad,Parabens,No,Yes,1850,4.6,Available,95
DERMA-1291,La Roche-Posay Cicaplast Baume B5+ Soothing Balm,La Roche-Posay,Moisturizer,Sensitive,Skin Barrier Damage,High,Panthenol (Vitamin B5) 5%; Madecassoside; Tribioma; Shea Butter; Zinc Gluconate,Artificial Fragrance; Parabens; Lanolin,Yes,Yes,1300,4.8,Available,99
DERMA-1292,Avene Cleanance Cleansing Gel for Acne Prone Skin,Avene,Face Wash,Oily,Acne,High,Avene Thermal Spring Water; Comedoclastin; Zinc Gluconate,Soap; Parabens,No,Yes,1600,4.6,Available,94
DERMA-1293,Avene Thermal Spring Water Spray Soothing Mist,Avene,Toner,Sensitive,Redness,High,Avene Thermal Spring Water; Nitrogen,Artificial Fragrance; Preservatives; Parabens,Yes,Yes,810,4.7,Available,96
DERMA-1294,Kama Ayurveda Pure Rose Water Face Mist,Kama Ayurveda,Toner,Sensitive,No Major Concern,Low,Steam Distilled Rosa Damascena Flower Water,Artificial Fragrance; Denatured Alcohol; Parabens,Yes,Yes,525,4.6,Available,93
DERMA-1295,Kama Ayurveda Kumkumadi Miraculous Beauty Ayurvedic Night Serum,Kama Ayurveda,Serum,Dry,Dullness,Medium,Saffron (Kesar); Sandalwood; Indian Madder (Manjistha); Licorice,Mineral Oil; Parabens; Sulfates,No,No,3195,4.5,Available,91
DERMA-1296,WishCare Niacinamide & Papaya Body Lotion SPF 50,WishCare,Body Moisturizer,Normal,Uneven Skin Tone,Low,Niacinamide 5%; Papaya Extract; Kojic Acid; Titanium Dioxide,Parabens; Sulfates,No,Yes,499,4.4,Available,90
DERMA-1297,WishCare Invisible Gel Sunscreen SPF 50+ PA++++,WishCare,Sunscreen,Oily,No Major Concern,Low,Centella Asiatica; Hyaluronic Acid; Niacinamide; Zinc Oxide,Parabens,Yes,Yes,599,4.3,Available,89
DERMA-1298,Suganda Centella Green Tea Face Cleanser,Suganda,Cleanser,Sensitive,Redness,High,Centella Asiatica; Green Tea Extract; Panthenol; Glycerin,Essential Oils; Artificial Fragrance; Sulfates,Yes,Yes,700,4.5,Available,93
DERMA-1299,Suganda 5% Niacinamide Face Serum with Centella,Suganda,Serum,Sensitive,Redness,High,Niacinamide 5%; Centella Asiatica; Hyaluronic Acid; Panthenol,Essential Oils; Artificial Fragrance; Parabens,Yes,Yes,699,4.6,Available,94
DERMA-1300,Suganda Squalane Cleansing Oil,Suganda,Cleanser,Dry,Skin Barrier Damage,Medium,100% Plant Derived Squalane; Vitamin E,Essential Oils; Artificial Fragrance; Mineral Oil,Yes,Yes,750,4.5,Available,92
DERMA-1301,Pilgrim 24K Gold Facial Mask with Squalane,Pilgrim,Face Mask,Normal,Dullness,Low,24K Gold Leaf; Squalane; Kaolin Clay; Niacinamide,Parabens; Sulfates,No,Yes,550,4.2,Available,86
DERMA-1302,Pilgrim Red Vine Face Night Gel Cream with Retinol,Pilgrim,Moisturizer,Combination,Skin Barrier Damage,Medium,Red Vine Extract; Retinol; Mulberry Extract; Vitamin C,Parabens; Sulfates,No,Yes,550,4.3,Available,88
DERMA-1303,Pilgrim Salicylic & Glycolic Acid Scalp Scrub Exfoliator,Pilgrim,Scalp Care,Oily,Dandruff,Medium,Salicylic Acid; Glycolic Acid; Australian Tea Tree Oil,Parabens; Sulfates,No,Yes,495,4.3,Available,87
